turbine_id,forecast_origin_utc,run_time_utc,valid_time_utc,lead_hours,wind_speed_100m_ms,temperature_2m_c,wind_direction_100m_deg,available_at_utc,gfs_forecast_hour,source_key,source_etag,interpolation,latitude,longitude
1,2026-01-31T18:00:00+00:00,2026-01-31T12:00:00+00:00,2026-01-31T19:00:00+00:00,1,0.31568589855408946,-1.0190339118679503,319.1101123730358,2026-01-31T15:33:16+00:00,7,gfs.20260131/12/atmos/gfs.t12z.pgrb2.0p25.f007,"""fc04204f866f892e335ac24f969e15dd""",bilinear_uv_temperature,43.64515,78.535604
2,2026-01-31T18:00:00+00:00,2026-01-31T12:00:00+00:00,2026-01-31T19:00:00+00:00,1,0.335173906094462,-1.023871117428314,313.25574043954566,2026-01-31T15:33:16+00:00,7,gfs.20260131/12/atmos/gfs.t12z.pgrb2.0p25.f007,"""fc04204f866f892e335ac24f969e15dd""",bilinear_uv_temperature,43.643198,78.538828
1,2026-01-31T18:00:00+00:00,2026-01-31T12:00:00+00:00,2026-01-31T20:00:00+00:00,2,0.9228465214036238,-1.094567786311984,73.13620061400502,2026-01-31T15:48:25+00:00,8,gfs.20260131/12/atmos/gfs.t12z.pgrb2.0p25.f008,"""24efda7608653f6f806966ce39fcd381""",bilinear_uv_temperature,43.64515,78.535604
2,2026-01-31T18:00:00+00:00,2026-01-31T12:00:00+00:00,2026-01-31T20:00:00+00:00,2,0.8766925509742336,-1.1056160264348591,73.08733805102415,2026-01-31T15:48:25+00:00,8,gfs.20260131/12/atmos/gfs.t12z.pgrb2.0p25.f008,"""24efda7608653f6f806966ce39fcd381""",bilinear_uv_temperature,43.643198,78.538828
1,2026-01-31T18:00:00+00:00,2026-01-31T12:00:00+00:00,2026-01-31T21:00:00+00:00,3,1.9748404295962692,-1.1840257271019823,85.9870563861559,2026-01-31T15:48:29+00:00,9,gfs.20260131/12/atmos/gfs.t12z.pgrb2.0p25.f009,"""1f4430c5ed24fffea9ef4c6a08e93ba1""",bilinear_uv_temperature,43.64515,78.535604
2,2026-01-31T18:00:00+00:00,2026-01-31T12:00:00+00:00,2026-01-31T21:00:00+00:00,3,1.9334074256060356,-1.2067767330744346,85.92640503840731,2026-01-31T15:48:29+00:00,9,gfs.20260131/12/atmos/gfs.t12z.pgrb2.0p25.f009,"""1f4430c5ed24fffea9ef4c6a08e93ba1""",bilinear_uv_temperature,43.643198,78.538828
1,2026-01-31T18:00:00+00:00,2026-01-31T12:00:00+00:00,2026-01-31T22:00:00+00:00,4,3.3208518454393094,-1.5013439783220406,80.71656895247538,2026-01-31T15:33:56+00:00,10,gfs.20260131/12/atmos/gfs.t12z.pgrb2.0p25.f010,"""55d38b7496b0a5c97c52fb3322365d56""",bilinear_uv_temperature,43.64515,78.535604
2,2026-01-31T18:00:00+00:00,2026-01-31T12:00:00+00:00,2026-01-31T22:00:00+00:00,4,3.2746968243092405,-1.5224544364672852,80.80220610387849,2026-01-31T15:33:56+00:00,10,gfs.20260131/12/atmos/gfs.t12z.pgrb2.0p25.f010,"""55d38b7496b0a5c97c52fb3322365d56""",bilinear_uv_temperature,43.643198,78.538828
1,2026-01-31T18:00:00+00:00,2026-01-31T12:00:00+00:00,2026-01-31T23:00:00+00:00,5,4.288706822059952,-2.020928667350006,73.06570666596211,2026-01-31T15:34:05+00:00,11,gfs.20260131/12/atmos/gfs.t12z.pgrb2.0p25.f011,"""2d1830997351e28b66bdf169351e6cbe""",bilinear_uv_temperature,43.64515,78.535604
2,2026-01-31T18:00:00+00:00,2026-01-31T12:00:00+00:00,2026-01-31T23:00:00+00:00,5,4.23715258504655,-2.0350683282139244,73.22897172844844,2026-01-31T15:34:05+00:00,11,gfs.20260131/12/atmos/gfs.t12z.pgrb2.0p25.f011,"""2d1830997351e28b66bdf169351e6cbe""",bilinear_uv_temperature,43.643198,78.538828
1,2026-01-31T18:00:00+00:00,2026-01-31T12:00:00+00:00,2026-02-01T00:00:00+00:00,6,5.161421719139036,-2.5823125781179783,71.03482392831891,2026-01-31T15:49:33+00:00,12,gfs.20260131/12/atmos/gfs.t12z.pgrb2.0p25.f012,"""36d233d47cd99dce25fdbce5f9cf3aa1""",bilinear_uv_temperature,43.64515,78.535604
2,2026-01-31T18:00:00+00:00,2026-01-31T12:00:00+00:00,2026-02-01T00:00:00+00:00,6,5.09812235354044,-2.5953286636782877,71.03603332488224,2026-01-31T15:49:33+00:00,12,gfs.20260131/12/atmos/gfs.t12z.pgrb2.0p25.f012,"""36d233d47cd99dce25fdbce5f9cf3aa1""",bilinear_uv_temperature,43.643198,78.538828
1,2026-01-31T18:00:00+00:00,2026-01-31T12:00:00+00:00,2026-02-01T01:00:00+00:00,7,5.49192613141353,-3.0066215790639603,70.855799549756,2026-01-31T15:34:53+00:00,13,gfs.20260131/12/atmos/gfs.t12z.pgrb2.0p25.f013,"""c8361dd4660997bbc66df739a123b242""",bilinear_uv_temperature,43.64515,78.535604
2,2026-01-31T18:00:00+00:00,2026-01-31T12:00:00+00:00,2026-02-01T01:00:00+00:00,7,5.42169326517277,-3.0152754974153595,70.95057647795767,2026-01-31T15:34:53+00:00,13,gfs.20260131/12/atmos/gfs.t12z.pgrb2.0p25.f013,"""c8361dd4660997bbc66df739a123b242""",bilinear_uv_temperature,43.643198,78.538828
1,2026-01-31T18:00:00+00:00,2026-01-31T12:00:00+00:00,2026-02-01T02:00:00+00:00,8,5.631523592788265,-3.097316421633991,72.15331599099977,2026-01-31T15:49:58+00:00,14,gfs.20260131/12/atmos/gfs.t12z.pgrb2.0p25.f014,"""d6999d8d742636594399f5c920b32862""",bilinear_uv_temperature,43.64515,78.535604
2,2026-01-31T18:00:00+00:00,2026-01-31T12:00:00+00:00,2026-02-01T02:00:00+00:00,8,5.562034171610733,-3.1065633467820817,72.39921048749834,2026-01-31T15:49:58+00:00,14,gfs.20260131/12/atmos/gfs.t12z.pgrb2.0p25.f014,"""d6999d8d742636594399f5c920b32862""",bilinear_uv_temperature,43.643198,78.538828
1,2026-01-31T18:00:00+00:00,2026-01-31T12:00:00+00:00,2026-02-01T03:00:00+00:00,9,4.4749535034148185,-2.5820953003619707,56.43443395042767,2026-01-31T15:35:19+00:00,15,gfs.20260131/12/atmos/gfs.t12z.pgrb2.0p25.f015,"""d254d84971df22c2448b820bdfa80139""",bilinear_uv_temperature,43.64515,78.535604
2,2026-01-31T18:00:00+00:00,2026-01-31T12:00:00+00:00,2026-02-01T03:00:00+00:00,9,4.415380184810209,-2.5890688443568592,56.71190278466564,2026-01-31T15:35:19+00:00,15,gfs.20260131/12/atmos/gfs.t12z.pgrb2.0p25.f015,"""d254d84971df22c2448b820bdfa80139""",bilinear_uv_temperature,43.643198,78.538828
1,2026-01-31T18:00:00+00:00,2026-01-31T12:00:00+00:00,2026-02-01T04:00:00+00:00,10,5.041679810793392,-0.945544743485982,72.44439903592497,2026-01-31T15:35:38+00:00,16,gfs.20260131/12/atmos/gfs.t12z.pgrb2.0p25.f016,"""93562d19223f2c20583e7eda0b615c8a""",bilinear_uv_temperature,43.64515,78.535604
2,2026-01-31T18:00:00+00:00,2026-01-31T12:00:00+00:00,2026-02-01T04:00:00+00:00,10,4.958125759682881,-0.9486675152465978,72.38631694325927,2026-01-31T15:35:38+00:00,16,gfs.20260131/12/atmos/gfs.t12z.pgrb2.0p25.f016,"""93562d19223f2c20583e7eda0b615c8a""",bilinear_uv_temperature,43.643198,78.538828
1,2026-01-31T18:00:00+00:00,2026-01-31T12:00:00+00:00,2026-02-01T05:00:00+00:00,11,5.681197153468593,0.9363026061100186,78.42685486192886,2026-01-31T15:35:32+00:00,17,gfs.20260131/12/atmos/gfs.t12z.pgrb2.0p25.f017,"""6b68514c2a0d0b23a8ded1ac6d3db17e""",bilinear_uv_temperature,43.64515,78.535604
2,2026-01-31T18:00:00+00:00,2026-01-31T12:00:00+00:00,2026-02-01T05:00:00+00:00,11,5.616295420686085,0.9386759525164621,78.69598605436143,2026-01-31T15:35:32+00:00,17,gfs.20260131/12/atmos/gfs.t12z.pgrb2.0p25.f017,"""6b68514c2a0d0b23a8ded1ac6d3db17e""",bilinear_uv_temperature,43.643198,78.538828
1,2026-01-31T18:00:00+00:00,2026-01-31T12:00:00+00:00,2026-02-01T06:00:00+00:00,12,5.900383940755206,2.3723508303280028,71.25567638577284,2026-01-31T15:51:04+00:00,18,gfs.20260131/12/atmos/gfs.t12z.pgrb2.0p25.f018,"""acbdb3adab532986f82bfb550e3c852b""",bilinear_uv_temperature,43.64515,78.535604
2,2026-01-31T18:00:00+00:00,2026-01-31T12:00:00+00:00,2026-02-01T06:00:00+00:00,12,5.835995232683139,2.3791735375587564,71.59109002429199,2026-01-31T15:51:04+00:00,18,gfs.20260131/12/atmos/gfs.t12z.pgrb2.0p25.f018,"""acbdb3adab532986f82bfb550e3c852b""",bilinear_uv_temperature,43.643198,78.538828
1,2026-01-31T18:00:00+00:00,2026-01-31T12:00:00+00:00,2026-02-01T07:00:00+00:00,13,5.940934396761594,3.612639786044042,66.16758847919547,2026-01-31T15:51:08+00:00,19,gfs.20260131/12/atmos/gfs.t12z.pgrb2.0p25.f019,"""fe47f8752456c06e73c0724fd0866fb1""",bilinear_uv_temperature,43.64515,78.535604
2,2026-01-31T18:00:00+00:00,2026-01-31T12:00:00+00:00,2026-02-01T07:00:00+00:00,13,5.872605519421894,3.6115984289905896,66.42541251045606,2026-01-31T15:51:08+00:00,19,gfs.20260131/12/atmos/gfs.t12z.pgrb2.0p25.f019,"""fe47f8752456c06e73c0724fd0866fb1""",bilinear_uv_temperature,43.643198,78.538828
1,2026-01-31T18:00:00+00:00,2026-01-31T12:00:00+00:00,2026-02-01T08:00:00+00:00,14,5.802259236422946,4.31781095147403,64.88379625865508,2026-01-31T15:36:26+00:00,20,gfs.20260131/12/atmos/gfs.t12z.pgrb2.0p25.f020,"""3b5328b1fd28ed30eef61dfb56008046""",bilinear_uv_temperature,43.64515,78.535604
2,2026-01-31T18:00:00+00:00,2026-01-31T12:00:00+00:00,2026-02-01T08:00:00+00:00,14,5.741636035147273,4.310941160743766,65.09439222465366,2026-01-31T15:36:26+00:00,20,gfs.20260131/12/atmos/gfs.t12z.pgrb2.0p25.f020,"""3b5328b1fd28ed30eef61dfb56008046""",bilinear_uv_temperature,43.643198,78.538828
1,2026-01-31T18:00:00+00:00,2026-01-31T12:00:00+00:00,2026-02-01T09:00:00+00:00,15,5.876376609996131,4.482764287103976,62.86606670739638,2026-01-31T15:36:53+00:00,21,gfs.20260131/12/atmos/gfs.t12z.pgrb2.0p25.f021,"""e100cd2c917c9444944d4b5d65f7e4a0""",bilinear_uv_temperature,43.64515,78.535604
2,2026-01-31T18:00:00+00:00,2026-01-31T12:00:00+00:00,2026-02-01T09:00:00+00:00,15,5.817271604145963,4.472389811944993,63.0401221581086,2026-01-31T15:36:53+00:00,21,gfs.20260131/12/atmos/gfs.t12z.pgrb2.0p25.f021,"""e100cd2c917c9444944d4b5d65f7e4a0""",bilinear_uv_temperature,43.643198,78.538828
1,2026-01-31T18:00:00+00:00,2026-01-31T12:00:00+00:00,2026-02-01T10:00:00+00:00,16,5.862449012126791,3.8482616635540126,65.43145291281049,2026-01-31T15:37:09+00:00,22,gfs.20260131/12/atmos/gfs.t12z.pgrb2.0p25.f022,"""e5467030e8141bb00c4ca6f697915729""",bilinear_uv_temperature,43.64515,78.535604
2,2026-01-31T18:00:00+00:00,2026-01-31T12:00:00+00:00,2026-02-01T10:00:00+00:00,16,5.798384429133972,3.8379114176429994,65.67695003282007,2026-01-31T15:37:09+00:00,22,gfs.20260131/12/atmos/gfs.t12z.pgrb2.0p25.f022,"""e5467030e8141bb00c4ca6f697915729""",bilinear_uv_temperature,43.643198,78.538828
1,2026-01-31T18:00:00+00:00,2026-01-31T12:00:00+00:00,2026-02-01T11:00:00+00:00,17,5.521924915172657,2.641123416996038,67.05398796260162,2026-01-31T15:52:02+00:00,23,gfs.20260131/12/atmos/gfs.t12z.pgrb2.0p25.f023,"""253ff57ad5a09883c3a68c752fb8007b""",bilinear_uv_temperature,43.64515,78.535604
2,2026-01-31T18:00:00+00:00,2026-01-31T12:00:00+00:00,2026-02-01T11:00:00+00:00,17,5.4485127350461795,2.6235152605390795,67.32721716946409,2026-01-31T15:52:02+00:00,23,gfs.20260131/12/atmos/gfs.t12z.pgrb2.0p25.f023,"""253ff57ad5a09883c3a68c752fb8007b""",bilinear_uv_temperature,43.643198,78.538828
1,2026-01-31T18:00:00+00:00,2026-01-31T12:00:00+00:00,2026-02-01T12:00:00+00:00,18,5.671811695678753,1.2571848219999993,70.13214008316673,2026-01-31T15:38:15+00:00,24,gfs.20260131/12/atmos/gfs.t12z.pgrb2.0p25.f024,"""7187861545fa29f0af32a38e9c6b00a3""",bilinear_uv_temperature,43.64515,78.535604
2,2026-01-31T18:00:00+00:00,2026-01-31T12:00:00+00:00,2026-02-01T12:00:00+00:00,18,5.594532621422618,1.2462263288800273,70.39196684083508,2026-01-31T15:38:15+00:00,24,gfs.20260131/12/atmos/gfs.t12z.pgrb2.0p25.f024,"""7187861545fa29f0af32a38e9c6b00a3""",bilinear_uv_temperature,43.643198,78.538828
1,2026-01-31T18:00:00+00:00,2026-01-31T12:00:00+00:00,2026-02-01T13:00:00+00:00,19,6.046432070714488,0.7883240075639719,70.63780974731392,2026-01-31T15:52:44+00:00,25,gfs.20260131/12/atmos/gfs.t12z.pgrb2.0p25.f025,"""bb413e77c82473a5744e6f89c9043e14""",bilinear_uv_temperature,43.64515,78.535604
2,2026-01-31T18:00:00+00:00,2026-01-31T12:00:00+00:00,2026-02-01T13:00:00+00:00,19,5.965290040209551,0.77077700655542,70.86793324514109,2026-01-31T15:52:44+00:00,25,gfs.20260131/12/atmos/gfs.t12z.pgrb2.0p25.f025,"""bb413e77c82473a5744e6f89c9043e14""",bilinear_uv_temperature,43.643198,78.538828
1,2026-01-31T18:00:00+00:00,2026-01-31T12:00:00+00:00,2026-02-01T14:00:00+00:00,20,5.802174007679394,0.51735251766803,71.68833135944115,2026-01-31T15:53:02+00:00,26,gfs.20260131/12/atmos/gfs.t12z.pgrb2.0p25.f026,"""5bf9046d3cc29cf947ed142c82c9751d""",bilinear_uv_temperature,43.64515,78.535604
2,2026-01-31T18:00:00+00:00,2026-01-31T12:00:00+00:00,2026-02-01T14:00:00+00:00,20,5.729849059036533,0.5038109746203645,71.99524090973281,2026-01-31T15:53:02+00:00,26,gfs.20260131/12/atmos/gfs.t12z.pgrb2.0p25.f026,"""5bf9046d3cc29cf947ed142c82c9751d""",bilinear_uv_temperature,43.643198,78.538828
1,2026-01-31T18:00:00+00:00,2026-01-31T12:00:00+00:00,2026-02-01T15:00:00+00:00,21,5.7292681494395055,0.23029266397003312,69.46236939448984,2026-01-31T15:38:51+00:00,27,gfs.20260131/12/atmos/gfs.t12z.pgrb2.0p25.f027,"""7ed743aa8c7b03e9d4a9523d4efdef11""",bilinear_uv_temperature,43.64515,78.535604
2,2026-01-31T18:00:00+00:00,2026-01-31T12:00:00+00:00,2026-02-01T15:00:00+00:00,21,5.654765016654628,0.21821032990288813,69.74839444915669,2026-01-31T15:38:51+00:00,27,gfs.20260131/12/atmos/gfs.t12z.pgrb2.0p25.f027,"""7ed743aa8c7b03e9d4a9523d4efdef11""",bilinear_uv_temperature,43.643198,78.538828
1,2026-01-31T18:00:00+00:00,2026-01-31T12:00:00+00:00,2026-02-01T16:00:00+00:00,22,5.872723408697605,0.1712946439780012,73.81683683603646,2026-01-31T15:39:04+00:00,28,gfs.20260131/12/atmos/gfs.t12z.pgrb2.0p25.f028,"""d3c73775ac06f1c3152b54109e6bd93d""",bilinear_uv_temperature,43.64515,78.535604
2,2026-01-31T18:00:00+00:00,2026-01-31T12:00:00+00:00,2026-02-01T16:00:00+00:00,22,5.7975880850083685,0.15696955658478373,74.03658943074869,2026-01-31T15:39:04+00:00,28,gfs.20260131/12/atmos/gfs.t12z.pgrb2.0p25.f028,"""d3c73775ac06f1c3152b54109e6bd93d""",bilinear_uv_temperature,43.643198,78.538828
1,2026-01-31T18:00:00+00:00,2026-01-31T12:00:00+00:00,2026-02-01T17:00:00+00:00,23,6.080393963475251,-0.3155551385220292,70.8425650243169,2026-01-31T15:38:58+00:00,29,gfs.20260131/12/atmos/gfs.t12z.pgrb2.0p25.f029,"""d1645ce754b1f8cb5b858e80159af40e""",bilinear_uv_temperature,43.64515,78.535604
2,2026-01-31T18:00:00+00:00,2026-01-31T12:00:00+00:00,2026-02-01T17:00:00+00:00,23,6.006321443058777,-0.31834038591523495,71.14187549098004,2026-01-31T15:38:58+00:00,29,gfs.20260131/12/atmos/gfs.t12z.pgrb2.0p25.f029,"""d1645ce754b1f8cb5b858e80159af40e""",bilinear_uv_temperature,43.643198,78.538828
1,2026-01-31T18:00:00+00:00,2026-01-31T12:00:00+00:00,2026-02-01T18:00:00+00:00,24,6.309636656849513,-0.4816231966639748,71.41986402821759,2026-01-31T15:39:44+00:00,30,gfs.20260131/12/atmos/gfs.t12z.pgrb2.0p25.f030,"""0421cb89f4db3e2fae96e05f56637232""",bilinear_uv_temperature,43.64515,78.535604
2,2026-01-31T18:00:00+00:00,2026-01-31T12:00:00+00:00,2026-02-01T18:00:00+00:00,24,6.233525115339057,-0.4882047496393511,71.72412192517885,2026-01-31T15:39:44+00:00,30,gfs.20260131/12/atmos/gfs.t12z.pgrb2.0p25.f030,"""0421cb89f4db3e2fae96e05f56637232""",bilinear_uv_temperature,43.643198,78.538828
1,2026-01-31T18:00:00+00:00,2026-01-31T12:00:00+00:00,2026-02-01T19:00:00+00:00,25,6.617221830146327,-0.7188534707700001,72.28672993634493,2026-01-31T15:39:34+00:00,31,gfs.20260131/12/atmos/gfs.t12z.pgrb2.0p25.f031,"""621b31d46b6f31028c428f3cc6762479""",bilinear_uv_temperature,43.64515,78.535604
2,2026-01-31T18:00:00+00:00,2026-01-31T12:00:00+00:00,2026-02-01T19:00:00+00:00,25,6.53687130303173,-0.7257408799347331,72.61701666657748,2026-01-31T15:39:34+00:00,31,gfs.20260131/12/atmos/gfs.t12z.pgrb2.0p25.f031,"""621b31d46b6f31028c428f3cc6762479""",bilinear_uv_temperature,43.643198,78.538828
1,2026-01-31T18:00:00+00:00,2026-01-31T12:00:00+00:00,2026-02-01T20:00:00+00:00,26,6.828589865034679,-0.933170862146028,71.76004726878735,2026-01-31T15:54:58+00:00,32,gfs.20260131/12/atmos/gfs.t12z.pgrb2.0p25.f032,"""b65b6a6b54d9073bf6395b439cd08b14""",bilinear_uv_temperature,43.64515,78.535604
2,2026-01-31T18:00:00+00:00,2026-01-31T12:00:00+00:00,2026-02-01T20:00:00+00:00,26,6.745956468436396,-0.9385975904249904,72.11531379477812,2026-01-31T15:54:58+00:00,32,gfs.20260131/12/atmos/gfs.t12z.pgrb2.0p25.f032,"""b65b6a6b54d9073bf6395b439cd08b14""",bilinear_uv_temperature,43.643198,78.538828
1,2026-01-31T18:00:00+00:00,2026-01-31T12:00:00+00:00,2026-02-01T21:00:00+00:00,27,6.964309905367473,-1.1181218302319849,71.91892365692331,2026-01-31T15:54:47+00:00,33,gfs.20260131/12/atmos/gfs.t12z.pgrb2.0p25.f033,"""82727fd0e4a8ee37212c3ba7202a33fb""",bilinear_uv_temperature,43.64515,78.535604
2,2026-01-31T18:00:00+00:00,2026-01-31T12:00:00+00:00,2026-02-01T21:00:00+00:00,27,6.882698364804834,-1.1211643117756012,72.3177075862423,2026-01-31T15:54:47+00:00,33,gfs.20260131/12/atmos/gfs.t12z.pgrb2.0p25.f033,"""82727fd0e4a8ee37212c3ba7202a33fb""",bilinear_uv_temperature,43.643198,78.538828
1,2026-01-31T18:00:00+00:00,2026-01-31T12:00:00+00:00,2026-02-01T22:00:00+00:00,28,7.1924822042746435,-1.4350303704100043,72.68520279642756,2026-01-31T15:42:22+00:00,34,gfs.20260131/12/atmos/gfs.t12z.pgrb2.0p25.f034,"""90bb330a5473c74c4c7eaf49ae42f748""",bilinear_uv_temperature,43.64515,78.535604
2,2026-01-31T18:00:00+00:00,2026-01-31T12:00:00+00:00,2026-02-01T22:00:00+00:00,28,7.105455153979779,-1.4375142600483173,73.0522706529767,2026-01-31T15:42:22+00:00,34,gfs.20260131/12/atmos/gfs.t12z.pgrb2.0p25.f034,"""90bb330a5473c74c4c7eaf49ae42f748""",bilinear_uv_temperature,43.643198,78.538828
1,2026-01-31T18:00:00+00:00,2026-01-31T12:00:00+00:00,2026-02-01T23:00:00+00:00,29,7.388780987146405,-1.707856485358036,73.35611218231047,2026-01-31T15:40:51+00:00,35,gfs.20260131/12/atmos/gfs.t12z.pgrb2.0p25.f035,"""40f262f06f84f501091ae0e15e2197b4""",bilinear_uv_temperature,43.64515,78.535604
2,2026-01-31T18:00:00+00:00,2026-01-31T12:00:00+00:00,2026-02-01T23:00:00+00:00,29,7.296905726631175,-1.7070818060159354,73.73603863424655,2026-01-31T15:40:51+00:00,35,gfs.20260131/12/atmos/gfs.t12z.pgrb2.0p25.f035,"""40f262f06f84f501091ae0e15e2197b4""",bilinear_uv_temperature,43.643198,78.538828
1,2026-01-31T18:00:00+00:00,2026-01-31T12:00:00+00:00,2026-02-02T00:00:00+00:00,30,7.611516989103893,-1.9327631721940293,73.97364861688858,2026-01-31T15:56:20+00:00,36,gfs.20260131/12/atmos/gfs.t12z.pgrb2.0p25.f036,"""e06aad25f08261e1eb60d5b8af3865a1""",bilinear_uv_temperature,43.64515,78.535604
2,2026-01-31T18:00:00+00:00,2026-01-31T12:00:00+00:00,2026-02-02T00:00:00+00:00,30,7.517587131488516,-1.929682326116506,74.35213007715554,2026-01-31T15:56:20+00:00,36,gfs.20260131/12/atmos/gfs.t12z.pgrb2.0p25.f036,"""e06aad25f08261e1eb60d5b8af3865a1""",bilinear_uv_temperature,43.643198,78.538828
1,2026-01-31T18:00:00+00:00,2026-01-31T12:00:00+00:00,2026-02-02T01:00:00+00:00,31,7.50336972525396,-1.9158165912479603,71.58685653062227,2026-01-31T15:55:53+00:00,37,gfs.20260131/12/atmos/gfs.t12z.pgrb2.0p25.f037,"""7872e6cc128e30774efe54fd22d57668""",bilinear_uv_temperature,43.64515,78.535604
2,2026-01-31T18:00:00+00:00,2026-01-31T12:00:00+00:00,2026-02-02T01:00:00+00:00,31,7.407130691190955,-1.9119631923794032,72.02937402774575,2026-01-31T15:55:53+00:00,37,gfs.20260131/12/atmos/gfs.t12z.pgrb2.0p25.f037,"""7872e6cc128e30774efe54fd22d57668""",bilinear_uv_temperature,43.643198,78.538828
1,2026-01-31T18:00:00+00:00,2026-01-31T12:00:00+00:00,2026-02-02T02:00:00+00:00,32,7.704561898635339,-1.883156153643995,71.42235079337264,2026-01-31T15:56:09+00:00,38,gfs.20260131/12/atmos/gfs.t12z.pgrb2.0p25.f038,"""6c7ec8c7ffb8f0419127df461a796285""",bilinear_uv_temperature,43.64515,78.535604
2,2026-01-31T18:00:00+00:00,2026-01-31T12:00:00+00:00,2026-02-02T02:00:00+00:00,32,7.605544966306627,-1.8808313768144558,71.8570827873546,2026-01-31T15:56:09+00:00,38,gfs.20260131/12/atmos/gfs.t12z.pgrb2.0p25.f038,"""6c7ec8c7ffb8f0419127df461a796285""",bilinear_uv_temperature,43.643198,78.538828
1,2026-01-31T18:00:00+00:00,2026-01-31T12:00:00+00:00,2026-02-02T03:00:00+00:00,33,7.928585668164641,-1.2577563480840013,72.5242029298327,2026-01-31T15:42:32+00:00,39,gfs.20260131/12/atmos/gfs.t12z.pgrb2.0p25.f039,"""448a9def586147bd3072b1c04f1d8d7a""",bilinear_uv_temperature,43.64515,78.535604
2,2026-01-31T18:00:00+00:00,2026-01-31T12:00:00+00:00,2026-02-02T03:00:00+00:00,33,7.825144984865351,-1.2529478224801096,72.93570135328368,2026-01-31T15:42:32+00:00,39,gfs.20260131/12/atmos/gfs.t12z.pgrb2.0p25.f039,"""448a9def586147bd3072b1c04f1d8d7a""",bilinear_uv_temperature,43.643198,78.538828
1,2026-01-31T18:00:00+00:00,2026-01-31T12:00:00+00:00,2026-02-02T04:00:00+00:00,34,8.029469847720655,0.5031505330100003,71.61694681611725,2026-01-31T15:56:39+00:00,40,gfs.20260131/12/atmos/gfs.t12z.pgrb2.0p25.f040,"""b8f3fc6f183994c72644513140bfb8c5""",bilinear_uv_temperature,43.64515,78.535604
2,2026-01-31T18:00:00+00:00,2026-01-31T12:00:00+00:00,2026-02-02T04:00:00+00:00,34,7.9259750948548,0.5148713516724683,72.08343016234114,2026-01-31T15:56:39+00:00,40,gfs.20260131/12/atmos/gfs.t12z.pgrb2.0p25.f040,"""b8f3fc6f183994c72644513140bfb8c5""",bilinear_uv_temperature,43.643198,78.538828
1,2026-01-31T18:00:00+00:00,2026-01-31T12:00:00+00:00,2026-02-02T05:00:00+00:00,35,8.334476157518257,2.170524329720024,68.6105758057092,2026-01-31T15:42:38+00:00,41,gfs.20260131/12/atmos/gfs.t12z.pgrb2.0p25.f041,"""3c97c700f951632ffdf6c7cefbf9b244""",bilinear_uv_temperature,43.64515,78.535604
2,2026-01-31T18:00:00+00:00,2026-01-31T12:00:00+00:00,2026-02-02T05:00:00+00:00,35,8.227687420826786,2.186871342532868,69.00316477482592,2026-01-31T15:42:38+00:00,41,gfs.20260131/12/atmos/gfs.t12z.pgrb2.0p25.f041,"""3c97c700f951632ffdf6c7cefbf9b244""",bilinear_uv_temperature,43.643198,78.538828
1,2026-01-31T18:00:00+00:00,2026-01-31T12:00:00+00:00,2026-02-02T06:00:00+00:00,36,9.009435672626697,3.6380498109400037,70.36626146134128,2026-01-31T15:43:49+00:00,42,gfs.20260131/12/atmos/gfs.t12z.pgrb2.0p25.f042,"""34120b450303cd7010cc50de1101da9d""",bilinear_uv_temperature,43.64515,78.535604
2,2026-01-31T18:00:00+00:00,2026-01-31T12:00:00+00:00,2026-02-02T06:00:00+00:00,36,8.90032505929853,3.6502868359256126,70.65964075011377,2026-01-31T15:43:49+00:00,42,gfs.20260131/12/atmos/gfs.t12z.pgrb2.0p25.f042,"""34120b450303cd7010cc50de1101da9d""",bilinear_uv_temperature,43.643198,78.538828
1,2026-01-31T18:00:00+00:00,2026-01-31T12:00:00+00:00,2026-02-02T07:00:00+00:00,37,9.215048125120065,4.821867719074021,70.45092509132876,2026-01-31T15:57:48+00:00,43,gfs.20260131/12/atmos/gfs.t12z.pgrb2.0p25.f043,"""6ca21a66158c637f32d49c5f9271af3e""",bilinear_uv_temperature,43.64515,78.535604
2,2026-01-31T18:00:00+00:00,2026-01-31T12:00:00+00:00,2026-02-02T07:00:00+00:00,37,9.107605063141325,4.830118202967867,70.6942508857238,2026-01-31T15:57:48+00:00,43,gfs.20260131/12/atmos/gfs.t12z.pgrb2.0p25.f043,"""6ca21a66158c637f32d49c5f9271af3e""",bilinear_uv_temperature,43.643198,78.538828
1,2026-01-31T18:00:00+00:00,2026-01-31T12:00:00+00:00,2026-02-02T08:00:00+00:00,38,9.176391006296052,5.833293436752001,73.6026152428857,2026-01-31T15:43:42+00:00,44,gfs.20260131/12/atmos/gfs.t12z.pgrb2.0p25.f044,"""1848ac26250aec9f4e298721127e163f""",bilinear_uv_temperature,43.64515,78.535604
2,2026-01-31T18:00:00+00:00,2026-01-31T12:00:00+00:00,2026-02-02T08:00:00+00:00,38,9.076376411827491,5.832751088740565,73.84845201117277,2026-01-31T15:43:42+00:00,44,gfs.20260131/12/atmos/gfs.t12z.pgrb2.0p25.f044,"""1848ac26250aec9f4e298721127e163f""",bilinear_uv_temperature,43.643198,78.538828
1,2026-01-31T18:00:00+00:00,2026-01-31T12:00:00+00:00,2026-02-02T09:00:00+00:00,39,8.724955129542778,6.0868758947640345,71.80914654888107,2026-01-31T15:43:47+00:00,45,gfs.20260131/12/atmos/gfs.t12z.pgrb2.0p25.f045,"""d622db1b1c9f062da6c5ff7d9f36dd6c""",bilinear_uv_temperature,43.64515,78.535604
2,2026-01-31T18:00:00+00:00,2026-01-31T12:00:00+00:00,2026-02-02T09:00:00+00:00,39,8.629164796231306,6.0772733498834555,72.06619557774866,2026-01-31T15:43:47+00:00,45,gfs.20260131/12/atmos/gfs.t12z.pgrb2.0p25.f045,"""d622db1b1c9f062da6c5ff7d9f36dd6c""",bilinear_uv_temperature,43.643198,78.538828
1,2026-01-31T18:00:00+00:00,2026-01-31T12:00:00+00:00,2026-02-02T10:00:00+00:00,40,8.226419107588413,5.351251899686019,69.471080039271,2026-01-31T15:43:55+00:00,46,gfs.20260131/12/atmos/gfs.t12z.pgrb2.0p25.f046,"""2e675f8f67747806746a7216dc316476""",bilinear_uv_temperature,43.64515,78.535604
2,2026-01-31T18:00:00+00:00,2026-01-31T12:00:00+00:00,2026-02-02T10:00:00+00:00,40,8.133690580702238,5.332939101334716,69.74565294821315,2026-01-31T15:43:55+00:00,46,gfs.20260131/12/atmos/gfs.t12z.pgrb2.0p25.f046,"""2e675f8f67747806746a7216dc316476""",bilinear_uv_temperature,43.643198,78.538828
1,2026-01-31T18:00:00+00:00,2026-01-31T12:00:00+00:00,2026-02-02T11:00:00+00:00,41,6.750532151024674,3.42885272348002,62.30647954786679,2026-01-31T15:44:59+00:00,47,gfs.20260131/12/atmos/gfs.t12z.pgrb2.0p25.f047,"""b37e21f28f9e49dcce7918a4ebf754f7""",bilinear_uv_temperature,43.64515,78.535604
2,2026-01-31T18:00:00+00:00,2026-01-31T12:00:00+00:00,2026-02-02T11:00:00+00:00,41,6.659252008853265,3.4058153274352208,62.544234654036075,2026-01-31T15:44:59+00:00,47,gfs.20260131/12/atmos/gfs.t12z.pgrb2.0p25.f047,"""b37e21f28f9e49dcce7918a4ebf754f7""",bilinear_uv_temperature,43.643198,78.538828
1,2026-01-31T18:00:00+00:00,2026-01-31T12:00:00+00:00,2026-02-02T12:00:00+00:00,42,5.7169200481262665,1.5673512083980654,64.1970806191527,2026-01-31T15:59:01+00:00,48,gfs.20260131/12/atmos/gfs.t12z.pgrb2.0p25.f048,"""c8d8ef58271caf0dd2e6e50f52adb9ad""",bilinear_uv_temperature,43.64515,78.535604
2,2026-01-31T18:00:00+00:00,2026-01-31T12:00:00+00:00,2026-02-02T12:00:00+00:00,42,5.625225671921977,1.5448626955455893,64.4420445750306,2026-01-31T15:59:01+00:00,48,gfs.20260131/12/atmos/gfs.t12z.pgrb2.0p25.f048,"""c8d8ef58271caf0dd2e6e50f52adb9ad""",bilinear_uv_temperature,43.643198,78.538828
1,2026-01-31T18:00:00+00:00,2026-01-31T12:00:00+00:00,2026-02-02T13:00:00+00:00,43,4.272488272482279,0.6085223646560394,64.30225087053311,2026-01-31T15:45:04+00:00,49,gfs.20260131/12/atmos/gfs.t12z.pgrb2.0p25.f049,"""19dd5b786495d356047e1d8316ae18dc""",bilinear_uv_temperature,43.64515,78.535604
2,2026-01-31T18:00:00+00:00,2026-01-31T12:00:00+00:00,2026-02-02T13:00:00+00:00,43,4.200073904916317,0.5952397384774599,64.47650916335034,2026-01-31T15:45:04+00:00,49,gfs.20260131/12/atmos/gfs.t12z.pgrb2.0p25.f049,"""19dd5b786495d356047e1d8316ae18dc""",bilinear_uv_temperature,43.643198,78.538828
1,2026-01-31T18:00:00+00:00,2026-01-31T12:00:00+00:00,2026-02-02T14:00:00+00:00,44,3.684556617128383,0.2829130373600037,69.17236996243724,2026-01-31T15:59:20+00:00,50,gfs.20260131/12/atmos/gfs.t12z.pgrb2.0p25.f050,"""c495790bdc28e0b72e665b7aa0df97d7""",bilinear_uv_temperature,43.64515,78.535604
2,2026-01-31T18:00:00+00:00,2026-01-31T12:00:00+00:00,2026-02-02T14:00:00+00:00,44,3.6211234181900624,0.2726979037664137,69.35356326579881,2026-01-31T15:59:20+00:00,50,gfs.20260131/12/atmos/gfs.t12z.pgrb2.0p25.f050,"""c495790bdc28e0b72e665b7aa0df97d7""",bilinear_uv_temperature,43.643198,78.538828
1,2026-01-31T18:00:00+00:00,2026-01-31T12:00:00+00:00,2026-02-02T15:00:00+00:00,45,3.8269155921433966,0.23583346603601285,72.47854657819173,2026-01-31T15:45:06+00:00,51,gfs.20260131/12/atmos/gfs.t12z.pgrb2.0p25.f051,"""98a745c1ba9a50c7324469ec72ee833c""",bilinear_uv_temperature,43.64515,78.535604
2,2026-01-31T18:00:00+00:00,2026-01-31T12:00:00+00:00,2026-02-02T15:00:00+00:00,45,3.75886881895522,0.23019198230866778,72.73225732846538,2026-01-31T15:45:06+00:00,51,gfs.20260131/12/atmos/gfs.t12z.pgrb2.0p25.f051,"""98a745c1ba9a50c7324469ec72ee833c""",bilinear_uv_temperature,43.643198,78.538828
1,2026-01-31T18:00:00+00:00,2026-01-31T12:00:00+00:00,2026-02-02T16:00:00+00:00,46,4.07736420275749,0.431727749812012,74.55126356452418,2026-01-31T15:45:17+00:00,52,gfs.20260131/12/atmos/gfs.t12z.pgrb2.0p25.f052,"""11d34f2848f2ee33a1cd2e864910e269""",bilinear_uv_temperature,43.64515,78.535604
2,2026-01-31T18:00:00+00:00,2026-01-31T12:00:00+00:00,2026-02-02T16:00:00+00:00,46,4.0147202447490296,0.42819459057488984,74.82696206205844,2026-01-31T15:45:17+00:00,52,gfs.20260131/12/atmos/gfs.t12z.pgrb2.0p25.f052,"""11d34f2848f2ee33a1cd2e864910e269""",bilinear_uv_temperature,43.643198,78.538828
1,2026-01-31T18:00:00+00:00,2026-01-31T12:00:00+00:00,2026-02-02T17:00:00+00:00,47,4.381542747236913,0.3601038544559856,75.03381989888194,2026-01-31T15:45:20+00:00,53,gfs.20260131/12/atmos/gfs.t12z.pgrb2.0p25.f053,"""eced4fbcf3d7797728877b889a468cae""",bilinear_uv_temperature,43.64515,78.535604
2,2026-01-31T18:00:00+00:00,2026-01-31T12:00:00+00:00,2026-02-02T17:00:00+00:00,47,4.316654521124596,0.35694035902952237,75.34375914767284,2026-01-31T15:45:20+00:00,53,gfs.20260131/12/atmos/gfs.t12z.pgrb2.0p25.f053,"""eced4fbcf3d7797728877b889a468cae""",bilinear_uv_temperature,43.643198,78.538828
1,2026-01-31T18:00:00+00:00,2026-01-31T12:00:00+00:00,2026-02-02T18:00:00+00:00,48,4.817268030447327,0.44900506519798,76.65477823183045,2026-01-31T15:45:57+00:00,54,gfs.20260131/12/atmos/gfs.t12z.pgrb2.0p25.f054,"""aad7d87d8b8f8bd979c2a1ac757bedc0""",bilinear_uv_temperature,43.64515,78.535604
2,2026-01-31T18:00:00+00:00,2026-01-31T12:00:00+00:00,2026-02-02T18:00:00+00:00,48,4.750164769565372,0.44507238997755394,76.9639178018993,2026-01-31T15:45:57+00:00,54,gfs.20260131/12/atmos/gfs.t12z.pgrb2.0p25.f054,"""aad7d87d8b8f8bd979c2a1ac757bedc0""",bilinear_uv_temperature,43.643198,78.538828
1,2026-02-01T18:00:00+00:00,2026-02-01T12:00:00+00:00,2026-02-01T19:00:00+00:00,1,5.212467618883115,-0.6870033771459703,74.63961379306042,2026-02-01T15:33:52+00:00,7,gfs.20260201/12/atmos/gfs.t12z.pgrb2.0p25.f007,"""8586e147d3ba8a28866685d19a441ddb""",bilinear_uv_temperature,43.64515,78.535604
2,2026-02-01T18:00:00+00:00,2026-02-01T12:00:00+00:00,2026-02-01T19:00:00+00:00,1,5.1396787333619764,-0.6875357054250344,74.88937803024285,2026-02-01T15:33:52+00:00,7,gfs.20260201/12/atmos/gfs.t12z.pgrb2.0p25.f007,"""8586e147d3ba8a28866685d19a441ddb""",bilinear_uv_temperature,43.643198,78.538828
1,2026-02-01T18:00:00+00:00,2026-02-01T12:00:00+00:00,2026-02-01T20:00:00+00:00,2,5.778019537338142,-0.9929078207919702,72.78061916441011,2026-02-01T15:48:44+00:00,8,gfs.20260201/12/atmos/gfs.t12z.pgrb2.0p25.f008,"""2fc5f98a121762824e76d1da04483213""",bilinear_uv_temperature,43.64515,78.535604
2,2026-02-01T18:00:00+00:00,2026-02-01T12:00:00+00:00,2026-02-01T20:00:00+00:00,2,5.701436781839471,-0.9935255711100126,73.08131896575448,2026-02-01T15:48:44+00:00,8,gfs.20260201/12/atmos/gfs.t12z.pgrb2.0p25.f008,"""2fc5f98a121762824e76d1da04483213""",bilinear_uv_temperature,43.643198,78.538828
1,2026-02-01T18:00:00+00:00,2026-02-01T12:00:00+00:00,2026-02-01T21:00:00+00:00,3,6.143250895596102,-1.1571801125759862,73.08300225582511,2026-02-01T15:49:27+00:00,9,gfs.20260201/12/atmos/gfs.t12z.pgrb2.0p25.f009,"""2efeda4b0732d1c8b4aaae58f6634bb4""",bilinear_uv_temperature,43.64515,78.535604
2,2026-02-01T18:00:00+00:00,2026-02-01T12:00:00+00:00,2026-02-01T21:00:00+00:00,3,6.065129190743822,-1.1563809671781655,73.40067984078621,2026-02-01T15:49:27+00:00,9,gfs.20260201/12/atmos/gfs.t12z.pgrb2.0p25.f009,"""2efeda4b0732d1c8b4aaae58f6634bb4""",bilinear_uv_temperature,43.643198,78.538828
1,2026-02-01T18:00:00+00:00,2026-02-01T12:00:00+00:00,2026-02-01T22:00:00+00:00,4,6.387781571465403,-1.4649979895160072,71.68157083449891,2026-02-01T15:49:39+00:00,10,gfs.20260201/12/atmos/gfs.t12z.pgrb2.0p25.f010,"""de647d07dd60fdebda4c38ad18f4dcc1""",bilinear_uv_temperature,43.64515,78.535604
2,2026-02-01T18:00:00+00:00,2026-02-01T12:00:00+00:00,2026-02-01T22:00:00+00:00,4,6.310095629266103,-1.4616581353437823,72.04716517424475,2026-02-01T15:49:39+00:00,10,gfs.20260201/12/atmos/gfs.t12z.pgrb2.0p25.f010,"""de647d07dd60fdebda4c38ad18f4dcc1""",bilinear_uv_temperature,43.643198,78.538828
1,2026-02-01T18:00:00+00:00,2026-02-01T12:00:00+00:00,2026-02-01T23:00:00+00:00,5,6.696632527693072,-1.6574722838519733,72.97097814972366,2026-02-01T15:34:59+00:00,11,gfs.20260201/12/atmos/gfs.t12z.pgrb2.0p25.f011,"""55ad147619fb400b4c4706d17a03df19""",bilinear_uv_temperature,43.64515,78.535604
2,2026-02-01T18:00:00+00:00,2026-02-01T12:00:00+00:00,2026-02-01T23:00:00+00:00,5,6.615859128148459,-1.6547011429443614,73.34908693959827,2026-02-01T15:34:59+00:00,11,gfs.20260201/12/atmos/gfs.t12z.pgrb2.0p25.f011,"""55ad147619fb400b4c4706d17a03df19""",bilinear_uv_temperature,43.643198,78.538828
1,2026-02-01T18:00:00+00:00,2026-02-01T12:00:00+00:00,2026-02-02T00:00:00+00:00,6,7.019231160946165,-1.878863339130021,72.33013366517316,2026-02-01T15:50:30+00:00,12,gfs.20260201/12/atmos/gfs.t12z.pgrb2.0p25.f012,"""65c6988cfa10d371d9a174d1df18c097""",bilinear_uv_temperature,43.64515,78.535604
2,2026-02-01T18:00:00+00:00,2026-02-01T12:00:00+00:00,2026-02-02T00:00:00+00:00,6,6.930364101044686,-1.872237560941187,72.736115620887,2026-02-01T15:50:30+00:00,12,gfs.20260201/12/atmos/gfs.t12z.pgrb2.0p25.f012,"""65c6988cfa10d371d9a174d1df18c097""",bilinear_uv_temperature,43.643198,78.538828
1,2026-02-01T18:00:00+00:00,2026-02-01T12:00:00+00:00,2026-02-02T01:00:00+00:00,7,7.126287915555935,-2.1560986220119958,72.63589606195265,2026-02-01T15:50:45+00:00,13,gfs.20260201/12/atmos/gfs.t12z.pgrb2.0p25.f013,"""4879a6d6f6925fecd5ef65236e8c1f49""",bilinear_uv_temperature,43.64515,78.535604
2,2026-02-01T18:00:00+00:00,2026-02-01T12:00:00+00:00,2026-02-02T01:00:00+00:00,7,7.0391519479943385,-2.148413744502818,72.98302140405814,2026-02-01T15:50:45+00:00,13,gfs.20260201/12/atmos/gfs.t12z.pgrb2.0p25.f013,"""4879a6d6f6925fecd5ef65236e8c1f49""",bilinear_uv_temperature,43.643198,78.538828
1,2026-02-01T18:00:00+00:00,2026-02-01T12:00:00+00:00,2026-02-02T02:00:00+00:00,8,7.187966304553677,-2.3814563990259785,72.53601587904656,2026-02-01T15:35:46+00:00,14,gfs.20260201/12/atmos/gfs.t12z.pgrb2.0p25.f014,"""51e43f5b44522c066fdda7fb5c7f1d51""",bilinear_uv_temperature,43.64515,78.535604
2,2026-02-01T18:00:00+00:00,2026-02-01T12:00:00+00:00,2026-02-02T02:00:00+00:00,8,7.099579638004837,-2.3724885228762105,72.8969383708168,2026-02-01T15:35:46+00:00,14,gfs.20260201/12/atmos/gfs.t12z.pgrb2.0p25.f014,"""51e43f5b44522c066fdda7fb5c7f1d51""",bilinear_uv_temperature,43.643198,78.538828
1,2026-02-01T18:00:00+00:00,2026-02-01T12:00:00+00:00,2026-02-02T03:00:00+00:00,9,7.4612448503034825,-1.7370712422940073,73.1224662584362,2026-02-01T15:51:00+00:00,15,gfs.20260201/12/atmos/gfs.t12z.pgrb2.0p25.f015,"""fab0901f2db21504e28d3d14112bc636""",bilinear_uv_temperature,43.64515,78.535604
2,2026-02-01T18:00:00+00:00,2026-02-01T12:00:00+00:00,2026-02-02T03:00:00+00:00,9,7.368390188643004,-1.7252050708405022,73.4973891558139,2026-02-01T15:51:00+00:00,15,gfs.20260201/12/atmos/gfs.t12z.pgrb2.0p25.f015,"""fab0901f2db21504e28d3d14112bc636""",bilinear_uv_temperature,43.643198,78.538828
1,2026-02-01T18:00:00+00:00,2026-02-01T12:00:00+00:00,2026-02-02T04:00:00+00:00,10,7.562993276814422,0.1705572199720109,73.73997098368343,2026-02-01T15:36:26+00:00,16,gfs.20260201/12/atmos/gfs.t12z.pgrb2.0p25.f016,"""b01f50b514a5120b0563cfde9129fd37""",bilinear_uv_temperature,43.64515,78.535604
2,2026-02-01T18:00:00+00:00,2026-02-01T12:00:00+00:00,2026-02-02T04:00:00+00:00,10,7.471027751183807,0.18857551101331183,74.08595762530888,2026-02-01T15:36:26+00:00,16,gfs.20260201/12/atmos/gfs.t12z.pgrb2.0p25.f016,"""b01f50b514a5120b0563cfde9129fd37""",bilinear_uv_temperature,43.643198,78.538828
1,2026-02-01T18:00:00+00:00,2026-02-01T12:00:00+00:00,2026-02-02T05:00:00+00:00,11,8.269155923851795,2.2416277259919752,73.13099930680566,2026-02-01T15:36:30+00:00,17,gfs.20260201/12/atmos/gfs.t12z.pgrb2.0p25.f017,"""a9a5d78e4bc94b51575d47ce5a197b08""",bilinear_uv_temperature,43.64515,78.535604
2,2026-02-01T18:00:00+00:00,2026-02-01T12:00:00+00:00,2026-02-02T05:00:00+00:00,11,8.167687567389102,2.255656439958102,73.45037189614737,2026-02-01T15:36:30+00:00,17,gfs.20260201/12/atmos/gfs.t12z.pgrb2.0p25.f017,"""a9a5d78e4bc94b51575d47ce5a197b08""",bilinear_uv_temperature,43.643198,78.538828
1,2026-02-01T18:00:00+00:00,2026-02-01T12:00:00+00:00,2026-02-02T06:00:00+00:00,12,8.895544010380144,4.004190556552032,71.86061053937532,2026-02-01T15:51:46+00:00,18,gfs.20260201/12/atmos/gfs.t12z.pgrb2.0p25.f018,"""45edc9ff3fb05fabe95617dedf2e39f8""",bilinear_uv_temperature,43.64515,78.535604
2,2026-02-01T18:00:00+00:00,2026-02-01T12:00:00+00:00,2026-02-02T06:00:00+00:00,12,8.788671911268716,4.010099179292524,72.16404428050207,2026-02-01T15:51:46+00:00,18,gfs.20260201/12/atmos/gfs.t12z.pgrb2.0p25.f018,"""45edc9ff3fb05fabe95617dedf2e39f8""",bilinear_uv_temperature,43.643198,78.538828
1,2026-02-01T18:00:00+00:00,2026-02-01T12:00:00+00:00,2026-02-02T07:00:00+00:00,13,9.348223369027401,5.059419250835958,72.89750742661582,2026-02-01T15:37:17+00:00,19,gfs.20260201/12/atmos/gfs.t12z.pgrb2.0p25.f019,"""e0e912f6a8046236debc91512a3795b7""",bilinear_uv_temperature,43.64515,78.535604
2,2026-02-01T18:00:00+00:00,2026-02-01T12:00:00+00:00,2026-02-02T07:00:00+00:00,13,9.237572032856779,5.0591525778606865,73.20429150996054,2026-02-01T15:37:17+00:00,19,gfs.20260201/12/atmos/gfs.t12z.pgrb2.0p25.f019,"""e0e912f6a8046236debc91512a3795b7""",bilinear_uv_temperature,43.643198,78.538828
1,2026-02-01T18:00:00+00:00,2026-02-01T12:00:00+00:00,2026-02-02T08:00:00+00:00,14,9.59771144799839,5.726504508565995,72.32729767329731,2026-02-01T15:51:54+00:00,20,gfs.20260201/12/atmos/gfs.t12z.pgrb2.0p25.f020,"""5edcc94fb34813ce29094867dfaafbff""",bilinear_uv_temperature,43.64515,78.535604
2,2026-02-01T18:00:00+00:00,2026-02-01T12:00:00+00:00,2026-02-02T08:00:00+00:00,14,9.487018936778286,5.722281812665926,72.60598025381702,2026-02-01T15:51:54+00:00,20,gfs.20260201/12/atmos/gfs.t12z.pgrb2.0p25.f020,"""5edcc94fb34813ce29094867dfaafbff""",bilinear_uv_temperature,43.643198,78.538828
1,2026-02-01T18:00:00+00:00,2026-02-01T12:00:00+00:00,2026-02-02T09:00:00+00:00,15,9.654074183090302,5.862923477342008,73.62745736920755,2026-02-01T15:52:44+00:00,21,gfs.20260201/12/atmos/gfs.t12z.pgrb2.0p25.f021,"""14c61816b5611054fcf3c51f7fdeed0d""",bilinear_uv_temperature,43.64515,78.535604
2,2026-02-01T18:00:00+00:00,2026-02-01T12:00:00+00:00,2026-02-02T09:00:00+00:00,15,9.548038084885158,5.852308945932123,73.86873659027485,2026-02-01T15:52:44+00:00,21,gfs.20260201/12/atmos/gfs.t12z.pgrb2.0p25.f021,"""14c61816b5611054fcf3c51f7fdeed0d""",bilinear_uv_temperature,43.643198,78.538828
1,2026-02-01T18:00:00+00:00,2026-02-01T12:00:00+00:00,2026-02-02T10:00:00+00:00,16,8.715031628113074,5.196618926830013,74.11605726238724,2026-02-01T15:37:31+00:00,22,gfs.20260201/12/atmos/gfs.t12z.pgrb2.0p25.f022,"""38a3ea7bf3671da79679759e1612b04f""",bilinear_uv_temperature,43.64515,78.535604
2,2026-02-01T18:00:00+00:00,2026-02-01T12:00:00+00:00,2026-02-02T10:00:00+00:00,16,8.623846519231284,5.177691472289268,74.40321926615698,2026-02-01T15:37:31+00:00,22,gfs.20260201/12/atmos/gfs.t12z.pgrb2.0p25.f022,"""38a3ea7bf3671da79679759e1612b04f""",bilinear_uv_temperature,43.643198,78.538828
1,2026-02-01T18:00:00+00:00,2026-02-01T12:00:00+00:00,2026-02-02T11:00:00+00:00,17,7.247854546106322,3.6227766423600087,70.65587344355933,2026-02-01T15:53:19+00:00,23,gfs.20260201/12/atmos/gfs.t12z.pgrb2.0p25.f023,"""7d64a0affc7747b67c25d0cf6464fde1""",bilinear_uv_temperature,43.64515,78.535604
2,2026-02-01T18:00:00+00:00,2026-02-01T12:00:00+00:00,2026-02-02T11:00:00+00:00,17,7.161681714272068,3.597420388766409,70.95458604078904,2026-02-01T15:53:19+00:00,23,gfs.20260201/12/atmos/gfs.t12z.pgrb2.0p25.f023,"""7d64a0affc7747b67c25d0cf6464fde1""",bilinear_uv_temperature,43.643198,78.538828
1,2026-02-01T18:00:00+00:00,2026-02-01T12:00:00+00:00,2026-02-02T12:00:00+00:00,18,5.546281793977726,1.3091342162060187,71.42352829106473,2026-02-01T15:38:37+00:00,24,gfs.20260201/12/atmos/gfs.t12z.pgrb2.0p25.f024,"""cd125ebce1e57165c082f159d146008e""",bilinear_uv_temperature,43.64515,78.535604
2,2026-02-01T18:00:00+00:00,2026-02-01T12:00:00+00:00,2026-02-02T12:00:00+00:00,18,5.4561940419959605,1.2814399338994917,71.65339763319068,2026-02-01T15:38:37+00:00,24,gfs.20260201/12/atmos/gfs.t12z.pgrb2.0p25.f024,"""cd125ebce1e57165c082f159d146008e""",bilinear_uv_temperature,43.643198,78.538828
1,2026-02-01T18:00:00+00:00,2026-02-01T12:00:00+00:00,2026-02-02T13:00:00+00:00,19,4.0096804699799184,0.5372934133840204,69.65649215866159,2026-02-01T15:53:20+00:00,25,gfs.20260201/12/atmos/gfs.t12z.pgrb2.0p25.f025,"""b58bcfb4a0c359868a8cbecaebcdfab3""",bilinear_uv_temperature,43.64515,78.535604
2,2026-02-01T18:00:00+00:00,2026-02-01T12:00:00+00:00,2026-02-02T13:00:00+00:00,19,3.925428328493246,0.5220129260522413,69.76870971309256,2026-02-01T15:53:20+00:00,25,gfs.20260201/12/atmos/gfs.t12z.pgrb2.0p25.f025,"""b58bcfb4a0c359868a8cbecaebcdfab3""",bilinear_uv_temperature,43.643198,78.538828
1,2026-02-01T18:00:00+00:00,2026-02-01T12:00:00+00:00,2026-02-02T14:00:00+00:00,20,3.88561275605814,0.5321676717520063,75.724550969555,2026-02-01T15:53:53+00:00,26,gfs.20260201/12/atmos/gfs.t12z.pgrb2.0p25.f026,"""442dac770b11d3e16bb748ae52260661""",bilinear_uv_temperature,43.64515,78.535604
2,2026-02-01T18:00:00+00:00,2026-02-01T12:00:00+00:00,2026-02-02T14:00:00+00:00,20,3.809473206716127,0.519107883740503,75.93407959878591,2026-02-01T15:53:53+00:00,26,gfs.20260201/12/atmos/gfs.t12z.pgrb2.0p25.f026,"""442dac770b11d3e16bb748ae52260661""",bilinear_uv_temperature,43.643198,78.538828
1,2026-02-01T18:00:00+00:00,2026-02-01T12:00:00+00:00,2026-02-02T15:00:00+00:00,21,3.762793391931314,0.7791488544260119,73.42180879041885,2026-02-01T15:40:03+00:00,27,gfs.20260201/12/atmos/gfs.t12z.pgrb2.0p25.f027,"""9a78efd06f48a7d31b2e87ae63b6d8a4""",bilinear_uv_temperature,43.64515,78.535604
2,2026-02-01T18:00:00+00:00,2026-02-01T12:00:00+00:00,2026-02-02T15:00:00+00:00,21,3.7025884575191217,0.7704120111723114,73.68463575766874,2026-02-01T15:40:03+00:00,27,gfs.20260201/12/atmos/gfs.t12z.pgrb2.0p25.f027,"""9a78efd06f48a7d31b2e87ae63b6d8a4""",bilinear_uv_temperature,43.643198,78.538828
1,2026-02-01T18:00:00+00:00,2026-02-01T12:00:00+00:00,2026-02-02T16:00:00+00:00,22,4.0893620451883015,0.6188682311880029,73.17139176127372,2026-02-01T15:39:34+00:00,28,gfs.20260201/12/atmos/gfs.t12z.pgrb2.0p25.f028,"""1b3c3dbc1955a662480f94feb271c2d2""",bilinear_uv_temperature,43.64515,78.535604
2,2026-02-01T18:00:00+00:00,2026-02-01T12:00:00+00:00,2026-02-02T16:00:00+00:00,22,4.02546141136896,0.6168132710651548,73.38389614761626,2026-02-01T15:39:34+00:00,28,gfs.20260201/12/atmos/gfs.t12z.pgrb2.0p25.f028,"""1b3c3dbc1955a662480f94feb271c2d2""",bilinear_uv_temperature,43.643198,78.538828
1,2026-02-01T18:00:00+00:00,2026-02-01T12:00:00+00:00,2026-02-02T17:00:00+00:00,23,4.430450762640651,0.4148304169520429,75.89978795091272,2026-02-01T15:54:28+00:00,29,gfs.20260201/12/atmos/gfs.t12z.pgrb2.0p25.f029,"""157a0ec5ca991224f7d16ab217e518b5""",bilinear_uv_temperature,43.64515,78.535604
2,2026-02-01T18:00:00+00:00,2026-02-01T12:00:00+00:00,2026-02-02T17:00:00+00:00,23,4.3735252090961705,0.40487773818853157,76.10977125647292,2026-02-01T15:54:28+00:00,29,gfs.20260201/12/atmos/gfs.t12z.pgrb2.0p25.f029,"""157a0ec5ca991224f7d16ab217e518b5""",bilinear_uv_temperature,43.643198,78.538828
1,2026-02-01T18:00:00+00:00,2026-02-01T12:00:00+00:00,2026-02-02T18:00:00+00:00,24,4.60354777554978,0.19970912792405215,74.66536302219528,2026-02-01T15:40:47+00:00,30,gfs.20260201/12/atmos/gfs.t12z.pgrb2.0p25.f030,"""9828bf1fcf8b1f506df3face4fdecc2a""",bilinear_uv_temperature,43.64515,78.535604
2,2026-02-01T18:00:00+00:00,2026-02-01T12:00:00+00:00,2026-02-02T18:00:00+00:00,24,4.544248913784687,0.19114324644181124,74.85775693877312,2026-02-01T15:40:47+00:00,30,gfs.20260201/12/atmos/gfs.t12z.pgrb2.0p25.f030,"""9828bf1fcf8b1f506df3face4fdecc2a""",bilinear_uv_temperature,43.643198,78.538828
1,2026-02-01T18:00:00+00:00,2026-02-01T12:00:00+00:00,2026-02-02T19:00:00+00:00,25,4.7078790768698475,0.2429179723900461,76.11641956948668,2026-02-01T15:54:56+00:00,31,gfs.20260201/12/atmos/gfs.t12z.pgrb2.0p25.f031,"""97f24e18a5450beb782d7304a360a135""",bilinear_uv_temperature,43.64515,78.535604
2,2026-02-01T18:00:00+00:00,2026-02-01T12:00:00+00:00,2026-02-02T19:00:00+00:00,25,4.647869658307565,0.233735386623664,76.27942660634037,2026-02-01T15:54:56+00:00,31,gfs.20260201/12/atmos/gfs.t12z.pgrb2.0p25.f031,"""97f24e18a5450beb782d7304a360a135""",bilinear_uv_temperature,43.643198,78.538828
1,2026-02-01T18:00:00+00:00,2026-02-01T12:00:00+00:00,2026-02-02T20:00:00+00:00,26,5.439760757000415,0.28858462300604515,79.12202790015738,2026-02-01T15:40:29+00:00,32,gfs.20260201/12/atmos/gfs.t12z.pgrb2.0p25.f032,"""b7330741cdcdb751d18e8e41113714bd""",bilinear_uv_temperature,43.64515,78.535604
2,2026-02-01T18:00:00+00:00,2026-02-01T12:00:00+00:00,2026-02-02T20:00:00+00:00,26,5.381104567155957,0.28427465833146925,79.41945999481598,2026-02-01T15:40:29+00:00,32,gfs.20260201/12/atmos/gfs.t12z.pgrb2.0p25.f032,"""b7330741cdcdb751d18e8e41113714bd""",bilinear_uv_temperature,43.643198,78.538828
1,2026-02-01T18:00:00+00:00,2026-02-01T12:00:00+00:00,2026-02-02T21:00:00+00:00,27,6.1700385461683664,-0.03000387051395137,77.88935221469988,2026-02-01T15:55:45+00:00,33,gfs.20260201/12/atmos/gfs.t12z.pgrb2.0p25.f033,"""a0487b0a12d5691bc1acc801ad50c97d""",bilinear_uv_temperature,43.64515,78.535604
2,2026-02-01T18:00:00+00:00,2026-02-01T12:00:00+00:00,2026-02-02T21:00:00+00:00,27,6.097723707366274,-0.030578658113313395,78.33289333593734,2026-02-01T15:55:45+00:00,33,gfs.20260201/12/atmos/gfs.t12z.pgrb2.0p25.f033,"""a0487b0a12d5691bc1acc801ad50c97d""",bilinear_uv_temperature,43.643198,78.538828
1,2026-02-01T18:00:00+00:00,2026-02-01T12:00:00+00:00,2026-02-02T22:00:00+00:00,28,7.137320439871961,-0.2391974581440195,74.97662334374573,2026-02-01T15:56:01+00:00,34,gfs.20260201/12/atmos/gfs.t12z.pgrb2.0p25.f034,"""2509a8553744530e926f2f1aa7d28557""",bilinear_uv_temperature,43.64515,78.535604
2,2026-02-01T18:00:00+00:00,2026-02-01T12:00:00+00:00,2026-02-02T22:00:00+00:00,28,7.048395989501461,-0.24192922819452178,75.44510750699197,2026-02-01T15:56:01+00:00,34,gfs.20260201/12/atmos/gfs.t12z.pgrb2.0p25.f034,"""2509a8553744530e926f2f1aa7d28557""",bilinear_uv_temperature,43.643198,78.538828
1,2026-02-01T18:00:00+00:00,2026-02-01T12:00:00+00:00,2026-02-02T23:00:00+00:00,29,7.251681872230073,-0.630434551025985,71.11046337415611,2026-02-01T15:41:49+00:00,35,gfs.20260201/12/atmos/gfs.t12z.pgrb2.0p25.f035,"""85d9a2c1d5a69fab9a4a9ce7c43ef387""",bilinear_uv_temperature,43.64515,78.535604
2,2026-02-01T18:00:00+00:00,2026-02-01T12:00:00+00:00,2026-02-02T23:00:00+00:00,29,7.162875466202566,-0.6291507417562343,71.63597229423713,2026-02-01T15:41:49+00:00,35,gfs.20260201/12/atmos/gfs.t12z.pgrb2.0p25.f035,"""85d9a2c1d5a69fab9a4a9ce7c43ef387""",bilinear_uv_temperature,43.643198,78.538828
1,2026-02-01T18:00:00+00:00,2026-02-01T12:00:00+00:00,2026-02-03T00:00:00+00:00,30,7.061266573793979,-0.8260024318939827,69.34714541906915,2026-02-01T15:42:20+00:00,36,gfs.20260201/12/atmos/gfs.t12z.pgrb2.0p25.f036,"""010b1c479442115d54da6845427ab542""",bilinear_uv_temperature,43.64515,78.535604
2,2026-02-01T18:00:00+00:00,2026-02-01T12:00:00+00:00,2026-02-03T00:00:00+00:00,30,6.975668182537316,-0.8229124419445384,69.86712059003493,2026-02-01T15:42:20+00:00,36,gfs.20260201/12/atmos/gfs.t12z.pgrb2.0p25.f036,"""010b1c479442115d54da6845427ab542""",bilinear_uv_temperature,43.643198,78.538828
1,2026-02-01T18:00:00+00:00,2026-02-01T12:00:00+00:00,2026-02-03T01:00:00+00:00,31,6.857870926369654,-1.2585066554399873,68.97786917641398,2026-02-01T15:57:31+00:00,37,gfs.20260201/12/atmos/gfs.t12z.pgrb2.0p25.f037,"""00d031352ad963e128c0cbc0565a04a5""",bilinear_uv_temperature,43.64515,78.535604
2,2026-02-01T18:00:00+00:00,2026-02-01T12:00:00+00:00,2026-02-03T01:00:00+00:00,31,6.773060712455239,-1.2549907729055576,69.48380034206265,2026-02-01T15:57:31+00:00,37,gfs.20260201/12/atmos/gfs.t12z.pgrb2.0p25.f037,"""00d031352ad963e128c0cbc0565a04a5""",bilinear_uv_temperature,43.643198,78.538828
1,2026-02-01T18:00:00+00:00,2026-02-01T12:00:00+00:00,2026-02-03T02:00:00+00:00,32,6.631025488797305,-1.433057208269986,67.89472631602206,2026-02-01T15:44:38+00:00,38,gfs.20260201/12/atmos/gfs.t12z.pgrb2.0p25.f038,"""944b824e644e34a1f38696ca362f4806""",bilinear_uv_temperature,43.64515,78.535604
2,2026-02-01T18:00:00+00:00,2026-02-01T12:00:00+00:00,2026-02-03T02:00:00+00:00,32,6.545728846354499,-1.427872297434817,68.4354360913275,2026-02-01T15:44:38+00:00,38,gfs.20260201/12/atmos/gfs.t12z.pgrb2.0p25.f038,"""944b824e644e34a1f38696ca362f4806""",bilinear_uv_temperature,43.643198,78.538828
1,2026-02-01T18:00:00+00:00,2026-02-01T12:00:00+00:00,2026-02-03T03:00:00+00:00,33,5.6887780519177324,-0.7015054783219625,66.48830553533693,2026-02-01T15:45:06+00:00,39,gfs.20260201/12/atmos/gfs.t12z.pgrb2.0p25.f039,"""6d498bcabc86d161784900bcf8b68b26""",bilinear_uv_temperature,43.64515,78.535604
2,2026-02-01T18:00:00+00:00,2026-02-01T12:00:00+00:00,2026-02-03T03:00:00+00:00,33,5.609133018363643,-0.696859456467223,66.90970573428855,2026-02-01T15:45:06+00:00,39,gfs.20260201/12/atmos/gfs.t12z.pgrb2.0p25.f039,"""6d498bcabc86d161784900bcf8b68b26""",bilinear_uv_temperature,43.643198,78.538828
1,2026-02-01T18:00:00+00:00,2026-02-01T12:00:00+00:00,2026-02-03T04:00:00+00:00,34,4.615286544466307,1.0379525356019599,66.67891661142593,2026-02-01T15:58:31+00:00,40,gfs.20260201/12/atmos/gfs.t12z.pgrb2.0p25.f040,"""ca39070af1d1899ac0d2fbaefe4b54f9""",bilinear_uv_temperature,43.64515,78.535604
2,2026-02-01T18:00:00+00:00,2026-02-01T12:00:00+00:00,2026-02-03T04:00:00+00:00,34,4.549694720036513,1.0413752622145012,66.87349870161445,2026-02-01T15:58:31+00:00,40,gfs.20260201/12/atmos/gfs.t12z.pgrb2.0p25.f040,"""ca39070af1d1899ac0d2fbaefe4b54f9""",bilinear_uv_temperature,43.643198,78.538828
1,2026-02-01T18:00:00+00:00,2026-02-01T12:00:00+00:00,2026-02-03T05:00:00+00:00,35,3.905942724422062,2.4099514218960394,63.130768166985206,2026-02-01T15:47:09+00:00,41,gfs.20260201/12/atmos/gfs.t12z.pgrb2.0p25.f041,"""3b459db1b60f18f7a94265c2748b2ae5""",bilinear_uv_temperature,43.64515,78.535604
2,2026-02-01T18:00:00+00:00,2026-02-01T12:00:00+00:00,2026-02-03T05:00:00+00:00,35,3.8479448234281923,2.4094857108150904,63.09773297737768,2026-02-01T15:47:09+00:00,41,gfs.20260201/12/atmos/gfs.t12z.pgrb2.0p25.f041,"""3b459db1b60f18f7a94265c2748b2ae5""",bilinear_uv_temperature,43.643198,78.538828
1,2026-02-01T18:00:00+00:00,2026-02-01T12:00:00+00:00,2026-02-03T06:00:00+00:00,36,4.001588707396048,3.6402054632980025,68.49227539514973,2026-02-01T15:44:22+00:00,42,gfs.20260201/12/atmos/gfs.t12z.pgrb2.0p25.f042,"""2ac8fdbd71173ba81c9242b6551b9849""",bilinear_uv_temperature,43.64515,78.535604
2,2026-02-01T18:00:00+00:00,2026-02-01T12:00:00+00:00,2026-02-03T06:00:00+00:00,36,3.943061668012032,3.6313230758215695,68.3138346275666,2026-02-01T15:44:22+00:00,42,gfs.20260201/12/atmos/gfs.t12z.pgrb2.0p25.f042,"""2ac8fdbd71173ba81c9242b6551b9849""",bilinear_uv_temperature,43.643198,78.538828
1,2026-02-01T18:00:00+00:00,2026-02-01T12:00:00+00:00,2026-02-03T07:00:00+00:00,37,3.5074457015594067,4.710799651180025,72.64662999614794,2026-02-01T15:44:16+00:00,43,gfs.20260201/12/atmos/gfs.t12z.pgrb2.0p25.f043,"""b95684e882001991faa085b50f3dd659""",bilinear_uv_temperature,43.64515,78.535604
2,2026-02-01T18:00:00+00:00,2026-02-01T12:00:00+00:00,2026-02-03T07:00:00+00:00,37,3.454179357539647,4.692084404383252,72.42747470458137,2026-02-01T15:44:16+00:00,43,gfs.20260201/12/atmos/gfs.t12z.pgrb2.0p25.f043,"""b95684e882001991faa085b50f3dd659""",bilinear_uv_temperature,43.643198,78.538828
1,2026-02-01T18:00:00+00:00,2026-02-01T12:00:00+00:00,2026-02-03T08:00:00+00:00,38,2.774310834127635,5.4282316124040335,67.97155628046453,2026-02-01T15:44:25+00:00,44,gfs.20260201/12/atmos/gfs.t12z.pgrb2.0p25.f044,"""60819a20a8e2fe2403485b8ab549316f""",bilinear_uv_temperature,43.64515,78.535604
2,2026-02-01T18:00:00+00:00,2026-02-01T12:00:00+00:00,2026-02-03T08:00:00+00:00,38,2.7232110481615996,5.403681321117006,67.55775885846322,2026-02-01T15:44:25+00:00,44,gfs.20260201/12/atmos/gfs.t12z.pgrb2.0p25.f044,"""60819a20a8e2fe2403485b8ab549316f""",bilinear_uv_temperature,43.643198,78.538828
1,2026-02-01T18:00:00+00:00,2026-02-01T12:00:00+00:00,2026-02-03T09:00:00+00:00,39,2.0607958616537614,5.5786246696000035,73.46864430528869,2026-02-01T15:44:39+00:00,45,gfs.20260201/12/atmos/gfs.t12z.pgrb2.0p25.f045,"""bfb140897c3fe0cd8219264dd64d3e38""",bilinear_uv_temperature,43.64515,78.535604
2,2026-02-01T18:00:00+00:00,2026-02-01T12:00:00+00:00,2026-02-03T09:00:00+00:00,39,2.0134792472207215,5.5493822911040525,72.92413136949688,2026-02-01T15:44:39+00:00,45,gfs.20260201/12/atmos/gfs.t12z.pgrb2.0p25.f045,"""bfb140897c3fe0cd8219264dd64d3e38""",bilinear_uv_temperature,43.643198,78.538828
1,2026-02-01T18:00:00+00:00,2026-02-01T12:00:00+00:00,2026-02-03T10:00:00+00:00,40,1.3841530639399267,5.454592504217999,75.32711785675664,2026-02-01T15:44:10+00:00,46,gfs.20260201/12/atmos/gfs.t12z.pgrb2.0p25.f046,"""c8a58a919797df8ba0b9f01d7c69279a""",bilinear_uv_temperature,43.64515,78.535604
2,2026-02-01T18:00:00+00:00,2026-02-01T12:00:00+00:00,2026-02-03T10:00:00+00:00,40,1.342931279709331,5.421232265042363,74.76326085023172,2026-02-01T15:44:10+00:00,46,gfs.20260201/12/atmos/gfs.t12z.pgrb2.0p25.f046,"""c8a58a919797df8ba0b9f01d7c69279a""",bilinear_uv_temperature,43.643198,78.538828
1,2026-02-01T18:00:00+00:00,2026-02-01T12:00:00+00:00,2026-02-03T11:00:00+00:00,41,0.8161855956821451,4.066015396692023,81.45452536631105,2026-02-01T15:44:32+00:00,47,gfs.20260201/12/atmos/gfs.t12z.pgrb2.0p25.f047,"""7f86117d962fa185b5d7098a02b1b4e9""",bilinear_uv_temperature,43.64515,78.535604
2,2026-02-01T18:00:00+00:00,2026-02-01T12:00:00+00:00,2026-02-03T11:00:00+00:00,41,0.7785734482003036,4.033540113026106,80.99910264376476,2026-02-01T15:44:32+00:00,47,gfs.20260201/12/atmos/gfs.t12z.pgrb2.0p25.f047,"""7f86117d962fa185b5d7098a02b1b4e9""",bilinear_uv_temperature,43.643198,78.538828
1,2026-02-01T18:00:00+00:00,2026-02-01T12:00:00+00:00,2026-02-03T12:00:00+00:00,42,0.058162370866513276,2.1589988191699945,309.1074151760404,2026-02-01T15:59:35+00:00,48,gfs.20260201/12/atmos/gfs.t12z.pgrb2.0p25.f048,"""2cb9f5b176de62246938899b92647136""",bilinear_uv_temperature,43.64515,78.535604
2,2026-02-01T18:00:00+00:00,2026-02-01T12:00:00+00:00,2026-02-03T12:00:00+00:00,42,0.09011092868446871,2.140616874350826,299.256104668198,2026-02-01T15:59:35+00:00,48,gfs.20260201/12/atmos/gfs.t12z.pgrb2.0p25.f048,"""2cb9f5b176de62246938899b92647136""",bilinear_uv_temperature,43.643198,78.538828
1,2026-02-01T18:00:00+00:00,2026-02-01T12:00:00+00:00,2026-02-03T13:00:00+00:00,43,0.6182942714321638,1.8734710298040227,212.05578329627753,2026-02-01T15:59:50+00:00,49,gfs.20260201/12/atmos/gfs.t12z.pgrb2.0p25.f049,"""b60e60ce20d269a65260b4f2be19da64""",bilinear_uv_temperature,43.64515,78.535604
2,2026-02-01T18:00:00+00:00,2026-02-01T12:00:00+00:00,2026-02-03T13:00:00+00:00,43,0.6276297601982898,1.851557903893024,215.12655594699544,2026-02-01T15:59:50+00:00,49,gfs.20260201/12/atmos/gfs.t12z.pgrb2.0p25.f049,"""b60e60ce20d269a65260b4f2be19da64""",bilinear_uv_temperature,43.643198,78.538828
1,2026-02-01T18:00:00+00:00,2026-02-01T12:00:00+00:00,2026-02-03T14:00:00+00:00,44,1.3383200107978501,1.4959770749340464,237.63599735935003,2026-02-01T15:45:34+00:00,50,gfs.20260201/12/atmos/gfs.t12z.pgrb2.0p25.f050,"""9765ad3e1918643aa4ffb32ec5851266""",bilinear_uv_temperature,43.64515,78.535604
2,2026-02-01T18:00:00+00:00,2026-02-01T12:00:00+00:00,2026-02-03T14:00:00+00:00,44,1.3550678095442346,1.483329731474214,238.49286461442097,2026-02-01T15:45:34+00:00,50,gfs.20260201/12/atmos/gfs.t12z.pgrb2.0p25.f050,"""9765ad3e1918643aa4ffb32ec5851266""",bilinear_uv_temperature,43.643198,78.538828
1,2026-02-01T18:00:00+00:00,2026-02-01T12:00:00+00:00,2026-02-03T15:00:00+00:00,45,1.9034410706079856,1.7497924062620314,260.4866633179887,2026-02-01T15:46:36+00:00,51,gfs.20260201/12/atmos/gfs.t12z.pgrb2.0p25.f051,"""ef290ca234f9aed281370596ac7d27db""",bilinear_uv_temperature,43.64515,78.535604
2,2026-02-01T18:00:00+00:00,2026-02-01T12:00:00+00:00,2026-02-03T15:00:00+00:00,45,1.9187514637328706,1.7411468362729465,260.81866007107516,2026-02-01T15:46:36+00:00,51,gfs.20260201/12/atmos/gfs.t12z.pgrb2.0p25.f051,"""ef290ca234f9aed281370596ac7d27db""",bilinear_uv_temperature,43.643198,78.538828
1,2026-02-01T18:00:00+00:00,2026-02-01T12:00:00+00:00,2026-02-03T16:00:00+00:00,46,2.447668971576318,2.0633198752900626,253.90676997415187,2026-02-01T15:46:24+00:00,52,gfs.20260201/12/atmos/gfs.t12z.pgrb2.0p25.f052,"""fddc4da9b16d1e233ee37529f66f6aa7""",bilinear_uv_temperature,43.64515,78.535604
2,2026-02-01T18:00:00+00:00,2026-02-01T12:00:00+00:00,2026-02-03T16:00:00+00:00,46,2.4507555743400338,2.048579028019674,254.19171628639452,2026-02-01T15:46:24+00:00,52,gfs.20260201/12/atmos/gfs.t12z.pgrb2.0p25.f052,"""fddc4da9b16d1e233ee37529f66f6aa7""",bilinear_uv_temperature,43.643198,78.538828
1,2026-02-01T18:00:00+00:00,2026-02-01T12:00:00+00:00,2026-02-03T17:00:00+00:00,47,2.5934733223837183,2.226940359829996,260.36198602239267,2026-02-01T16:01:19+00:00,53,gfs.20260201/12/atmos/gfs.t12z.pgrb2.0p25.f053,"""0a5750a3691e6d2fe64ca592d956ea68""",bilinear_uv_temperature,43.64515,78.535604
2,2026-02-01T18:00:00+00:00,2026-02-01T12:00:00+00:00,2026-02-03T17:00:00+00:00,47,2.5960425053985263,2.2113992384092285,260.37786984611904,2026-02-01T16:01:19+00:00,53,gfs.20260201/12/atmos/gfs.t12z.pgrb2.0p25.f053,"""0a5750a3691e6d2fe64ca592d956ea68""",bilinear_uv_temperature,43.643198,78.538828
1,2026-02-01T18:00:00+00:00,2026-02-01T12:00:00+00:00,2026-02-03T18:00:00+00:00,48,2.1102710243638505,2.3789652920960407,272.61712034652754,2026-02-01T15:47:09+00:00,54,gfs.20260201/12/atmos/gfs.t12z.pgrb2.0p25.f054,"""1f4047c9202d227e84e4653cd7c62f2e""",bilinear_uv_temperature,43.64515,78.535604
2,2026-02-01T18:00:00+00:00,2026-02-01T12:00:00+00:00,2026-02-03T18:00:00+00:00,48,2.1129402170345624,2.3614166102630634,272.5703461974026,2026-02-01T15:47:09+00:00,54,gfs.20260201/12/atmos/gfs.t12z.pgrb2.0p25.f054,"""1f4047c9202d227e84e4653cd7c62f2e""",bilinear_uv_temperature,43.643198,78.538828
1,2026-02-02T18:00:00+00:00,2026-02-02T12:00:00+00:00,2026-02-02T19:00:00+00:00,1,5.107432619984419,0.43793986076201463,81.06494338177203,2026-02-02T15:32:56+00:00,7,gfs.20260202/12/atmos/gfs.t12z.pgrb2.0p25.f007,"""1718723a3943559e1ba3aef8ec486dcc""",bilinear_uv_temperature,43.64515,78.535604
2,2026-02-02T18:00:00+00:00,2026-02-02T12:00:00+00:00,2026-02-02T19:00:00+00:00,1,5.033307842748389,0.42840907765287284,81.30128646383439,2026-02-02T15:32:56+00:00,7,gfs.20260202/12/atmos/gfs.t12z.pgrb2.0p25.f007,"""1718723a3943559e1ba3aef8ec486dcc""",bilinear_uv_temperature,43.643198,78.538828
1,2026-02-02T18:00:00+00:00,2026-02-02T12:00:00+00:00,2026-02-02T20:00:00+00:00,2,5.70465233581969,0.2552609403539918,78.94580299580164,2026-02-02T15:33:13+00:00,8,gfs.20260202/12/atmos/gfs.t12z.pgrb2.0p25.f008,"""85181743e2524dbdc5beb530bab6415f""",bilinear_uv_temperature,43.64515,78.535604
2,2026-02-02T18:00:00+00:00,2026-02-02T12:00:00+00:00,2026-02-02T20:00:00+00:00,2,5.630272873420723,0.25109309207499564,79.26595249950532,2026-02-02T15:33:13+00:00,8,gfs.20260202/12/atmos/gfs.t12z.pgrb2.0p25.f008,"""85181743e2524dbdc5beb530bab6415f""",bilinear_uv_temperature,43.643198,78.538828
1,2026-02-02T18:00:00+00:00,2026-02-02T12:00:00+00:00,2026-02-02T21:00:00+00:00,3,6.028394487948584,0.0011010212480186965,75.31639182495744,2026-02-02T15:48:37+00:00,9,gfs.20260202/12/atmos/gfs.t12z.pgrb2.0p25.f009,"""f1cf277acd734ac6447e0415f83cd95b""",bilinear_uv_temperature,43.64515,78.535604
2,2026-02-02T18:00:00+00:00,2026-02-02T12:00:00+00:00,2026-02-02T21:00:00+00:00,3,5.956461234405387,0.0012532367795756727,75.7696297543876,2026-02-02T15:48:37+00:00,9,gfs.20260202/12/atmos/gfs.t12z.pgrb2.0p25.f009,"""f1cf277acd734ac6447e0415f83cd95b""",bilinear_uv_temperature,43.643198,78.538828
1,2026-02-02T18:00:00+00:00,2026-02-02T12:00:00+00:00,2026-02-02T22:00:00+00:00,4,6.868001129424756,0.0137237244859989,72.11379385997836,2026-02-02T15:33:57+00:00,10,gfs.20260202/12/atmos/gfs.t12z.pgrb2.0p25.f010,"""0fdfbd9c414d593ca17bc72fce4a14d2""",bilinear_uv_temperature,43.64515,78.535604
2,2026-02-02T18:00:00+00:00,2026-02-02T12:00:00+00:00,2026-02-02T22:00:00+00:00,4,6.785344342645825,0.011782216886672359,72.5852083876974,2026-02-02T15:33:57+00:00,10,gfs.20260202/12/atmos/gfs.t12z.pgrb2.0p25.f010,"""0fdfbd9c414d593ca17bc72fce4a14d2""",bilinear_uv_temperature,43.643198,78.538828
1,2026-02-02T18:00:00+00:00,2026-02-02T12:00:00+00:00,2026-02-02T23:00:00+00:00,5,6.632976861947758,-0.3394032679659631,70.26212144891323,2026-02-02T15:34:12+00:00,11,gfs.20260202/12/atmos/gfs.t12z.pgrb2.0p25.f011,"""bac33ccb002dace7d5381ff15276b632""",bilinear_uv_temperature,43.64515,78.535604
2,2026-02-02T18:00:00+00:00,2026-02-02T12:00:00+00:00,2026-02-02T23:00:00+00:00,5,6.547822013665133,-0.34132850992182284,70.70663965491374,2026-02-02T15:34:12+00:00,11,gfs.20260202/12/atmos/gfs.t12z.pgrb2.0p25.f011,"""bac33ccb002dace7d5381ff15276b632""",bilinear_uv_temperature,43.643198,78.538828
1,2026-02-02T18:00:00+00:00,2026-02-02T12:00:00+00:00,2026-02-03T00:00:00+00:00,6,6.172216083821422,-0.7423434295720313,71.0968648684642,2026-02-02T15:34:25+00:00,12,gfs.20260202/12/atmos/gfs.t12z.pgrb2.0p25.f012,"""43fd84ba39a399263eb4d1cc460336d6""",bilinear_uv_temperature,43.64515,78.535604
2,2026-02-02T18:00:00+00:00,2026-02-02T12:00:00+00:00,2026-02-03T00:00:00+00:00,6,6.090482455760863,-0.7442420477172504,71.4863233024352,2026-02-02T15:34:25+00:00,12,gfs.20260202/12/atmos/gfs.t12z.pgrb2.0p25.f012,"""43fd84ba39a399263eb4d1cc460336d6""",bilinear_uv_temperature,43.643198,78.538828
1,2026-02-02T18:00:00+00:00,2026-02-02T12:00:00+00:00,2026-02-03T01:00:00+00:00,7,5.725113041434993,-1.0046671844419848,70.67508905179295,2026-02-02T15:34:47+00:00,13,gfs.20260202/12/atmos/gfs.t12z.pgrb2.0p25.f013,"""56708d76f43323dbc71f5c228222b3c5""",bilinear_uv_temperature,43.64515,78.535604
2,2026-02-02T18:00:00+00:00,2026-02-02T12:00:00+00:00,2026-02-03T01:00:00+00:00,7,5.6514411935485604,-1.0027077001360567,71.12571197746055,2026-02-02T15:34:47+00:00,13,gfs.20260202/12/atmos/gfs.t12z.pgrb2.0p25.f013,"""56708d76f43323dbc71f5c228222b3c5""",bilinear_uv_temperature,43.643198,78.538828
1,2026-02-02T18:00:00+00:00,2026-02-02T12:00:00+00:00,2026-02-03T02:00:00+00:00,8,5.1564110920116795,-1.3887987008439495,65.91702058437605,2026-02-02T15:50:08+00:00,14,gfs.20260202/12/atmos/gfs.t12z.pgrb2.0p25.f014,"""eaca0d78090eeee3281d0cca89a8cdee""",bilinear_uv_temperature,43.64515,78.535604
2,2026-02-02T18:00:00+00:00,2026-02-02T12:00:00+00:00,2026-02-03T02:00:00+00:00,8,5.085108469818181,-1.3860366201425336,66.31784525614393,2026-02-02T15:50:08+00:00,14,gfs.20260202/12/atmos/gfs.t12z.pgrb2.0p25.f014,"""eaca0d78090eeee3281d0cca89a8cdee""",bilinear_uv_temperature,43.643198,78.538828
1,2026-02-02T18:00:00+00:00,2026-02-02T12:00:00+00:00,2026-02-03T03:00:00+00:00,9,5.332972380704169,-0.4741873635999809,69.53597974007134,2026-02-02T15:35:51+00:00,15,gfs.20260202/12/atmos/gfs.t12z.pgrb2.0p25.f015,"""38823f5de364f2bb6342f47b301ca4ec""",bilinear_uv_temperature,43.64515,78.535604
2,2026-02-02T18:00:00+00:00,2026-02-02T12:00:00+00:00,2026-02-03T03:00:00+00:00,9,5.2623120735796265,-0.47576318446391497,69.83798112735248,2026-02-02T15:35:51+00:00,15,gfs.20260202/12/atmos/gfs.t12z.pgrb2.0p25.f015,"""38823f5de364f2bb6342f47b301ca4ec""",bilinear_uv_temperature,43.643198,78.538828
1,2026-02-02T18:00:00+00:00,2026-02-02T12:00:00+00:00,2026-02-03T04:00:00+00:00,10,3.8734055943224015,1.0451618146300348,67.37302807081265,2026-02-02T15:35:56+00:00,16,gfs.20260202/12/atmos/gfs.t12z.pgrb2.0p25.f016,"""93dee9b3d5886da05ecdfcd5733e0c86""",bilinear_uv_temperature,43.64515,78.535604
2,2026-02-02T18:00:00+00:00,2026-02-02T12:00:00+00:00,2026-02-03T04:00:00+00:00,10,3.8150577247770365,1.0469503839612457,67.40078084766517,2026-02-02T15:35:56+00:00,16,gfs.20260202/12/atmos/gfs.t12z.pgrb2.0p25.f016,"""93dee9b3d5886da05ecdfcd5733e0c86""",bilinear_uv_temperature,43.643198,78.538828
1,2026-02-02T18:00:00+00:00,2026-02-02T12:00:00+00:00,2026-02-03T05:00:00+00:00,11,3.462345161523856,2.514913068194005,68.61053331367432,2026-02-02T15:50:36+00:00,17,gfs.20260202/12/atmos/gfs.t12z.pgrb2.0p25.f017,"""f2d08ff816441c50049505766a621cdb""",bilinear_uv_temperature,43.64515,78.535604
2,2026-02-02T18:00:00+00:00,2026-02-02T12:00:00+00:00,2026-02-03T05:00:00+00:00,11,3.403495933508141,2.511905542756608,68.45830828397209,2026-02-02T15:50:36+00:00,17,gfs.20260202/12/atmos/gfs.t12z.pgrb2.0p25.f017,"""f2d08ff816441c50049505766a621cdb""",bilinear_uv_temperature,43.643198,78.538828
1,2026-02-02T18:00:00+00:00,2026-02-02T12:00:00+00:00,2026-02-03T06:00:00+00:00,12,3.359136906799099,3.9647567547000335,73.2536331953728,2026-02-02T15:36:34+00:00,18,gfs.20260202/12/atmos/gfs.t12z.pgrb2.0p25.f018,"""7068ebec4a1b7755947b25a0eccd7420""",bilinear_uv_temperature,43.64515,78.535604
2,2026-02-02T18:00:00+00:00,2026-02-02T12:00:00+00:00,2026-02-03T06:00:00+00:00,12,3.307815139742714,3.95243209082804,73.14734585954842,2026-02-02T15:36:34+00:00,18,gfs.20260202/12/atmos/gfs.t12z.pgrb2.0p25.f018,"""7068ebec4a1b7755947b25a0eccd7420""",bilinear_uv_temperature,43.643198,78.538828
1,2026-02-02T18:00:00+00:00,2026-02-02T12:00:00+00:00,2026-02-03T07:00:00+00:00,13,3.1836295339656866,4.923771615156056,69.8491420026306,2026-02-02T15:36:45+00:00,19,gfs.20260202/12/atmos/gfs.t12z.pgrb2.0p25.f019,"""241bf01cd6275e006a120aecd5ecf681""",bilinear_uv_temperature,43.64515,78.535604
2,2026-02-02T18:00:00+00:00,2026-02-02T12:00:00+00:00,2026-02-03T07:00:00+00:00,13,3.134870726381768,4.902607802097464,69.39679096449545,2026-02-02T15:36:45+00:00,19,gfs.20260202/12/atmos/gfs.t12z.pgrb2.0p25.f019,"""241bf01cd6275e006a120aecd5ecf681""",bilinear_uv_temperature,43.643198,78.538828
1,2026-02-02T18:00:00+00:00,2026-02-02T12:00:00+00:00,2026-02-03T08:00:00+00:00,14,2.304599466797801,5.44813019416199,70.361882995861,2026-02-02T15:36:35+00:00,20,gfs.20260202/12/atmos/gfs.t12z.pgrb2.0p25.f020,"""df93f3af2fb6261a1c916e7824342518""",bilinear_uv_temperature,43.64515,78.535604
2,2026-02-02T18:00:00+00:00,2026-02-02T12:00:00+00:00,2026-02-03T08:00:00+00:00,14,2.2614078745313466,5.421020762668888,69.83191262589554,2026-02-02T15:36:35+00:00,20,gfs.20260202/12/atmos/gfs.t12z.pgrb2.0p25.f020,"""df93f3af2fb6261a1c916e7824342518""",bilinear_uv_temperature,43.643198,78.538828
1,2026-02-02T18:00:00+00:00,2026-02-02T12:00:00+00:00,2026-02-03T09:00:00+00:00,15,0.9338763123912566,5.406217996609996,57.62874469393265,2026-02-02T15:52:00+00:00,21,gfs.20260202/12/atmos/gfs.t12z.pgrb2.0p25.f021,"""2e6f94c8e8cbd42d950e234f3a6a1fcc""",bilinear_uv_temperature,43.64515,78.535604
2,2026-02-02T18:00:00+00:00,2026-02-02T12:00:00+00:00,2026-02-03T09:00:00+00:00,15,0.905690355979229,5.378058956136442,55.43152247299465,2026-02-02T15:52:00+00:00,21,gfs.20260202/12/atmos/gfs.t12z.pgrb2.0p25.f021,"""2e6f94c8e8cbd42d950e234f3a6a1fcc""",bilinear_uv_temperature,43.643198,78.538828
1,2026-02-02T18:00:00+00:00,2026-02-02T12:00:00+00:00,2026-02-03T10:00:00+00:00,16,0.545066061682904,4.9377960684200275,227.95876995457394,2026-02-02T15:36:54+00:00,22,gfs.20260202/12/atmos/gfs.t12z.pgrb2.0p25.f022,"""4231a60d42c63e213e4f296b8727ddd1""",bilinear_uv_temperature,43.64515,78.535604
2,2026-02-02T18:00:00+00:00,2026-02-02T12:00:00+00:00,2026-02-03T10:00:00+00:00,16,0.5570690052381443,4.902547656720799,232.06971905278027,2026-02-02T15:36:54+00:00,22,gfs.20260202/12/atmos/gfs.t12z.pgrb2.0p25.f022,"""4231a60d42c63e213e4f296b8727ddd1""",bilinear_uv_temperature,43.643198,78.538828
1,2026-02-02T18:00:00+00:00,2026-02-02T12:00:00+00:00,2026-02-03T11:00:00+00:00,17,2.1971675261818833,3.8469948217440333,249.09234858772615,2026-02-02T15:52:14+00:00,23,gfs.20260202/12/atmos/gfs.t12z.pgrb2.0p25.f023,"""86520106da8564d315b58f74b210f11c""",bilinear_uv_temperature,43.64515,78.535604
2,2026-02-02T18:00:00+00:00,2026-02-02T12:00:00+00:00,2026-02-03T11:00:00+00:00,17,2.2163822382421343,3.8171832270585355,249.575704992809,2026-02-02T15:52:14+00:00,23,gfs.20260202/12/atmos/gfs.t12z.pgrb2.0p25.f023,"""86520106da8564d315b58f74b210f11c""",bilinear_uv_temperature,43.643198,78.538828
1,2026-02-02T18:00:00+00:00,2026-02-02T12:00:00+00:00,2026-02-03T12:00:00+00:00,18,2.8966004714662774,2.7795039409580227,257.2856434462989,2026-02-02T15:52:24+00:00,24,gfs.20260202/12/atmos/gfs.t12z.pgrb2.0p25.f024,"""409af4fe17005147c94db761f039aef9""",bilinear_uv_temperature,43.64515,78.535604
2,2026-02-02T18:00:00+00:00,2026-02-02T12:00:00+00:00,2026-02-03T12:00:00+00:00,18,2.9272149882441063,2.7564360437599476,257.19653160113444,2026-02-02T15:52:24+00:00,24,gfs.20260202/12/atmos/gfs.t12z.pgrb2.0p25.f024,"""409af4fe17005147c94db761f039aef9""",bilinear_uv_temperature,43.643198,78.538828
1,2026-02-02T18:00:00+00:00,2026-02-02T12:00:00+00:00,2026-02-03T13:00:00+00:00,19,3.9909942598686725,3.107401285186029,253.00894917291737,2026-02-02T15:37:49+00:00,25,gfs.20260202/12/atmos/gfs.t12z.pgrb2.0p25.f025,"""841a2ab9d99cbb28b366d48bb41b6098""",bilinear_uv_temperature,43.64515,78.535604
2,2026-02-02T18:00:00+00:00,2026-02-02T12:00:00+00:00,2026-02-03T13:00:00+00:00,19,4.001567233094548,3.074954179954659,253.09948364647403,2026-02-02T15:37:49+00:00,25,gfs.20260202/12/atmos/gfs.t12z.pgrb2.0p25.f025,"""841a2ab9d99cbb28b366d48bb41b6098""",bilinear_uv_temperature,43.643198,78.538828
1,2026-02-02T18:00:00+00:00,2026-02-02T12:00:00+00:00,2026-02-03T14:00:00+00:00,20,5.497969486396839,2.772198743458034,250.92965150362915,2026-02-02T15:38:17+00:00,26,gfs.20260202/12/atmos/gfs.t12z.pgrb2.0p25.f026,"""73dc2a072405458465bdecd7d6ec52f4""",bilinear_uv_temperature,43.64515,78.535604
2,2026-02-02T18:00:00+00:00,2026-02-02T12:00:00+00:00,2026-02-03T14:00:00+00:00,20,5.488618586214023,2.7485711662599783,250.93877984765268,2026-02-02T15:38:17+00:00,26,gfs.20260202/12/atmos/gfs.t12z.pgrb2.0p25.f026,"""73dc2a072405458465bdecd7d6ec52f4""",bilinear_uv_temperature,43.643198,78.538828
1,2026-02-02T18:00:00+00:00,2026-02-02T12:00:00+00:00,2026-02-03T15:00:00+00:00,21,5.8899100899861505,2.510338437820053,249.6341080190051,2026-02-02T15:53:39+00:00,27,gfs.20260202/12/atmos/gfs.t12z.pgrb2.0p25.f027,"""43dd3e54171240ea58f69dd5f6567e90""",bilinear_uv_temperature,43.64515,78.535604
2,2026-02-02T18:00:00+00:00,2026-02-02T12:00:00+00:00,2026-02-03T15:00:00+00:00,21,5.869356022204045,2.4951814983767804,249.67648177372874,2026-02-02T15:53:39+00:00,27,gfs.20260202/12/atmos/gfs.t12z.pgrb2.0p25.f027,"""43dd3e54171240ea58f69dd5f6567e90""",bilinear_uv_temperature,43.643198,78.538828
1,2026-02-02T18:00:00+00:00,2026-02-02T12:00:00+00:00,2026-02-03T16:00:00+00:00,22,6.256994705143184,2.4907853479720643,254.6302837336697,2026-02-02T15:38:53+00:00,28,gfs.20260202/12/atmos/gfs.t12z.pgrb2.0p25.f028,"""8d648a1a20fbfd3e79e82eeb9cb72982""",bilinear_uv_temperature,43.64515,78.535604
2,2026-02-02T18:00:00+00:00,2026-02-02T12:00:00+00:00,2026-02-03T16:00:00+00:00,22,6.229787152665144,2.4691234121332855,254.6730245127398,2026-02-02T15:38:53+00:00,28,gfs.20260202/12/atmos/gfs.t12z.pgrb2.0p25.f028,"""8d648a1a20fbfd3e79e82eeb9cb72982""",bilinear_uv_temperature,43.643198,78.538828
1,2026-02-02T18:00:00+00:00,2026-02-02T12:00:00+00:00,2026-02-03T17:00:00+00:00,23,6.193406545258048,2.32359694251204,257.32039068756023,2026-02-02T15:53:29+00:00,29,gfs.20260202/12/atmos/gfs.t12z.pgrb2.0p25.f029,"""bc7b990c400f8e57ae3b4ee7ddecdf9a""",bilinear_uv_temperature,43.64515,78.535604
2,2026-02-02T18:00:00+00:00,2026-02-02T12:00:00+00:00,2026-02-03T17:00:00+00:00,23,6.1642744595463945,2.3046236925228527,257.3028128953923,2026-02-02T15:53:29+00:00,29,gfs.20260202/12/atmos/gfs.t12z.pgrb2.0p25.f029,"""bc7b990c400f8e57ae3b4ee7ddecdf9a""",bilinear_uv_temperature,43.643198,78.538828
1,2026-02-02T18:00:00+00:00,2026-02-02T12:00:00+00:00,2026-02-03T18:00:00+00:00,24,6.2598010965273945,1.8361917993220231,247.9276127712955,2026-02-02T15:39:31+00:00,30,gfs.20260202/12/atmos/gfs.t12z.pgrb2.0p25.f030,"""fdc631bcd70609706f7078842bd621b4""",bilinear_uv_temperature,43.64515,78.535604
2,2026-02-02T18:00:00+00:00,2026-02-02T12:00:00+00:00,2026-02-03T18:00:00+00:00,24,6.225979357885241,1.8186907781072819,248.05271727510956,2026-02-02T15:39:31+00:00,30,gfs.20260202/12/atmos/gfs.t12z.pgrb2.0p25.f030,"""fdc631bcd70609706f7078842bd621b4""",bilinear_uv_temperature,43.643198,78.538828
1,2026-02-02T18:00:00+00:00,2026-02-02T12:00:00+00:00,2026-02-03T19:00:00+00:00,25,6.598792154607067,1.6812148432020422,247.6449994776985,2026-02-02T15:53:52+00:00,31,gfs.20260202/12/atmos/gfs.t12z.pgrb2.0p25.f031,"""f420c53c8188d47995e8fbce2c356dea""",bilinear_uv_temperature,43.64515,78.535604
2,2026-02-02T18:00:00+00:00,2026-02-02T12:00:00+00:00,2026-02-03T19:00:00+00:00,25,6.57159903420071,1.6601456844384757,247.7578404992071,2026-02-02T15:53:52+00:00,31,gfs.20260202/12/atmos/gfs.t12z.pgrb2.0p25.f031,"""f420c53c8188d47995e8fbce2c356dea""",bilinear_uv_temperature,43.643198,78.538828
1,2026-02-02T18:00:00+00:00,2026-02-02T12:00:00+00:00,2026-02-03T20:00:00+00:00,26,6.138127168874554,1.835608991032018,254.28496653133888,2026-02-02T15:40:07+00:00,32,gfs.20260202/12/atmos/gfs.t12z.pgrb2.0p25.f032,"""6bb88a983ba0f154821c64bf6cc963f5""",bilinear_uv_temperature,43.64515,78.535604
2,2026-02-02T18:00:00+00:00,2026-02-02T12:00:00+00:00,2026-02-03T20:00:00+00:00,26,6.118779112216363,1.812619923967702,254.37947524717848,2026-02-02T15:40:07+00:00,32,gfs.20260202/12/atmos/gfs.t12z.pgrb2.0p25.f032,"""6bb88a983ba0f154821c64bf6cc963f5""",bilinear_uv_temperature,43.643198,78.538828
1,2026-02-02T18:00:00+00:00,2026-02-02T12:00:00+00:00,2026-02-03T21:00:00+00:00,27,5.677729461289303,1.69679294674404,252.39387953964217,2026-02-02T15:40:11+00:00,33,gfs.20260202/12/atmos/gfs.t12z.pgrb2.0p25.f033,"""79e17b5ce1618fc09f48389da68abbf3""",bilinear_uv_temperature,43.64515,78.535604
2,2026-02-02T18:00:00+00:00,2026-02-02T12:00:00+00:00,2026-02-03T21:00:00+00:00,27,5.654869711121697,1.667371752058557,252.45141750302884,2026-02-02T15:40:11+00:00,33,gfs.20260202/12/atmos/gfs.t12z.pgrb2.0p25.f033,"""79e17b5ce1618fc09f48389da68abbf3""",bilinear_uv_temperature,43.643198,78.538828
1,2026-02-02T18:00:00+00:00,2026-02-02T12:00:00+00:00,2026-02-03T22:00:00+00:00,28,5.380030340191224,1.799157847560025,246.8883319148992,2026-02-02T15:40:44+00:00,34,gfs.20260202/12/atmos/gfs.t12z.pgrb2.0p25.f034,"""23f2c11c4db18496d43647dc33193b15""",bilinear_uv_temperature,43.64515,78.535604
2,2026-02-02T18:00:00+00:00,2026-02-02T12:00:00+00:00,2026-02-03T22:00:00+00:00,28,5.361910531627903,1.7674767032144132,246.90822542193303,2026-02-02T15:40:44+00:00,34,gfs.20260202/12/atmos/gfs.t12z.pgrb2.0p25.f034,"""23f2c11c4db18496d43647dc33193b15""",bilinear_uv_temperature,43.643198,78.538828
1,2026-02-02T18:00:00+00:00,2026-02-02T12:00:00+00:00,2026-02-03T23:00:00+00:00,29,4.545410877729397,1.8894101448040033,247.35943379130998,2026-02-02T15:40:54+00:00,35,gfs.20260202/12/atmos/gfs.t12z.pgrb2.0p25.f035,"""8e5c06500b2ef15df202d19f9cc1f463""",bilinear_uv_temperature,43.64515,78.535604
2,2026-02-02T18:00:00+00:00,2026-02-02T12:00:00+00:00,2026-02-03T23:00:00+00:00,29,4.538561651123129,1.8607690188929382,247.41133959293745,2026-02-02T15:40:54+00:00,35,gfs.20260202/12/atmos/gfs.t12z.pgrb2.0p25.f035,"""8e5c06500b2ef15df202d19f9cc1f463""",bilinear_uv_temperature,43.643198,78.538828
1,2026-02-02T18:00:00+00:00,2026-02-02T12:00:00+00:00,2026-02-04T00:00:00+00:00,30,4.352685198358515,1.9269295007720757,252.05858053799875,2026-02-02T15:41:22+00:00,36,gfs.20260202/12/atmos/gfs.t12z.pgrb2.0p25.f036,"""f5f3ad0d17e475a66c32a55163c3ffd4""",bilinear_uv_temperature,43.64515,78.535604
2,2026-02-02T18:00:00+00:00,2026-02-02T12:00:00+00:00,2026-02-04T00:00:00+00:00,30,4.341465211018944,1.8995263088053207,252.17173105590166,2026-02-02T15:41:22+00:00,36,gfs.20260202/12/atmos/gfs.t12z.pgrb2.0p25.f036,"""f5f3ad0d17e475a66c32a55163c3ffd4""",bilinear_uv_temperature,43.643198,78.538828
1,2026-02-02T18:00:00+00:00,2026-02-02T12:00:00+00:00,2026-02-04T01:00:00+00:00,31,4.65249531883243,1.8483364305160421,256.2666058085071,2026-02-02T15:56:02+00:00,37,gfs.20260202/12/atmos/gfs.t12z.pgrb2.0p25.f037,"""9ef53d3c462bf790b66fdd9eac1a7d1f""",bilinear_uv_temperature,43.64515,78.535604
2,2026-02-02T18:00:00+00:00,2026-02-02T12:00:00+00:00,2026-02-04T01:00:00+00:00,31,4.630766088408584,1.821810696983846,256.3821664645674,2026-02-02T15:56:02+00:00,37,gfs.20260202/12/atmos/gfs.t12z.pgrb2.0p25.f037,"""9ef53d3c462bf790b66fdd9eac1a7d1f""",bilinear_uv_temperature,43.643198,78.538828
1,2026-02-02T18:00:00+00:00,2026-02-02T12:00:00+00:00,2026-02-04T02:00:00+00:00,32,4.722574585391963,1.6261090341620275,250.61850375493185,2026-02-02T15:41:45+00:00,38,gfs.20260202/12/atmos/gfs.t12z.pgrb2.0p25.f038,"""ebb554fedfe65bac3959399e276fa1b0""",bilinear_uv_temperature,43.64515,78.535604
2,2026-02-02T18:00:00+00:00,2026-02-02T12:00:00+00:00,2026-02-04T02:00:00+00:00,32,4.692504517992929,1.599875762668944,250.84767665991302,2026-02-02T15:41:45+00:00,38,gfs.20260202/12/atmos/gfs.t12z.pgrb2.0p25.f038,"""ebb554fedfe65bac3959399e276fa1b0""",bilinear_uv_temperature,43.643198,78.538828
1,2026-02-02T18:00:00+00:00,2026-02-02T12:00:00+00:00,2026-02-04T03:00:00+00:00,33,4.6231671169300315,1.697811239110024,247.10717559588915,2026-02-02T15:57:08+00:00,39,gfs.20260202/12/atmos/gfs.t12z.pgrb2.0p25.f039,"""9043050f9538e1fb9a88a0e74b33465e""",bilinear_uv_temperature,43.64515,78.535604
2,2026-02-02T18:00:00+00:00,2026-02-02T12:00:00+00:00,2026-02-04T03:00:00+00:00,33,4.581691112393682,1.672172518636387,247.3462373919232,2026-02-02T15:57:08+00:00,39,gfs.20260202/12/atmos/gfs.t12z.pgrb2.0p25.f039,"""9043050f9538e1fb9a88a0e74b33465e""",bilinear_uv_temperature,43.643198,78.538828
1,2026-02-02T18:00:00+00:00,2026-02-02T12:00:00+00:00,2026-02-04T04:00:00+00:00,34,4.095941017353568,1.8752557971180295,251.0692612707234,2026-02-02T15:43:02+00:00,40,gfs.20260202/12/atmos/gfs.t12z.pgrb2.0p25.f040,"""bc27578bdf6df2774642019c7e28c0a2""",bilinear_uv_temperature,43.64515,78.535604
2,2026-02-02T18:00:00+00:00,2026-02-02T12:00:00+00:00,2026-02-04T04:00:00+00:00,34,4.053781720557353,1.8512425764383238,251.35938158506772,2026-02-02T15:43:02+00:00,40,gfs.20260202/12/atmos/gfs.t12z.pgrb2.0p25.f040,"""bc27578bdf6df2774642019c7e28c0a2""",bilinear_uv_temperature,43.643198,78.538828
1,2026-02-02T18:00:00+00:00,2026-02-02T12:00:00+00:00,2026-02-04T05:00:00+00:00,35,3.6740356567115144,2.0794849094100414,249.79219828407273,2026-02-02T15:42:59+00:00,41,gfs.20260202/12/atmos/gfs.t12z.pgrb2.0p25.f041,"""c918407b0647b25771bbd2f07cc9e6d5""",bilinear_uv_temperature,43.64515,78.535604
2,2026-02-02T18:00:00+00:00,2026-02-02T12:00:00+00:00,2026-02-04T05:00:00+00:00,35,3.630865623745174,2.051186852808428,250.10948242221335,2026-02-02T15:42:59+00:00,41,gfs.20260202/12/atmos/gfs.t12z.pgrb2.0p25.f041,"""c918407b0647b25771bbd2f07cc9e6d5""",bilinear_uv_temperature,43.643198,78.538828
1,2026-02-02T18:00:00+00:00,2026-02-02T12:00:00+00:00,2026-02-04T06:00:00+00:00,36,2.674548101561347,2.562757355678002,248.9339190108468,2026-02-02T15:44:20+00:00,42,gfs.20260202/12/atmos/gfs.t12z.pgrb2.0p25.f042,"""6b6c8bfc86e976dbeec323163c115233""",bilinear_uv_temperature,43.64515,78.535604
2,2026-02-02T18:00:00+00:00,2026-02-02T12:00:00+00:00,2026-02-04T06:00:00+00:00,36,2.643211490441492,2.5215006168927516,249.17139049323924,2026-02-02T15:44:20+00:00,42,gfs.20260202/12/atmos/gfs.t12z.pgrb2.0p25.f042,"""6b6c8bfc86e976dbeec323163c115233""",bilinear_uv_temperature,43.643198,78.538828
1,2026-02-02T18:00:00+00:00,2026-02-02T12:00:00+00:00,2026-02-04T07:00:00+00:00,37,1.6270751130373389,3.016217631078007,268.1444428404749,2026-02-02T15:58:36+00:00,43,gfs.20260202/12/atmos/gfs.t12z.pgrb2.0p25.f043,"""64a304f8e83ded01b8e05b1dfbe421ea""",bilinear_uv_temperature,43.64515,78.535604
2,2026-02-02T18:00:00+00:00,2026-02-02T12:00:00+00:00,2026-02-04T07:00:00+00:00,37,1.6144807663022431,2.9659875907888136,268.54375986583597,2026-02-02T15:58:36+00:00,43,gfs.20260202/12/atmos/gfs.t12z.pgrb2.0p25.f043,"""64a304f8e83ded01b8e05b1dfbe421ea""",bilinear_uv_temperature,43.643198,78.538828
1,2026-02-02T18:00:00+00:00,2026-02-02T12:00:00+00:00,2026-02-04T08:00:00+00:00,38,1.0088675625061585,3.28381884711996,268.6821523673285,2026-02-02T15:44:33+00:00,44,gfs.20260202/12/atmos/gfs.t12z.pgrb2.0p25.f044,"""97148c17c971725d8b949dea8faef480""",bilinear_uv_temperature,43.64515,78.535604
2,2026-02-02T18:00:00+00:00,2026-02-02T12:00:00+00:00,2026-02-04T08:00:00+00:00,38,1.0098404151094718,3.2241410909088586,269.0920025161415,2026-02-02T15:44:33+00:00,44,gfs.20260202/12/atmos/gfs.t12z.pgrb2.0p25.f044,"""97148c17c971725d8b949dea8faef480""",bilinear_uv_temperature,43.643198,78.538828
1,2026-02-02T18:00:00+00:00,2026-02-02T12:00:00+00:00,2026-02-04T09:00:00+00:00,39,1.2349636952641565,3.8055675845459973,248.1112814486595,2026-02-02T15:43:42+00:00,45,gfs.20260202/12/atmos/gfs.t12z.pgrb2.0p25.f045,"""484efd7ea47842668210c80ef541e494""",bilinear_uv_temperature,43.64515,78.535604
2,2026-02-02T18:00:00+00:00,2026-02-02T12:00:00+00:00,2026-02-04T09:00:00+00:00,39,1.2376299497881083,3.741589558201099,248.18143845206686,2026-02-02T15:43:42+00:00,45,gfs.20260202/12/atmos/gfs.t12z.pgrb2.0p25.f045,"""484efd7ea47842668210c80ef541e494""",bilinear_uv_temperature,43.643198,78.538828
1,2026-02-02T18:00:00+00:00,2026-02-02T12:00:00+00:00,2026-02-04T10:00:00+00:00,40,1.5714273019811353,4.303156395369967,252.8397844203886,2026-02-02T15:44:05+00:00,46,gfs.20260202/12/atmos/gfs.t12z.pgrb2.0p25.f046,"""db908df9b724ffcf774d46a639bf8f14""",bilinear_uv_temperature,43.64515,78.535604
2,2026-02-02T18:00:00+00:00,2026-02-02T12:00:00+00:00,2026-02-04T10:00:00+00:00,40,1.5707965056916604,4.240810386038845,252.48957532447167,2026-02-02T15:44:05+00:00,46,gfs.20260202/12/atmos/gfs.t12z.pgrb2.0p25.f046,"""db908df9b724ffcf774d46a639bf8f14""",bilinear_uv_temperature,43.643198,78.538828
1,2026-02-02T18:00:00+00:00,2026-02-02T12:00:00+00:00,2026-02-04T11:00:00+00:00,41,0.804589323199824,4.326954741085956,278.5757247315087,2026-02-02T15:58:43+00:00,47,gfs.20260202/12/atmos/gfs.t12z.pgrb2.0p25.f047,"""5b0a9dc6a8fc1a1c39cb208594db9cdc""",bilinear_uv_temperature,43.64515,78.535604
2,2026-02-02T18:00:00+00:00,2026-02-02T12:00:00+00:00,2026-02-04T11:00:00+00:00,41,0.7934897268785369,4.265146587470667,277.39846325493,2026-02-02T15:58:43+00:00,47,gfs.20260202/12/atmos/gfs.t12z.pgrb2.0p25.f047,"""5b0a9dc6a8fc1a1c39cb208594db9cdc""",bilinear_uv_temperature,43.643198,78.538828
1,2026-02-02T18:00:00+00:00,2026-02-02T12:00:00+00:00,2026-02-04T12:00:00+00:00,42,1.6569762878014684,2.392490671242001,43.630456539863715,2026-02-02T15:59:14+00:00,48,gfs.20260202/12/atmos/gfs.t12z.pgrb2.0p25.f048,"""ee9a20eb30d714ba28deed8d92d03ae7""",bilinear_uv_temperature,43.64515,78.535604
2,2026-02-02T18:00:00+00:00,2026-02-02T12:00:00+00:00,2026-02-04T12:00:00+00:00,42,1.6251585648043083,2.340095664568139,44.020543052265346,2026-02-02T15:59:14+00:00,48,gfs.20260202/12/atmos/gfs.t12z.pgrb2.0p25.f048,"""ee9a20eb30d714ba28deed8d92d03ae7""",bilinear_uv_temperature,43.643198,78.538828
1,2026-02-02T18:00:00+00:00,2026-02-02T12:00:00+00:00,2026-02-04T13:00:00+00:00,43,3.2830876552459487,0.7250731355160269,72.98971197459933,2026-02-02T15:44:19+00:00,49,gfs.20260202/12/atmos/gfs.t12z.pgrb2.0p25.f049,"""0e10a17b6fd967b831cffcce79e09837""",bilinear_uv_temperature,43.64515,78.535604
2,2026-02-02T18:00:00+00:00,2026-02-02T12:00:00+00:00,2026-02-04T13:00:00+00:00,43,3.2251510608208354,0.6984834019838786,73.00799181447739,2026-02-02T15:44:19+00:00,49,gfs.20260202/12/atmos/gfs.t12z.pgrb2.0p25.f049,"""0e10a17b6fd967b831cffcce79e09837""",bilinear_uv_temperature,43.643198,78.538828
1,2026-02-02T18:00:00+00:00,2026-02-02T12:00:00+00:00,2026-02-04T14:00:00+00:00,44,3.986719224607653,0.12238086312402174,81.00559259860397,2026-02-02T15:44:48+00:00,50,gfs.20260202/12/atmos/gfs.t12z.pgrb2.0p25.f050,"""ae5a182ad3401832afa07c8433809f31""",bilinear_uv_temperature,43.64515,78.535604
2,2026-02-02T18:00:00+00:00,2026-02-02T12:00:00+00:00,2026-02-04T14:00:00+00:00,44,3.9301153246870144,0.10568817088977767,81.21700907626297,2026-02-02T15:44:48+00:00,50,gfs.20260202/12/atmos/gfs.t12z.pgrb2.0p25.f050,"""ae5a182ad3401832afa07c8433809f31""",bilinear_uv_temperature,43.643198,78.538828
1,2026-02-02T18:00:00+00:00,2026-02-02T12:00:00+00:00,2026-02-04T15:00:00+00:00,45,5.024474257627851,-0.2614473226660152,77.05094596918896,2026-02-02T15:44:55+00:00,51,gfs.20260202/12/atmos/gfs.t12z.pgrb2.0p25.f051,"""dc2f374d6a57286b40f789fb8b1b9225""",bilinear_uv_temperature,43.64515,78.535604
2,2026-02-02T18:00:00+00:00,2026-02-02T12:00:00+00:00,2026-02-04T15:00:00+00:00,45,4.964072920638611,-0.27838614074977386,77.30190251491493,2026-02-02T15:44:55+00:00,51,gfs.20260202/12/atmos/gfs.t12z.pgrb2.0p25.f051,"""dc2f374d6a57286b40f789fb8b1b9225""",bilinear_uv_temperature,43.643198,78.538828
1,2026-02-02T18:00:00+00:00,2026-02-02T12:00:00+00:00,2026-02-04T16:00:00+00:00,46,6.199049973190409,-0.5091298775100199,73.58399343222827,2026-02-02T16:00:11+00:00,52,gfs.20260202/12/atmos/gfs.t12z.pgrb2.0p25.f052,"""16a0474fa8237fb231b24100116aa88a""",bilinear_uv_temperature,43.64515,78.535604
2,2026-02-02T18:00:00+00:00,2026-02-02T12:00:00+00:00,2026-02-04T16:00:00+00:00,46,6.127893927348667,-0.5238597086523669,73.85786779730796,2026-02-02T16:00:11+00:00,52,gfs.20260202/12/atmos/gfs.t12z.pgrb2.0p25.f052,"""16a0474fa8237fb231b24100116aa88a""",bilinear_uv_temperature,43.643198,78.538828
1,2026-02-02T18:00:00+00:00,2026-02-02T12:00:00+00:00,2026-02-04T17:00:00+00:00,47,6.6958136024107615,-0.42920348549603204,75.72730251469163,2026-02-02T16:00:22+00:00,53,gfs.20260202/12/atmos/gfs.t12z.pgrb2.0p25.f053,"""8f2080d572775b78ac12cd82a86901e2""",bilinear_uv_temperature,43.64515,78.535604
2,2026-02-02T18:00:00+00:00,2026-02-02T12:00:00+00:00,2026-02-04T17:00:00+00:00,47,6.614242016992088,-0.4466348752790168,76.07420607088095,2026-02-02T16:00:22+00:00,53,gfs.20260202/12/atmos/gfs.t12z.pgrb2.0p25.f053,"""8f2080d572775b78ac12cd82a86901e2""",bilinear_uv_temperature,43.643198,78.538828
1,2026-02-02T18:00:00+00:00,2026-02-02T12:00:00+00:00,2026-02-04T18:00:00+00:00,48,7.254153793976751,-0.5288464792159857,75.41720450427454,2026-02-02T15:45:56+00:00,54,gfs.20260202/12/atmos/gfs.t12z.pgrb2.0p25.f054,"""2b4a3a6aef8a6b98092cbd0212e7d1e3""",bilinear_uv_temperature,43.64515,78.535604
2,2026-02-02T18:00:00+00:00,2026-02-02T12:00:00+00:00,2026-02-04T18:00:00+00:00,48,7.164226837599455,-0.5432635611717842,75.8368207427179,2026-02-02T15:45:56+00:00,54,gfs.20260202/12/atmos/gfs.t12z.pgrb2.0p25.f054,"""2b4a3a6aef8a6b98092cbd0212e7d1e3""",bilinear_uv_temperature,43.643198,78.538828
1,2026-02-03T18:00:00+00:00,2026-02-03T12:00:00+00:00,2026-02-03T19:00:00+00:00,1,6.8424551925060095,2.51031114376201,255.41164786323003,2026-02-03T15:48:47+00:00,7,gfs.20260203/12/atmos/gfs.t12z.pgrb2.0p25.f007,"""07f98c0cdf97b42172779490159f2f83""",bilinear_uv_temperature,43.64515,78.535604
2,2026-02-03T18:00:00+00:00,2026-02-03T12:00:00+00:00,2026-02-03T19:00:00+00:00,1,6.808672302624335,2.48653821377286,255.5820901107512,2026-02-03T15:48:47+00:00,7,gfs.20260203/12/atmos/gfs.t12z.pgrb2.0p25.f007,"""07f98c0cdf97b42172779490159f2f83""",bilinear_uv_temperature,43.643198,78.538828
1,2026-02-03T18:00:00+00:00,2026-02-03T12:00:00+00:00,2026-02-03T20:00:00+00:00,2,6.070117916934095,2.2867400384840266,249.75760123656767,2026-02-03T15:48:43+00:00,8,gfs.20260203/12/atmos/gfs.t12z.pgrb2.0p25.f008,"""a51273f0b85b3207ee4599a2759d81cc""",bilinear_uv_temperature,43.64515,78.535604
2,2026-02-03T18:00:00+00:00,2026-02-03T12:00:00+00:00,2026-02-03T20:00:00+00:00,2,6.053648776135194,2.25541182577615,249.76336846842514,2026-02-03T15:48:43+00:00,8,gfs.20260203/12/atmos/gfs.t12z.pgrb2.0p25.f008,"""a51273f0b85b3207ee4599a2759d81cc""",bilinear_uv_temperature,43.643198,78.538828
1,2026-02-03T18:00:00+00:00,2026-02-03T12:00:00+00:00,2026-02-03T21:00:00+00:00,3,6.0361175086347,2.109896038788065,255.73160742942102,2026-02-03T15:49:33+00:00,9,gfs.20260203/12/atmos/gfs.t12z.pgrb2.0p25.f009,"""542d5fbdef607b20871eba388f5bbf58""",bilinear_uv_temperature,43.64515,78.535604
2,2026-02-03T18:00:00+00:00,2026-02-03T12:00:00+00:00,2026-02-03T21:00:00+00:00,3,6.013042755303327,2.082311433289135,255.73752949357873,2026-02-03T15:49:33+00:00,9,gfs.20260203/12/atmos/gfs.t12z.pgrb2.0p25.f009,"""542d5fbdef607b20871eba388f5bbf58""",bilinear_uv_temperature,43.643198,78.538828
1,2026-02-03T18:00:00+00:00,2026-02-03T12:00:00+00:00,2026-02-03T22:00:00+00:00,4,6.890874405346192,2.1928374768480126,261.4712894652798,2026-02-03T15:49:05+00:00,10,gfs.20260203/12/atmos/gfs.t12z.pgrb2.0p25.f010,"""d28235d024244b656cc2b147c46ac49f""",bilinear_uv_temperature,43.64515,78.535604
2,2026-02-03T18:00:00+00:00,2026-02-03T12:00:00+00:00,2026-02-03T22:00:00+00:00,4,6.8600871679330195,2.161491180123562,261.48617962305593,2026-02-03T15:49:05+00:00,10,gfs.20260203/12/atmos/gfs.t12z.pgrb2.0p25.f010,"""d28235d024244b656cc2b147c46ac49f""",bilinear_uv_temperature,43.643198,78.538828
1,2026-02-03T18:00:00+00:00,2026-02-03T12:00:00+00:00,2026-02-03T23:00:00+00:00,5,5.883727744984358,1.993065995620043,257.6720129516925,2026-02-03T15:49:38+00:00,11,gfs.20260203/12/atmos/gfs.t12z.pgrb2.0p25.f011,"""a35817250d4bdaa46fa0d20ea1db4ade""",bilinear_uv_temperature,43.64515,78.535604
2,2026-02-03T18:00:00+00:00,2026-02-03T12:00:00+00:00,2026-02-03T23:00:00+00:00,5,5.862846752735874,1.9613086000488238,257.7547033208154,2026-02-03T15:49:38+00:00,11,gfs.20260203/12/atmos/gfs.t12z.pgrb2.0p25.f011,"""a35817250d4bdaa46fa0d20ea1db4ade""",bilinear_uv_temperature,43.643198,78.538828
1,2026-02-03T18:00:00+00:00,2026-02-03T12:00:00+00:00,2026-02-04T00:00:00+00:00,6,6.045635304551466,1.771875113319993,252.83791837963497,2026-02-03T15:50:15+00:00,12,gfs.20260203/12/atmos/gfs.t12z.pgrb2.0p25.f012,"""06a3d9293365fb67ae538bfa9c7fba24""",bilinear_uv_temperature,43.64515,78.535604
2,2026-02-03T18:00:00+00:00,2026-02-03T12:00:00+00:00,2026-02-04T00:00:00+00:00,6,6.023529039566781,1.740034106996859,252.8914711787789,2026-02-03T15:50:15+00:00,12,gfs.20260203/12/atmos/gfs.t12z.pgrb2.0p25.f012,"""06a3d9293365fb67ae538bfa9c7fba24""",bilinear_uv_temperature,43.643198,78.538828
1,2026-02-03T18:00:00+00:00,2026-02-03T12:00:00+00:00,2026-02-04T01:00:00+00:00,7,5.2285279352991045,1.6517573074000325,238.4919051008875,2026-02-03T15:50:10+00:00,13,gfs.20260203/12/atmos/gfs.t12z.pgrb2.0p25.f013,"""a421c88374976acf5a5f0e53d3159e33""",bilinear_uv_temperature,43.64515,78.535604
2,2026-02-03T18:00:00+00:00,2026-02-03T12:00:00+00:00,2026-02-04T01:00:00+00:00,7,5.2096881028775,1.620464232776044,238.5867811935637,2026-02-03T15:50:10+00:00,13,gfs.20260203/12/atmos/gfs.t12z.pgrb2.0p25.f013,"""a421c88374976acf5a5f0e53d3159e33""",bilinear_uv_temperature,43.643198,78.538828
1,2026-02-03T18:00:00+00:00,2026-02-03T12:00:00+00:00,2026-02-04T02:00:00+00:00,8,4.3879316040603245,1.7382132993400319,225.38018128081484,2026-02-03T15:50:30+00:00,14,gfs.20260203/12/atmos/gfs.t12z.pgrb2.0p25.f014,"""c48a25026b6ccc70063b3a396004dc4a""",bilinear_uv_temperature,43.64515,78.535604
2,2026-02-03T18:00:00+00:00,2026-02-03T12:00:00+00:00,2026-02-04T02:00:00+00:00,8,4.374399847923564,1.7110259159416046,225.5698665367562,2026-02-03T15:50:30+00:00,14,gfs.20260203/12/atmos/gfs.t12z.pgrb2.0p25.f014,"""c48a25026b6ccc70063b3a396004dc4a""",bilinear_uv_temperature,43.643198,78.538828
1,2026-02-03T18:00:00+00:00,2026-02-03T12:00:00+00:00,2026-02-04T03:00:00+00:00,9,3.765975611216754,2.0936576206680115,248.69043524377855,2026-02-03T15:51:03+00:00,15,gfs.20260203/12/atmos/gfs.t12z.pgrb2.0p25.f015,"""379f53f614757163de6ce4a40192cbc1""",bilinear_uv_temperature,43.64515,78.535604
2,2026-02-03T18:00:00+00:00,2026-02-03T12:00:00+00:00,2026-02-04T03:00:00+00:00,9,3.7623107368594217,2.067436490740306,248.60916355867658,2026-02-03T15:51:03+00:00,15,gfs.20260203/12/atmos/gfs.t12z.pgrb2.0p25.f015,"""379f53f614757163de6ce4a40192cbc1""",bilinear_uv_temperature,43.643198,78.538828
1,2026-02-03T18:00:00+00:00,2026-02-03T12:00:00+00:00,2026-02-04T04:00:00+00:00,10,3.298033998339292,2.2480270521220405,257.7546069064417,2026-02-03T15:50:51+00:00,16,gfs.20260203/12/atmos/gfs.t12z.pgrb2.0p25.f016,"""bde678208d5563aec00256bb65b54962""",bilinear_uv_temperature,43.64515,78.535604
2,2026-02-03T18:00:00+00:00,2026-02-03T12:00:00+00:00,2026-02-04T04:00:00+00:00,10,3.297070256889836,2.2239662147792956,257.9621131120615,2026-02-03T15:50:51+00:00,16,gfs.20260203/12/atmos/gfs.t12z.pgrb2.0p25.f016,"""bde678208d5563aec00256bb65b54962""",bilinear_uv_temperature,43.643198,78.538828
1,2026-02-03T18:00:00+00:00,2026-02-03T12:00:00+00:00,2026-02-04T05:00:00+00:00,11,3.153231477385878,2.3456250816100237,246.54376505634264,2026-02-03T15:51:15+00:00,17,gfs.20260203/12/atmos/gfs.t12z.pgrb2.0p25.f017,"""d3f599b27e9ddd5707b304cc2ddd5e28""",bilinear_uv_temperature,43.64515,78.535604
2,2026-02-03T18:00:00+00:00,2026-02-03T12:00:00+00:00,2026-02-04T05:00:00+00:00,11,3.1441609961011845,2.3210961211364065,246.83725904303932,2026-02-03T15:51:15+00:00,17,gfs.20260203/12/atmos/gfs.t12z.pgrb2.0p25.f017,"""d3f599b27e9ddd5707b304cc2ddd5e28""",bilinear_uv_temperature,43.643198,78.538828
1,2026-02-03T18:00:00+00:00,2026-02-03T12:00:00+00:00,2026-02-04T06:00:00+00:00,12,3.2691943672710697,2.6483619157939984,236.3602701033281,2026-02-03T15:51:44+00:00,18,gfs.20260203/12/atmos/gfs.t12z.pgrb2.0p25.f018,"""894c54604d7c1e01ec5f7dbc930dbfc1""",bilinear_uv_temperature,43.64515,78.535604
2,2026-02-03T18:00:00+00:00,2026-02-03T12:00:00+00:00,2026-02-04T06:00:00+00:00,12,3.253280591974665,2.622118824980589,236.57643452702183,2026-02-03T15:51:44+00:00,18,gfs.20260203/12/atmos/gfs.t12z.pgrb2.0p25.f018,"""894c54604d7c1e01ec5f7dbc930dbfc1""",bilinear_uv_temperature,43.643198,78.538828
1,2026-02-03T18:00:00+00:00,2026-02-03T12:00:00+00:00,2026-02-04T07:00:00+00:00,13,3.60347463015509,3.2956143619879867,242.14280167669483,2026-02-03T15:51:41+00:00,19,gfs.20260203/12/atmos/gfs.t12z.pgrb2.0p25.f019,"""d06624facf3eeb64b6d7cab326b43cae""",bilinear_uv_temperature,43.64515,78.535604
2,2026-02-03T18:00:00+00:00,2026-02-03T12:00:00+00:00,2026-02-04T07:00:00+00:00,13,3.5872372285473073,3.2614291188571087,242.34789814097445,2026-02-03T15:51:41+00:00,19,gfs.20260203/12/atmos/gfs.t12z.pgrb2.0p25.f019,"""d06624facf3eeb64b6d7cab326b43cae""",bilinear_uv_temperature,43.643198,78.538828
1,2026-02-03T18:00:00+00:00,2026-02-03T12:00:00+00:00,2026-02-04T08:00:00+00:00,14,2.971088667532256,4.09019955887203,247.48701961330534,2026-02-03T15:52:23+00:00,20,gfs.20260203/12/atmos/gfs.t12z.pgrb2.0p25.f020,"""044770108f032f7be53e6feaf2b50fcc""",bilinear_uv_temperature,43.64515,78.535604
2,2026-02-03T18:00:00+00:00,2026-02-03T12:00:00+00:00,2026-02-04T08:00:00+00:00,14,2.9615516876502466,4.0428152946493014,247.66584641350073,2026-02-03T15:52:23+00:00,20,gfs.20260203/12/atmos/gfs.t12z.pgrb2.0p25.f020,"""044770108f032f7be53e6feaf2b50fcc""",bilinear_uv_temperature,43.643198,78.538828
1,2026-02-03T18:00:00+00:00,2026-02-03T12:00:00+00:00,2026-02-04T09:00:00+00:00,15,2.263211473880665,4.952403597908017,246.35397501974526,2026-02-03T15:52:51+00:00,21,gfs.20260203/12/atmos/gfs.t12z.pgrb2.0p25.f021,"""10a1703b45c5dddd3281bf10f730fb35""",bilinear_uv_temperature,43.64515,78.535604
2,2026-02-03T18:00:00+00:00,2026-02-03T12:00:00+00:00,2026-02-04T09:00:00+00:00,15,2.2533933856129726,4.900088663077952,246.44907056796131,2026-02-03T15:52:51+00:00,21,gfs.20260203/12/atmos/gfs.t12z.pgrb2.0p25.f021,"""10a1703b45c5dddd3281bf10f730fb35""",bilinear_uv_temperature,43.643198,78.538828
1,2026-02-03T18:00:00+00:00,2026-02-03T12:00:00+00:00,2026-02-04T10:00:00+00:00,16,1.5834827182159577,5.366988106891995,257.04554306790476,2026-02-03T15:52:46+00:00,22,gfs.20260203/12/atmos/gfs.t12z.pgrb2.0p25.f022,"""d69b5fc5f0a6d13dda37f442c3295c72""",bilinear_uv_temperature,43.64515,78.535604
2,2026-02-03T18:00:00+00:00,2026-02-03T12:00:00+00:00,2026-02-04T10:00:00+00:00,16,1.5712895888428264,5.309971292474074,257.0076888432198,2026-02-03T15:52:46+00:00,22,gfs.20260203/12/atmos/gfs.t12z.pgrb2.0p25.f022,"""d69b5fc5f0a6d13dda37f442c3295c72""",bilinear_uv_temperature,43.643198,78.538828
1,2026-02-03T18:00:00+00:00,2026-02-03T12:00:00+00:00,2026-02-04T11:00:00+00:00,17,0.3978842931145173,4.747974591920013,288.46162486996184,2026-02-03T15:53:00+00:00,23,gfs.20260203/12/atmos/gfs.t12z.pgrb2.0p25.f023,"""195e5a0355ff083c3db5e50ccef5ad77""",bilinear_uv_temperature,43.64515,78.535604
2,2026-02-03T18:00:00+00:00,2026-02-03T12:00:00+00:00,2026-02-04T11:00:00+00:00,17,0.3798988551993014,4.6749481264608335,287.0858160671856,2026-02-03T15:53:00+00:00,23,gfs.20260203/12/atmos/gfs.t12z.pgrb2.0p25.f023,"""195e5a0355ff083c3db5e50ccef5ad77""",bilinear_uv_temperature,43.643198,78.538828
1,2026-02-03T18:00:00+00:00,2026-02-03T12:00:00+00:00,2026-02-04T12:00:00+00:00,18,3.1861948382419154,2.6020802989899607,71.52009681696703,2026-02-03T15:53:24+00:00,24,gfs.20260203/12/atmos/gfs.t12z.pgrb2.0p25.f024,"""d8d1e7ffbb1e709f2857d8441eaa1946""",bilinear_uv_temperature,43.64515,78.535604
2,2026-02-03T18:00:00+00:00,2026-02-03T12:00:00+00:00,2026-02-04T12:00:00+00:00,18,3.138107891834069,2.541240027207664,71.8984406793985,2026-02-03T15:53:24+00:00,24,gfs.20260203/12/atmos/gfs.t12z.pgrb2.0p25.f024,"""d8d1e7ffbb1e709f2857d8441eaa1946""",bilinear_uv_temperature,43.643198,78.538828
1,2026-02-03T18:00:00+00:00,2026-02-03T12:00:00+00:00,2026-02-04T13:00:00+00:00,19,5.268671642328994,0.37955003664404785,79.74345330219144,2026-02-03T15:53:16+00:00,25,gfs.20260203/12/atmos/gfs.t12z.pgrb2.0p25.f025,"""9c80fd25c79b209b13e848c9a8a82148""",bilinear_uv_temperature,43.64515,78.535604
2,2026-02-03T18:00:00+00:00,2026-02-03T12:00:00+00:00,2026-02-04T13:00:00+00:00,19,5.183778804295818,0.3620428073346602,79.92606076505089,2026-02-03T15:53:16+00:00,25,gfs.20260203/12/atmos/gfs.t12z.pgrb2.0p25.f025,"""9c80fd25c79b209b13e848c9a8a82148""",bilinear_uv_temperature,43.643198,78.538828
1,2026-02-03T18:00:00+00:00,2026-02-03T12:00:00+00:00,2026-02-04T14:00:00+00:00,20,6.192974529077338,0.17648360364000837,77.47821356481312,2026-02-03T15:53:41+00:00,26,gfs.20260203/12/atmos/gfs.t12z.pgrb2.0p25.f026,"""3bf72343c6652f59a36ee58d1730eb2b""",bilinear_uv_temperature,43.64515,78.535604
2,2026-02-03T18:00:00+00:00,2026-02-03T12:00:00+00:00,2026-02-04T14:00:00+00:00,20,6.103460109730456,0.1582613378736255,77.6612892396658,2026-02-03T15:53:41+00:00,26,gfs.20260203/12/atmos/gfs.t12z.pgrb2.0p25.f026,"""3bf72343c6652f59a36ee58d1730eb2b""",bilinear_uv_temperature,43.643198,78.538828
1,2026-02-03T18:00:00+00:00,2026-02-03T12:00:00+00:00,2026-02-04T15:00:00+00:00,21,6.661888118675921,0.2252840170519903,76.47054730013707,2026-02-03T15:54:09+00:00,27,gfs.20260203/12/atmos/gfs.t12z.pgrb2.0p25.f027,"""26e15b88707161350ea54521d2df1f5f""",bilinear_uv_temperature,43.64515,78.535604
2,2026-02-03T18:00:00+00:00,2026-02-03T12:00:00+00:00,2026-02-04T15:00:00+00:00,21,6.573621715793313,0.20047241291251794,76.76017198440019,2026-02-03T15:54:09+00:00,27,gfs.20260203/12/atmos/gfs.t12z.pgrb2.0p25.f027,"""26e15b88707161350ea54521d2df1f5f""",bilinear_uv_temperature,43.643198,78.538828
1,2026-02-03T18:00:00+00:00,2026-02-03T12:00:00+00:00,2026-02-04T16:00:00+00:00,22,6.895571208299513,-0.1462110403400061,73.86316839603346,2026-02-03T15:54:23+00:00,28,gfs.20260203/12/atmos/gfs.t12z.pgrb2.0p25.f028,"""651c0c311a7d0c538d411327557f2bba""",bilinear_uv_temperature,43.64515,78.535604
2,2026-02-03T18:00:00+00:00,2026-02-03T12:00:00+00:00,2026-02-04T16:00:00+00:00,22,6.805246042810925,-0.16336272318159217,74.23060692162724,2026-02-03T15:54:23+00:00,28,gfs.20260203/12/atmos/gfs.t12z.pgrb2.0p25.f028,"""651c0c311a7d0c538d411327557f2bba""",bilinear_uv_temperature,43.643198,78.538828
1,2026-02-03T18:00:00+00:00,2026-02-03T12:00:00+00:00,2026-02-04T17:00:00+00:00,23,7.357734613985738,-0.3316740662079951,74.33252505047115,2026-02-03T15:40:18+00:00,29,gfs.20260203/12/atmos/gfs.t12z.pgrb2.0p25.f029,"""5d83551b755323f86de6b259313f3250""",bilinear_uv_temperature,43.64515,78.535604
2,2026-02-03T18:00:00+00:00,2026-02-03T12:00:00+00:00,2026-02-04T17:00:00+00:00,23,7.262363807166462,-0.3511840483699302,74.69781984021557,2026-02-03T15:40:18+00:00,29,gfs.20260203/12/atmos/gfs.t12z.pgrb2.0p25.f029,"""5d83551b755323f86de6b259313f3250""",bilinear_uv_temperature,43.643198,78.538828
1,2026-02-03T18:00:00+00:00,2026-02-03T12:00:00+00:00,2026-02-04T18:00:00+00:00,24,7.609743790269364,-0.5446728352400214,75.87495982026067,2026-02-03T15:54:37+00:00,30,gfs.20260203/12/atmos/gfs.t12z.pgrb2.0p25.f030,"""13c63eb6a1c7d25adfb40023d6fa1c18""",bilinear_uv_temperature,43.64515,78.535604
2,2026-02-03T18:00:00+00:00,2026-02-03T12:00:00+00:00,2026-02-04T18:00:00+00:00,24,7.513655985663282,-0.5657004034575834,76.28687816567938,2026-02-03T15:54:37+00:00,30,gfs.20260203/12/atmos/gfs.t12z.pgrb2.0p25.f030,"""13c63eb6a1c7d25adfb40023d6fa1c18""",bilinear_uv_temperature,43.643198,78.538828
1,2026-02-03T18:00:00+00:00,2026-02-03T12:00:00+00:00,2026-02-04T19:00:00+00:00,25,7.950576447421685,-0.8264817834999576,76.19396618507265,2026-02-03T15:54:52+00:00,31,gfs.20260203/12/atmos/gfs.t12z.pgrb2.0p25.f031,"""633100c1d32672f0c8597f90f9f9548c""",bilinear_uv_temperature,43.64515,78.535604
2,2026-02-03T18:00:00+00:00,2026-02-03T12:00:00+00:00,2026-02-04T19:00:00+00:00,25,7.846970903566676,-0.8450282097400077,76.63907966203688,2026-02-03T15:54:52+00:00,31,gfs.20260203/12/atmos/gfs.t12z.pgrb2.0p25.f031,"""633100c1d32672f0c8597f90f9f9548c""",bilinear_uv_temperature,43.643198,78.538828
1,2026-02-03T18:00:00+00:00,2026-02-03T12:00:00+00:00,2026-02-04T20:00:00+00:00,26,8.489102932579666,-0.9971155581660014,76.4648567989012,2026-02-03T15:55:25+00:00,32,gfs.20260203/12/atmos/gfs.t12z.pgrb2.0p25.f032,"""02d11025cea4e7843639c8d39df19175""",bilinear_uv_temperature,43.64515,78.535604
2,2026-02-03T18:00:00+00:00,2026-02-03T12:00:00+00:00,2026-02-04T20:00:00+00:00,26,8.378703991071943,-1.0155082293698001,76.9178130743801,2026-02-03T15:55:25+00:00,32,gfs.20260203/12/atmos/gfs.t12z.pgrb2.0p25.f032,"""02d11025cea4e7843639c8d39df19175""",bilinear_uv_temperature,43.643198,78.538828
1,2026-02-03T18:00:00+00:00,2026-02-03T12:00:00+00:00,2026-02-04T21:00:00+00:00,27,8.959620909395195,-0.9468962635739899,76.52035919610536,2026-02-03T15:55:36+00:00,33,gfs.20260203/12/atmos/gfs.t12z.pgrb2.0p25.f033,"""885436e86cbe82f0abb6b13d4387a58a""",bilinear_uv_temperature,43.64515,78.535604
2,2026-02-03T18:00:00+00:00,2026-02-03T12:00:00+00:00,2026-02-04T21:00:00+00:00,27,8.84313097028127,-0.9677295199477385,76.99112341936497,2026-02-03T15:55:36+00:00,33,gfs.20260203/12/atmos/gfs.t12z.pgrb2.0p25.f033,"""885436e86cbe82f0abb6b13d4387a58a""",bilinear_uv_temperature,43.643198,78.538828
1,2026-02-03T18:00:00+00:00,2026-02-03T12:00:00+00:00,2026-02-04T22:00:00+00:00,28,9.794377292422512,-0.9913238980880124,76.87860782338339,2026-02-03T15:40:51+00:00,34,gfs.20260203/12/atmos/gfs.t12z.pgrb2.0p25.f034,"""28846d86bcc515b7c53ba29dcec56422""",bilinear_uv_temperature,43.64515,78.535604
2,2026-02-03T18:00:00+00:00,2026-02-03T12:00:00+00:00,2026-02-04T22:00:00+00:00,28,9.66943754809631,-1.016403755821102,77.32752726082029,2026-02-03T15:40:51+00:00,34,gfs.20260203/12/atmos/gfs.t12z.pgrb2.0p25.f034,"""28846d86bcc515b7c53ba29dcec56422""",bilinear_uv_temperature,43.643198,78.538828
1,2026-02-03T18:00:00+00:00,2026-02-03T12:00:00+00:00,2026-02-04T23:00:00+00:00,29,10.361989418990381,-0.852557733110018,79.16080710003841,2026-02-03T15:56:13+00:00,35,gfs.20260203/12/atmos/gfs.t12z.pgrb2.0p25.f035,"""125f37264410b67bbbcaa8e6f066487f""",bilinear_uv_temperature,43.64515,78.535604
2,2026-02-03T18:00:00+00:00,2026-02-03T12:00:00+00:00,2026-02-04T23:00:00+00:00,29,10.236795364135045,-0.8839141719964232,79.61596576808078,2026-02-03T15:56:13+00:00,35,gfs.20260203/12/atmos/gfs.t12z.pgrb2.0p25.f035,"""125f37264410b67bbbcaa8e6f066487f""",bilinear_uv_temperature,43.643198,78.538828
1,2026-02-03T18:00:00+00:00,2026-02-03T12:00:00+00:00,2026-02-05T00:00:00+00:00,30,10.35776768102266,-0.7706307695199826,80.7155760076579,2026-02-03T15:56:47+00:00,36,gfs.20260203/12/atmos/gfs.t12z.pgrb2.0p25.f036,"""62b3e57b1b7057d60e5e3e94e0b97c9c""",bilinear_uv_temperature,43.64515,78.535604
2,2026-02-03T18:00:00+00:00,2026-02-03T12:00:00+00:00,2026-02-05T00:00:00+00:00,30,10.24090134040468,-0.8089658586847577,81.19661123720188,2026-02-03T15:56:47+00:00,36,gfs.20260203/12/atmos/gfs.t12z.pgrb2.0p25.f036,"""62b3e57b1b7057d60e5e3e94e0b97c9c""",bilinear_uv_temperature,43.643198,78.538828
1,2026-02-03T18:00:00+00:00,2026-02-03T12:00:00+00:00,2026-02-05T01:00:00+00:00,31,10.615709556719358,-0.8287942581299603,82.66880476334815,2026-02-03T15:56:51+00:00,37,gfs.20260203/12/atmos/gfs.t12z.pgrb2.0p25.f037,"""dd8074c3c020be0ce42f4bf47c1c5676""",bilinear_uv_temperature,43.64515,78.535604
2,2026-02-03T18:00:00+00:00,2026-02-03T12:00:00+00:00,2026-02-05T01:00:00+00:00,31,10.507686200892213,-0.8614614137011927,83.16160715784788,2026-02-03T15:56:51+00:00,37,gfs.20260203/12/atmos/gfs.t12z.pgrb2.0p25.f037,"""dd8074c3c020be0ce42f4bf47c1c5676""",bilinear_uv_temperature,43.643198,78.538828
1,2026-02-03T18:00:00+00:00,2026-02-03T12:00:00+00:00,2026-02-05T02:00:00+00:00,32,10.783784667757297,-0.742818634543994,85.14661019451347,2026-02-03T15:57:16+00:00,38,gfs.20260203/12/atmos/gfs.t12z.pgrb2.0p25.f038,"""2511bbae8ba2ae6b98448e8e116454d2""",bilinear_uv_temperature,43.64515,78.535604
2,2026-02-03T18:00:00+00:00,2026-02-03T12:00:00+00:00,2026-02-05T02:00:00+00:00,32,10.68234103413786,-0.7696926637306092,85.64854580537802,2026-02-03T15:57:16+00:00,38,gfs.20260203/12/atmos/gfs.t12z.pgrb2.0p25.f038,"""2511bbae8ba2ae6b98448e8e116454d2""",bilinear_uv_temperature,43.643198,78.538828
1,2026-02-03T18:00:00+00:00,2026-02-03T12:00:00+00:00,2026-02-05T03:00:00+00:00,33,11.333217596623907,-0.6522777351739251,81.68668570050428,2026-02-03T15:57:18+00:00,39,gfs.20260203/12/atmos/gfs.t12z.pgrb2.0p25.f039,"""86b3eab6495a86b696851a5867c1ba4c""",bilinear_uv_temperature,43.64515,78.535604
2,2026-02-03T18:00:00+00:00,2026-02-03T12:00:00+00:00,2026-02-05T03:00:00+00:00,33,11.216083552238509,-0.6761302799317264,82.14841265587191,2026-02-03T15:57:18+00:00,39,gfs.20260203/12/atmos/gfs.t12z.pgrb2.0p25.f039,"""86b3eab6495a86b696851a5867c1ba4c""",bilinear_uv_temperature,43.643198,78.538828
1,2026-02-03T18:00:00+00:00,2026-02-03T12:00:00+00:00,2026-02-05T04:00:00+00:00,34,11.020061325626385,0.5641736700420097,84.56562623024473,2026-02-03T15:42:54+00:00,40,gfs.20260203/12/atmos/gfs.t12z.pgrb2.0p25.f040,"""c6b03427593489ea463aeff780d3614f""",bilinear_uv_temperature,43.64515,78.535604
2,2026-02-03T18:00:00+00:00,2026-02-03T12:00:00+00:00,2026-02-05T04:00:00+00:00,34,10.906921062208008,0.5321849678800845,85.04519070201101,2026-02-03T15:42:54+00:00,40,gfs.20260203/12/atmos/gfs.t12z.pgrb2.0p25.f040,"""c6b03427593489ea463aeff780d3614f""",bilinear_uv_temperature,43.643198,78.538828
1,2026-02-03T18:00:00+00:00,2026-02-03T12:00:00+00:00,2026-02-05T05:00:00+00:00,35,11.369898763705061,1.9555611099160046,84.86164085244111,2026-02-03T15:43:08+00:00,41,gfs.20260203/12/atmos/gfs.t12z.pgrb2.0p25.f041,"""ee6db5dabca474d64fc7d67bc825ece1""",bilinear_uv_temperature,43.64515,78.535604
2,2026-02-03T18:00:00+00:00,2026-02-03T12:00:00+00:00,2026-02-05T05:00:00+00:00,35,11.26230932905252,1.9164970886398578,85.27250957206722,2026-02-03T15:43:08+00:00,41,gfs.20260203/12/atmos/gfs.t12z.pgrb2.0p25.f041,"""ee6db5dabca474d64fc7d67bc825ece1""",bilinear_uv_temperature,43.643198,78.538828
1,2026-02-03T18:00:00+00:00,2026-02-03T12:00:00+00:00,2026-02-05T06:00:00+00:00,36,11.533260879988758,3.1470233186179826,86.88941739997266,2026-02-03T15:43:36+00:00,42,gfs.20260203/12/atmos/gfs.t12z.pgrb2.0p25.f042,"""1518899750b1d3240cef23170fda935a""",bilinear_uv_temperature,43.64515,78.535604
2,2026-02-03T18:00:00+00:00,2026-02-03T12:00:00+00:00,2026-02-05T06:00:00+00:00,36,11.432183760167327,3.104439991698314,87.27723818822442,2026-02-03T15:43:36+00:00,42,gfs.20260203/12/atmos/gfs.t12z.pgrb2.0p25.f042,"""1518899750b1d3240cef23170fda935a""",bilinear_uv_temperature,43.643198,78.538828
1,2026-02-03T18:00:00+00:00,2026-02-03T12:00:00+00:00,2026-02-05T07:00:00+00:00,37,11.429084205128822,3.846883249508039,86.69595239528235,2026-02-03T15:43:26+00:00,43,gfs.20260203/12/atmos/gfs.t12z.pgrb2.0p25.f043,"""1a1af13d2717e92b338d3703d5441f31""",bilinear_uv_temperature,43.64515,78.535604
2,2026-02-03T18:00:00+00:00,2026-02-03T12:00:00+00:00,2026-02-05T07:00:00+00:00,37,11.327514978825626,3.8041127230619622,87.01625783362392,2026-02-03T15:43:26+00:00,43,gfs.20260203/12/atmos/gfs.t12z.pgrb2.0p25.f043,"""1a1af13d2717e92b338d3703d5441f31""",bilinear_uv_temperature,43.643198,78.538828
1,2026-02-03T18:00:00+00:00,2026-02-03T12:00:00+00:00,2026-02-05T08:00:00+00:00,38,11.26615475129789,4.361928870323993,86.74408771041303,2026-02-03T15:43:46+00:00,44,gfs.20260203/12/atmos/gfs.t12z.pgrb2.0p25.f044,"""a2a710bbc035aec35eaf74b12dfd6f04""",bilinear_uv_temperature,43.64515,78.535604
2,2026-02-03T18:00:00+00:00,2026-02-03T12:00:00+00:00,2026-02-05T08:00:00+00:00,38,11.167209263381725,4.319481114217808,87.07245397409586,2026-02-03T15:43:46+00:00,44,gfs.20260203/12/atmos/gfs.t12z.pgrb2.0p25.f044,"""a2a710bbc035aec35eaf74b12dfd6f04""",bilinear_uv_temperature,43.643198,78.538828
1,2026-02-03T18:00:00+00:00,2026-02-03T12:00:00+00:00,2026-02-05T09:00:00+00:00,39,11.043385270507905,4.732144771039998,87.58181208957413,2026-02-03T15:59:18+00:00,45,gfs.20260203/12/atmos/gfs.t12z.pgrb2.0p25.f045,"""9864b1cfb99625690fa31f5b5b9704ce""",bilinear_uv_temperature,43.64515,78.535604
2,2026-02-03T18:00:00+00:00,2026-02-03T12:00:00+00:00,2026-02-05T09:00:00+00:00,39,10.938288184974907,4.688103030649643,87.89973366232272,2026-02-03T15:59:18+00:00,45,gfs.20260203/12/atmos/gfs.t12z.pgrb2.0p25.f045,"""9864b1cfb99625690fa31f5b5b9704ce""",bilinear_uv_temperature,43.643198,78.538828
1,2026-02-03T18:00:00+00:00,2026-02-03T12:00:00+00:00,2026-02-05T10:00:00+00:00,40,10.463582444654197,4.454517091878017,85.55810025519736,2026-02-03T15:58:53+00:00,46,gfs.20260203/12/atmos/gfs.t12z.pgrb2.0p25.f046,"""8eb614e6b6717fa3ff1a3f980668df52""",bilinear_uv_temperature,43.64515,78.535604
2,2026-02-03T18:00:00+00:00,2026-02-03T12:00:00+00:00,2026-02-05T10:00:00+00:00,40,10.356280164644865,4.411540622980738,85.92900733491454,2026-02-03T15:58:53+00:00,46,gfs.20260203/12/atmos/gfs.t12z.pgrb2.0p25.f046,"""8eb614e6b6717fa3ff1a3f980668df52""",bilinear_uv_temperature,43.643198,78.538828
1,2026-02-03T18:00:00+00:00,2026-02-03T12:00:00+00:00,2026-02-05T11:00:00+00:00,41,9.316167921887018,3.487510280706033,84.11315794197783,2026-02-03T15:59:04+00:00,47,gfs.20260203/12/atmos/gfs.t12z.pgrb2.0p25.f047,"""b141fdaac0ea6815b758f317bf06cc1e""",bilinear_uv_temperature,43.64515,78.535604
2,2026-02-03T18:00:00+00:00,2026-02-03T12:00:00+00:00,2026-02-05T11:00:00+00:00,41,9.209875941242988,3.4448517452794363,84.55894687754447,2026-02-03T15:59:04+00:00,47,gfs.20260203/12/atmos/gfs.t12z.pgrb2.0p25.f047,"""b141fdaac0ea6815b758f317bf06cc1e""",bilinear_uv_temperature,43.643198,78.538828
1,2026-02-03T18:00:00+00:00,2026-02-03T12:00:00+00:00,2026-02-05T12:00:00+00:00,42,8.626358734041311,2.0601969746859936,81.13654540344469,2026-02-03T15:59:30+00:00,48,gfs.20260203/12/atmos/gfs.t12z.pgrb2.0p25.f048,"""4b2815e8be4e88430d837b3da893c12e""",bilinear_uv_temperature,43.64515,78.535604
2,2026-02-03T18:00:00+00:00,2026-02-03T12:00:00+00:00,2026-02-05T12:00:00+00:00,42,8.528520640313381,2.0159414563346445,81.64627120032847,2026-02-03T15:59:30+00:00,48,gfs.20260203/12/atmos/gfs.t12z.pgrb2.0p25.f048,"""4b2815e8be4e88430d837b3da893c12e""",bilinear_uv_temperature,43.643198,78.538828
1,2026-02-03T18:00:00+00:00,2026-02-03T12:00:00+00:00,2026-02-05T13:00:00+00:00,43,8.14705813942626,1.7881962416260535,81.04735525555301,2026-02-03T15:59:54+00:00,49,gfs.20260203/12/atmos/gfs.t12z.pgrb2.0p25.f049,"""c88a55c967113862665947cbf81bd559""",bilinear_uv_temperature,43.64515,78.535604
2,2026-02-03T18:00:00+00:00,2026-02-03T12:00:00+00:00,2026-02-05T13:00:00+00:00,43,8.061391188984269,1.7528144145002784,81.57325452904881,2026-02-03T15:59:54+00:00,49,gfs.20260203/12/atmos/gfs.t12z.pgrb2.0p25.f049,"""c88a55c967113862665947cbf81bd559""",bilinear_uv_temperature,43.643198,78.538828
1,2026-02-03T18:00:00+00:00,2026-02-03T12:00:00+00:00,2026-02-05T14:00:00+00:00,44,8.175903122625103,1.7572854381839988,79.58768700907625,2026-02-03T16:00:04+00:00,50,gfs.20260203/12/atmos/gfs.t12z.pgrb2.0p25.f050,"""2dca1b576b11b9f3b974626f6e829ca7""",bilinear_uv_temperature,43.64515,78.535604
2,2026-02-03T18:00:00+00:00,2026-02-03T12:00:00+00:00,2026-02-05T14:00:00+00:00,44,8.090094882532751,1.727501681604167,80.06952953850063,2026-02-03T16:00:04+00:00,50,gfs.20260203/12/atmos/gfs.t12z.pgrb2.0p25.f050,"""2dca1b576b11b9f3b974626f6e829ca7""",bilinear_uv_temperature,43.643198,78.538828
1,2026-02-03T18:00:00+00:00,2026-02-03T12:00:00+00:00,2026-02-05T15:00:00+00:00,45,8.013910009069384,1.4633158512700106,81.25913134053198,2026-02-03T16:00:31+00:00,51,gfs.20260203/12/atmos/gfs.t12z.pgrb2.0p25.f051,"""589ff87f5877c54a600a811a5b1e4476""",bilinear_uv_temperature,43.64515,78.535604
2,2026-02-03T18:00:00+00:00,2026-02-03T12:00:00+00:00,2026-02-05T15:00:00+00:00,45,7.932890336902019,1.436246727954824,81.75323483655028,2026-02-03T16:00:31+00:00,51,gfs.20260203/12/atmos/gfs.t12z.pgrb2.0p25.f051,"""589ff87f5877c54a600a811a5b1e4476""",bilinear_uv_temperature,43.643198,78.538828
1,2026-02-03T18:00:00+00:00,2026-02-03T12:00:00+00:00,2026-02-05T16:00:00+00:00,46,7.609182298109225,1.3742284266780302,81.0351267482721,2026-02-03T16:00:27+00:00,52,gfs.20260203/12/atmos/gfs.t12z.pgrb2.0p25.f052,"""83db2cfb04e520da621034173c52d679""",bilinear_uv_temperature,43.64515,78.535604
2,2026-02-03T18:00:00+00:00,2026-02-03T12:00:00+00:00,2026-02-05T16:00:00+00:00,46,7.522829355514412,1.3486059685327518,81.50757713227985,2026-02-03T16:00:27+00:00,52,gfs.20260203/12/atmos/gfs.t12z.pgrb2.0p25.f052,"""83db2cfb04e520da621034173c52d679""",bilinear_uv_temperature,43.643198,78.538828
1,2026-02-03T18:00:00+00:00,2026-02-03T12:00:00+00:00,2026-02-05T17:00:00+00:00,47,6.8646343825321985,1.055512681396067,76.41247449705028,2026-02-03T15:46:11+00:00,53,gfs.20260203/12/atmos/gfs.t12z.pgrb2.0p25.f053,"""154aead0dd9bfc4ed019de9750357694""",bilinear_uv_temperature,43.64515,78.535604
2,2026-02-03T18:00:00+00:00,2026-02-03T12:00:00+00:00,2026-02-05T17:00:00+00:00,47,6.776144900702016,1.0333134371950905,76.9239302351781,2026-02-03T15:46:11+00:00,53,gfs.20260203/12/atmos/gfs.t12z.pgrb2.0p25.f053,"""154aead0dd9bfc4ed019de9750357694""",bilinear_uv_temperature,43.643198,78.538828
1,2026-02-03T18:00:00+00:00,2026-02-03T12:00:00+00:00,2026-02-05T18:00:00+00:00,48,6.325180211680413,0.6371657668299804,72.15554275061658,2026-02-03T16:01:27+00:00,54,gfs.20260203/12/atmos/gfs.t12z.pgrb2.0p25.f054,"""7ab86ca59cf9c34d9c2015da566da71c""",bilinear_uv_temperature,43.64515,78.535604
2,2026-02-03T18:00:00+00:00,2026-02-03T12:00:00+00:00,2026-02-05T18:00:00+00:00,48,6.237165904457998,0.61692823228924,72.65589898460225,2026-02-03T16:01:27+00:00,54,gfs.20260203/12/atmos/gfs.t12z.pgrb2.0p25.f054,"""7ab86ca59cf9c34d9c2015da566da71c""",bilinear_uv_temperature,43.643198,78.538828
1,2026-02-04T18:00:00+00:00,2026-02-04T12:00:00+00:00,2026-02-04T19:00:00+00:00,1,8.32301977948801,-0.6287029721499948,77.0625596296842,2026-02-04T15:48:40+00:00,7,gfs.20260204/12/atmos/gfs.t12z.pgrb2.0p25.f007,"""c202bd04ada8f9aa7bb9387fc034fc49""",bilinear_uv_temperature,43.64515,78.535604
2,2026-02-04T18:00:00+00:00,2026-02-04T12:00:00+00:00,2026-02-04T19:00:00+00:00,1,8.214602379738308,-0.6532862437659901,77.4857895002712,2026-02-04T15:48:40+00:00,7,gfs.20260204/12/atmos/gfs.t12z.pgrb2.0p25.f007,"""c202bd04ada8f9aa7bb9387fc034fc49""",bilinear_uv_temperature,43.643198,78.538828
1,2026-02-04T18:00:00+00:00,2026-02-04T12:00:00+00:00,2026-02-04T20:00:00+00:00,2,8.722792812046919,-0.7969931778879982,79.28901748634024,2026-02-04T15:34:22+00:00,8,gfs.20260204/12/atmos/gfs.t12z.pgrb2.0p25.f008,"""019f4abddb4358b8f2c282010abf1762""",bilinear_uv_temperature,43.64515,78.535604
2,2026-02-04T18:00:00+00:00,2026-02-04T12:00:00+00:00,2026-02-04T20:00:00+00:00,2,8.612583895329726,-0.8221268863730415,79.73612281460537,2026-02-04T15:34:22+00:00,8,gfs.20260204/12/atmos/gfs.t12z.pgrb2.0p25.f008,"""019f4abddb4358b8f2c282010abf1762""",bilinear_uv_temperature,43.643198,78.538828
1,2026-02-04T18:00:00+00:00,2026-02-04T12:00:00+00:00,2026-02-04T21:00:00+00:00,3,9.256229896722804,-0.8451853113039647,77.55669584171322,2026-02-04T15:49:37+00:00,9,gfs.20260204/12/atmos/gfs.t12z.pgrb2.0p25.f009,"""340a6917dcfb969c4157ef6238690a26""",bilinear_uv_temperature,43.64515,78.535604
2,2026-02-04T18:00:00+00:00,2026-02-04T12:00:00+00:00,2026-02-04T21:00:00+00:00,3,9.14097514539509,-0.8726331047529357,77.98331610553394,2026-02-04T15:49:37+00:00,9,gfs.20260204/12/atmos/gfs.t12z.pgrb2.0p25.f009,"""340a6917dcfb969c4157ef6238690a26""",bilinear_uv_temperature,43.643198,78.538828
1,2026-02-04T18:00:00+00:00,2026-02-04T12:00:00+00:00,2026-02-04T22:00:00+00:00,4,9.796775280088903,-0.6814041126019674,78.05060608688268,2026-02-04T15:49:24+00:00,10,gfs.20260204/12/atmos/gfs.t12z.pgrb2.0p25.f010,"""affc78d052e3557bf1d86f8515a4c11c""",bilinear_uv_temperature,43.64515,78.535604
2,2026-02-04T18:00:00+00:00,2026-02-04T12:00:00+00:00,2026-02-04T22:00:00+00:00,4,9.676114692651115,-0.7146259316944565,78.52336062279721,2026-02-04T15:49:24+00:00,10,gfs.20260204/12/atmos/gfs.t12z.pgrb2.0p25.f010,"""affc78d052e3557bf1d86f8515a4c11c""",bilinear_uv_temperature,43.643198,78.538828
1,2026-02-04T18:00:00+00:00,2026-02-04T12:00:00+00:00,2026-02-04T23:00:00+00:00,5,10.185174130313754,-0.638367990565996,81.54377760880998,2026-02-04T15:35:32+00:00,11,gfs.20260204/12/atmos/gfs.t12z.pgrb2.0p25.f011,"""e818e5f1237d78902dcfc99e8a41224d""",bilinear_uv_temperature,43.64515,78.535604
2,2026-02-04T18:00:00+00:00,2026-02-04T12:00:00+00:00,2026-02-04T23:00:00+00:00,5,10.074076834301177,-0.6776931871457919,82.02118755543582,2026-02-04T15:35:32+00:00,11,gfs.20260204/12/atmos/gfs.t12z.pgrb2.0p25.f011,"""e818e5f1237d78902dcfc99e8a41224d""",bilinear_uv_temperature,43.643198,78.538828
1,2026-02-04T18:00:00+00:00,2026-02-04T12:00:00+00:00,2026-02-05T00:00:00+00:00,6,10.556814314886697,-0.7039305456260081,80.59379718858531,2026-02-04T15:50:26+00:00,12,gfs.20260204/12/atmos/gfs.t12z.pgrb2.0p25.f012,"""0f9b9bf232d724b9b70d095d4ae00644""",bilinear_uv_temperature,43.64515,78.535604
2,2026-02-04T18:00:00+00:00,2026-02-04T12:00:00+00:00,2026-02-05T00:00:00+00:00,6,10.446369397460806,-0.7416616378602043,81.07407536494935,2026-02-04T15:50:26+00:00,12,gfs.20260204/12/atmos/gfs.t12z.pgrb2.0p25.f012,"""0f9b9bf232d724b9b70d095d4ae00644""",bilinear_uv_temperature,43.643198,78.538828
1,2026-02-04T18:00:00+00:00,2026-02-04T12:00:00+00:00,2026-02-05T01:00:00+00:00,7,10.972662057920122,-0.8354350125479186,82.05293663266994,2026-02-04T15:36:10+00:00,13,gfs.20260204/12/atmos/gfs.t12z.pgrb2.0p25.f013,"""0f692757ee1bca45f4942f8e98d1de2b""",bilinear_uv_temperature,43.64515,78.535604
2,2026-02-04T18:00:00+00:00,2026-02-04T12:00:00+00:00,2026-02-05T01:00:00+00:00,7,10.867940509690477,-0.8667402381915394,82.55725945938443,2026-02-04T15:36:10+00:00,13,gfs.20260204/12/atmos/gfs.t12z.pgrb2.0p25.f013,"""0f692757ee1bca45f4942f8e98d1de2b""",bilinear_uv_temperature,43.643198,78.538828
1,2026-02-04T18:00:00+00:00,2026-02-04T12:00:00+00:00,2026-02-05T02:00:00+00:00,8,11.566667406877905,-1.2199771470439487,83.90271745495654,2026-02-04T15:50:35+00:00,14,gfs.20260204/12/atmos/gfs.t12z.pgrb2.0p25.f014,"""e201becccb5b747f8ee1573e787bf54a""",bilinear_uv_temperature,43.64515,78.535604
2,2026-02-04T18:00:00+00:00,2026-02-04T12:00:00+00:00,2026-02-05T02:00:00+00:00,8,11.461369967334713,-1.2412092562306043,84.38161412186496,2026-02-04T15:50:35+00:00,14,gfs.20260204/12/atmos/gfs.t12z.pgrb2.0p25.f014,"""e201becccb5b747f8ee1573e787bf54a""",bilinear_uv_temperature,43.643198,78.538828
1,2026-02-04T18:00:00+00:00,2026-02-04T12:00:00+00:00,2026-02-05T03:00:00+00:00,9,11.134842743562826,-0.6223914237679651,85.2726396022489,2026-02-04T15:36:43+00:00,15,gfs.20260204/12/atmos/gfs.t12z.pgrb2.0p25.f015,"""b76d0383cf4543be494ee2cfd880d7f0""",bilinear_uv_temperature,43.64515,78.535604
2,2026-02-04T18:00:00+00:00,2026-02-04T12:00:00+00:00,2026-02-05T03:00:00+00:00,9,11.034455774415466,-0.6467748215843017,85.76860851621757,2026-02-04T15:36:43+00:00,15,gfs.20260204/12/atmos/gfs.t12z.pgrb2.0p25.f015,"""b76d0383cf4543be494ee2cfd880d7f0""",bilinear_uv_temperature,43.643198,78.538828
1,2026-02-04T18:00:00+00:00,2026-02-04T12:00:00+00:00,2026-02-05T04:00:00+00:00,10,10.55218080668046,0.5665139782060464,83.90616425674763,2026-02-04T15:36:26+00:00,16,gfs.20260204/12/atmos/gfs.t12z.pgrb2.0p25.f016,"""12a984b66baebc9542ecf2844cb5a421""",bilinear_uv_temperature,43.64515,78.535604
2,2026-02-04T18:00:00+00:00,2026-02-04T12:00:00+00:00,2026-02-05T04:00:00+00:00,10,10.459406020241365,0.533752082779472,84.3827531695211,2026-02-04T15:36:26+00:00,16,gfs.20260204/12/atmos/gfs.t12z.pgrb2.0p25.f016,"""12a984b66baebc9542ecf2844cb5a421""",bilinear_uv_temperature,43.643198,78.538828
1,2026-02-04T18:00:00+00:00,2026-02-04T12:00:00+00:00,2026-02-05T05:00:00+00:00,11,10.473185659389234,1.9429692828980478,87.77010348152967,2026-02-04T15:51:18+00:00,17,gfs.20260204/12/atmos/gfs.t12z.pgrb2.0p25.f017,"""fa69939a842c7a36a5cc4fbf2d5d88e8""",bilinear_uv_temperature,43.64515,78.535604
2,2026-02-04T18:00:00+00:00,2026-02-04T12:00:00+00:00,2026-02-05T05:00:00+00:00,11,10.39546907288419,1.9014694769255698,88.15709167559132,2026-02-04T15:51:18+00:00,17,gfs.20260204/12/atmos/gfs.t12z.pgrb2.0p25.f017,"""fa69939a842c7a36a5cc4fbf2d5d88e8""",bilinear_uv_temperature,43.643198,78.538828
1,2026-02-04T18:00:00+00:00,2026-02-04T12:00:00+00:00,2026-02-05T06:00:00+00:00,12,10.401716779713384,2.9697038655760366,88.28974712476393,2026-02-04T15:51:50+00:00,18,gfs.20260204/12/atmos/gfs.t12z.pgrb2.0p25.f018,"""c923f8a10c2a3d67da983f2d23df83b2""",bilinear_uv_temperature,43.64515,78.535604
2,2026-02-04T18:00:00+00:00,2026-02-04T12:00:00+00:00,2026-02-05T06:00:00+00:00,12,10.323464837406902,2.924730267698237,88.65547241762239,2026-02-04T15:51:50+00:00,18,gfs.20260204/12/atmos/gfs.t12z.pgrb2.0p25.f018,"""c923f8a10c2a3d67da983f2d23df83b2""",bilinear_uv_temperature,43.643198,78.538828
1,2026-02-04T18:00:00+00:00,2026-02-04T12:00:00+00:00,2026-02-05T07:00:00+00:00,13,10.059378561043037,3.5323611860360415,89.86873430689631,2026-02-04T15:52:06+00:00,19,gfs.20260204/12/atmos/gfs.t12z.pgrb2.0p25.f019,"""27dd97ed212eab75ae079dbd26d82867""",bilinear_uv_temperature,43.64515,78.535604
2,2026-02-04T18:00:00+00:00,2026-02-04T12:00:00+00:00,2026-02-05T07:00:00+00:00,13,9.98002294273296,3.487282582308694,90.17279210710235,2026-02-04T15:52:06+00:00,19,gfs.20260204/12/atmos/gfs.t12z.pgrb2.0p25.f019,"""27dd97ed212eab75ae079dbd26d82867""",bilinear_uv_temperature,43.643198,78.538828
1,2026-02-04T18:00:00+00:00,2026-02-04T12:00:00+00:00,2026-02-05T08:00:00+00:00,14,10.048808146948751,4.02292245037205,88.99166686335442,2026-02-04T15:52:19+00:00,20,gfs.20260204/12/atmos/gfs.t12z.pgrb2.0p25.f020,"""e619b1b9b2a5e2688122e82c10daf9bd""",bilinear_uv_temperature,43.64515,78.535604
2,2026-02-04T18:00:00+00:00,2026-02-04T12:00:00+00:00,2026-02-05T08:00:00+00:00,14,9.965064949832813,3.9790205599093156,89.33742816276863,2026-02-04T15:52:19+00:00,20,gfs.20260204/12/atmos/gfs.t12z.pgrb2.0p25.f020,"""e619b1b9b2a5e2688122e82c10daf9bd""",bilinear_uv_temperature,43.643198,78.538828
1,2026-02-04T18:00:00+00:00,2026-02-04T12:00:00+00:00,2026-02-05T09:00:00+00:00,15,9.872393340273849,4.31928844029801,86.47462953786513,2026-02-04T15:52:42+00:00,21,gfs.20260204/12/atmos/gfs.t12z.pgrb2.0p25.f021,"""47b4c990887b4c6e8012323a3555124b""",bilinear_uv_temperature,43.64515,78.535604
2,2026-02-04T18:00:00+00:00,2026-02-04T12:00:00+00:00,2026-02-05T09:00:00+00:00,15,9.775439028973745,4.279508359701538,86.85535144388912,2026-02-04T15:52:42+00:00,21,gfs.20260204/12/atmos/gfs.t12z.pgrb2.0p25.f021,"""47b4c990887b4c6e8012323a3555124b""",bilinear_uv_temperature,43.643198,78.538828
1,2026-02-04T18:00:00+00:00,2026-02-04T12:00:00+00:00,2026-02-05T10:00:00+00:00,16,9.31248447980166,4.164353457976006,83.78743015416968,2026-02-04T15:52:50+00:00,22,gfs.20260204/12/atmos/gfs.t12z.pgrb2.0p25.f022,"""6fa843dc6e209135c53e68782a08b970""",bilinear_uv_temperature,43.64515,78.535604
2,2026-02-04T18:00:00+00:00,2026-02-04T12:00:00+00:00,2026-02-05T10:00:00+00:00,16,9.217229483302276,4.126129985474279,84.16155250883276,2026-02-04T15:52:50+00:00,22,gfs.20260204/12/atmos/gfs.t12z.pgrb2.0p25.f022,"""6fa843dc6e209135c53e68782a08b970""",bilinear_uv_temperature,43.643198,78.538828
1,2026-02-04T18:00:00+00:00,2026-02-04T12:00:00+00:00,2026-02-05T11:00:00+00:00,17,8.504737754620743,3.223127837646018,81.36626675226505,2026-02-04T15:38:20+00:00,23,gfs.20260204/12/atmos/gfs.t12z.pgrb2.0p25.f023,"""00273eac2c6149eb25d50ee149301a97""",bilinear_uv_temperature,43.64515,78.535604
2,2026-02-04T18:00:00+00:00,2026-02-04T12:00:00+00:00,2026-02-05T11:00:00+00:00,17,8.416753799540787,3.184899473445057,81.8441308860195,2026-02-04T15:38:20+00:00,23,gfs.20260204/12/atmos/gfs.t12z.pgrb2.0p25.f023,"""00273eac2c6149eb25d50ee149301a97""",bilinear_uv_temperature,43.643198,78.538828
1,2026-02-04T18:00:00+00:00,2026-02-04T12:00:00+00:00,2026-02-05T12:00:00+00:00,18,7.757854944761819,1.9273539360660266,82.06325044443157,2026-02-04T15:40:11+00:00,24,gfs.20260204/12/atmos/gfs.t12z.pgrb2.0p25.f024,"""c994f2dab406711bf42d3e950f497cc2""",bilinear_uv_temperature,43.64515,78.535604
2,2026-02-04T18:00:00+00:00,2026-02-04T12:00:00+00:00,2026-02-05T12:00:00+00:00,18,7.674708696867672,1.8879267601658967,82.56063013009299,2026-02-04T15:40:11+00:00,24,gfs.20260204/12/atmos/gfs.t12z.pgrb2.0p25.f024,"""c994f2dab406711bf42d3e950f497cc2""",bilinear_uv_temperature,43.643198,78.538828
1,2026-02-04T18:00:00+00:00,2026-02-04T12:00:00+00:00,2026-02-05T13:00:00+00:00,19,7.547768050897761,1.3637770581100312,82.72359780213402,2026-02-04T15:53:34+00:00,25,gfs.20260204/12/atmos/gfs.t12z.pgrb2.0p25.f025,"""9e3928dda11feece8c9ccec24b3da4c8""",bilinear_uv_temperature,43.64515,78.535604
2,2026-02-04T18:00:00+00:00,2026-02-04T12:00:00+00:00,2026-02-05T13:00:00+00:00,19,7.467341303526843,1.3316914313963935,83.20688313175758,2026-02-04T15:53:34+00:00,25,gfs.20260204/12/atmos/gfs.t12z.pgrb2.0p25.f025,"""9e3928dda11feece8c9ccec24b3da4c8""",bilinear_uv_temperature,43.643198,78.538828
1,2026-02-04T18:00:00+00:00,2026-02-04T12:00:00+00:00,2026-02-05T14:00:00+00:00,20,7.72784672275486,1.1319718030100034,81.8783840356172,2026-02-04T15:39:14+00:00,26,gfs.20260204/12/atmos/gfs.t12z.pgrb2.0p25.f026,"""ecf2bea5e304423b5cab0b9fd084827f""",bilinear_uv_temperature,43.64515,78.535604
2,2026-02-04T18:00:00+00:00,2026-02-04T12:00:00+00:00,2026-02-05T14:00:00+00:00,20,7.641689438685825,1.1022910216723858,82.34464238863553,2026-02-04T15:39:14+00:00,26,gfs.20260204/12/atmos/gfs.t12z.pgrb2.0p25.f026,"""ecf2bea5e304423b5cab0b9fd084827f""",bilinear_uv_temperature,43.643198,78.538828
1,2026-02-04T18:00:00+00:00,2026-02-04T12:00:00+00:00,2026-02-05T15:00:00+00:00,21,7.093073654187228,0.8516054881620221,78.25191368027187,2026-02-04T15:54:40+00:00,27,gfs.20260204/12/atmos/gfs.t12z.pgrb2.0p25.f027,"""3030d4be03735330c30dfd139643573f""",bilinear_uv_temperature,43.64515,78.535604
2,2026-02-04T18:00:00+00:00,2026-02-04T12:00:00+00:00,2026-02-05T15:00:00+00:00,21,7.006202319368915,0.8259429104289211,78.78530546220159,2026-02-04T15:54:40+00:00,27,gfs.20260204/12/atmos/gfs.t12z.pgrb2.0p25.f027,"""3030d4be03735330c30dfd139643573f""",bilinear_uv_temperature,43.643198,78.538828
1,2026-02-04T18:00:00+00:00,2026-02-04T12:00:00+00:00,2026-02-05T16:00:00+00:00,22,7.204826710516238,0.7392439116600258,79.92497797484943,2026-02-04T15:40:27+00:00,28,gfs.20260204/12/atmos/gfs.t12z.pgrb2.0p25.f028,"""4fc3eb5770c6225c3a331dac7665b464""",bilinear_uv_temperature,43.64515,78.535604
2,2026-02-04T18:00:00+00:00,2026-02-04T12:00:00+00:00,2026-02-05T16:00:00+00:00,22,7.118504391552272,0.7166790156984462,80.37762099018967,2026-02-04T15:40:27+00:00,28,gfs.20260204/12/atmos/gfs.t12z.pgrb2.0p25.f028,"""4fc3eb5770c6225c3a331dac7665b464""",bilinear_uv_temperature,43.643198,78.538828
1,2026-02-04T18:00:00+00:00,2026-02-04T12:00:00+00:00,2026-02-05T17:00:00+00:00,23,6.808819261116889,0.6917028587520235,79.69265869666533,2026-02-04T15:54:43+00:00,29,gfs.20260204/12/atmos/gfs.t12z.pgrb2.0p25.f029,"""e1695708fba1dbea7dc19248c5e8077d""",bilinear_uv_temperature,43.64515,78.535604
2,2026-02-04T18:00:00+00:00,2026-02-04T12:00:00+00:00,2026-02-05T17:00:00+00:00,23,6.72525887693588,0.6684423376205473,80.17207256672464,2026-02-04T15:54:43+00:00,29,gfs.20260204/12/atmos/gfs.t12z.pgrb2.0p25.f029,"""e1695708fba1dbea7dc19248c5e8077d""",bilinear_uv_temperature,43.643198,78.538828
1,2026-02-04T18:00:00+00:00,2026-02-04T12:00:00+00:00,2026-02-05T18:00:00+00:00,24,6.566344855921221,0.8058765543939899,78.28978337205224,2026-02-04T15:54:56+00:00,30,gfs.20260204/12/atmos/gfs.t12z.pgrb2.0p25.f030,"""718a94ab8872b6dd13a29d87667dafac""",bilinear_uv_temperature,43.64515,78.535604
2,2026-02-04T18:00:00+00:00,2026-02-04T12:00:00+00:00,2026-02-05T18:00:00+00:00,24,6.480701261103648,0.7847297788446213,78.78851030082397,2026-02-04T15:54:56+00:00,30,gfs.20260204/12/atmos/gfs.t12z.pgrb2.0p25.f030,"""718a94ab8872b6dd13a29d87667dafac""",bilinear_uv_temperature,43.643198,78.538828
1,2026-02-04T18:00:00+00:00,2026-02-04T12:00:00+00:00,2026-02-05T19:00:00+00:00,25,6.465106875282923,0.7516550376799955,76.93286039675725,2026-02-04T15:55:00+00:00,31,gfs.20260204/12/atmos/gfs.t12z.pgrb2.0p25.f031,"""4b0f6d20e1c228d9f9c27a66e51fed41""",bilinear_uv_temperature,43.64515,78.535604
2,2026-02-04T18:00:00+00:00,2026-02-04T12:00:00+00:00,2026-02-05T19:00:00+00:00,25,6.380592720001713,0.7346928846432093,77.39158223326407,2026-02-04T15:55:00+00:00,31,gfs.20260204/12/atmos/gfs.t12z.pgrb2.0p25.f031,"""4b0f6d20e1c228d9f9c27a66e51fed41""",bilinear_uv_temperature,43.643198,78.538828
1,2026-02-04T18:00:00+00:00,2026-02-04T12:00:00+00:00,2026-02-05T20:00:00+00:00,26,6.257103599431018,0.5880909181140055,74.3053120324157,2026-02-04T15:40:55+00:00,32,gfs.20260204/12/atmos/gfs.t12z.pgrb2.0p25.f032,"""ac313c650211885f0d75e9d250266ed7""",bilinear_uv_temperature,43.64515,78.535604
2,2026-02-04T18:00:00+00:00,2026-02-04T12:00:00+00:00,2026-02-05T20:00:00+00:00,26,6.172576893702526,0.5694392747373627,74.79911172630665,2026-02-04T15:40:55+00:00,32,gfs.20260204/12/atmos/gfs.t12z.pgrb2.0p25.f032,"""ac313c650211885f0d75e9d250266ed7""",bilinear_uv_temperature,43.643198,78.538828
1,2026-02-04T18:00:00+00:00,2026-02-04T12:00:00+00:00,2026-02-05T21:00:00+00:00,27,6.183132901269215,0.7195484779140315,75.35136929646951,2026-02-04T15:55:58+00:00,33,gfs.20260204/12/atmos/gfs.t12z.pgrb2.0p25.f033,"""9d53ff775d12412666f9f7a4b6a06182""",bilinear_uv_temperature,43.64515,78.535604
2,2026-02-04T18:00:00+00:00,2026-02-04T12:00:00+00:00,2026-02-05T21:00:00+00:00,27,6.101486558314735,0.6984687652894195,75.83350702455795,2026-02-04T15:55:58+00:00,33,gfs.20260204/12/atmos/gfs.t12z.pgrb2.0p25.f033,"""9d53ff775d12412666f9f7a4b6a06182""",bilinear_uv_temperature,43.643198,78.538828
1,2026-02-04T18:00:00+00:00,2026-02-04T12:00:00+00:00,2026-02-05T22:00:00+00:00,28,5.7825933121844395,0.6716732629840294,71.59737023331196,2026-02-04T15:55:42+00:00,34,gfs.20260204/12/atmos/gfs.t12z.pgrb2.0p25.f034,"""a341b318baf598bc539e0c3a5476d801""",bilinear_uv_temperature,43.64515,78.535604
2,2026-02-04T18:00:00+00:00,2026-02-04T12:00:00+00:00,2026-02-05T22:00:00+00:00,28,5.703256991263651,0.655359037156245,72.03956108347381,2026-02-04T15:55:42+00:00,34,gfs.20260204/12/atmos/gfs.t12z.pgrb2.0p25.f034,"""a341b318baf598bc539e0c3a5476d801""",bilinear_uv_temperature,43.643198,78.538828
1,2026-02-04T18:00:00+00:00,2026-02-04T12:00:00+00:00,2026-02-05T23:00:00+00:00,29,5.256925426575633,0.5181248951540738,70.62859842478305,2026-02-04T15:56:19+00:00,35,gfs.20260204/12/atmos/gfs.t12z.pgrb2.0p25.f035,"""39e7278380f25b318334767765ee999d""",bilinear_uv_temperature,43.64515,78.535604
2,2026-02-04T18:00:00+00:00,2026-02-04T12:00:00+00:00,2026-02-05T23:00:00+00:00,29,5.177949409208988,0.5094470576269714,70.93649553701287,2026-02-04T15:56:19+00:00,35,gfs.20260204/12/atmos/gfs.t12z.pgrb2.0p25.f035,"""39e7278380f25b318334767765ee999d""",bilinear_uv_temperature,43.643198,78.538828
1,2026-02-04T18:00:00+00:00,2026-02-04T12:00:00+00:00,2026-02-06T00:00:00+00:00,30,4.325131668164812,0.5617144345160341,70.83116170603012,2026-02-04T15:56:54+00:00,36,gfs.20260204/12/atmos/gfs.t12z.pgrb2.0p25.f036,"""4c777169c51b7b77155aeb838466e9fb""",bilinear_uv_temperature,43.64515,78.535604
2,2026-02-04T18:00:00+00:00,2026-02-04T12:00:00+00:00,2026-02-06T00:00:00+00:00,30,4.252899287528047,0.555400354743881,71.03072229207852,2026-02-04T15:56:54+00:00,36,gfs.20260204/12/atmos/gfs.t12z.pgrb2.0p25.f036,"""4c777169c51b7b77155aeb838466e9fb""",bilinear_uv_temperature,43.643198,78.538828
1,2026-02-04T18:00:00+00:00,2026-02-04T12:00:00+00:00,2026-02-06T01:00:00+00:00,31,3.637248532278096,0.4759367849760565,59.014468414364295,2026-02-04T15:56:57+00:00,37,gfs.20260204/12/atmos/gfs.t12z.pgrb2.0p25.f037,"""cabe782ffd6020a4b2f14a91d6c80b3c""",bilinear_uv_temperature,43.64515,78.535604
2,2026-02-04T18:00:00+00:00,2026-02-04T12:00:00+00:00,2026-02-06T01:00:00+00:00,31,3.572860056163933,0.4714863393542714,58.95507039830092,2026-02-04T15:56:57+00:00,37,gfs.20260204/12/atmos/gfs.t12z.pgrb2.0p25.f037,"""cabe782ffd6020a4b2f14a91d6c80b3c""",bilinear_uv_temperature,43.643198,78.538828
1,2026-02-04T18:00:00+00:00,2026-02-04T12:00:00+00:00,2026-02-06T02:00:00+00:00,32,2.6345633847738226,-0.4649746846279754,63.37743387155139,2026-02-04T15:42:28+00:00,38,gfs.20260204/12/atmos/gfs.t12z.pgrb2.0p25.f038,"""08e56226da4f59d491693d294bbec928""",bilinear_uv_temperature,43.64515,78.535604
2,2026-02-04T18:00:00+00:00,2026-02-04T12:00:00+00:00,2026-02-06T02:00:00+00:00,32,2.5796344814319543,-0.4623738550906751,62.578301325769715,2026-02-04T15:42:28+00:00,38,gfs.20260204/12/atmos/gfs.t12z.pgrb2.0p25.f038,"""08e56226da4f59d491693d294bbec928""",bilinear_uv_temperature,43.643198,78.538828
1,2026-02-04T18:00:00+00:00,2026-02-04T12:00:00+00:00,2026-02-06T03:00:00+00:00,33,0.3764120365717385,0.31073604762400464,310.85415858462966,2026-02-04T15:57:24+00:00,39,gfs.20260204/12/atmos/gfs.t12z.pgrb2.0p25.f039,"""ccfa2792ef0e50980667e5fd237389d6""",bilinear_uv_temperature,43.64515,78.535604
2,2026-02-04T18:00:00+00:00,2026-02-04T12:00:00+00:00,2026-02-06T03:00:00+00:00,33,0.4183560221631556,0.30262502226980814,307.0716632845623,2026-02-04T15:57:24+00:00,39,gfs.20260204/12/atmos/gfs.t12z.pgrb2.0p25.f039,"""ccfa2792ef0e50980667e5fd237389d6""",bilinear_uv_temperature,43.643198,78.538828
1,2026-02-04T18:00:00+00:00,2026-02-04T12:00:00+00:00,2026-02-06T04:00:00+00:00,34,1.8233189079753531,1.9228992370340166,288.325803745786,2026-02-04T15:57:28+00:00,40,gfs.20260204/12/atmos/gfs.t12z.pgrb2.0p25.f040,"""ced2e9fd5565bb14c0552f37ae2990b5""",bilinear_uv_temperature,43.64515,78.535604
2,2026-02-04T18:00:00+00:00,2026-02-04T12:00:00+00:00,2026-02-06T04:00:00+00:00,34,1.866866166598051,1.9141371950781831,287.23971098015704,2026-02-04T15:57:28+00:00,40,gfs.20260204/12/atmos/gfs.t12z.pgrb2.0p25.f040,"""ced2e9fd5565bb14c0552f37ae2990b5""",bilinear_uv_temperature,43.643198,78.538828
1,2026-02-04T18:00:00+00:00,2026-02-04T12:00:00+00:00,2026-02-06T05:00:00+00:00,35,1.5982702994483042,3.073254050298033,286.6122682431876,2026-02-04T15:57:53+00:00,41,gfs.20260204/12/atmos/gfs.t12z.pgrb2.0p25.f041,"""2271cf516629e5c28d425fff2f953854""",bilinear_uv_temperature,43.64515,78.535604
2,2026-02-04T18:00:00+00:00,2026-02-04T12:00:00+00:00,2026-02-06T05:00:00+00:00,35,1.6665858679303212,3.062228209701516,286.0453446007251,2026-02-04T15:57:53+00:00,41,gfs.20260204/12/atmos/gfs.t12z.pgrb2.0p25.f041,"""2271cf516629e5c28d425fff2f953854""",bilinear_uv_temperature,43.643198,78.538828
1,2026-02-04T18:00:00+00:00,2026-02-04T12:00:00+00:00,2026-02-06T06:00:00+00:00,36,2.8459712992174553,4.138090605862033,272.8482997230784,2026-02-04T15:58:20+00:00,42,gfs.20260204/12/atmos/gfs.t12z.pgrb2.0p25.f042,"""c0ac8814ad99ad6f8d655d1c9ca68111""",bilinear_uv_temperature,43.64515,78.535604
2,2026-02-04T18:00:00+00:00,2026-02-04T12:00:00+00:00,2026-02-06T06:00:00+00:00,36,2.869075775420364,4.118490017376928,272.86772225519144,2026-02-04T15:58:20+00:00,42,gfs.20260204/12/atmos/gfs.t12z.pgrb2.0p25.f042,"""c0ac8814ad99ad6f8d655d1c9ca68111""",bilinear_uv_temperature,43.643198,78.538828
1,2026-02-04T18:00:00+00:00,2026-02-04T12:00:00+00:00,2026-02-06T07:00:00+00:00,37,4.587395024710851,4.9812249291700255,270.7839069242073,2026-02-04T15:43:52+00:00,43,gfs.20260204/12/atmos/gfs.t12z.pgrb2.0p25.f043,"""70e749aa1021da388efda1c935b15d9c""",bilinear_uv_temperature,43.64515,78.535604
2,2026-02-04T18:00:00+00:00,2026-02-04T12:00:00+00:00,2026-02-06T07:00:00+00:00,37,4.586090624363247,4.947869544350851,270.86826267447543,2026-02-04T15:43:52+00:00,43,gfs.20260204/12/atmos/gfs.t12z.pgrb2.0p25.f043,"""70e749aa1021da388efda1c935b15d9c""",bilinear_uv_temperature,43.643198,78.538828
1,2026-02-04T18:00:00+00:00,2026-02-04T12:00:00+00:00,2026-02-06T08:00:00+00:00,38,5.838339389072988,5.0610396689879735,262.6805309520618,2026-02-04T15:58:35+00:00,44,gfs.20260204/12/atmos/gfs.t12z.pgrb2.0p25.f044,"""7910293a4f95b91429862417d01a3ea1""",bilinear_uv_temperature,43.64515,78.535604
2,2026-02-04T18:00:00+00:00,2026-02-04T12:00:00+00:00,2026-02-06T08:00:00+00:00,38,5.801673065710606,5.020165692737123,262.79094527868943,2026-02-04T15:58:35+00:00,44,gfs.20260204/12/atmos/gfs.t12z.pgrb2.0p25.f044,"""7910293a4f95b91429862417d01a3ea1""",bilinear_uv_temperature,43.643198,78.538828
1,2026-02-04T18:00:00+00:00,2026-02-04T12:00:00+00:00,2026-02-06T09:00:00+00:00,39,7.755087118396582,3.9130220720080615,252.15191005802626,2026-02-04T15:44:44+00:00,45,gfs.20260204/12/atmos/gfs.t12z.pgrb2.0p25.f045,"""8b89349a03b4c3c345c7bbf28a020e56""",bilinear_uv_temperature,43.64515,78.535604
2,2026-02-04T18:00:00+00:00,2026-02-04T12:00:00+00:00,2026-02-06T09:00:00+00:00,39,7.679858878804715,3.8902333055618783,252.34033629742996,2026-02-04T15:44:44+00:00,45,gfs.20260204/12/atmos/gfs.t12z.pgrb2.0p25.f045,"""8b89349a03b4c3c345c7bbf28a020e56""",bilinear_uv_temperature,43.643198,78.538828
1,2026-02-04T18:00:00+00:00,2026-02-04T12:00:00+00:00,2026-02-06T10:00:00+00:00,40,9.662248922827729,2.296934875246052,251.95749891577418,2026-02-04T15:58:57+00:00,46,gfs.20260204/12/atmos/gfs.t12z.pgrb2.0p25.f046,"""4d5912527a972578e87cbe460b2839c3""",bilinear_uv_temperature,43.64515,78.535604
2,2026-02-04T18:00:00+00:00,2026-02-04T12:00:00+00:00,2026-02-06T10:00:00+00:00,40,9.585907629572803,2.2806815056690652,252.1135052307459,2026-02-04T15:58:57+00:00,46,gfs.20260204/12/atmos/gfs.t12z.pgrb2.0p25.f046,"""4d5912527a972578e87cbe460b2839c3""",bilinear_uv_temperature,43.643198,78.538828
1,2026-02-04T18:00:00+00:00,2026-02-04T12:00:00+00:00,2026-02-06T11:00:00+00:00,41,10.769319272532606,1.7004720568520497,246.94594437966487,2026-02-04T16:00:06+00:00,47,gfs.20260204/12/atmos/gfs.t12z.pgrb2.0p25.f047,"""38be738b0ba6e099f9e6daf9e31f7941""",bilinear_uv_temperature,43.64515,78.535604
2,2026-02-04T18:00:00+00:00,2026-02-04T12:00:00+00:00,2026-02-06T11:00:00+00:00,41,10.680220831007917,1.6703072634645082,246.95928781882802,2026-02-04T16:00:06+00:00,47,gfs.20260204/12/atmos/gfs.t12z.pgrb2.0p25.f047,"""38be738b0ba6e099f9e6daf9e31f7941""",bilinear_uv_temperature,43.643198,78.538828
1,2026-02-04T18:00:00+00:00,2026-02-04T12:00:00+00:00,2026-02-06T12:00:00+00:00,42,12.268999132182087,1.4985715487139828,257.46322301683875,2026-02-04T15:59:58+00:00,48,gfs.20260204/12/atmos/gfs.t12z.pgrb2.0p25.f048,"""4a9057acd0c60e5f0505a80a6ca8f8a8""",bilinear_uv_temperature,43.64515,78.535604
2,2026-02-04T18:00:00+00:00,2026-02-04T12:00:00+00:00,2026-02-06T12:00:00+00:00,42,12.174238871535938,1.4729813930813407,257.50796032421334,2026-02-04T15:59:58+00:00,48,gfs.20260204/12/atmos/gfs.t12z.pgrb2.0p25.f048,"""4a9057acd0c60e5f0505a80a6ca8f8a8""",bilinear_uv_temperature,43.643198,78.538828
1,2026-02-04T18:00:00+00:00,2026-02-04T12:00:00+00:00,2026-02-06T13:00:00+00:00,43,12.017438167667697,1.5035125273560084,257.3178826792567,2026-02-04T15:59:49+00:00,49,gfs.20260204/12/atmos/gfs.t12z.pgrb2.0p25.f049,"""13e357011c56cde3464d2efd7049398e""",bilinear_uv_temperature,43.64515,78.535604
2,2026-02-04T18:00:00+00:00,2026-02-04T12:00:00+00:00,2026-02-06T13:00:00+00:00,43,11.93770528924396,1.478140530425435,257.3900974464435,2026-02-04T15:59:49+00:00,49,gfs.20260204/12/atmos/gfs.t12z.pgrb2.0p25.f049,"""13e357011c56cde3464d2efd7049398e""",bilinear_uv_temperature,43.643198,78.538828
1,2026-02-04T18:00:00+00:00,2026-02-04T12:00:00+00:00,2026-02-06T14:00:00+00:00,44,10.955465837048058,1.7093785744220327,261.7838056306483,2026-02-04T16:00:04+00:00,50,gfs.20260204/12/atmos/gfs.t12z.pgrb2.0p25.f050,"""c36864075d7c995509fb5eac0146d58f""",bilinear_uv_temperature,43.64515,78.535604
2,2026-02-04T18:00:00+00:00,2026-02-04T12:00:00+00:00,2026-02-06T14:00:00+00:00,44,10.885766633288956,1.6805069478313044,261.8636595170593,2026-02-04T16:00:04+00:00,50,gfs.20260204/12/atmos/gfs.t12z.pgrb2.0p25.f050,"""c36864075d7c995509fb5eac0146d58f""",bilinear_uv_temperature,43.643198,78.538828
1,2026-02-04T18:00:00+00:00,2026-02-04T12:00:00+00:00,2026-02-06T15:00:00+00:00,45,9.981310425685626,1.4891304762360278,269.5837185107575,2026-02-04T16:00:58+00:00,51,gfs.20260204/12/atmos/gfs.t12z.pgrb2.0p25.f051,"""08fa801a9d45e7b6567dadd639ffe48a""",bilinear_uv_temperature,43.64515,78.535604
2,2026-02-04T18:00:00+00:00,2026-02-04T12:00:00+00:00,2026-02-06T15:00:00+00:00,45,9.910708088455879,1.464680261756655,269.67839782814167,2026-02-04T16:00:58+00:00,51,gfs.20260204/12/atmos/gfs.t12z.pgrb2.0p25.f051,"""08fa801a9d45e7b6567dadd639ffe48a""",bilinear_uv_temperature,43.643198,78.538828
1,2026-02-04T18:00:00+00:00,2026-02-04T12:00:00+00:00,2026-02-06T16:00:00+00:00,46,9.71321704965786,0.9677594714140128,267.3741474049046,2026-02-04T15:46:08+00:00,52,gfs.20260204/12/atmos/gfs.t12z.pgrb2.0p25.f052,"""f3dfe2a632660293303559c97a92e74c""",bilinear_uv_temperature,43.64515,78.535604
2,2026-02-04T18:00:00+00:00,2026-02-04T12:00:00+00:00,2026-02-06T16:00:00+00:00,46,9.637145528300177,0.9493461850293556,267.47584448246886,2026-02-04T15:46:08+00:00,52,gfs.20260204/12/atmos/gfs.t12z.pgrb2.0p25.f052,"""f3dfe2a632660293303559c97a92e74c""",bilinear_uv_temperature,43.643198,78.538828
1,2026-02-04T18:00:00+00:00,2026-02-04T12:00:00+00:00,2026-02-06T17:00:00+00:00,47,9.58190275547669,0.43265595485604535,266.3657914922047,2026-02-04T15:46:24+00:00,53,gfs.20260204/12/atmos/gfs.t12z.pgrb2.0p25.f053,"""f88bee9307c71dae286d74cfb63a2d3a""",bilinear_uv_temperature,43.64515,78.535604
2,2026-02-04T18:00:00+00:00,2026-02-04T12:00:00+00:00,2026-02-06T17:00:00+00:00,47,9.50579727981969,0.41512427792542894,266.4830102460981,2026-02-04T15:46:24+00:00,53,gfs.20260204/12/atmos/gfs.t12z.pgrb2.0p25.f053,"""f88bee9307c71dae286d74cfb63a2d3a""",bilinear_uv_temperature,43.643198,78.538828
1,2026-02-04T18:00:00+00:00,2026-02-04T12:00:00+00:00,2026-02-06T18:00:00+00:00,48,9.804049020688748,0.35349516985604623,263.1851548322843,2026-02-04T15:46:49+00:00,54,gfs.20260204/12/atmos/gfs.t12z.pgrb2.0p25.f054,"""8ac6466e5a2fd12b949c849c51deaaa2""",bilinear_uv_temperature,43.64515,78.535604
2,2026-02-04T18:00:00+00:00,2026-02-04T12:00:00+00:00,2026-02-06T18:00:00+00:00,48,9.731442928931946,0.3312050929254724,263.2990368194826,2026-02-04T15:46:49+00:00,54,gfs.20260204/12/atmos/gfs.t12z.pgrb2.0p25.f054,"""8ac6466e5a2fd12b949c849c51deaaa2""",bilinear_uv_temperature,43.643198,78.538828
1,2026-02-05T18:00:00+00:00,2026-02-05T12:00:00+00:00,2026-02-05T19:00:00+00:00,1,6.902539966137381,0.7424626840819997,80.67172495969353,2026-02-05T15:48:10+00:00,7,gfs.20260205/12/atmos/gfs.t12z.pgrb2.0p25.f007,"""638be250ee6c6c11b980827a107a5704""",bilinear_uv_temperature,43.64515,78.535604
2,2026-02-05T18:00:00+00:00,2026-02-05T12:00:00+00:00,2026-02-05T19:00:00+00:00,1,6.814371348543829,0.716432974649706,81.05159183333168,2026-02-05T15:48:10+00:00,7,gfs.20260205/12/atmos/gfs.t12z.pgrb2.0p25.f007,"""638be250ee6c6c11b980827a107a5704""",bilinear_uv_temperature,43.643198,78.538828
1,2026-02-05T18:00:00+00:00,2026-02-05T12:00:00+00:00,2026-02-05T20:00:00+00:00,2,6.232487642094001,0.6910644853620624,81.71757870218389,2026-02-05T15:34:03+00:00,8,gfs.20260205/12/atmos/gfs.t12z.pgrb2.0p25.f008,"""1a45598cabf4d519c5e927cf674e6915""",bilinear_uv_temperature,43.64515,78.535604
2,2026-02-05T18:00:00+00:00,2026-02-05T12:00:00+00:00,2026-02-05T20:00:00+00:00,2,6.154581157607615,0.6701431637569044,82.1340664751563,2026-02-05T15:34:03+00:00,8,gfs.20260205/12/atmos/gfs.t12z.pgrb2.0p25.f008,"""1a45598cabf4d519c5e927cf674e6915""",bilinear_uv_temperature,43.643198,78.538828
1,2026-02-05T18:00:00+00:00,2026-02-05T12:00:00+00:00,2026-02-05T21:00:00+00:00,3,5.855093536242981,0.5332978782440136,77.19990378533898,2026-02-05T15:49:13+00:00,9,gfs.20260205/12/atmos/gfs.t12z.pgrb2.0p25.f009,"""06b801ab9b10a8937f134987c2787e67""",bilinear_uv_temperature,43.64515,78.535604
2,2026-02-05T18:00:00+00:00,2026-02-05T12:00:00+00:00,2026-02-05T21:00:00+00:00,3,5.777996134718209,0.5150179373185892,77.57547762915867,2026-02-05T15:49:13+00:00,9,gfs.20260205/12/atmos/gfs.t12z.pgrb2.0p25.f009,"""06b801ab9b10a8937f134987c2787e67""",bilinear_uv_temperature,43.643198,78.538828
1,2026-02-05T18:00:00+00:00,2026-02-05T12:00:00+00:00,2026-02-05T22:00:00+00:00,4,5.525438875051057,0.1916269566339679,73.37754834023191,2026-02-05T15:48:58+00:00,10,gfs.20260205/12/atmos/gfs.t12z.pgrb2.0p25.f010,"""9a974907b0c42b3b5c8b33969a626608""",bilinear_uv_temperature,43.64515,78.535604
2,2026-02-05T18:00:00+00:00,2026-02-05T12:00:00+00:00,2026-02-05T22:00:00+00:00,4,5.442543743425842,0.17217037618218,73.70004254197708,2026-02-05T15:48:58+00:00,10,gfs.20260205/12/atmos/gfs.t12z.pgrb2.0p25.f010,"""9a974907b0c42b3b5c8b33969a626608""",bilinear_uv_temperature,43.643198,78.538828
1,2026-02-05T18:00:00+00:00,2026-02-05T12:00:00+00:00,2026-02-05T23:00:00+00:00,5,5.27289331266512,0.17432207801397226,71.90615792336503,2026-02-05T15:49:25+00:00,11,gfs.20260205/12/atmos/gfs.t12z.pgrb2.0p25.f011,"""9bfd9572aa9aa1d0521ac102f615a991""",bilinear_uv_temperature,43.64515,78.535604
2,2026-02-05T18:00:00+00:00,2026-02-05T12:00:00+00:00,2026-02-05T23:00:00+00:00,5,5.190278028244972,0.160245840013431,72.1399525391016,2026-02-05T15:49:25+00:00,11,gfs.20260205/12/atmos/gfs.t12z.pgrb2.0p25.f011,"""9bfd9572aa9aa1d0521ac102f615a991""",bilinear_uv_temperature,43.643198,78.538828
1,2026-02-05T18:00:00+00:00,2026-02-05T12:00:00+00:00,2026-02-06T00:00:00+00:00,6,4.61276390917122,0.13192599318801967,69.72477385973605,2026-02-05T15:50:03+00:00,12,gfs.20260205/12/atmos/gfs.t12z.pgrb2.0p25.f012,"""04ecd36cffa1744f9613474ccabee9ca""",bilinear_uv_temperature,43.64515,78.535604
2,2026-02-05T18:00:00+00:00,2026-02-05T12:00:00+00:00,2026-02-06T00:00:00+00:00,6,4.5335136594296594,0.12374293994520258,69.81205200092184,2026-02-05T15:50:03+00:00,12,gfs.20260205/12/atmos/gfs.t12z.pgrb2.0p25.f012,"""04ecd36cffa1744f9613474ccabee9ca""",bilinear_uv_temperature,43.643198,78.538828
1,2026-02-05T18:00:00+00:00,2026-02-05T12:00:00+00:00,2026-02-06T01:00:00+00:00,7,3.1029426227186203,-0.5881455784920036,66.34595925068469,2026-02-05T15:49:55+00:00,13,gfs.20260205/12/atmos/gfs.t12z.pgrb2.0p25.f013,"""8902662123d621b5c3d94aad05b60030""",bilinear_uv_temperature,43.64515,78.535604
2,2026-02-05T18:00:00+00:00,2026-02-05T12:00:00+00:00,2026-02-06T01:00:00+00:00,7,3.0325998323456593,-0.5972377980580177,65.77152566593506,2026-02-05T15:49:55+00:00,13,gfs.20260205/12/atmos/gfs.t12z.pgrb2.0p25.f013,"""8902662123d621b5c3d94aad05b60030""",bilinear_uv_temperature,43.643198,78.538828
1,2026-02-05T18:00:00+00:00,2026-02-05T12:00:00+00:00,2026-02-06T02:00:00+00:00,8,0.8332189144623736,-0.7156636034960115,43.62279203830148,2026-02-05T15:50:13+00:00,14,gfs.20260205/12/atmos/gfs.t12z.pgrb2.0p25.f014,"""a5fb5cc06648bce5cd7ff634fcc5ce43""",bilinear_uv_temperature,43.64515,78.535604
2,2026-02-05T18:00:00+00:00,2026-02-05T12:00:00+00:00,2026-02-06T02:00:00+00:00,8,0.7993563426005114,-0.7264294863990131,40.19417142931431,2026-02-05T15:50:13+00:00,14,gfs.20260205/12/atmos/gfs.t12z.pgrb2.0p25.f014,"""a5fb5cc06648bce5cd7ff634fcc5ce43""",bilinear_uv_temperature,43.643198,78.538828
1,2026-02-05T18:00:00+00:00,2026-02-05T12:00:00+00:00,2026-02-06T03:00:00+00:00,9,1.934842004091608,0.3709799204280557,290.8129719261175,2026-02-05T15:50:43+00:00,15,gfs.20260205/12/atmos/gfs.t12z.pgrb2.0p25.f015,"""cbf1aa530a7e9ba0b4ed97ba65fa9e94""",bilinear_uv_temperature,43.64515,78.535604
2,2026-02-05T18:00:00+00:00,2026-02-05T12:00:00+00:00,2026-02-06T03:00:00+00:00,9,1.9761342767290586,0.3607443422827714,289.95270923277576,2026-02-05T15:50:43+00:00,15,gfs.20260205/12/atmos/gfs.t12z.pgrb2.0p25.f015,"""cbf1aa530a7e9ba0b4ed97ba65fa9e94""",bilinear_uv_temperature,43.643198,78.538828
1,2026-02-05T18:00:00+00:00,2026-02-05T12:00:00+00:00,2026-02-06T04:00:00+00:00,10,2.466759602439763,1.6844427126240475,273.24583963238155,2026-02-05T15:50:42+00:00,16,gfs.20260205/12/atmos/gfs.t12z.pgrb2.0p25.f016,"""0883dd791a9089bdc90558108ee61cc1""",bilinear_uv_temperature,43.64515,78.535604
2,2026-02-05T18:00:00+00:00,2026-02-05T12:00:00+00:00,2026-02-06T04:00:00+00:00,10,2.534269682601068,1.6731374472698235,273.29990537762853,2026-02-05T15:50:42+00:00,16,gfs.20260205/12/atmos/gfs.t12z.pgrb2.0p25.f016,"""0883dd791a9089bdc90558108ee61cc1""",bilinear_uv_temperature,43.643198,78.538828
1,2026-02-05T18:00:00+00:00,2026-02-05T12:00:00+00:00,2026-02-06T05:00:00+00:00,11,4.723679241778735,3.5142623029800006,262.6653857476455,2026-02-05T15:51:00+00:00,17,gfs.20260205/12/atmos/gfs.t12z.pgrb2.0p25.f017,"""2a2732fd15aa8df28f6855379497ede9""",bilinear_uv_temperature,43.64515,78.535604
2,2026-02-05T18:00:00+00:00,2026-02-05T12:00:00+00:00,2026-02-06T05:00:00+00:00,11,4.747834882343216,3.491244013815219,262.853778139642,2026-02-05T15:51:00+00:00,17,gfs.20260205/12/atmos/gfs.t12z.pgrb2.0p25.f017,"""2a2732fd15aa8df28f6855379497ede9""",bilinear_uv_temperature,43.643198,78.538828
1,2026-02-05T18:00:00+00:00,2026-02-05T12:00:00+00:00,2026-02-06T06:00:00+00:00,12,7.611564219799166,5.1493597330800185,271.86420525178437,2026-02-05T15:36:40+00:00,18,gfs.20260205/12/atmos/gfs.t12z.pgrb2.0p25.f018,"""a9d9d1e67cc492f559639e6d6db1fb78""",bilinear_uv_temperature,43.64515,78.535604
2,2026-02-05T18:00:00+00:00,2026-02-05T12:00:00+00:00,2026-02-06T06:00:00+00:00,12,7.604418570887103,5.112645078539231,271.8934467719893,2026-02-05T15:36:40+00:00,18,gfs.20260205/12/atmos/gfs.t12z.pgrb2.0p25.f018,"""a9d9d1e67cc492f559639e6d6db1fb78""",bilinear_uv_temperature,43.643198,78.538828
1,2026-02-05T18:00:00+00:00,2026-02-05T12:00:00+00:00,2026-02-06T07:00:00+00:00,13,10.035572114963315,5.521242810320018,267.595163966558,2026-02-05T15:51:23+00:00,19,gfs.20260205/12/atmos/gfs.t12z.pgrb2.0p25.f019,"""4b04e57c94a9855ec90b0e35a6bcbdcc""",bilinear_uv_temperature,43.64515,78.535604
2,2026-02-05T18:00:00+00:00,2026-02-05T12:00:00+00:00,2026-02-06T07:00:00+00:00,13,9.970786402648093,5.485805550876819,267.79701418099256,2026-02-05T15:51:23+00:00,19,gfs.20260205/12/atmos/gfs.t12z.pgrb2.0p25.f019,"""4b04e57c94a9855ec90b0e35a6bcbdcc""",bilinear_uv_temperature,43.643198,78.538828
1,2026-02-05T18:00:00+00:00,2026-02-05T12:00:00+00:00,2026-02-06T08:00:00+00:00,14,11.648476830932088,3.5739251638400447,254.31909043973855,2026-02-05T15:51:48+00:00,20,gfs.20260205/12/atmos/gfs.t12z.pgrb2.0p25.f020,"""70c23876242558556d5bc583fb92dac2""",bilinear_uv_temperature,43.64515,78.535604
2,2026-02-05T18:00:00+00:00,2026-02-05T12:00:00+00:00,2026-02-06T08:00:00+00:00,14,11.559120537332038,3.5411207273215837,254.45936803944045,2026-02-05T15:51:48+00:00,20,gfs.20260205/12/atmos/gfs.t12z.pgrb2.0p25.f020,"""70c23876242558556d5bc583fb92dac2""",bilinear_uv_temperature,43.643198,78.538828
1,2026-02-05T18:00:00+00:00,2026-02-05T12:00:00+00:00,2026-02-06T09:00:00+00:00,15,11.590378599325138,2.738273877056031,253.31837403335533,2026-02-05T15:37:38+00:00,21,gfs.20260205/12/atmos/gfs.t12z.pgrb2.0p25.f021,"""f35bf9174d28e1164abf426eab66bb56""",bilinear_uv_temperature,43.64515,78.535604
2,2026-02-05T18:00:00+00:00,2026-02-05T12:00:00+00:00,2026-02-06T09:00:00+00:00,15,11.510363348142254,2.713635456253428,253.41299973144788,2026-02-05T15:37:38+00:00,21,gfs.20260205/12/atmos/gfs.t12z.pgrb2.0p25.f021,"""f35bf9174d28e1164abf426eab66bb56""",bilinear_uv_temperature,43.643198,78.538828
1,2026-02-05T18:00:00+00:00,2026-02-05T12:00:00+00:00,2026-02-06T10:00:00+00:00,16,11.503117911468292,2.4636414214100455,253.16581716524746,2026-02-05T15:52:09+00:00,22,gfs.20260205/12/atmos/gfs.t12z.pgrb2.0p25.f022,"""e34c362f6626c7d9d960dfac24d74d29""",bilinear_uv_temperature,43.64515,78.535604
2,2026-02-05T18:00:00+00:00,2026-02-05T12:00:00+00:00,2026-02-06T10:00:00+00:00,16,11.412993345914243,2.436701031688415,253.27774933346282,2026-02-05T15:52:09+00:00,22,gfs.20260205/12/atmos/gfs.t12z.pgrb2.0p25.f022,"""e34c362f6626c7d9d960dfac24d74d29""",bilinear_uv_temperature,43.643198,78.538828
1,2026-02-05T18:00:00+00:00,2026-02-05T12:00:00+00:00,2026-02-06T11:00:00+00:00,17,12.344881335121528,2.476320887304041,256.0505239274535,2026-02-05T15:38:00+00:00,23,gfs.20260205/12/atmos/gfs.t12z.pgrb2.0p25.f023,"""49e48d30a16ed16db930dc7f51774c7f""",bilinear_uv_temperature,43.64515,78.535604
2,2026-02-05T18:00:00+00:00,2026-02-05T12:00:00+00:00,2026-02-06T11:00:00+00:00,17,12.254461318145006,2.447812241392967,256.1680388745376,2026-02-05T15:38:00+00:00,23,gfs.20260205/12/atmos/gfs.t12z.pgrb2.0p25.f023,"""49e48d30a16ed16db930dc7f51774c7f""",bilinear_uv_temperature,43.643198,78.538828
1,2026-02-05T18:00:00+00:00,2026-02-05T12:00:00+00:00,2026-02-06T12:00:00+00:00,18,12.368226251768247,1.650919452000096,260.23027098287025,2026-02-05T15:39:38+00:00,24,gfs.20260205/12/atmos/gfs.t12z.pgrb2.0p25.f024,"""aa5e57371c7d49ca818c34e0db47863a""",bilinear_uv_temperature,43.64515,78.535604
2,2026-02-05T18:00:00+00:00,2026-02-05T12:00:00+00:00,2026-02-06T12:00:00+00:00,18,12.274843377441693,1.626588158880054,260.352815019158,2026-02-05T15:39:38+00:00,24,gfs.20260205/12/atmos/gfs.t12z.pgrb2.0p25.f024,"""aa5e57371c7d49ca818c34e0db47863a""",bilinear_uv_temperature,43.643198,78.538828
1,2026-02-05T18:00:00+00:00,2026-02-05T12:00:00+00:00,2026-02-06T13:00:00+00:00,19,12.53578903120997,1.1829452150600446,258.68337410187326,2026-02-05T15:39:36+00:00,25,gfs.20260205/12/atmos/gfs.t12z.pgrb2.0p25.f025,"""720a198421c90af930bba2edd1b6d9cd""",bilinear_uv_temperature,43.64515,78.535604
2,2026-02-05T18:00:00+00:00,2026-02-05T12:00:00+00:00,2026-02-06T13:00:00+00:00,19,12.446869037420463,1.160710790714404,258.8138305734414,2026-02-05T15:39:36+00:00,25,gfs.20260205/12/atmos/gfs.t12z.pgrb2.0p25.f025,"""720a198421c90af930bba2edd1b6d9cd""",bilinear_uv_temperature,43.643198,78.538828
1,2026-02-05T18:00:00+00:00,2026-02-05T12:00:00+00:00,2026-02-06T14:00:00+00:00,20,12.0713796142472,0.95175170712605,256.1035224370759,2026-02-05T15:39:18+00:00,26,gfs.20260205/12/atmos/gfs.t12z.pgrb2.0p25.f026,"""0093210df9099df8021be8053e821c47""",bilinear_uv_temperature,43.64515,78.535604
2,2026-02-05T18:00:00+00:00,2026-02-05T12:00:00+00:00,2026-02-06T14:00:00+00:00,20,11.99254194388614,0.9286960531202908,256.22209066550164,2026-02-05T15:39:18+00:00,26,gfs.20260205/12/atmos/gfs.t12z.pgrb2.0p25.f026,"""0093210df9099df8021be8053e821c47""",bilinear_uv_temperature,43.643198,78.538828
1,2026-02-05T18:00:00+00:00,2026-02-05T12:00:00+00:00,2026-02-06T15:00:00+00:00,21,11.752197153532224,0.7974579225599996,257.4203289039506,2026-02-05T15:39:24+00:00,27,gfs.20260205/12/atmos/gfs.t12z.pgrb2.0p25.f027,"""07503c24f036e99868c71b67f790be8a""",bilinear_uv_temperature,43.64515,78.535604
2,2026-02-05T18:00:00+00:00,2026-02-05T12:00:00+00:00,2026-02-06T15:00:00+00:00,21,11.676675249811032,0.7746023782144107,257.5550101555224,2026-02-05T15:39:24+00:00,27,gfs.20260205/12/atmos/gfs.t12z.pgrb2.0p25.f027,"""07503c24f036e99868c71b67f790be8a""",bilinear_uv_temperature,43.643198,78.538828
1,2026-02-05T18:00:00+00:00,2026-02-05T12:00:00+00:00,2026-02-06T16:00:00+00:00,22,11.353301108685153,0.624228577230042,259.0015432555051,2026-02-05T15:39:34+00:00,28,gfs.20260205/12/atmos/gfs.t12z.pgrb2.0p25.f028,"""64c8f47d36fe13dce2bba583424ba4fe""",bilinear_uv_temperature,43.64515,78.535604
2,2026-02-05T18:00:00+00:00,2026-02-05T12:00:00+00:00,2026-02-06T16:00:00+00:00,22,11.280451144772274,0.6031236611851796,259.11145995027243,2026-02-05T15:39:34+00:00,28,gfs.20260205/12/atmos/gfs.t12z.pgrb2.0p25.f028,"""64c8f47d36fe13dce2bba583424ba4fe""",bilinear_uv_temperature,43.643198,78.538828
1,2026-02-05T18:00:00+00:00,2026-02-05T12:00:00+00:00,2026-02-06T17:00:00+00:00,23,9.931230226409463,0.37944710789400915,261.7723572077143,2026-02-05T15:40:06+00:00,29,gfs.20260205/12/atmos/gfs.t12z.pgrb2.0p25.f029,"""7ccc4a035ba34182a6266725ff0144cb""",bilinear_uv_temperature,43.64515,78.535604
2,2026-02-05T18:00:00+00:00,2026-02-05T12:00:00+00:00,2026-02-06T17:00:00+00:00,23,9.879527532711128,0.35845603858456343,261.80641048954243,2026-02-05T15:40:06+00:00,29,gfs.20260205/12/atmos/gfs.t12z.pgrb2.0p25.f029,"""7ccc4a035ba34182a6266725ff0144cb""",bilinear_uv_temperature,43.643198,78.538828
1,2026-02-05T18:00:00+00:00,2026-02-05T12:00:00+00:00,2026-02-06T18:00:00+00:00,24,9.003882313357398,0.2518715759060228,264.11885433069665,2026-02-05T15:54:41+00:00,30,gfs.20260205/12/atmos/gfs.t12z.pgrb2.0p25.f030,"""4722af7ac87764d7f11c098b7f33e691""",bilinear_uv_temperature,43.64515,78.535604
2,2026-02-05T18:00:00+00:00,2026-02-05T12:00:00+00:00,2026-02-06T18:00:00+00:00,24,8.951074423139662,0.2294852697274905,264.1744866893587,2026-02-05T15:54:41+00:00,30,gfs.20260205/12/atmos/gfs.t12z.pgrb2.0p25.f030,"""4722af7ac87764d7f11c098b7f33e691""",bilinear_uv_temperature,43.643198,78.538828
1,2026-02-05T18:00:00+00:00,2026-02-05T12:00:00+00:00,2026-02-06T19:00:00+00:00,25,7.739250374186951,0.020687002512033814,264.6276403358719,2026-02-05T15:54:34+00:00,31,gfs.20260205/12/atmos/gfs.t12z.pgrb2.0p25.f031,"""e1001f93336c70d369100dea987297ac""",bilinear_uv_temperature,43.64515,78.535604
2,2026-02-05T18:00:00+00:00,2026-02-05T12:00:00+00:00,2026-02-06T19:00:00+00:00,25,7.686153605862566,-0.003005927477033765,264.76653365449687,2026-02-05T15:54:34+00:00,31,gfs.20260205/12/atmos/gfs.t12z.pgrb2.0p25.f031,"""e1001f93336c70d369100dea987297ac""",bilinear_uv_temperature,43.643198,78.538828
1,2026-02-05T18:00:00+00:00,2026-02-05T12:00:00+00:00,2026-02-06T20:00:00+00:00,26,7.397274708062543,-0.24379876764396613,258.9154069225268,2026-02-05T15:54:53+00:00,32,gfs.20260205/12/atmos/gfs.t12z.pgrb2.0p25.f032,"""d5dd84654994cb0324eff1ef4c7f380f""",bilinear_uv_temperature,43.64515,78.535604
2,2026-02-05T18:00:00+00:00,2026-02-05T12:00:00+00:00,2026-02-06T20:00:00+00:00,26,7.340451489358575,-0.26858740457453223,259.0845719521595,2026-02-05T15:54:53+00:00,32,gfs.20260205/12/atmos/gfs.t12z.pgrb2.0p25.f032,"""d5dd84654994cb0324eff1ef4c7f380f""",bilinear_uv_temperature,43.643198,78.538828
1,2026-02-05T18:00:00+00:00,2026-02-05T12:00:00+00:00,2026-02-06T21:00:00+00:00,27,7.142840802954109,-0.3733923012420064,252.98725989668065,2026-02-05T15:55:51+00:00,33,gfs.20260205/12/atmos/gfs.t12z.pgrb2.0p25.f033,"""bfa50ce5f1bfcf9af2da07fe242c4f40""",bilinear_uv_temperature,43.64515,78.535604
2,2026-02-05T18:00:00+00:00,2026-02-05T12:00:00+00:00,2026-02-06T21:00:00+00:00,27,7.085447832571163,-0.39900369456807994,253.15889002362175,2026-02-05T15:55:51+00:00,33,gfs.20260205/12/atmos/gfs.t12z.pgrb2.0p25.f033,"""bfa50ce5f1bfcf9af2da07fe242c4f40""",bilinear_uv_temperature,43.643198,78.538828
1,2026-02-05T18:00:00+00:00,2026-02-05T12:00:00+00:00,2026-02-06T22:00:00+00:00,28,6.110124859685939,-0.5057804027439374,248.4449068433823,2026-02-05T15:56:00+00:00,34,gfs.20260205/12/atmos/gfs.t12z.pgrb2.0p25.f034,"""b07291412145c99c674a5d43221963df""",bilinear_uv_temperature,43.64515,78.535604
2,2026-02-05T18:00:00+00:00,2026-02-05T12:00:00+00:00,2026-02-06T22:00:00+00:00,28,6.066594985397766,-0.5297600342985334,248.53601383368678,2026-02-05T15:56:00+00:00,34,gfs.20260205/12/atmos/gfs.t12z.pgrb2.0p25.f034,"""b07291412145c99c674a5d43221963df""",bilinear_uv_temperature,43.643198,78.538828
1,2026-02-05T18:00:00+00:00,2026-02-05T12:00:00+00:00,2026-02-06T23:00:00+00:00,29,4.966401426446904,-0.5273321941979816,251.61585186158896,2026-02-05T15:55:36+00:00,35,gfs.20260205/12/atmos/gfs.t12z.pgrb2.0p25.f035,"""012c87079a5c998ac7348f4803c335d7""",bilinear_uv_temperature,43.64515,78.535604
2,2026-02-05T18:00:00+00:00,2026-02-05T12:00:00+00:00,2026-02-06T23:00:00+00:00,29,4.936152432637713,-0.5522535583374975,251.78702382204142,2026-02-05T15:55:36+00:00,35,gfs.20260205/12/atmos/gfs.t12z.pgrb2.0p25.f035,"""012c87079a5c998ac7348f4803c335d7""",bilinear_uv_temperature,43.643198,78.538828
1,2026-02-05T18:00:00+00:00,2026-02-05T12:00:00+00:00,2026-02-07T00:00:00+00:00,30,4.00544757924147,-0.641362554071975,259.76519680364146,2026-02-05T15:42:01+00:00,36,gfs.20260205/12/atmos/gfs.t12z.pgrb2.0p25.f036,"""088ad644e5351c461c94b55635529539""",bilinear_uv_temperature,43.64515,78.535604
2,2026-02-05T18:00:00+00:00,2026-02-05T12:00:00+00:00,2026-02-07T00:00:00+00:00,30,3.979832693368678,-0.6656197990972146,260.01119336171763,2026-02-05T15:42:01+00:00,36,gfs.20260205/12/atmos/gfs.t12z.pgrb2.0p25.f036,"""088ad644e5351c461c94b55635529539""",bilinear_uv_temperature,43.643198,78.538828
1,2026-02-05T18:00:00+00:00,2026-02-05T12:00:00+00:00,2026-02-07T01:00:00+00:00,31,2.3771576159228776,-0.7475524039940069,246.65491570189548,2026-02-05T15:41:44+00:00,37,gfs.20260205/12/atmos/gfs.t12z.pgrb2.0p25.f037,"""c20f389af9e3782cccb5c43421e50f38""",bilinear_uv_temperature,43.64515,78.535604
2,2026-02-05T18:00:00+00:00,2026-02-05T12:00:00+00:00,2026-02-07T01:00:00+00:00,31,2.364638030422249,-0.7730997155485397,247.1132772603517,2026-02-05T15:41:44+00:00,37,gfs.20260205/12/atmos/gfs.t12z.pgrb2.0p25.f037,"""c20f389af9e3782cccb5c43421e50f38""",bilinear_uv_temperature,43.643198,78.538828
1,2026-02-05T18:00:00+00:00,2026-02-05T12:00:00+00:00,2026-02-07T02:00:00+00:00,32,0.9547422719438422,-0.9112596054179676,133.6998112690807,2026-02-05T15:57:27+00:00,38,gfs.20260205/12/atmos/gfs.t12z.pgrb2.0p25.f038,"""59ebeae4e7c43a5289f6d0ab66b0c76d""",bilinear_uv_temperature,43.64515,78.535604
2,2026-02-05T18:00:00+00:00,2026-02-05T12:00:00+00:00,2026-02-07T02:00:00+00:00,32,0.9566878684065413,-0.9319138617303224,133.7876970166383,2026-02-05T15:57:27+00:00,38,gfs.20260205/12/atmos/gfs.t12z.pgrb2.0p25.f038,"""59ebeae4e7c43a5289f6d0ab66b0c76d""",bilinear_uv_temperature,43.643198,78.538828
1,2026-02-05T18:00:00+00:00,2026-02-05T12:00:00+00:00,2026-02-07T03:00:00+00:00,33,3.043593985733953,-0.616224846215971,85.99002784106561,2026-02-05T15:57:27+00:00,39,gfs.20260205/12/atmos/gfs.t12z.pgrb2.0p25.f039,"""aabca902f30860a865ca85726ae02d19""",bilinear_uv_temperature,43.64515,78.535604
2,2026-02-05T18:00:00+00:00,2026-02-05T12:00:00+00:00,2026-02-07T03:00:00+00:00,33,3.029970353652117,-0.6370258350518156,86.35730382310943,2026-02-05T15:57:27+00:00,39,gfs.20260205/12/atmos/gfs.t12z.pgrb2.0p25.f039,"""aabca902f30860a865ca85726ae02d19""",bilinear_uv_temperature,43.643198,78.538828
1,2026-02-05T18:00:00+00:00,2026-02-05T12:00:00+00:00,2026-02-07T04:00:00+00:00,34,4.923957536322714,0.3293845516399756,74.8692561443737,2026-02-05T15:57:10+00:00,40,gfs.20260205/12/atmos/gfs.t12z.pgrb2.0p25.f040,"""2e336b8a8787ab94ed7e201bab3cf12b""",bilinear_uv_temperature,43.64515,78.535604
2,2026-02-05T18:00:00+00:00,2026-02-05T12:00:00+00:00,2026-02-07T04:00:00+00:00,34,4.892303228468297,0.30274765899366685,75.27652581154273,2026-02-05T15:57:10+00:00,40,gfs.20260205/12/atmos/gfs.t12z.pgrb2.0p25.f040,"""2e336b8a8787ab94ed7e201bab3cf12b""",bilinear_uv_temperature,43.643198,78.538828
1,2026-02-05T18:00:00+00:00,2026-02-05T12:00:00+00:00,2026-02-07T05:00:00+00:00,35,6.656205438771781,0.7284330284099951,74.1810004567814,2026-02-05T15:57:25+00:00,41,gfs.20260205/12/atmos/gfs.t12z.pgrb2.0p25.f041,"""6dc0191a15ec90045aab88f77db07d73""",bilinear_uv_temperature,43.64515,78.535604
2,2026-02-05T18:00:00+00:00,2026-02-05T12:00:00+00:00,2026-02-07T05:00:00+00:00,35,6.599624581827776,0.7057098255684195,74.5786562007107,2026-02-05T15:57:25+00:00,41,gfs.20260205/12/atmos/gfs.t12z.pgrb2.0p25.f041,"""6dc0191a15ec90045aab88f77db07d73""",bilinear_uv_temperature,43.643198,78.538828
1,2026-02-05T18:00:00+00:00,2026-02-05T12:00:00+00:00,2026-02-07T06:00:00+00:00,36,7.3684753819188,1.4268583123679832,75.72959690484483,2026-02-05T15:57:44+00:00,42,gfs.20260205/12/atmos/gfs.t12z.pgrb2.0p25.f042,"""ac57c587d3e6f17503302bf4628ff96c""",bilinear_uv_temperature,43.64515,78.535604
2,2026-02-05T18:00:00+00:00,2026-02-05T12:00:00+00:00,2026-02-07T06:00:00+00:00,36,7.30095766026111,1.3944631454483556,75.95367752080814,2026-02-05T15:57:44+00:00,42,gfs.20260205/12/atmos/gfs.t12z.pgrb2.0p25.f042,"""ac57c587d3e6f17503302bf4628ff96c""",bilinear_uv_temperature,43.643198,78.538828
1,2026-02-05T18:00:00+00:00,2026-02-05T12:00:00+00:00,2026-02-07T07:00:00+00:00,37,6.623496692549644,2.018339443153991,77.78478791410038,2026-02-05T15:43:20+00:00,43,gfs.20260205/12/atmos/gfs.t12z.pgrb2.0p25.f043,"""aedd5452eaca393496a801583e7d0c8b""",bilinear_uv_temperature,43.64515,78.535604
2,2026-02-05T18:00:00+00:00,2026-02-05T12:00:00+00:00,2026-02-07T07:00:00+00:00,37,6.559820244767249,1.9761781787469772,77.85930365465357,2026-02-05T15:43:20+00:00,43,gfs.20260205/12/atmos/gfs.t12z.pgrb2.0p25.f043,"""aedd5452eaca393496a801583e7d0c8b""",bilinear_uv_temperature,43.643198,78.538828
1,2026-02-05T18:00:00+00:00,2026-02-05T12:00:00+00:00,2026-02-07T08:00:00+00:00,38,5.7501806187462545,2.1462419217959905,82.90220711896579,2026-02-05T15:58:02+00:00,44,gfs.20260205/12/atmos/gfs.t12z.pgrb2.0p25.f044,"""5c83358a125650bdb1d7c336c0f857f3""",bilinear_uv_temperature,43.64515,78.535604
2,2026-02-05T18:00:00+00:00,2026-02-05T12:00:00+00:00,2026-02-07T08:00:00+00:00,38,5.696289551803492,2.1020572160911115,82.98545039173092,2026-02-05T15:58:02+00:00,44,gfs.20260205/12/atmos/gfs.t12z.pgrb2.0p25.f044,"""5c83358a125650bdb1d7c336c0f857f3""",bilinear_uv_temperature,43.643198,78.538828
1,2026-02-05T18:00:00+00:00,2026-02-05T12:00:00+00:00,2026-02-07T09:00:00+00:00,39,4.725960146964274,2.2163655144000245,85.03755120206385,2026-02-05T15:58:40+00:00,45,gfs.20260205/12/atmos/gfs.t12z.pgrb2.0p25.f045,"""a5273995ffbd55fc8071ec1a9236073a""",bilinear_uv_temperature,43.64515,78.535604
2,2026-02-05T18:00:00+00:00,2026-02-05T12:00:00+00:00,2026-02-07T09:00:00+00:00,39,4.679157436797242,2.1749632266560184,85.19659894341176,2026-02-05T15:58:40+00:00,45,gfs.20260205/12/atmos/gfs.t12z.pgrb2.0p25.f045,"""a5273995ffbd55fc8071ec1a9236073a""",bilinear_uv_temperature,43.643198,78.538828
1,2026-02-05T18:00:00+00:00,2026-02-05T12:00:00+00:00,2026-02-07T10:00:00+00:00,40,4.119732029188367,2.288079552923989,82.07508114892771,2026-02-05T15:58:24+00:00,46,gfs.20260205/12/atmos/gfs.t12z.pgrb2.0p25.f046,"""03af1ded2f8b9c80bd1915cc0f356eb0""",bilinear_uv_temperature,43.64515,78.535604
2,2026-02-05T18:00:00+00:00,2026-02-05T12:00:00+00:00,2026-02-07T10:00:00+00:00,40,4.0754588454839915,2.247765191441772,82.33991323356213,2026-02-05T15:58:24+00:00,46,gfs.20260205/12/atmos/gfs.t12z.pgrb2.0p25.f046,"""03af1ded2f8b9c80bd1915cc0f356eb0""",bilinear_uv_temperature,43.643198,78.538828
1,2026-02-05T18:00:00+00:00,2026-02-05T12:00:00+00:00,2026-02-07T11:00:00+00:00,41,3.3675430603259584,2.081408402924012,74.0656500466779,2026-02-05T15:44:10+00:00,47,gfs.20260205/12/atmos/gfs.t12z.pgrb2.0p25.f047,"""34e7bdf49c06f9dd91a08faab451d9c8""",bilinear_uv_temperature,43.64515,78.535604
2,2026-02-05T18:00:00+00:00,2026-02-05T12:00:00+00:00,2026-02-07T11:00:00+00:00,41,3.3307833842218537,2.0423055614418217,74.34852655722717,2026-02-05T15:44:10+00:00,47,gfs.20260205/12/atmos/gfs.t12z.pgrb2.0p25.f047,"""34e7bdf49c06f9dd91a08faab451d9c8""",bilinear_uv_temperature,43.643198,78.538828
1,2026-02-05T18:00:00+00:00,2026-02-05T12:00:00+00:00,2026-02-07T12:00:00+00:00,42,3.201325470098973,1.2152764698080318,57.591923162425175,2026-02-05T15:59:34+00:00,48,gfs.20260205/12/atmos/gfs.t12z.pgrb2.0p25.f048,"""bc2265813ffba295ff1446a1093ef781""",bilinear_uv_temperature,43.64515,78.535604
2,2026-02-05T18:00:00+00:00,2026-02-05T12:00:00+00:00,2026-02-07T12:00:00+00:00,42,3.1576590487911687,1.1799518872339831,57.65469160956376,2026-02-05T15:59:34+00:00,48,gfs.20260205/12/atmos/gfs.t12z.pgrb2.0p25.f048,"""bc2265813ffba295ff1446a1093ef781""",bilinear_uv_temperature,43.643198,78.538828
1,2026-02-05T18:00:00+00:00,2026-02-05T12:00:00+00:00,2026-02-07T13:00:00+00:00,43,1.6701723402856679,0.7924166037840337,57.17017940053839,2026-02-05T15:45:03+00:00,49,gfs.20260205/12/atmos/gfs.t12z.pgrb2.0p25.f049,"""8dcbbe7c768d0047d1d5bc8e39645c5b""",bilinear_uv_temperature,43.64515,78.535604
2,2026-02-05T18:00:00+00:00,2026-02-05T12:00:00+00:00,2026-02-07T13:00:00+00:00,43,1.6350511186446146,0.7572287349481712,57.34136215210229,2026-02-05T15:45:03+00:00,49,gfs.20260205/12/atmos/gfs.t12z.pgrb2.0p25.f049,"""8dcbbe7c768d0047d1d5bc8e39645c5b""",bilinear_uv_temperature,43.643198,78.538828
1,2026-02-05T18:00:00+00:00,2026-02-05T12:00:00+00:00,2026-02-07T14:00:00+00:00,44,1.7039773508297267,0.6977876950560358,299.43903611318007,2026-02-05T15:45:09+00:00,50,gfs.20260205/12/atmos/gfs.t12z.pgrb2.0p25.f050,"""3321df7e8badc6fb7beefc92c6264235""",bilinear_uv_temperature,43.64515,78.535604
2,2026-02-05T18:00:00+00:00,2026-02-05T12:00:00+00:00,2026-02-07T14:00:00+00:00,44,1.6991389993644255,0.6597586473734509,298.9409151964263,2026-02-05T15:45:09+00:00,50,gfs.20260205/12/atmos/gfs.t12z.pgrb2.0p25.f050,"""3321df7e8badc6fb7beefc92c6264235""",bilinear_uv_temperature,43.643198,78.538828
1,2026-02-05T18:00:00+00:00,2026-02-05T12:00:00+00:00,2026-02-07T15:00:00+00:00,45,3.6214187477285824,0.06571885272001055,271.11759018351296,2026-02-05T16:00:13+00:00,51,gfs.20260205/12/atmos/gfs.t12z.pgrb2.0p25.f051,"""c23ac426859f5c1261a94e7c12675274""",bilinear_uv_temperature,43.64515,78.535604
2,2026-02-05T18:00:00+00:00,2026-02-05T12:00:00+00:00,2026-02-07T15:00:00+00:00,45,3.6021631272769836,0.035573478652793256,271.3381996788805,2026-02-05T16:00:13+00:00,51,gfs.20260205/12/atmos/gfs.t12z.pgrb2.0p25.f051,"""c23ac426859f5c1261a94e7c12675274""",bilinear_uv_temperature,43.643198,78.538828
1,2026-02-05T18:00:00+00:00,2026-02-05T12:00:00+00:00,2026-02-07T16:00:00+00:00,46,3.541139542254942,-0.32244691608599396,257.67334058857256,2026-02-05T15:59:59+00:00,52,gfs.20260205/12/atmos/gfs.t12z.pgrb2.0p25.f052,"""fda9fc370367f5415e8a16f47c54d1ac""",bilinear_uv_temperature,43.64515,78.535604
2,2026-02-05T18:00:00+00:00,2026-02-05T12:00:00+00:00,2026-02-07T16:00:00+00:00,46,3.532750400196103,-0.3492173224706221,257.9584200748789,2026-02-05T15:59:59+00:00,52,gfs.20260205/12/atmos/gfs.t12z.pgrb2.0p25.f052,"""fda9fc370367f5415e8a16f47c54d1ac""",bilinear_uv_temperature,43.643198,78.538828
1,2026-02-05T18:00:00+00:00,2026-02-05T12:00:00+00:00,2026-02-07T17:00:00+00:00,47,3.91986156345058,-0.37596077691000573,257.49808037103014,2026-02-05T16:00:20+00:00,53,gfs.20260205/12/atmos/gfs.t12z.pgrb2.0p25.f053,"""bd842cef2e52f004f5b696697f6907d4""",bilinear_uv_temperature,43.64515,78.535604
2,2026-02-05T18:00:00+00:00,2026-02-05T12:00:00+00:00,2026-02-07T17:00:00+00:00,47,3.9110011566175014,-0.40828736030840673,257.6723542471808,2026-02-05T16:00:20+00:00,53,gfs.20260205/12/atmos/gfs.t12z.pgrb2.0p25.f053,"""bd842cef2e52f004f5b696697f6907d4""",bilinear_uv_temperature,43.643198,78.538828
1,2026-02-05T18:00:00+00:00,2026-02-05T12:00:00+00:00,2026-02-07T18:00:00+00:00,48,4.991911457474176,-0.6982966039979601,260.1164036580485,2026-02-05T16:00:53+00:00,54,gfs.20260205/12/atmos/gfs.t12z.pgrb2.0p25.f054,"""a36c4ea1a4129722a39eaec8b66c2b7d""",bilinear_uv_temperature,43.64515,78.535604
2,2026-02-05T18:00:00+00:00,2026-02-05T12:00:00+00:00,2026-02-07T18:00:00+00:00,48,4.973438290095217,-0.7268650988894478,260.2027874326702,2026-02-05T16:00:53+00:00,54,gfs.20260205/12/atmos/gfs.t12z.pgrb2.0p25.f054,"""a36c4ea1a4129722a39eaec8b66c2b7d""",bilinear_uv_temperature,43.643198,78.538828
1,2026-02-06T18:00:00+00:00,2026-02-06T12:00:00+00:00,2026-02-06T19:00:00+00:00,1,10.728293479858118,0.11643410458202652,258.37515876727656,2026-02-06T15:47:58+00:00,7,gfs.20260206/12/atmos/gfs.t12z.pgrb2.0p25.f007,"""f1e5dd9d23196309ed9c22ad6320e022""",bilinear_uv_temperature,43.64515,78.535604
2,2026-02-06T18:00:00+00:00,2026-02-06T12:00:00+00:00,2026-02-06T19:00:00+00:00,1,10.680207432509874,0.08445120826974062,258.40685053909885,2026-02-06T15:47:58+00:00,7,gfs.20260206/12/atmos/gfs.t12z.pgrb2.0p25.f007,"""f1e5dd9d23196309ed9c22ad6320e022""",bilinear_uv_temperature,43.643198,78.538828
1,2026-02-06T18:00:00+00:00,2026-02-06T12:00:00+00:00,2026-02-06T20:00:00+00:00,2,10.024123871710254,-0.1411411401619489,261.1780484276437,2026-02-06T15:48:34+00:00,8,gfs.20260206/12/atmos/gfs.t12z.pgrb2.0p25.f008,"""b115a588291d5b8fb42899b2f7034fb6""",bilinear_uv_temperature,43.64515,78.535604
2,2026-02-06T18:00:00+00:00,2026-02-06T12:00:00+00:00,2026-02-06T20:00:00+00:00,2,9.968606178189036,-0.168580694908826,261.14957226968784,2026-02-06T15:48:34+00:00,8,gfs.20260206/12/atmos/gfs.t12z.pgrb2.0p25.f008,"""b115a588291d5b8fb42899b2f7034fb6""",bilinear_uv_temperature,43.643198,78.538828
1,2026-02-06T18:00:00+00:00,2026-02-06T12:00:00+00:00,2026-02-06T21:00:00+00:00,3,8.85395063121942,-0.27111957416798305,259.748648225595,2026-02-06T15:48:44+00:00,9,gfs.20260206/12/atmos/gfs.t12z.pgrb2.0p25.f009,"""2db4902a08cbf97399447f794035367f""",bilinear_uv_temperature,43.64515,78.535604
2,2026-02-06T18:00:00+00:00,2026-02-06T12:00:00+00:00,2026-02-06T21:00:00+00:00,3,8.80816415229579,-0.29708327048030014,259.7802955161313,2026-02-06T15:48:44+00:00,9,gfs.20260206/12/atmos/gfs.t12z.pgrb2.0p25.f009,"""2db4902a08cbf97399447f794035367f""",bilinear_uv_temperature,43.643198,78.538828
1,2026-02-06T18:00:00+00:00,2026-02-06T12:00:00+00:00,2026-02-06T22:00:00+00:00,4,7.611769645128949,-0.34343791809595814,256.88803330816216,2026-02-06T15:34:18+00:00,10,gfs.20260206/12/atmos/gfs.t12z.pgrb2.0p25.f010,"""badc3f728919843a500f454332c5e912""",bilinear_uv_temperature,43.64515,78.535604
2,2026-02-06T18:00:00+00:00,2026-02-06T12:00:00+00:00,2026-02-06T22:00:00+00:00,4,7.560315084895082,-0.3656900625030062,256.83559959521364,2026-02-06T15:34:18+00:00,10,gfs.20260206/12/atmos/gfs.t12z.pgrb2.0p25.f010,"""badc3f728919843a500f454332c5e912""",bilinear_uv_temperature,43.643198,78.538828
1,2026-02-06T18:00:00+00:00,2026-02-06T12:00:00+00:00,2026-02-06T23:00:00+00:00,5,5.0008570999911655,-0.6419116874619704,261.3442401233481,2026-02-06T15:34:29+00:00,11,gfs.20260206/12/atmos/gfs.t12z.pgrb2.0p25.f011,"""4b84594bded831914495ef59ddfb2944""",bilinear_uv_temperature,43.64515,78.535604
2,2026-02-06T18:00:00+00:00,2026-02-06T12:00:00+00:00,2026-02-06T23:00:00+00:00,5,4.970674595083591,-0.66368669296088,261.35422183795464,2026-02-06T15:34:29+00:00,11,gfs.20260206/12/atmos/gfs.t12z.pgrb2.0p25.f011,"""4b84594bded831914495ef59ddfb2944""",bilinear_uv_temperature,43.643198,78.538828
1,2026-02-06T18:00:00+00:00,2026-02-06T12:00:00+00:00,2026-02-07T00:00:00+00:00,6,2.5288312568918885,-0.9834448482699827,250.51810012437116,2026-02-06T15:49:51+00:00,12,gfs.20260206/12/atmos/gfs.t12z.pgrb2.0p25.f012,"""6a0243a18bcd950e380b2d8aefbe656a""",bilinear_uv_temperature,43.64515,78.535604
2,2026-02-06T18:00:00+00:00,2026-02-06T12:00:00+00:00,2026-02-07T00:00:00+00:00,6,2.507332091641071,-1.005290337434758,250.37400437443273,2026-02-06T15:49:51+00:00,12,gfs.20260206/12/atmos/gfs.t12z.pgrb2.0p25.f012,"""6a0243a18bcd950e380b2d8aefbe656a""",bilinear_uv_temperature,43.643198,78.538828
1,2026-02-06T18:00:00+00:00,2026-02-06T12:00:00+00:00,2026-02-07T01:00:00+00:00,7,0.8376921073416002,-1.1091179913599944,327.9724342829945,2026-02-06T15:49:52+00:00,13,gfs.20260206/12/atmos/gfs.t12z.pgrb2.0p25.f013,"""027bf02351b75c94178c0124dd8fde23""",bilinear_uv_temperature,43.64515,78.535604
2,2026-02-06T18:00:00+00:00,2026-02-06T12:00:00+00:00,2026-02-07T01:00:00+00:00,7,0.8171199497679069,-1.1256839371263823,328.2832751741845,2026-02-06T15:49:52+00:00,13,gfs.20260206/12/atmos/gfs.t12z.pgrb2.0p25.f013,"""027bf02351b75c94178c0124dd8fde23""",bilinear_uv_temperature,43.643198,78.538828
1,2026-02-06T18:00:00+00:00,2026-02-06T12:00:00+00:00,2026-02-07T02:00:00+00:00,8,1.3429549562378944,-2.1755584308779703,30.858585332538702,2026-02-06T15:50:26+00:00,14,gfs.20260206/12/atmos/gfs.t12z.pgrb2.0p25.f014,"""abaff94d3b1717326db0bf8b86911704""",bilinear_uv_temperature,43.64515,78.535604
2,2026-02-06T18:00:00+00:00,2026-02-06T12:00:00+00:00,2026-02-07T02:00:00+00:00,8,1.3502411668889245,-2.193620641340715,31.0993528777417,2026-02-06T15:50:26+00:00,14,gfs.20260206/12/atmos/gfs.t12z.pgrb2.0p25.f014,"""abaff94d3b1717326db0bf8b86911704""",bilinear_uv_temperature,43.643198,78.538828
1,2026-02-06T18:00:00+00:00,2026-02-06T12:00:00+00:00,2026-02-07T03:00:00+00:00,9,2.619693150119011,-1.2177522427180065,79.3008615345313,2026-02-06T15:50:41+00:00,15,gfs.20260206/12/atmos/gfs.t12z.pgrb2.0p25.f015,"""7434a6dbe5dea54b602f166e14e0eb66""",bilinear_uv_temperature,43.64515,78.535604
2,2026-02-06T18:00:00+00:00,2026-02-06T12:00:00+00:00,2026-02-07T03:00:00+00:00,9,2.62171339749158,-1.249009789782349,79.12092788722222,2026-02-06T15:50:41+00:00,15,gfs.20260206/12/atmos/gfs.t12z.pgrb2.0p25.f015,"""7434a6dbe5dea54b602f166e14e0eb66""",bilinear_uv_temperature,43.643198,78.538828
1,2026-02-06T18:00:00+00:00,2026-02-06T12:00:00+00:00,2026-02-07T04:00:00+00:00,10,4.116608587344116,0.09158111462204488,82.03603471602224,2026-02-06T15:50:27+00:00,16,gfs.20260206/12/atmos/gfs.t12z.pgrb2.0p25.f016,"""418eaa466cb012908d7ba3c2ca7517d5""",bilinear_uv_temperature,43.64515,78.535604
2,2026-02-06T18:00:00+00:00,2026-02-06T12:00:00+00:00,2026-02-07T04:00:00+00:00,10,4.114383630200387,0.05849563727934992,82.10187755805543,2026-02-06T15:50:27+00:00,16,gfs.20260206/12/atmos/gfs.t12z.pgrb2.0p25.f016,"""418eaa466cb012908d7ba3c2ca7517d5""",bilinear_uv_temperature,43.643198,78.538828
1,2026-02-06T18:00:00+00:00,2026-02-06T12:00:00+00:00,2026-02-07T05:00:00+00:00,11,6.198394774335053,0.986138484321998,76.67310538372709,2026-02-06T15:50:42+00:00,17,gfs.20260206/12/atmos/gfs.t12z.pgrb2.0p25.f017,"""8be72f85e7d25e2170f91579a62d0728""",bilinear_uv_temperature,43.64515,78.535604
2,2026-02-06T18:00:00+00:00,2026-02-06T12:00:00+00:00,2026-02-07T05:00:00+00:00,11,6.162848678712626,0.9513014631072565,76.8984526274976,2026-02-06T15:50:42+00:00,17,gfs.20260206/12/atmos/gfs.t12z.pgrb2.0p25.f017,"""8be72f85e7d25e2170f91579a62d0728""",bilinear_uv_temperature,43.643198,78.538828
1,2026-02-06T18:00:00+00:00,2026-02-06T12:00:00+00:00,2026-02-07T06:00:00+00:00,12,6.101840556326078,1.6544714002679939,75.70548368558593,2026-02-06T15:51:34+00:00,18,gfs.20260206/12/atmos/gfs.t12z.pgrb2.0p25.f018,"""363a37cdc838bc367bb15aa95ab9e8ca""",bilinear_uv_temperature,43.64515,78.535604
2,2026-02-06T18:00:00+00:00,2026-02-06T12:00:00+00:00,2026-02-07T06:00:00+00:00,12,6.048799625100098,1.6155134918443537,75.92887261171526,2026-02-06T15:51:34+00:00,18,gfs.20260206/12/atmos/gfs.t12z.pgrb2.0p25.f018,"""363a37cdc838bc367bb15aa95ab9e8ca""",bilinear_uv_temperature,43.643198,78.538828
1,2026-02-06T18:00:00+00:00,2026-02-06T12:00:00+00:00,2026-02-07T07:00:00+00:00,13,5.231409485819748,1.7134302560880315,72.35520794991339,2026-02-06T15:51:19+00:00,19,gfs.20260206/12/atmos/gfs.t12z.pgrb2.0p25.f019,"""1b354fbba1ae92d7b9ac67c513033d24""",bilinear_uv_temperature,43.64515,78.535604
2,2026-02-06T18:00:00+00:00,2026-02-06T12:00:00+00:00,2026-02-07T07:00:00+00:00,13,5.183996944394746,1.6792953413411738,72.61739348064997,2026-02-06T15:51:19+00:00,19,gfs.20260206/12/atmos/gfs.t12z.pgrb2.0p25.f019,"""1b354fbba1ae92d7b9ac67c513033d24""",bilinear_uv_temperature,43.643198,78.538828
1,2026-02-06T18:00:00+00:00,2026-02-06T12:00:00+00:00,2026-02-07T08:00:00+00:00,14,4.547593405926765,1.953533904508049,71.41342400386112,2026-02-06T15:38:07+00:00,20,gfs.20260206/12/atmos/gfs.t12z.pgrb2.0p25.f020,"""b9ccb155cb1c54300c37447506cb01f3""",bilinear_uv_temperature,43.64515,78.535604
2,2026-02-06T18:00:00+00:00,2026-02-06T12:00:00+00:00,2026-02-07T08:00:00+00:00,14,4.518346960486453,1.919023858061962,71.66327111197721,2026-02-06T15:38:07+00:00,20,gfs.20260206/12/atmos/gfs.t12z.pgrb2.0p25.f020,"""b9ccb155cb1c54300c37447506cb01f3""",bilinear_uv_temperature,43.643198,78.538828
1,2026-02-06T18:00:00+00:00,2026-02-06T12:00:00+00:00,2026-02-07T09:00:00+00:00,15,3.729869875030043,2.3732838147039956,72.20590317079257,2026-02-06T15:38:06+00:00,21,gfs.20260206/12/atmos/gfs.t12z.pgrb2.0p25.f021,"""91bceb2ccd750d0c5b0e9ddb1e5ae81b""",bilinear_uv_temperature,43.64515,78.535604
2,2026-02-06T18:00:00+00:00,2026-02-06T12:00:00+00:00,2026-02-07T09:00:00+00:00,15,3.7053432216338047,2.3257617741689955,72.36191363953613,2026-02-06T15:38:06+00:00,21,gfs.20260206/12/atmos/gfs.t12z.pgrb2.0p25.f021,"""91bceb2ccd750d0c5b0e9ddb1e5ae81b""",bilinear_uv_temperature,43.643198,78.538828
1,2026-02-06T18:00:00+00:00,2026-02-06T12:00:00+00:00,2026-02-07T10:00:00+00:00,16,2.9711969272966323,2.1112752366740324,66.80509924703813,2026-02-06T15:38:05+00:00,22,gfs.20260206/12/atmos/gfs.t12z.pgrb2.0p25.f022,"""97433f6a6272d5941a39c24e44ca9d9c""",bilinear_uv_temperature,43.64515,78.535604
2,2026-02-06T18:00:00+00:00,2026-02-06T12:00:00+00:00,2026-02-07T10:00:00+00:00,16,2.9508039343182,2.072416235191781,67.05477049005812,2026-02-06T15:38:05+00:00,22,gfs.20260206/12/atmos/gfs.t12z.pgrb2.0p25.f022,"""97433f6a6272d5941a39c24e44ca9d9c""",bilinear_uv_temperature,43.643198,78.538828
1,2026-02-06T18:00:00+00:00,2026-02-06T12:00:00+00:00,2026-02-07T11:00:00+00:00,17,2.110889419279684,1.8683587972120108,50.926633644921154,2026-02-06T15:37:55+00:00,23,gfs.20260206/12/atmos/gfs.t12z.pgrb2.0p25.f023,"""82da8f2a6558ac9d8b32794e59aa613a""",bilinear_uv_temperature,43.64515,78.535604
2,2026-02-06T18:00:00+00:00,2026-02-06T12:00:00+00:00,2026-02-07T11:00:00+00:00,17,2.086755565502653,1.832784083350873,51.296447995286144,2026-02-06T15:37:55+00:00,23,gfs.20260206/12/atmos/gfs.t12z.pgrb2.0p25.f023,"""82da8f2a6558ac9d8b32794e59aa613a""",bilinear_uv_temperature,43.643198,78.538828
1,2026-02-06T18:00:00+00:00,2026-02-06T12:00:00+00:00,2026-02-07T12:00:00+00:00,18,2.1275604216774173,1.1938625027460148,327.5688832249724,2026-02-06T15:38:38+00:00,24,gfs.20260206/12/atmos/gfs.t12z.pgrb2.0p25.f024,"""16685d4a0dc70cb6094565e93e8e6ee8""",bilinear_uv_temperature,43.64515,78.535604
2,2026-02-06T18:00:00+00:00,2026-02-06T12:00:00+00:00,2026-02-07T12:00:00+00:00,18,2.1000811860343305,1.1550206531690606,327.6784235566947,2026-02-06T15:38:38+00:00,24,gfs.20260206/12/atmos/gfs.t12z.pgrb2.0p25.f024,"""16685d4a0dc70cb6094565e93e8e6ee8""",bilinear_uv_temperature,43.643198,78.538828
1,2026-02-06T18:00:00+00:00,2026-02-06T12:00:00+00:00,2026-02-07T13:00:00+00:00,19,3.839402427242999,-0.231761565201964,286.48991512905377,2026-02-06T15:52:55+00:00,25,gfs.20260206/12/atmos/gfs.t12z.pgrb2.0p25.f025,"""c3769a3632a7ab941944260fd9b3cea8""",bilinear_uv_temperature,43.64515,78.535604
2,2026-02-06T18:00:00+00:00,2026-02-06T12:00:00+00:00,2026-02-07T13:00:00+00:00,19,3.806952758564771,-0.25623165891852295,286.5894034731136,2026-02-06T15:52:55+00:00,25,gfs.20260206/12/atmos/gfs.t12z.pgrb2.0p25.f025,"""c3769a3632a7ab941944260fd9b3cea8""",bilinear_uv_temperature,43.643198,78.538828
1,2026-02-06T18:00:00+00:00,2026-02-06T12:00:00+00:00,2026-02-07T14:00:00+00:00,20,4.168597151477876,-0.2757279640459842,271.7988489281017,2026-02-06T15:53:20+00:00,26,gfs.20260206/12/atmos/gfs.t12z.pgrb2.0p25.f026,"""cd00e7df79104f2f345481e8dd320c8b""",bilinear_uv_temperature,43.64515,78.535604
2,2026-02-06T18:00:00+00:00,2026-02-06T12:00:00+00:00,2026-02-07T14:00:00+00:00,20,4.153522036984415,-0.30994152458100643,271.94006929942725,2026-02-06T15:53:20+00:00,26,gfs.20260206/12/atmos/gfs.t12z.pgrb2.0p25.f026,"""cd00e7df79104f2f345481e8dd320c8b""",bilinear_uv_temperature,43.643198,78.538828
1,2026-02-06T18:00:00+00:00,2026-02-06T12:00:00+00:00,2026-02-07T15:00:00+00:00,21,4.810737613169297,-0.45700696855993783,258.4999359684185,2026-02-06T15:54:12+00:00,27,gfs.20260206/12/atmos/gfs.t12z.pgrb2.0p25.f027,"""19ce042230c078f41d5308dbb2441fcd""",bilinear_uv_temperature,43.64515,78.535604
2,2026-02-06T18:00:00+00:00,2026-02-06T12:00:00+00:00,2026-02-07T15:00:00+00:00,21,4.8011216086067146,-0.4849020104543911,258.79209501773676,2026-02-06T15:54:12+00:00,27,gfs.20260206/12/atmos/gfs.t12z.pgrb2.0p25.f027,"""19ce042230c078f41d5308dbb2441fcd""",bilinear_uv_temperature,43.643198,78.538828
1,2026-02-06T18:00:00+00:00,2026-02-06T12:00:00+00:00,2026-02-07T16:00:00+00:00,22,5.603227098243385,-0.7856078904219999,252.09654571115115,2026-02-06T15:53:58+00:00,28,gfs.20260206/12/atmos/gfs.t12z.pgrb2.0p25.f028,"""a611eb19256fd59841d26b17acb83873""",bilinear_uv_temperature,43.64515,78.535604
2,2026-02-06T18:00:00+00:00,2026-02-06T12:00:00+00:00,2026-02-07T16:00:00+00:00,22,5.586227380966242,-0.8138602900713181,252.30873528598102,2026-02-06T15:53:58+00:00,28,gfs.20260206/12/atmos/gfs.t12z.pgrb2.0p25.f028,"""a611eb19256fd59841d26b17acb83873""",bilinear_uv_temperature,43.643198,78.538828
1,2026-02-06T18:00:00+00:00,2026-02-06T12:00:00+00:00,2026-02-07T17:00:00+00:00,23,6.618294743337338,-0.8973532671799944,259.04735414370543,2026-02-06T15:54:33+00:00,29,gfs.20260206/12/atmos/gfs.t12z.pgrb2.0p25.f029,"""5aa8886eb0403f29e3f3502f6f590134""",bilinear_uv_temperature,43.64515,78.535604
2,2026-02-06T18:00:00+00:00,2026-02-06T12:00:00+00:00,2026-02-07T17:00:00+00:00,23,6.586316071417409,-0.9238359666231872,259.08808454577405,2026-02-06T15:54:33+00:00,29,gfs.20260206/12/atmos/gfs.t12z.pgrb2.0p25.f029,"""5aa8886eb0403f29e3f3502f6f590134""",bilinear_uv_temperature,43.643198,78.538828
1,2026-02-06T18:00:00+00:00,2026-02-06T12:00:00+00:00,2026-02-07T18:00:00+00:00,24,7.160337155885218,-0.9923575571059473,259.59827082058484,2026-02-06T15:54:41+00:00,30,gfs.20260206/12/atmos/gfs.t12z.pgrb2.0p25.f030,"""65c97224c6dc60ba6a099ee40fe9cdda""",bilinear_uv_temperature,43.64515,78.535604
2,2026-02-06T18:00:00+00:00,2026-02-06T12:00:00+00:00,2026-02-07T18:00:00+00:00,24,7.123529894800081,-1.0193124664154425,259.67266802028604,2026-02-06T15:54:41+00:00,30,gfs.20260206/12/atmos/gfs.t12z.pgrb2.0p25.f030,"""65c97224c6dc60ba6a099ee40fe9cdda""",bilinear_uv_temperature,43.643198,78.538828
1,2026-02-06T18:00:00+00:00,2026-02-06T12:00:00+00:00,2026-02-07T19:00:00+00:00,25,8.451790077808585,-1.1389428889939381,255.72155030513653,2026-02-06T15:40:13+00:00,31,gfs.20260206/12/atmos/gfs.t12z.pgrb2.0p25.f031,"""761bacafdf4bcb22891dce06889fad1a""",bilinear_uv_temperature,43.64515,78.535604
2,2026-02-06T18:00:00+00:00,2026-02-06T12:00:00+00:00,2026-02-07T19:00:00+00:00,25,8.390061521143343,-1.1628585205485251,255.93310014244472,2026-02-06T15:40:13+00:00,31,gfs.20260206/12/atmos/gfs.t12z.pgrb2.0p25.f031,"""761bacafdf4bcb22891dce06889fad1a""",bilinear_uv_temperature,43.643198,78.538828
1,2026-02-06T18:00:00+00:00,2026-02-06T12:00:00+00:00,2026-02-07T20:00:00+00:00,26,8.960689947839448,-1.1846740607779793,252.61693533270744,2026-02-06T15:54:57+00:00,32,gfs.20260206/12/atmos/gfs.t12z.pgrb2.0p25.f032,"""552b366bdf3a0d25971ca00bf4bdd933""",bilinear_uv_temperature,43.64515,78.535604
2,2026-02-06T18:00:00+00:00,2026-02-06T12:00:00+00:00,2026-02-07T20:00:00+00:00,26,8.90026800142864,-1.209159036616711,252.70836526125578,2026-02-06T15:54:57+00:00,32,gfs.20260206/12/atmos/gfs.t12z.pgrb2.0p25.f032,"""552b366bdf3a0d25971ca00bf4bdd933""",bilinear_uv_temperature,43.643198,78.538828
1,2026-02-06T18:00:00+00:00,2026-02-06T12:00:00+00:00,2026-02-07T21:00:00+00:00,27,9.482817544779504,-1.4675757568199401,252.93874182069524,2026-02-06T15:55:27+00:00,33,gfs.20260206/12/atmos/gfs.t12z.pgrb2.0p25.f033,"""0fb46c941a0552ea5e7ba5a3ed966039""",bilinear_uv_temperature,43.64515,78.535604
2,2026-02-06T18:00:00+00:00,2026-02-06T12:00:00+00:00,2026-02-07T21:00:00+00:00,27,9.41833424150453,-1.4898155767367598,253.0331330877749,2026-02-06T15:55:27+00:00,33,gfs.20260206/12/atmos/gfs.t12z.pgrb2.0p25.f033,"""0fb46c941a0552ea5e7ba5a3ed966039""",bilinear_uv_temperature,43.643198,78.538828
1,2026-02-06T18:00:00+00:00,2026-02-06T12:00:00+00:00,2026-02-07T22:00:00+00:00,28,8.2524209925588,-1.702410951055981,249.55231654810285,2026-02-06T15:55:24+00:00,34,gfs.20260206/12/atmos/gfs.t12z.pgrb2.0p25.f034,"""8a10f262bad18013eea78fd982f24c14""",bilinear_uv_temperature,43.64515,78.535604
2,2026-02-06T18:00:00+00:00,2026-02-06T12:00:00+00:00,2026-02-07T22:00:00+00:00,28,8.198377282991657,-1.7231123296134,249.52812508309378,2026-02-06T15:55:24+00:00,34,gfs.20260206/12/atmos/gfs.t12z.pgrb2.0p25.f034,"""8a10f262bad18013eea78fd982f24c14""",bilinear_uv_temperature,43.643198,78.538828
1,2026-02-06T18:00:00+00:00,2026-02-06T12:00:00+00:00,2026-02-07T23:00:00+00:00,29,7.640723761228465,-2.200958935781955,248.8350911636369,2026-02-06T15:56:02+00:00,35,gfs.20260206/12/atmos/gfs.t12z.pgrb2.0p25.f035,"""ee9e5931600f61a5fa3bfe01b43dc0af""",bilinear_uv_temperature,43.64515,78.535604
2,2026-02-06T18:00:00+00:00,2026-02-06T12:00:00+00:00,2026-02-07T23:00:00+00:00,29,7.595466903203109,-2.220631814957642,248.94170080085496,2026-02-06T15:56:02+00:00,35,gfs.20260206/12/atmos/gfs.t12z.pgrb2.0p25.f035,"""ee9e5931600f61a5fa3bfe01b43dc0af""",bilinear_uv_temperature,43.643198,78.538828
1,2026-02-06T18:00:00+00:00,2026-02-06T12:00:00+00:00,2026-02-08T00:00:00+00:00,30,7.4690219647492535,-2.0978604570239554,239.14232569072868,2026-02-06T15:56:40+00:00,36,gfs.20260206/12/atmos/gfs.t12z.pgrb2.0p25.f036,"""3e9856ce43103495328a2752e0ea9a22""",bilinear_uv_temperature,43.64515,78.535604
2,2026-02-06T18:00:00+00:00,2026-02-06T12:00:00+00:00,2026-02-08T00:00:00+00:00,30,7.422148831253283,-2.1233965695257098,239.26394724929324,2026-02-06T15:56:40+00:00,36,gfs.20260206/12/atmos/gfs.t12z.pgrb2.0p25.f036,"""3e9856ce43103495328a2752e0ea9a22""",bilinear_uv_temperature,43.643198,78.538828
1,2026-02-06T18:00:00+00:00,2026-02-06T12:00:00+00:00,2026-02-08T01:00:00+00:00,31,6.854596125634133,-2.084197677613929,241.82808408593507,2026-02-06T15:56:38+00:00,37,gfs.20260206/12/atmos/gfs.t12z.pgrb2.0p25.f037,"""72550126b1678081d19725e682482ee2""",bilinear_uv_temperature,43.64515,78.535604
2,2026-02-06T18:00:00+00:00,2026-02-06T12:00:00+00:00,2026-02-08T01:00:00+00:00,31,6.8156124755526735,-2.114808166717353,241.82951301818997,2026-02-06T15:56:38+00:00,37,gfs.20260206/12/atmos/gfs.t12z.pgrb2.0p25.f037,"""72550126b1678081d19725e682482ee2""",bilinear_uv_temperature,43.643198,78.538828
1,2026-02-06T18:00:00+00:00,2026-02-06T12:00:00+00:00,2026-02-08T02:00:00+00:00,32,6.525210638700464,-2.3579878300579367,250.28719520161445,2026-02-06T15:57:05+00:00,38,gfs.20260206/12/atmos/gfs.t12z.pgrb2.0p25.f038,"""6767bb6a4da6732e33348ba03c3da1e5""",bilinear_uv_temperature,43.64515,78.535604
2,2026-02-06T18:00:00+00:00,2026-02-06T12:00:00+00:00,2026-02-08T02:00:00+00:00,32,6.495106333458553,-2.3932145668438807,250.28341899995024,2026-02-06T15:57:05+00:00,38,gfs.20260206/12/atmos/gfs.t12z.pgrb2.0p25.f038,"""6767bb6a4da6732e33348ba03c3da1e5""",bilinear_uv_temperature,43.643198,78.538828
1,2026-02-06T18:00:00+00:00,2026-02-06T12:00:00+00:00,2026-02-08T03:00:00+00:00,33,6.0062864110316765,-1.4774578587120004,247.91243534277658,2026-02-06T15:57:19+00:00,39,gfs.20260206/12/atmos/gfs.t12z.pgrb2.0p25.f039,"""174ec7514643223c0366d680e26b33ce""",bilinear_uv_temperature,43.64515,78.535604
2,2026-02-06T18:00:00+00:00,2026-02-06T12:00:00+00:00,2026-02-08T03:00:00+00:00,33,5.979314155505557,-1.505214304210881,247.9421184505835,2026-02-06T15:57:19+00:00,39,gfs.20260206/12/atmos/gfs.t12z.pgrb2.0p25.f039,"""174ec7514643223c0366d680e26b33ce""",bilinear_uv_temperature,43.643198,78.538828
1,2026-02-06T18:00:00+00:00,2026-02-06T12:00:00+00:00,2026-02-08T04:00:00+00:00,34,5.088038626111274,-0.15624061615994833,248.722454081925,2026-02-06T15:57:13+00:00,40,gfs.20260206/12/atmos/gfs.t12z.pgrb2.0p25.f040,"""48fdd698a57b9a133556c750aa4580ca""",bilinear_uv_temperature,43.64515,78.535604
2,2026-02-06T18:00:00+00:00,2026-02-06T12:00:00+00:00,2026-02-08T04:00:00+00:00,34,5.065539673279371,-0.18153337267835923,248.6656844747261,2026-02-06T15:57:13+00:00,40,gfs.20260206/12/atmos/gfs.t12z.pgrb2.0p25.f040,"""48fdd698a57b9a133556c750aa4580ca""",bilinear_uv_temperature,43.643198,78.538828
1,2026-02-06T18:00:00+00:00,2026-02-06T12:00:00+00:00,2026-02-08T05:00:00+00:00,35,3.5119569777217112,0.8256590338920091,257.61650289749537,2026-02-06T15:57:17+00:00,41,gfs.20260206/12/atmos/gfs.t12z.pgrb2.0p25.f041,"""689259e49ca4d24c64093a4e28559c33""",bilinear_uv_temperature,43.64515,78.535604
2,2026-02-06T18:00:00+00:00,2026-02-06T12:00:00+00:00,2026-02-08T05:00:00+00:00,35,3.4995619443289954,0.8005490063540606,257.41190801185735,2026-02-06T15:57:17+00:00,41,gfs.20260206/12/atmos/gfs.t12z.pgrb2.0p25.f041,"""689259e49ca4d24c64093a4e28559c33""",bilinear_uv_temperature,43.643198,78.538828
1,2026-02-06T18:00:00+00:00,2026-02-06T12:00:00+00:00,2026-02-08T06:00:00+00:00,36,1.8564211889910525,1.4825170575639959,267.7391278061471,2026-02-06T15:57:47+00:00,42,gfs.20260206/12/atmos/gfs.t12z.pgrb2.0p25.f042,"""3aee560fca1044bdcd72ef4c367b4539""",bilinear_uv_temperature,43.64515,78.535604
2,2026-02-06T18:00:00+00:00,2026-02-06T12:00:00+00:00,2026-02-08T06:00:00+00:00,36,1.8470823254591622,1.4550414165553889,267.36515996168015,2026-02-06T15:57:47+00:00,42,gfs.20260206/12/atmos/gfs.t12z.pgrb2.0p25.f042,"""3aee560fca1044bdcd72ef4c367b4539""",bilinear_uv_temperature,43.643198,78.538828
1,2026-02-06T18:00:00+00:00,2026-02-06T12:00:00+00:00,2026-02-08T07:00:00+00:00,37,0.5032024989451164,2.1261915071040107,323.99190038388065,2026-02-06T15:57:43+00:00,43,gfs.20260206/12/atmos/gfs.t12z.pgrb2.0p25.f043,"""4daf93b0536384cc41c3dc1b573ddd33""",bilinear_uv_temperature,43.64515,78.535604
2,2026-02-06T18:00:00+00:00,2026-02-06T12:00:00+00:00,2026-02-08T07:00:00+00:00,37,0.48709902471368693,2.0958346319449674,323.17398239331607,2026-02-06T15:57:43+00:00,43,gfs.20260206/12/atmos/gfs.t12z.pgrb2.0p25.f043,"""4daf93b0536384cc41c3dc1b573ddd33""",bilinear_uv_temperature,43.643198,78.538828
1,2026-02-06T18:00:00+00:00,2026-02-06T12:00:00+00:00,2026-02-08T08:00:00+00:00,38,1.9196275212559752,2.9596487952420034,71.75841997082895,2026-02-06T15:58:28+00:00,44,gfs.20260206/12/atmos/gfs.t12z.pgrb2.0p25.f044,"""c7d2ccadcdf4e7682e1d5bf9161bc62c""",bilinear_uv_temperature,43.64515,78.535604
2,2026-02-06T18:00:00+00:00,2026-02-06T12:00:00+00:00,2026-02-08T08:00:00+00:00,38,1.9076098567863746,2.927990562328091,72.34802262561894,2026-02-06T15:58:28+00:00,44,gfs.20260206/12/atmos/gfs.t12z.pgrb2.0p25.f044,"""c7d2ccadcdf4e7682e1d5bf9161bc62c""",bilinear_uv_temperature,43.643198,78.538828
1,2026-02-06T18:00:00+00:00,2026-02-06T12:00:00+00:00,2026-02-08T09:00:00+00:00,39,3.8612503633463864,3.6130782527900465,79.18182389719654,2026-02-06T15:59:01+00:00,45,gfs.20260206/12/atmos/gfs.t12z.pgrb2.0p25.f045,"""e11ba400772a7ddfc338dfe3c2ecdb83""",bilinear_uv_temperature,43.64515,78.535604
2,2026-02-06T18:00:00+00:00,2026-02-06T12:00:00+00:00,2026-02-08T09:00:00+00:00,39,3.839072108590078,3.5795422055196013,79.43926390059192,2026-02-06T15:59:01+00:00,45,gfs.20260206/12/atmos/gfs.t12z.pgrb2.0p25.f045,"""e11ba400772a7ddfc338dfe3c2ecdb83""",bilinear_uv_temperature,43.643198,78.538828
1,2026-02-06T18:00:00+00:00,2026-02-06T12:00:00+00:00,2026-02-08T10:00:00+00:00,40,6.72433471903963,3.617695392534017,78.17469927633991,2026-02-06T15:44:18+00:00,46,gfs.20260206/12/atmos/gfs.t12z.pgrb2.0p25.f046,"""ef33f33c3cf3d03657e75268378360a0""",bilinear_uv_temperature,43.64515,78.535604
2,2026-02-06T18:00:00+00:00,2026-02-06T12:00:00+00:00,2026-02-08T10:00:00+00:00,40,6.6759757879006925,3.584694723698192,78.3892949947598,2026-02-06T15:44:18+00:00,46,gfs.20260206/12/atmos/gfs.t12z.pgrb2.0p25.f046,"""ef33f33c3cf3d03657e75268378360a0""",bilinear_uv_temperature,43.643198,78.538828
1,2026-02-06T18:00:00+00:00,2026-02-06T12:00:00+00:00,2026-02-08T11:00:00+00:00,41,8.966297025607428,2.751508798332054,77.40894116880338,2026-02-06T15:58:52+00:00,47,gfs.20260206/12/atmos/gfs.t12z.pgrb2.0p25.f047,"""1290b85571734f1f11280f27f46f7880""",bilinear_uv_temperature,43.64515,78.535604
2,2026-02-06T18:00:00+00:00,2026-02-06T12:00:00+00:00,2026-02-08T11:00:00+00:00,41,8.887576674633028,2.720636622019697,77.72784228463105,2026-02-06T15:58:52+00:00,47,gfs.20260206/12/atmos/gfs.t12z.pgrb2.0p25.f047,"""1290b85571734f1f11280f27f46f7880""",bilinear_uv_temperature,43.643198,78.538828
1,2026-02-06T18:00:00+00:00,2026-02-06T12:00:00+00:00,2026-02-08T12:00:00+00:00,42,10.589920997061897,1.139052039281978,80.65569157641126,2026-02-06T15:45:00+00:00,48,gfs.20260206/12/atmos/gfs.t12z.pgrb2.0p25.f048,"""40c0e1928612e8f5be23cdd21e63943b""",bilinear_uv_temperature,43.64515,78.535604
2,2026-02-06T18:00:00+00:00,2026-02-06T12:00:00+00:00,2026-02-08T12:00:00+00:00,42,10.489391833740456,1.0935268790977375,81.01243687795457,2026-02-06T15:45:00+00:00,48,gfs.20260206/12/atmos/gfs.t12z.pgrb2.0p25.f048,"""40c0e1928612e8f5be23cdd21e63943b""",bilinear_uv_temperature,43.643198,78.538828
1,2026-02-06T18:00:00+00:00,2026-02-06T12:00:00+00:00,2026-02-08T13:00:00+00:00,43,10.721289791080638,-0.24138010457198789,83.99362283276561,2026-02-06T15:59:32+00:00,49,gfs.20260206/12/atmos/gfs.t12z.pgrb2.0p25.f049,"""fecb6a22bf9f778b887831d571cb43df""",bilinear_uv_temperature,43.64515,78.535604
2,2026-02-06T18:00:00+00:00,2026-02-06T12:00:00+00:00,2026-02-08T13:00:00+00:00,43,10.615448591005148,-0.28506176271724826,84.37404724260666,2026-02-06T15:59:32+00:00,49,gfs.20260206/12/atmos/gfs.t12z.pgrb2.0p25.f049,"""fecb6a22bf9f778b887831d571cb43df""",bilinear_uv_temperature,43.643198,78.538828
1,2026-02-06T18:00:00+00:00,2026-02-06T12:00:00+00:00,2026-02-08T14:00:00+00:00,44,10.75292668409595,-1.0990418064120036,81.66770628652333,2026-02-06T15:59:58+00:00,50,gfs.20260206/12/atmos/gfs.t12z.pgrb2.0p25.f050,"""31cc283f38c9f4fcc08e691b2abbb798""",bilinear_uv_temperature,43.64515,78.535604
2,2026-02-06T18:00:00+00:00,2026-02-06T12:00:00+00:00,2026-02-08T14:00:00+00:00,44,10.64090426981651,-1.1356525611588495,82.10719675179665,2026-02-06T15:59:58+00:00,50,gfs.20260206/12/atmos/gfs.t12z.pgrb2.0p25.f050,"""31cc283f38c9f4fcc08e691b2abbb798""",bilinear_uv_temperature,43.643198,78.538828
1,2026-02-06T18:00:00+00:00,2026-02-06T12:00:00+00:00,2026-02-08T15:00:00+00:00,45,11.196218990939245,-1.330819877947988,84.50857329702501,2026-02-06T16:00:10+00:00,51,gfs.20260206/12/atmos/gfs.t12z.pgrb2.0p25.f051,"""abec7f68cc310c7b68c2baa88346eadb""",bilinear_uv_temperature,43.64515,78.535604
2,2026-02-06T18:00:00+00:00,2026-02-06T12:00:00+00:00,2026-02-08T15:00:00+00:00,45,11.087052188597111,-1.3624833220875416,84.97035858068591,2026-02-06T16:00:10+00:00,51,gfs.20260206/12/atmos/gfs.t12z.pgrb2.0p25.f051,"""abec7f68cc310c7b68c2baa88346eadb""",bilinear_uv_temperature,43.643198,78.538828
1,2026-02-06T18:00:00+00:00,2026-02-06T12:00:00+00:00,2026-02-08T16:00:00+00:00,46,10.968917684855658,-1.5185390860600023,87.45370489199391,2026-02-06T16:00:14+00:00,52,gfs.20260206/12/atmos/gfs.t12z.pgrb2.0p25.f052,"""a695eae81c13a2649918345d09c4f2f2""",bilinear_uv_temperature,43.64515,78.535604
2,2026-02-06T18:00:00+00:00,2026-02-06T12:00:00+00:00,2026-02-08T16:00:00+00:00,46,10.876068843903441,-1.5484078879543404,87.895206346112,2026-02-06T16:00:14+00:00,52,gfs.20260206/12/atmos/gfs.t12z.pgrb2.0p25.f052,"""a695eae81c13a2649918345d09c4f2f2""",bilinear_uv_temperature,43.643198,78.538828
1,2026-02-06T18:00:00+00:00,2026-02-06T12:00:00+00:00,2026-02-08T17:00:00+00:00,47,11.176277351728457,-1.6858426951880006,88.24242929702334,2026-02-06T16:00:26+00:00,53,gfs.20260206/12/atmos/gfs.t12z.pgrb2.0p25.f053,"""4ebd473db49fbdc21af81542caafc230""",bilinear_uv_temperature,43.64515,78.535604
2,2026-02-06T18:00:00+00:00,2026-02-06T12:00:00+00:00,2026-02-08T17:00:00+00:00,47,11.083590041783665,-1.7151105744250685,88.66501327683538,2026-02-06T16:00:26+00:00,53,gfs.20260206/12/atmos/gfs.t12z.pgrb2.0p25.f053,"""4ebd473db49fbdc21af81542caafc230""",bilinear_uv_temperature,43.643198,78.538828
1,2026-02-06T18:00:00+00:00,2026-02-06T12:00:00+00:00,2026-02-08T18:00:00+00:00,48,11.646835099651991,-1.9300077217719718,90.95624216626389,2026-02-06T16:01:23+00:00,54,gfs.20260206/12/atmos/gfs.t12z.pgrb2.0p25.f054,"""d7d739d6a7cb93f6a8cee11055046bd8""",bilinear_uv_temperature,43.64515,78.535604
2,2026-02-06T18:00:00+00:00,2026-02-06T12:00:00+00:00,2026-02-08T18:00:00+00:00,48,11.553403056611915,-1.9615410360452756,91.32639634231542,2026-02-06T16:01:23+00:00,54,gfs.20260206/12/atmos/gfs.t12z.pgrb2.0p25.f054,"""d7d739d6a7cb93f6a8cee11055046bd8""",bilinear_uv_temperature,43.643198,78.538828
1,2026-02-07T18:00:00+00:00,2026-02-07T12:00:00+00:00,2026-02-07T19:00:00+00:00,1,10.830984908481039,-1.5750002701399808,255.99023587802668,2026-02-07T15:48:37+00:00,7,gfs.20260207/12/atmos/gfs.t12z.pgrb2.0p25.f007,"""90ad4da9cf5a38e8b01b9c9b6defe1bb""",bilinear_uv_temperature,43.64515,78.535604
2,2026-02-07T18:00:00+00:00,2026-02-07T12:00:00+00:00,2026-02-07T19:00:00+00:00,1,10.762391735595365,-1.6043107637335652,256.0775283525915,2026-02-07T15:48:37+00:00,7,gfs.20260207/12/atmos/gfs.t12z.pgrb2.0p25.f007,"""90ad4da9cf5a38e8b01b9c9b6defe1bb""",bilinear_uv_temperature,43.643198,78.538828
1,2026-02-07T18:00:00+00:00,2026-02-07T12:00:00+00:00,2026-02-07T20:00:00+00:00,2,10.7878858829046,-1.718246916853957,258.8997262993504,2026-02-07T15:34:32+00:00,8,gfs.20260207/12/atmos/gfs.t12z.pgrb2.0p25.f008,"""affdc2e1d7cd5e207971602f2dca1d2f""",bilinear_uv_temperature,43.64515,78.535604
2,2026-02-07T18:00:00+00:00,2026-02-07T12:00:00+00:00,2026-02-07T20:00:00+00:00,2,10.717781714620642,-1.7504796679349397,258.95340659862353,2026-02-07T15:34:32+00:00,8,gfs.20260207/12/atmos/gfs.t12z.pgrb2.0p25.f008,"""affdc2e1d7cd5e207971602f2dca1d2f""",bilinear_uv_temperature,43.643198,78.538828
1,2026-02-07T18:00:00+00:00,2026-02-07T12:00:00+00:00,2026-02-07T21:00:00+00:00,3,9.224230285380408,-1.9075801450919698,256.2286416290297,2026-02-07T15:49:38+00:00,9,gfs.20260207/12/atmos/gfs.t12z.pgrb2.0p25.f009,"""4ebabab9beeca92361b7af3776ce2015""",bilinear_uv_temperature,43.64515,78.535604
2,2026-02-07T18:00:00+00:00,2026-02-07T12:00:00+00:00,2026-02-07T21:00:00+00:00,3,9.16112342499394,-1.9341652530420106,256.1957559472334,2026-02-07T15:49:38+00:00,9,gfs.20260207/12/atmos/gfs.t12z.pgrb2.0p25.f009,"""4ebabab9beeca92361b7af3776ce2015""",bilinear_uv_temperature,43.643198,78.538828
1,2026-02-07T18:00:00+00:00,2026-02-07T12:00:00+00:00,2026-02-07T22:00:00+00:00,4,8.177192843754105,-2.487109503715942,254.48561630850932,2026-02-07T15:49:23+00:00,10,gfs.20260207/12/atmos/gfs.t12z.pgrb2.0p25.f010,"""d4d777d4ed18031eb658f45b47c3e093""",bilinear_uv_temperature,43.64515,78.535604
2,2026-02-07T18:00:00+00:00,2026-02-07T12:00:00+00:00,2026-02-07T22:00:00+00:00,4,8.133617411143947,-2.510213532551859,254.51986110048836,2026-02-07T15:49:23+00:00,10,gfs.20260207/12/atmos/gfs.t12z.pgrb2.0p25.f010,"""d4d777d4ed18031eb658f45b47c3e093""",bilinear_uv_temperature,43.643198,78.538828
1,2026-02-07T18:00:00+00:00,2026-02-07T12:00:00+00:00,2026-02-07T23:00:00+00:00,5,7.807481340999536,-2.53477927414599,239.62758304691988,2026-02-07T15:49:59+00:00,11,gfs.20260207/12/atmos/gfs.t12z.pgrb2.0p25.f011,"""4f6e032332277be0d4909c85cb6da60f""",bilinear_uv_temperature,43.64515,78.535604
2,2026-02-07T18:00:00+00:00,2026-02-07T12:00:00+00:00,2026-02-07T23:00:00+00:00,5,7.768566603477938,-2.5596705493049967,239.6702517443585,2026-02-07T15:49:59+00:00,11,gfs.20260207/12/atmos/gfs.t12z.pgrb2.0p25.f011,"""4f6e032332277be0d4909c85cb6da60f""",bilinear_uv_temperature,43.643198,78.538828
1,2026-02-07T18:00:00+00:00,2026-02-07T12:00:00+00:00,2026-02-08T00:00:00+00:00,6,6.987245214225796,-2.823973359171987,238.42823260132906,2026-02-07T15:35:48+00:00,12,gfs.20260207/12/atmos/gfs.t12z.pgrb2.0p25.f012,"""73927fd3972549355f5349c5dc94537e""",bilinear_uv_temperature,43.64515,78.535604
2,2026-02-07T18:00:00+00:00,2026-02-07T12:00:00+00:00,2026-02-08T00:00:00+00:00,6,6.953463973437903,-2.855348958821253,238.51762303647394,2026-02-07T15:35:48+00:00,12,gfs.20260207/12/atmos/gfs.t12z.pgrb2.0p25.f012,"""73927fd3972549355f5349c5dc94537e""",bilinear_uv_temperature,43.643198,78.538828
1,2026-02-07T18:00:00+00:00,2026-02-07T12:00:00+00:00,2026-02-08T01:00:00+00:00,7,6.0744446618322145,-2.895002799909946,239.9081733368318,2026-02-07T15:50:16+00:00,13,gfs.20260207/12/atmos/gfs.t12z.pgrb2.0p25.f013,"""914ffd117ad7e5fa7e63bbafb899f251""",bilinear_uv_temperature,43.64515,78.535604
2,2026-02-07T18:00:00+00:00,2026-02-07T12:00:00+00:00,2026-02-08T01:00:00+00:00,7,6.050644460826595,-2.9308081964283588,239.96330720678526,2026-02-07T15:50:16+00:00,13,gfs.20260207/12/atmos/gfs.t12z.pgrb2.0p25.f013,"""914ffd117ad7e5fa7e63bbafb899f251""",bilinear_uv_temperature,43.643198,78.538828
1,2026-02-07T18:00:00+00:00,2026-02-07T12:00:00+00:00,2026-02-08T02:00:00+00:00,8,5.074302531884976,-3.161359342309936,244.23723360916807,2026-02-07T15:35:53+00:00,14,gfs.20260207/12/atmos/gfs.t12z.pgrb2.0p25.f014,"""3fba5e29825911a6c8b84e1ff0129114""",bilinear_uv_temperature,43.64515,78.535604
2,2026-02-07T18:00:00+00:00,2026-02-07T12:00:00+00:00,2026-02-08T02:00:00+00:00,8,5.057423148902503,-3.1982956642044087,244.22816163754996,2026-02-07T15:35:53+00:00,14,gfs.20260207/12/atmos/gfs.t12z.pgrb2.0p25.f014,"""3fba5e29825911a6c8b84e1ff0129114""",bilinear_uv_temperature,43.643198,78.538828
1,2026-02-07T18:00:00+00:00,2026-02-07T12:00:00+00:00,2026-02-08T03:00:00+00:00,9,4.286484495790758,-2.2988780061600096,252.4314997180975,2026-02-07T15:50:51+00:00,15,gfs.20260207/12/atmos/gfs.t12z.pgrb2.0p25.f015,"""deed0b5ca9d62ee9712b8087638b6a13""",bilinear_uv_temperature,43.64515,78.535604
2,2026-02-07T18:00:00+00:00,2026-02-07T12:00:00+00:00,2026-02-08T03:00:00+00:00,9,4.276992235016821,-2.3315803626784373,252.38178025828876,2026-02-07T15:50:51+00:00,15,gfs.20260207/12/atmos/gfs.t12z.pgrb2.0p25.f015,"""deed0b5ca9d62ee9712b8087638b6a13""",bilinear_uv_temperature,43.643198,78.538828
1,2026-02-07T18:00:00+00:00,2026-02-07T12:00:00+00:00,2026-02-08T04:00:00+00:00,10,3.5979985534509815,-0.5484063143719595,253.5915850795799,2026-02-07T15:36:15+00:00,16,gfs.20260207/12/atmos/gfs.t12z.pgrb2.0p25.f016,"""4cafd1dffebe0d0e21a2522f1f78e87e""",bilinear_uv_temperature,43.64515,78.535604
2,2026-02-07T18:00:00+00:00,2026-02-07T12:00:00+00:00,2026-02-08T04:00:00+00:00,10,3.589779016351557,-0.5739808632692984,253.41406818437622,2026-02-07T15:36:15+00:00,16,gfs.20260207/12/atmos/gfs.t12z.pgrb2.0p25.f016,"""4cafd1dffebe0d0e21a2522f1f78e87e""",bilinear_uv_temperature,43.643198,78.538828
1,2026-02-07T18:00:00+00:00,2026-02-07T12:00:00+00:00,2026-02-08T05:00:00+00:00,11,2.1511792932076896,0.5495881285840483,262.97770795179395,2026-02-07T15:51:14+00:00,17,gfs.20260207/12/atmos/gfs.t12z.pgrb2.0p25.f017,"""f7527439348b92830bd256d300aea237""",bilinear_uv_temperature,43.64515,78.535604
2,2026-02-07T18:00:00+00:00,2026-02-07T12:00:00+00:00,2026-02-08T05:00:00+00:00,11,2.1401511392893644,0.5227971505001392,262.572644182462,2026-02-07T15:51:14+00:00,17,gfs.20260207/12/atmos/gfs.t12z.pgrb2.0p25.f017,"""f7527439348b92830bd256d300aea237""",bilinear_uv_temperature,43.643198,78.538828
1,2026-02-07T18:00:00+00:00,2026-02-07T12:00:00+00:00,2026-02-08T06:00:00+00:00,12,0.5566378146174986,1.2806698866700685,283.40187261935375,2026-02-07T15:51:42+00:00,18,gfs.20260207/12/atmos/gfs.t12z.pgrb2.0p25.f018,"""556b053c9d1baee3d32e319bb7f941e8""",bilinear_uv_temperature,43.64515,78.535604
2,2026-02-07T18:00:00+00:00,2026-02-07T12:00:00+00:00,2026-02-08T06:00:00+00:00,12,0.547065171718967,1.2529298618508165,282.33487939702775,2026-02-07T15:51:42+00:00,18,gfs.20260207/12/atmos/gfs.t12z.pgrb2.0p25.f018,"""556b053c9d1baee3d32e319bb7f941e8""",bilinear_uv_temperature,43.643198,78.538828
1,2026-02-07T18:00:00+00:00,2026-02-07T12:00:00+00:00,2026-02-08T07:00:00+00:00,13,1.570318187758317,2.2317806024600486,67.63050096438641,2026-02-07T15:51:58+00:00,19,gfs.20260207/12/atmos/gfs.t12z.pgrb2.0p25.f019,"""23d19bc57d9ab7cebcb2e85c84ee0265""",bilinear_uv_temperature,43.64515,78.535604
2,2026-02-07T18:00:00+00:00,2026-02-07T12:00:00+00:00,2026-02-08T07:00:00+00:00,13,1.563304671176779,2.1999407834903764,68.15648259768622,2026-02-07T15:51:58+00:00,19,gfs.20260207/12/atmos/gfs.t12z.pgrb2.0p25.f019,"""23d19bc57d9ab7cebcb2e85c84ee0265""",bilinear_uv_temperature,43.643198,78.538828
1,2026-02-07T18:00:00+00:00,2026-02-07T12:00:00+00:00,2026-02-08T08:00:00+00:00,14,3.793493872550675,3.1048931471480614,77.6272299934067,2026-02-07T15:52:24+00:00,20,gfs.20260207/12/atmos/gfs.t12z.pgrb2.0p25.f020,"""943ff846f3d784056b6d78228e0e9ac2""",bilinear_uv_temperature,43.64515,78.535604
2,2026-02-07T18:00:00+00:00,2026-02-07T12:00:00+00:00,2026-02-08T08:00:00+00:00,14,3.774267058587845,3.067217754295541,77.82782844100035,2026-02-07T15:52:24+00:00,20,gfs.20260207/12/atmos/gfs.t12z.pgrb2.0p25.f020,"""943ff846f3d784056b6d78228e0e9ac2""",bilinear_uv_temperature,43.643198,78.538828
1,2026-02-07T18:00:00+00:00,2026-02-07T12:00:00+00:00,2026-02-08T09:00:00+00:00,15,6.207442748586411,3.368277609826009,78.47281090931807,2026-02-07T15:52:37+00:00,21,gfs.20260207/12/atmos/gfs.t12z.pgrb2.0p25.f021,"""c9d2d0d3fd117f63ba326990fa9bd260""",bilinear_uv_temperature,43.64515,78.535604
2,2026-02-07T18:00:00+00:00,2026-02-07T12:00:00+00:00,2026-02-08T09:00:00+00:00,15,6.163852510412836,3.3341345050682207,78.67513052180928,2026-02-07T15:52:37+00:00,21,gfs.20260207/12/atmos/gfs.t12z.pgrb2.0p25.f021,"""c9d2d0d3fd117f63ba326990fa9bd260""",bilinear_uv_temperature,43.643198,78.538828
1,2026-02-07T18:00:00+00:00,2026-02-07T12:00:00+00:00,2026-02-08T10:00:00+00:00,16,8.371257423198267,3.31016901493399,78.15024512632998,2026-02-07T15:52:49+00:00,22,gfs.20260207/12/atmos/gfs.t12z.pgrb2.0p25.f022,"""cc386ed33cf56fff660b37b5f651842f""",bilinear_uv_temperature,43.64515,78.535604
2,2026-02-07T18:00:00+00:00,2026-02-07T12:00:00+00:00,2026-02-08T10:00:00+00:00,16,8.30001296201807,3.2769859914741915,78.41339752263036,2026-02-07T15:52:49+00:00,22,gfs.20260207/12/atmos/gfs.t12z.pgrb2.0p25.f022,"""cc386ed33cf56fff660b37b5f651842f""",bilinear_uv_temperature,43.643198,78.538828
1,2026-02-07T18:00:00+00:00,2026-02-07T12:00:00+00:00,2026-02-08T11:00:00+00:00,17,9.912177294892732,2.2312496823159904,78.31454757812843,2026-02-07T15:52:48+00:00,23,gfs.20260207/12/atmos/gfs.t12z.pgrb2.0p25.f023,"""6c79b58e6ec35bf8e04eda6c392dd9de""",bilinear_uv_temperature,43.64515,78.535604
2,2026-02-07T18:00:00+00:00,2026-02-07T12:00:00+00:00,2026-02-08T11:00:00+00:00,17,9.81409033071872,2.19276394641588,78.64618090317565,2026-02-07T15:52:48+00:00,23,gfs.20260207/12/atmos/gfs.t12z.pgrb2.0p25.f023,"""6c79b58e6ec35bf8e04eda6c392dd9de""",bilinear_uv_temperature,43.643198,78.538828
1,2026-02-07T18:00:00+00:00,2026-02-07T12:00:00+00:00,2026-02-08T12:00:00+00:00,18,10.591216478783,0.2934947650720119,80.62520063333218,2026-02-07T15:53:30+00:00,24,gfs.20260207/12/atmos/gfs.t12z.pgrb2.0p25.f024,"""166f67c2cd847ce3fd77093822a119ea""",bilinear_uv_temperature,43.64515,78.535604
2,2026-02-07T18:00:00+00:00,2026-02-07T12:00:00+00:00,2026-02-08T12:00:00+00:00,18,10.488766743089165,0.25038629073731045,80.95200138004208,2026-02-07T15:53:30+00:00,24,gfs.20260207/12/atmos/gfs.t12z.pgrb2.0p25.f024,"""166f67c2cd847ce3fd77093822a119ea""",bilinear_uv_temperature,43.643198,78.538828
1,2026-02-07T18:00:00+00:00,2026-02-07T12:00:00+00:00,2026-02-08T13:00:00+00:00,19,10.354525748250158,-0.66588628483197,82.64624043981838,2026-02-07T15:53:50+00:00,25,gfs.20260207/12/atmos/gfs.t12z.pgrb2.0p25.f025,"""24b18ffb56fde62eb3dee81169c59e12""",bilinear_uv_temperature,43.64515,78.535604
2,2026-02-07T18:00:00+00:00,2026-02-07T12:00:00+00:00,2026-02-08T13:00:00+00:00,19,10.260315264472398,-0.7101782278796804,83.09976287060448,2026-02-07T15:53:50+00:00,25,gfs.20260207/12/atmos/gfs.t12z.pgrb2.0p25.f025,"""24b18ffb56fde62eb3dee81169c59e12""",bilinear_uv_temperature,43.643198,78.538828
1,2026-02-07T18:00:00+00:00,2026-02-07T12:00:00+00:00,2026-02-08T14:00:00+00:00,20,10.539318506502829,-1.4329165507040216,84.81635948666602,2026-02-07T15:53:53+00:00,26,gfs.20260207/12/atmos/gfs.t12z.pgrb2.0p25.f026,"""e93194dffe065e6457207a967e7dbf10""",bilinear_uv_temperature,43.64515,78.535604
2,2026-02-07T18:00:00+00:00,2026-02-07T12:00:00+00:00,2026-02-08T14:00:00+00:00,20,10.433099446651282,-1.4737492564089507,85.26698605272905,2026-02-07T15:53:53+00:00,26,gfs.20260207/12/atmos/gfs.t12z.pgrb2.0p25.f026,"""e93194dffe065e6457207a967e7dbf10""",bilinear_uv_temperature,43.643198,78.538828
1,2026-02-07T18:00:00+00:00,2026-02-07T12:00:00+00:00,2026-02-08T15:00:00+00:00,21,10.847691570573707,-1.7280491450399609,84.57585458901876,2026-02-07T15:39:48+00:00,27,gfs.20260207/12/atmos/gfs.t12z.pgrb2.0p25.f027,"""a071c0ec394f42411352c3b040c20633""",bilinear_uv_temperature,43.64515,78.535604
2,2026-02-07T18:00:00+00:00,2026-02-07T12:00:00+00:00,2026-02-08T15:00:00+00:00,21,10.740453379749841,-1.7603126440096162,85.01664878210408,2026-02-07T15:39:48+00:00,27,gfs.20260207/12/atmos/gfs.t12z.pgrb2.0p25.f027,"""a071c0ec394f42411352c3b040c20633""",bilinear_uv_temperature,43.643198,78.538828
1,2026-02-07T18:00:00+00:00,2026-02-07T12:00:00+00:00,2026-02-08T16:00:00+00:00,22,11.15402857381795,-1.7588105147839883,86.49344503364371,2026-02-07T15:54:23+00:00,28,gfs.20260207/12/atmos/gfs.t12z.pgrb2.0p25.f028,"""8f144860f68f9e38654530bac66fd118""",bilinear_uv_temperature,43.64515,78.535604
2,2026-02-07T18:00:00+00:00,2026-02-07T12:00:00+00:00,2026-02-08T16:00:00+00:00,22,11.053274282257934,-1.7870772321880963,86.90928120851311,2026-02-07T15:54:23+00:00,28,gfs.20260207/12/atmos/gfs.t12z.pgrb2.0p25.f028,"""8f144860f68f9e38654530bac66fd118""",bilinear_uv_temperature,43.643198,78.538828
1,2026-02-07T18:00:00+00:00,2026-02-07T12:00:00+00:00,2026-02-08T17:00:00+00:00,23,11.21669718125561,-1.8732907575359832,88.89166402904951,2026-02-07T15:54:36+00:00,29,gfs.20260207/12/atmos/gfs.t12z.pgrb2.0p25.f029,"""9c6822170b84875fe205b1963a8d4273""",bilinear_uv_temperature,43.64515,78.535604
2,2026-02-07T18:00:00+00:00,2026-02-07T12:00:00+00:00,2026-02-08T17:00:00+00:00,23,11.122916325461965,-1.9015180331685997,89.31429894635266,2026-02-07T15:54:36+00:00,29,gfs.20260207/12/atmos/gfs.t12z.pgrb2.0p25.f029,"""9c6822170b84875fe205b1963a8d4273""",bilinear_uv_temperature,43.643198,78.538828
1,2026-02-07T18:00:00+00:00,2026-02-07T12:00:00+00:00,2026-02-08T18:00:00+00:00,24,11.619844935008606,-2.139368882691997,90.61668016697266,2026-02-07T15:54:50+00:00,30,gfs.20260207/12/atmos/gfs.t12z.pgrb2.0p25.f030,"""b17caff1abe9c7beb3b360f19594e3a8""",bilinear_uv_temperature,43.64515,78.535604
2,2026-02-07T18:00:00+00:00,2026-02-07T12:00:00+00:00,2026-02-08T18:00:00+00:00,24,11.51905992083314,-2.1723581052660847,91.03010045396353,2026-02-07T15:54:50+00:00,30,gfs.20260207/12/atmos/gfs.t12z.pgrb2.0p25.f030,"""b17caff1abe9c7beb3b360f19594e3a8""",bilinear_uv_temperature,43.643198,78.538828
1,2026-02-07T18:00:00+00:00,2026-02-07T12:00:00+00:00,2026-02-08T19:00:00+00:00,25,12.118712608405811,-2.38722011863797,91.74145393747082,2026-02-07T15:40:33+00:00,31,gfs.20260207/12/atmos/gfs.t12z.pgrb2.0p25.f031,"""010bccc1d3ea6df73c2599203cd4be2c""",bilinear_uv_temperature,43.64515,78.535604
2,2026-02-07T18:00:00+00:00,2026-02-07T12:00:00+00:00,2026-02-08T19:00:00+00:00,25,12.015243878200511,-2.4226154940031392,92.13442766918747,2026-02-07T15:40:33+00:00,31,gfs.20260207/12/atmos/gfs.t12z.pgrb2.0p25.f031,"""010bccc1d3ea6df73c2599203cd4be2c""",bilinear_uv_temperature,43.643198,78.538828
1,2026-02-07T18:00:00+00:00,2026-02-07T12:00:00+00:00,2026-02-08T20:00:00+00:00,26,12.256399024493858,-2.621320380907946,92.57484766937375,2026-02-07T15:55:15+00:00,32,gfs.20260207/12/atmos/gfs.t12z.pgrb2.0p25.f032,"""908d213fd9c485427702ea861ea00bdc""",bilinear_uv_temperature,43.64515,78.535604
2,2026-02-07T18:00:00+00:00,2026-02-07T12:00:00+00:00,2026-02-08T20:00:00+00:00,26,12.152169582929009,-2.66278345919784,92.96609476962408,2026-02-07T15:55:15+00:00,32,gfs.20260207/12/atmos/gfs.t12z.pgrb2.0p25.f032,"""908d213fd9c485427702ea861ea00bdc""",bilinear_uv_temperature,43.643198,78.538828
1,2026-02-07T18:00:00+00:00,2026-02-07T12:00:00+00:00,2026-02-08T21:00:00+00:00,27,12.683706246849395,-2.9066837851399896,90.7205971388602,2026-02-07T15:55:44+00:00,33,gfs.20260207/12/atmos/gfs.t12z.pgrb2.0p25.f033,"""24ec885a0923b1e51985b8f0d96f9473""",bilinear_uv_temperature,43.64515,78.535604
2,2026-02-07T18:00:00+00:00,2026-02-07T12:00:00+00:00,2026-02-08T21:00:00+00:00,27,12.55755520305853,-2.9529750787336297,91.12296150450541,2026-02-07T15:55:44+00:00,33,gfs.20260207/12/atmos/gfs.t12z.pgrb2.0p25.f033,"""24ec885a0923b1e51985b8f0d96f9473""",bilinear_uv_temperature,43.643198,78.538828
1,2026-02-07T18:00:00+00:00,2026-02-07T12:00:00+00:00,2026-02-08T22:00:00+00:00,28,12.952504235773356,-3.462382238786006,88.70180859748116,2026-02-07T15:56:48+00:00,34,gfs.20260207/12/atmos/gfs.t12z.pgrb2.0p25.f034,"""e46dd770d807fdc7562b9ea7d8ef15ee""",bilinear_uv_temperature,43.64515,78.535604
2,2026-02-07T18:00:00+00:00,2026-02-07T12:00:00+00:00,2026-02-08T22:00:00+00:00,28,12.817239633702723,-3.5033618344185697,89.10916278748971,2026-02-07T15:56:48+00:00,34,gfs.20260207/12/atmos/gfs.t12z.pgrb2.0p25.f034,"""e46dd770d807fdc7562b9ea7d8ef15ee""",bilinear_uv_temperature,43.643198,78.538828
1,2026-02-07T18:00:00+00:00,2026-02-07T12:00:00+00:00,2026-02-08T23:00:00+00:00,29,13.014843302949092,-3.646185197253999,87.4265283772039,2026-02-07T15:56:38+00:00,35,gfs.20260207/12/atmos/gfs.t12z.pgrb2.0p25.f035,"""3935eaf215feee36dd647097a46db54e""",bilinear_uv_temperature,43.64515,78.535604
2,2026-02-07T18:00:00+00:00,2026-02-07T12:00:00+00:00,2026-02-08T23:00:00+00:00,29,12.872261625783976,-3.6843496068308923,87.83506520164777,2026-02-07T15:56:38+00:00,35,gfs.20260207/12/atmos/gfs.t12z.pgrb2.0p25.f035,"""3935eaf215feee36dd647097a46db54e""",bilinear_uv_temperature,43.643198,78.538828
1,2026-02-07T18:00:00+00:00,2026-02-07T12:00:00+00:00,2026-02-09T00:00:00+00:00,30,13.078031976833397,-3.635165215569998,86.28110134808648,2026-02-07T15:42:20+00:00,36,gfs.20260207/12/atmos/gfs.t12z.pgrb2.0p25.f036,"""4948eae3cc0f3057e9f3ab3285e1be66""",bilinear_uv_temperature,43.64515,78.535604
2,2026-02-07T18:00:00+00:00,2026-02-07T12:00:00+00:00,2026-02-09T00:00:00+00:00,30,12.93372514543159,-3.673567275486789,86.68426652129084,2026-02-07T15:42:20+00:00,36,gfs.20260207/12/atmos/gfs.t12z.pgrb2.0p25.f036,"""4948eae3cc0f3057e9f3ab3285e1be66""",bilinear_uv_temperature,43.643198,78.538828
1,2026-02-07T18:00:00+00:00,2026-02-07T12:00:00+00:00,2026-02-09T01:00:00+00:00,31,12.721492170315845,-3.4386115673800077,85.30696805644037,2026-02-07T15:56:40+00:00,37,gfs.20260207/12/atmos/gfs.t12z.pgrb2.0p25.f037,"""7274250dd30aa2a1644d1a8a96fec096""",bilinear_uv_temperature,43.64515,78.535604
2,2026-02-07T18:00:00+00:00,2026-02-07T12:00:00+00:00,2026-02-09T01:00:00+00:00,31,12.580490729242115,-3.4729079360711808,85.73498866584978,2026-02-07T15:56:40+00:00,37,gfs.20260207/12/atmos/gfs.t12z.pgrb2.0p25.f037,"""7274250dd30aa2a1644d1a8a96fec096""",bilinear_uv_temperature,43.643198,78.538828
1,2026-02-07T18:00:00+00:00,2026-02-07T12:00:00+00:00,2026-02-09T02:00:00+00:00,32,12.54302337457643,-3.043447013070022,83.93500459672228,2026-02-07T15:56:55+00:00,38,gfs.20260207/12/atmos/gfs.t12z.pgrb2.0p25.f038,"""52be825fde73daab04d2dbc9dcfc0e52""",bilinear_uv_temperature,43.64515,78.535604
2,2026-02-07T18:00:00+00:00,2026-02-07T12:00:00+00:00,2026-02-09T02:00:00+00:00,32,12.399315248681667,-3.077038832986773,84.35700697466035,2026-02-07T15:56:55+00:00,38,gfs.20260207/12/atmos/gfs.t12z.pgrb2.0p25.f038,"""52be825fde73daab04d2dbc9dcfc0e52""",bilinear_uv_temperature,43.643198,78.538828
1,2026-02-07T18:00:00+00:00,2026-02-07T12:00:00+00:00,2026-02-09T03:00:00+00:00,33,12.210741135422975,-2.1464291751880182,81.58774781466543,2026-02-07T15:57:37+00:00,39,gfs.20260207/12/atmos/gfs.t12z.pgrb2.0p25.f039,"""4a066d1d9f1a11039a31128cef76d383""",bilinear_uv_temperature,43.64515,78.535604
2,2026-02-07T18:00:00+00:00,2026-02-07T12:00:00+00:00,2026-02-09T03:00:00+00:00,33,12.068535283834125,-2.176575134425093,82.01036659011528,2026-02-07T15:57:37+00:00,39,gfs.20260207/12/atmos/gfs.t12z.pgrb2.0p25.f039,"""4a066d1d9f1a11039a31128cef76d383""",bilinear_uv_temperature,43.643198,78.538828
1,2026-02-07T18:00:00+00:00,2026-02-07T12:00:00+00:00,2026-02-09T04:00:00+00:00,34,12.011526119720108,-0.6677131162339833,81.08322541439692,2026-02-07T15:57:38+00:00,40,gfs.20260207/12/atmos/gfs.t12z.pgrb2.0p25.f040,"""d59276287fc48db0fe1af02cbc61bf04""",bilinear_uv_temperature,43.64515,78.535604
2,2026-02-07T18:00:00+00:00,2026-02-07T12:00:00+00:00,2026-02-09T04:00:00+00:00,34,11.860944777253986,-0.6908130228861182,81.47797674394047,2026-02-07T15:57:38+00:00,40,gfs.20260207/12/atmos/gfs.t12z.pgrb2.0p25.f040,"""d59276287fc48db0fe1af02cbc61bf04""",bilinear_uv_temperature,43.643198,78.538828
1,2026-02-07T18:00:00+00:00,2026-02-07T12:00:00+00:00,2026-02-09T05:00:00+00:00,35,12.607976609905053,1.0975834502680186,77.46224983737639,2026-02-07T15:57:56+00:00,41,gfs.20260207/12/atmos/gfs.t12z.pgrb2.0p25.f041,"""ea2cf60be9f8f2a226acbb93e739202b""",bilinear_uv_temperature,43.64515,78.535604
2,2026-02-07T18:00:00+00:00,2026-02-07T12:00:00+00:00,2026-02-09T05:00:00+00:00,35,12.447681607039636,1.0780322618443279,77.82605728353451,2026-02-07T15:57:56+00:00,41,gfs.20260207/12/atmos/gfs.t12z.pgrb2.0p25.f041,"""ea2cf60be9f8f2a226acbb93e739202b""",bilinear_uv_temperature,43.643198,78.538828
1,2026-02-07T18:00:00+00:00,2026-02-07T12:00:00+00:00,2026-02-09T06:00:00+00:00,36,12.601165775626699,2.7883702545260576,78.06332529032375,2026-02-07T15:58:11+00:00,42,gfs.20260207/12/atmos/gfs.t12z.pgrb2.0p25.f042,"""43c11757e6501e01ac2403e8c447a5b5""",bilinear_uv_temperature,43.64515,78.535604
2,2026-02-07T18:00:00+00:00,2026-02-07T12:00:00+00:00,2026-02-09T06:00:00+00:00,36,12.441460622717637,2.7644596058963202,78.40496387350879,2026-02-07T15:58:11+00:00,42,gfs.20260207/12/atmos/gfs.t12z.pgrb2.0p25.f042,"""43c11757e6501e01ac2403e8c447a5b5""",bilinear_uv_temperature,43.643198,78.538828
1,2026-02-07T18:00:00+00:00,2026-02-07T12:00:00+00:00,2026-02-09T07:00:00+00:00,37,12.29418756244311,3.7833328689139876,79.22280066807043,2026-02-07T15:58:19+00:00,43,gfs.20260207/12/atmos/gfs.t12z.pgrb2.0p25.f043,"""a7f48e7ddba46c1a609431100281bc75""",bilinear_uv_temperature,43.64515,78.535604
2,2026-02-07T18:00:00+00:00,2026-02-07T12:00:00+00:00,2026-02-09T07:00:00+00:00,37,12.144140553279154,3.7593560625294344,79.52153994335562,2026-02-07T15:58:19+00:00,43,gfs.20260207/12/atmos/gfs.t12z.pgrb2.0p25.f043,"""a7f48e7ddba46c1a609431100281bc75""",bilinear_uv_temperature,43.643198,78.538828
1,2026-02-07T18:00:00+00:00,2026-02-07T12:00:00+00:00,2026-02-09T08:00:00+00:00,38,11.748539501245869,4.853320084959989,78.93201096579712,2026-02-07T15:43:51+00:00,44,gfs.20260207/12/atmos/gfs.t12z.pgrb2.0p25.f044,"""a304b761395fda5843b9cf2beddbdb0e""",bilinear_uv_temperature,43.64515,78.535604
2,2026-02-07T18:00:00+00:00,2026-02-07T12:00:00+00:00,2026-02-09T08:00:00+00:00,38,11.601906329554588,4.824286985990511,79.22050281398091,2026-02-07T15:43:51+00:00,44,gfs.20260207/12/atmos/gfs.t12z.pgrb2.0p25.f044,"""a304b761395fda5843b9cf2beddbdb0e""",bilinear_uv_temperature,43.643198,78.538828
1,2026-02-07T18:00:00+00:00,2026-02-07T12:00:00+00:00,2026-02-09T09:00:00+00:00,39,11.12419481290406,5.202335632282029,77.40753276808796,2026-02-07T15:44:28+00:00,45,gfs.20260207/12/atmos/gfs.t12z.pgrb2.0p25.f045,"""aa8281462546374d2b40400cf16e5653""",bilinear_uv_temperature,43.64515,78.535604
2,2026-02-07T18:00:00+00:00,2026-02-07T12:00:00+00:00,2026-02-09T09:00:00+00:00,39,10.984087788363665,5.172125765217743,77.69081646050834,2026-02-07T15:44:28+00:00,45,gfs.20260207/12/atmos/gfs.t12z.pgrb2.0p25.f045,"""aa8281462546374d2b40400cf16e5653""",bilinear_uv_temperature,43.643198,78.538828
1,2026-02-07T18:00:00+00:00,2026-02-07T12:00:00+00:00,2026-02-09T10:00:00+00:00,40,9.798236156146707,4.697088018279999,75.17579881716293,2026-02-07T15:44:44+00:00,46,gfs.20260207/12/atmos/gfs.t12z.pgrb2.0p25.f046,"""b58a9c140ae508dedbbc8ac2187a18a6""",bilinear_uv_temperature,43.64515,78.535604
2,2026-02-07T18:00:00+00:00,2026-02-07T12:00:00+00:00,2026-02-09T10:00:00+00:00,40,9.667390709959355,4.6679835129872345,75.55615067685855,2026-02-07T15:44:44+00:00,46,gfs.20260207/12/atmos/gfs.t12z.pgrb2.0p25.f046,"""b58a9c140ae508dedbbc8ac2187a18a6""",bilinear_uv_temperature,43.643198,78.538828
1,2026-02-07T18:00:00+00:00,2026-02-07T12:00:00+00:00,2026-02-09T11:00:00+00:00,41,8.668549914954454,3.7319935946559895,71.0425812771695,2026-02-07T15:59:40+00:00,47,gfs.20260207/12/atmos/gfs.t12z.pgrb2.0p25.f047,"""aa8dbbdd87b807ac7c744a4323537fe2""",bilinear_uv_temperature,43.64515,78.535604
2,2026-02-07T18:00:00+00:00,2026-02-07T12:00:00+00:00,2026-02-09T11:00:00+00:00,41,8.542616540775462,3.6951925684774665,71.30038710872435,2026-02-07T15:59:40+00:00,47,gfs.20260207/12/atmos/gfs.t12z.pgrb2.0p25.f047,"""aa8dbbdd87b807ac7c744a4323537fe2""",bilinear_uv_temperature,43.643198,78.538828
1,2026-02-07T18:00:00+00:00,2026-02-07T12:00:00+00:00,2026-02-09T12:00:00+00:00,42,6.020474814935329,2.278711884830045,61.53399744408862,2026-02-07T15:59:46+00:00,48,gfs.20260207/12/atmos/gfs.t12z.pgrb2.0p25.f048,"""972f95f248786dea52b14912ec5ee7c1""",bilinear_uv_temperature,43.64515,78.535604
2,2026-02-07T18:00:00+00:00,2026-02-07T12:00:00+00:00,2026-02-09T12:00:00+00:00,42,5.923409877047329,2.235656203409235,61.70261092407755,2026-02-07T15:59:46+00:00,48,gfs.20260207/12/atmos/gfs.t12z.pgrb2.0p25.f048,"""972f95f248786dea52b14912ec5ee7c1""",bilinear_uv_temperature,43.643198,78.538828
1,2026-02-07T18:00:00+00:00,2026-02-07T12:00:00+00:00,2026-02-09T13:00:00+00:00,43,4.069192135611149,0.9938044682979807,56.19453404641438,2026-02-07T15:45:19+00:00,49,gfs.20260207/12/atmos/gfs.t12z.pgrb2.0p25.f049,"""b7b6869255c2286995578d2335611b85""",bilinear_uv_temperature,43.64515,78.535604
2,2026-02-07T18:00:00+00:00,2026-02-07T12:00:00+00:00,2026-02-09T13:00:00+00:00,43,3.978435800355239,0.9534772808215166,56.10649721471085,2026-02-07T15:45:19+00:00,49,gfs.20260207/12/atmos/gfs.t12z.pgrb2.0p25.f049,"""b7b6869255c2286995578d2335611b85""",bilinear_uv_temperature,43.643198,78.538828
1,2026-02-07T18:00:00+00:00,2026-02-07T12:00:00+00:00,2026-02-09T14:00:00+00:00,44,3.105184018748636,0.7964099718959687,63.0681603087334,2026-02-07T16:00:06+00:00,50,gfs.20260207/12/atmos/gfs.t12z.pgrb2.0p25.f050,"""4b83c33f56ebcfba3443e1c4052407b3""",bilinear_uv_temperature,43.64515,78.535604
2,2026-02-07T18:00:00+00:00,2026-02-07T12:00:00+00:00,2026-02-09T14:00:00+00:00,44,3.019001397705047,0.765344260815084,62.887674004311975,2026-02-07T16:00:06+00:00,50,gfs.20260207/12/atmos/gfs.t12z.pgrb2.0p25.f050,"""4b83c33f56ebcfba3443e1c4052407b3""",bilinear_uv_temperature,43.643198,78.538828
1,2026-02-07T18:00:00+00:00,2026-02-07T12:00:00+00:00,2026-02-09T15:00:00+00:00,45,2.7668370395628528,0.8069929561060007,79.11017839057793,2026-02-07T16:00:26+00:00,51,gfs.20260207/12/atmos/gfs.t12z.pgrb2.0p25.f051,"""8dc82076c0fe8df0fc04a531a36cd8c0""",bilinear_uv_temperature,43.64515,78.535604
2,2026-02-07T18:00:00+00:00,2026-02-07T12:00:00+00:00,2026-02-09T15:00:00+00:00,45,2.687537603710156,0.7819361591754728,79.26009444570192,2026-02-07T16:00:26+00:00,51,gfs.20260207/12/atmos/gfs.t12z.pgrb2.0p25.f051,"""8dc82076c0fe8df0fc04a531a36cd8c0""",bilinear_uv_temperature,43.643198,78.538828
1,2026-02-07T18:00:00+00:00,2026-02-07T12:00:00+00:00,2026-02-09T16:00:00+00:00,46,2.623256514353871,0.5708168049820301,79.53855109496192,2026-02-07T16:00:42+00:00,52,gfs.20260207/12/atmos/gfs.t12z.pgrb2.0p25.f052,"""c88267503aefd2aad06b5c549bb03353""",bilinear_uv_temperature,43.64515,78.535604
2,2026-02-07T18:00:00+00:00,2026-02-07T12:00:00+00:00,2026-02-09T16:00:00+00:00,46,2.5427025733927806,0.5554356471657229,79.59670937673408,2026-02-07T16:00:42+00:00,52,gfs.20260207/12/atmos/gfs.t12z.pgrb2.0p25.f052,"""c88267503aefd2aad06b5c549bb03353""",bilinear_uv_temperature,43.643198,78.538828
1,2026-02-07T18:00:00+00:00,2026-02-07T12:00:00+00:00,2026-02-09T17:00:00+00:00,47,2.5082390287777923,0.8218644705199836,82.84432721024191,2026-02-07T15:46:29+00:00,53,gfs.20260207/12/atmos/gfs.t12z.pgrb2.0p25.f053,"""2093d44542ab037506ee3087e75d5d53""",bilinear_uv_temperature,43.64515,78.535604
2,2026-02-07T18:00:00+00:00,2026-02-07T12:00:00+00:00,2026-02-09T17:00:00+00:00,47,2.4369395706025885,0.8045653603248297,83.08024685930575,2026-02-07T15:46:29+00:00,53,gfs.20260207/12/atmos/gfs.t12z.pgrb2.0p25.f053,"""2093d44542ab037506ee3087e75d5d53""",bilinear_uv_temperature,43.643198,78.538828
1,2026-02-07T18:00:00+00:00,2026-02-07T12:00:00+00:00,2026-02-09T18:00:00+00:00,48,3.2153585573848447,1.1704811726979756,84.95421823525089,2026-02-07T16:01:21+00:00,54,gfs.20260207/12/atmos/gfs.t12z.pgrb2.0p25.f054,"""ace6ae8be25d696b594ecea9f15aff37""",bilinear_uv_temperature,43.64515,78.535604
2,2026-02-07T18:00:00+00:00,2026-02-07T12:00:00+00:00,2026-02-09T18:00:00+00:00,48,3.1485349712779236,1.1603433774775453,85.18116198985936,2026-02-07T16:01:21+00:00,54,gfs.20260207/12/atmos/gfs.t12z.pgrb2.0p25.f054,"""ace6ae8be25d696b594ecea9f15aff37""",bilinear_uv_temperature,43.643198,78.538828
1,2026-02-08T18:00:00+00:00,2026-02-08T12:00:00+00:00,2026-02-08T19:00:00+00:00,1,12.3351336054986,-2.8790554505000046,91.52279582090281,2026-02-08T15:48:58+00:00,7,gfs.20260208/12/atmos/gfs.t12z.pgrb2.0p25.f007,"""dc2b4bfc542f91ef5fdf77a4efc9c4e7""",bilinear_uv_temperature,43.64515,78.535604
2,2026-02-08T18:00:00+00:00,2026-02-08T12:00:00+00:00,2026-02-08T19:00:00+00:00,1,12.224798991831113,-2.9220424236200415,91.90014485092304,2026-02-08T15:48:58+00:00,7,gfs.20260208/12/atmos/gfs.t12z.pgrb2.0p25.f007,"""dc2b4bfc542f91ef5fdf77a4efc9c4e7""",bilinear_uv_temperature,43.643198,78.538828
1,2026-02-08T18:00:00+00:00,2026-02-08T12:00:00+00:00,2026-02-08T20:00:00+00:00,2,12.734785928726092,-3.349361601011992,91.00621011099413,2026-02-08T15:49:38+00:00,8,gfs.20260208/12/atmos/gfs.t12z.pgrb2.0p25.f008,"""038f6c6609c2fab32f433062048a9630""",bilinear_uv_temperature,43.64515,78.535604
2,2026-02-08T18:00:00+00:00,2026-02-08T12:00:00+00:00,2026-02-08T20:00:00+00:00,2,12.617001706461856,-3.395314297262871,91.37566018402282,2026-02-08T15:49:38+00:00,8,gfs.20260208/12/atmos/gfs.t12z.pgrb2.0p25.f008,"""038f6c6609c2fab32f433062048a9630""",bilinear_uv_temperature,43.643198,78.538828
1,2026-02-08T18:00:00+00:00,2026-02-08T12:00:00+00:00,2026-02-08T21:00:00+00:00,3,12.712151736276137,-3.8041340720059793,89.0964703890387,2026-02-08T15:49:54+00:00,9,gfs.20260208/12/atmos/gfs.t12z.pgrb2.0p25.f009,"""936a73ab6a19fb9ec817f0f0ee140b1c""",bilinear_uv_temperature,43.64515,78.535604
2,2026-02-08T18:00:00+00:00,2026-02-08T12:00:00+00:00,2026-02-08T21:00:00+00:00,3,12.585338431005484,-3.8461917466914315,89.47598717883388,2026-02-08T15:49:54+00:00,9,gfs.20260208/12/atmos/gfs.t12z.pgrb2.0p25.f009,"""936a73ab6a19fb9ec817f0f0ee140b1c""",bilinear_uv_temperature,43.643198,78.538828
1,2026-02-08T18:00:00+00:00,2026-02-08T12:00:00+00:00,2026-02-08T22:00:00+00:00,4,12.544044171063542,-3.8536827704999723,88.88567084249496,2026-02-08T15:50:03+00:00,10,gfs.20260208/12/atmos/gfs.t12z.pgrb2.0p25.f010,"""3a21b8050eb64bf56602f693c451da44""",bilinear_uv_temperature,43.64515,78.535604
2,2026-02-08T18:00:00+00:00,2026-02-08T12:00:00+00:00,2026-02-08T22:00:00+00:00,4,12.413329028435044,-3.894272943619967,89.27418866984132,2026-02-08T15:50:03+00:00,10,gfs.20260208/12/atmos/gfs.t12z.pgrb2.0p25.f010,"""3a21b8050eb64bf56602f693c451da44""",bilinear_uv_temperature,43.643198,78.538828
1,2026-02-08T18:00:00+00:00,2026-02-08T12:00:00+00:00,2026-02-08T23:00:00+00:00,5,12.577568139582992,-3.7846763429739667,87.5222332465563,2026-02-08T15:50:10+00:00,11,gfs.20260208/12/atmos/gfs.t12z.pgrb2.0p25.f011,"""cc8ffa6a1f69c84e9824ac3cd13db360""",bilinear_uv_temperature,43.64515,78.535604
2,2026-02-08T18:00:00+00:00,2026-02-08T12:00:00+00:00,2026-02-08T23:00:00+00:00,5,12.440147688754255,-3.8259489116037457,87.915935739384,2026-02-08T15:50:10+00:00,11,gfs.20260208/12/atmos/gfs.t12z.pgrb2.0p25.f011,"""cc8ffa6a1f69c84e9824ac3cd13db360""",bilinear_uv_temperature,43.643198,78.538828
1,2026-02-08T18:00:00+00:00,2026-02-08T12:00:00+00:00,2026-02-09T00:00:00+00:00,6,12.052544296768273,-3.7112719721839653,83.69217803796583,2026-02-08T15:50:36+00:00,12,gfs.20260208/12/atmos/gfs.t12z.pgrb2.0p25.f012,"""7c2a740688ac5ac3a0e6e01a82ee3068""",bilinear_uv_temperature,43.64515,78.535604
2,2026-02-08T18:00:00+00:00,2026-02-08T12:00:00+00:00,2026-02-09T00:00:00+00:00,6,11.916199839899624,-3.7486408149641193,84.0956813243379,2026-02-08T15:50:36+00:00,12,gfs.20260208/12/atmos/gfs.t12z.pgrb2.0p25.f012,"""7c2a740688ac5ac3a0e6e01a82ee3068""",bilinear_uv_temperature,43.643198,78.538828
1,2026-02-08T18:00:00+00:00,2026-02-08T12:00:00+00:00,2026-02-09T01:00:00+00:00,7,11.415931162366709,-3.7913761860599493,83.61102460686419,2026-02-08T15:36:13+00:00,13,gfs.20260208/12/atmos/gfs.t12z.pgrb2.0p25.f013,"""a4ae4d70e5706247d1504b3b3fc33fb9""",bilinear_uv_temperature,43.64515,78.535604
2,2026-02-08T18:00:00+00:00,2026-02-08T12:00:00+00:00,2026-02-09T01:00:00+00:00,7,11.28584476021715,-3.8289371479543775,84.04184624274656,2026-02-08T15:36:13+00:00,13,gfs.20260208/12/atmos/gfs.t12z.pgrb2.0p25.f013,"""a4ae4d70e5706247d1504b3b3fc33fb9""",bilinear_uv_temperature,43.643198,78.538828
1,2026-02-08T18:00:00+00:00,2026-02-08T12:00:00+00:00,2026-02-09T02:00:00+00:00,8,11.133403405597104,-3.6625795365979457,81.2241146580667,2026-02-08T15:50:51+00:00,14,gfs.20260208/12/atmos/gfs.t12z.pgrb2.0p25.f014,"""98380d016a0d596328087d5cc5235377""",bilinear_uv_temperature,43.64515,78.535604
2,2026-02-08T18:00:00+00:00,2026-02-08T12:00:00+00:00,2026-02-09T02:00:00+00:00,8,11.000245471683375,-3.6955230261135057,81.67295640424804,2026-02-08T15:50:51+00:00,14,gfs.20260208/12/atmos/gfs.t12z.pgrb2.0p25.f014,"""98380d016a0d596328087d5cc5235377""",bilinear_uv_temperature,43.643198,78.538828
1,2026-02-08T18:00:00+00:00,2026-02-08T12:00:00+00:00,2026-02-09T03:00:00+00:00,9,11.039595480701033,-2.739130994761979,78.0479336729797,2026-02-08T15:51:50+00:00,15,gfs.20260208/12/atmos/gfs.t12z.pgrb2.0p25.f015,"""dca7ae77193726faedb93e59975746e2""",bilinear_uv_temperature,43.64515,78.535604
2,2026-02-08T18:00:00+00:00,2026-02-08T12:00:00+00:00,2026-02-09T03:00:00+00:00,9,10.89488644157631,-2.7630625710128243,78.4828115988789,2026-02-08T15:51:50+00:00,15,gfs.20260208/12/atmos/gfs.t12z.pgrb2.0p25.f015,"""dca7ae77193726faedb93e59975746e2""",bilinear_uv_temperature,43.643198,78.538828
1,2026-02-08T18:00:00+00:00,2026-02-08T12:00:00+00:00,2026-02-09T04:00:00+00:00,10,11.295110921227273,-1.052461933282018,76.04649404174802,2026-02-08T15:51:15+00:00,16,gfs.20260208/12/atmos/gfs.t12z.pgrb2.0p25.f016,"""99e2f8821c4fd43cc5b8d368c25f50a7""",bilinear_uv_temperature,43.64515,78.535604
2,2026-02-08T18:00:00+00:00,2026-02-08T12:00:00+00:00,2026-02-09T04:00:00+00:00,10,11.148922762521481,-1.0662013724576695,76.43166538610015,2026-02-08T15:51:15+00:00,16,gfs.20260208/12/atmos/gfs.t12z.pgrb2.0p25.f016,"""99e2f8821c4fd43cc5b8d368c25f50a7""",bilinear_uv_temperature,43.643198,78.538828
1,2026-02-08T18:00:00+00:00,2026-02-08T12:00:00+00:00,2026-02-09T05:00:00+00:00,11,11.674044091501367,0.9885033299260044,74.61894281738199,2026-02-08T15:51:55+00:00,17,gfs.20260208/12/atmos/gfs.t12z.pgrb2.0p25.f017,"""50f5ebcec220a734f23ba7bd3483cdd4""",bilinear_uv_temperature,43.64515,78.535604
2,2026-02-08T18:00:00+00:00,2026-02-08T12:00:00+00:00,2026-02-09T05:00:00+00:00,11,11.522050133403644,0.9725729797922895,74.96632580718605,2026-02-08T15:51:55+00:00,17,gfs.20260208/12/atmos/gfs.t12z.pgrb2.0p25.f017,"""50f5ebcec220a734f23ba7bd3483cdd4""",bilinear_uv_temperature,43.643198,78.538828
1,2026-02-08T18:00:00+00:00,2026-02-08T12:00:00+00:00,2026-02-09T06:00:00+00:00,12,12.155119974989208,2.505634426454037,74.45674696665556,2026-02-08T15:37:41+00:00,18,gfs.20260208/12/atmos/gfs.t12z.pgrb2.0p25.f018,"""1b0429d32e41011f1e05cfd24d0a1202""",bilinear_uv_temperature,43.64515,78.535604
2,2026-02-08T18:00:00+00:00,2026-02-08T12:00:00+00:00,2026-02-09T06:00:00+00:00,12,12.001589453932768,2.4887742390389462,74.72338213849385,2026-02-08T15:37:41+00:00,18,gfs.20260208/12/atmos/gfs.t12z.pgrb2.0p25.f018,"""1b0429d32e41011f1e05cfd24d0a1202""",bilinear_uv_temperature,43.643198,78.538828
1,2026-02-08T18:00:00+00:00,2026-02-08T12:00:00+00:00,2026-02-09T07:00:00+00:00,13,12.230572499308867,4.1360474983679865,77.37613062900716,2026-02-08T15:53:00+00:00,19,gfs.20260208/12/atmos/gfs.t12z.pgrb2.0p25.f019,"""c29d49b0189d9d0d7d19a338774afabd""",bilinear_uv_temperature,43.64515,78.535604
2,2026-02-08T18:00:00+00:00,2026-02-08T12:00:00+00:00,2026-02-09T07:00:00+00:00,13,12.084389283582446,4.109944677688304,77.62454642215879,2026-02-08T15:53:00+00:00,19,gfs.20260208/12/atmos/gfs.t12z.pgrb2.0p25.f019,"""c29d49b0189d9d0d7d19a338774afabd""",bilinear_uv_temperature,43.643198,78.538828
1,2026-02-08T18:00:00+00:00,2026-02-08T12:00:00+00:00,2026-02-09T08:00:00+00:00,14,11.921136916406278,4.832714558750013,79.79067574697571,2026-02-08T15:53:09+00:00,20,gfs.20260208/12/atmos/gfs.t12z.pgrb2.0p25.f020,"""ab8b8ca4d48026abcbfa997c02ffb3f7""",bilinear_uv_temperature,43.64515,78.535604
2,2026-02-08T18:00:00+00:00,2026-02-08T12:00:00+00:00,2026-02-09T08:00:00+00:00,14,11.788903533330851,4.799935358750076,80.05823156551237,2026-02-08T15:53:09+00:00,20,gfs.20260208/12/atmos/gfs.t12z.pgrb2.0p25.f020,"""ab8b8ca4d48026abcbfa997c02ffb3f7""",bilinear_uv_temperature,43.643198,78.538828
1,2026-02-08T18:00:00+00:00,2026-02-08T12:00:00+00:00,2026-02-09T09:00:00+00:00,15,11.007345437758518,4.521073653654014,75.1257902710425,2026-02-08T15:53:09+00:00,21,gfs.20260208/12/atmos/gfs.t12z.pgrb2.0p25.f021,"""637f34a5f43660ac81cda4c2c3cf1f93""",bilinear_uv_temperature,43.64515,78.535604
2,2026-02-08T18:00:00+00:00,2026-02-08T12:00:00+00:00,2026-02-09T09:00:00+00:00,15,10.868247833448219,4.490244642366974,75.40201089961269,2026-02-08T15:53:09+00:00,21,gfs.20260208/12/atmos/gfs.t12z.pgrb2.0p25.f021,"""637f34a5f43660ac81cda4c2c3cf1f93""",bilinear_uv_temperature,43.643198,78.538828
1,2026-02-08T18:00:00+00:00,2026-02-08T12:00:00+00:00,2026-02-09T10:00:00+00:00,16,9.5072752808117,4.302192764144024,75.87957007478064,2026-02-08T15:53:15+00:00,22,gfs.20260208/12/atmos/gfs.t12z.pgrb2.0p25.f022,"""811a96b31ad0919444d8cae88e950c81""",bilinear_uv_temperature,43.64515,78.535604
2,2026-02-08T18:00:00+00:00,2026-02-08T12:00:00+00:00,2026-02-09T10:00:00+00:00,16,9.38907088508571,4.268796894834566,76.17237773558941,2026-02-08T15:53:15+00:00,22,gfs.20260208/12/atmos/gfs.t12z.pgrb2.0p25.f022,"""811a96b31ad0919444d8cae88e950c81""",bilinear_uv_temperature,43.643198,78.538828
1,2026-02-08T18:00:00+00:00,2026-02-08T12:00:00+00:00,2026-02-09T11:00:00+00:00,17,7.424574021708781,3.4458997838140135,69.9715433071783,2026-02-08T15:38:57+00:00,23,gfs.20260208/12/atmos/gfs.t12z.pgrb2.0p25.f023,"""b196c2aae17cb6ad349ce52a54005090""",bilinear_uv_temperature,43.64515,78.535604
2,2026-02-08T18:00:00+00:00,2026-02-08T12:00:00+00:00,2026-02-09T11:00:00+00:00,17,7.332442789261648,3.4066449428053716,70.25724869009137,2026-02-08T15:38:57+00:00,23,gfs.20260208/12/atmos/gfs.t12z.pgrb2.0p25.f023,"""b196c2aae17cb6ad349ce52a54005090""",bilinear_uv_temperature,43.643198,78.538828
1,2026-02-08T18:00:00+00:00,2026-02-08T12:00:00+00:00,2026-02-09T12:00:00+00:00,18,6.414516473478865,1.5989685226600159,66.3257034600256,2026-02-08T15:53:55+00:00,24,gfs.20260208/12/atmos/gfs.t12z.pgrb2.0p25.f024,"""77d8c399fd447dbda0dcff61dfe9c755""",bilinear_uv_temperature,43.64515,78.535604
2,2026-02-08T18:00:00+00:00,2026-02-08T12:00:00+00:00,2026-02-09T12:00:00+00:00,18,6.331422927676436,1.5594908529384384,66.6771067595827,2026-02-08T15:53:55+00:00,24,gfs.20260208/12/atmos/gfs.t12z.pgrb2.0p25.f024,"""77d8c399fd447dbda0dcff61dfe9c755""",bilinear_uv_temperature,43.643198,78.538828
1,2026-02-08T18:00:00+00:00,2026-02-08T12:00:00+00:00,2026-02-09T13:00:00+00:00,19,5.031271267069624,0.3300320553420306,66.82600498075404,2026-02-08T15:39:28+00:00,25,gfs.20260208/12/atmos/gfs.t12z.pgrb2.0p25.f025,"""b77d428abcbd954fab95e5720def8143""",bilinear_uv_temperature,43.64515,78.535604
2,2026-02-08T18:00:00+00:00,2026-02-08T12:00:00+00:00,2026-02-09T13:00:00+00:00,19,4.952793350714132,0.2990028970521621,67.09252009713528,2026-02-08T15:39:28+00:00,25,gfs.20260208/12/atmos/gfs.t12z.pgrb2.0p25.f025,"""b77d428abcbd954fab95e5720def8143""",bilinear_uv_temperature,43.643198,78.538828
1,2026-02-08T18:00:00+00:00,2026-02-08T12:00:00+00:00,2026-02-09T14:00:00+00:00,20,3.8427364211550104,0.06596783077600321,63.83252927527553,2026-02-08T15:54:12+00:00,26,gfs.20260208/12/atmos/gfs.t12z.pgrb2.0p25.f026,"""a68f41fa3f0e59c548a65622e5a16a6f""",bilinear_uv_temperature,43.64515,78.535604
2,2026-02-08T18:00:00+00:00,2026-02-08T12:00:00+00:00,2026-02-09T14:00:00+00:00,20,3.760600706075611,0.04477590214622751,63.96478022119343,2026-02-08T15:54:12+00:00,26,gfs.20260208/12/atmos/gfs.t12z.pgrb2.0p25.f026,"""a68f41fa3f0e59c548a65622e5a16a6f""",bilinear_uv_temperature,43.643198,78.538828
1,2026-02-08T18:00:00+00:00,2026-02-08T12:00:00+00:00,2026-02-09T15:00:00+00:00,21,3.5817969399307046,0.1970286718440093,77.93036679357944,2026-02-08T15:54:32+00:00,27,gfs.20260208/12/atmos/gfs.t12z.pgrb2.0p25.f027,"""70d73de2502e43e4e4857391f11a6295""",bilinear_uv_temperature,43.64515,78.535604
2,2026-02-08T18:00:00+00:00,2026-02-08T12:00:00+00:00,2026-02-09T15:00:00+00:00,21,3.508881238657688,0.18522983178257846,77.87467886991345,2026-02-08T15:54:32+00:00,27,gfs.20260208/12/atmos/gfs.t12z.pgrb2.0p25.f027,"""70d73de2502e43e4e4857391f11a6295""",bilinear_uv_temperature,43.643198,78.538828
1,2026-02-08T18:00:00+00:00,2026-02-08T12:00:00+00:00,2026-02-09T16:00:00+00:00,22,3.0232889069420907,0.5515890556200134,79.29648963845132,2026-02-08T15:55:19+00:00,28,gfs.20260208/12/atmos/gfs.t12z.pgrb2.0p25.f028,"""64bd5f1490d6ca9f0367d857d7e7b263""",bilinear_uv_temperature,43.64515,78.535604
2,2026-02-08T18:00:00+00:00,2026-02-08T12:00:00+00:00,2026-02-09T16:00:00+00:00,22,2.9434287170529307,0.5430319800488519,79.31036013939462,2026-02-08T15:55:19+00:00,28,gfs.20260208/12/atmos/gfs.t12z.pgrb2.0p25.f028,"""64bd5f1490d6ca9f0367d857d7e7b263""",bilinear_uv_temperature,43.643198,78.538828
1,2026-02-08T18:00:00+00:00,2026-02-08T12:00:00+00:00,2026-02-09T17:00:00+00:00,23,2.8121493374449216,0.9679901864399767,81.06434720230129,2026-02-08T15:55:33+00:00,29,gfs.20260208/12/atmos/gfs.t12z.pgrb2.0p25.f029,"""9640b061b3b703b6ed0fe97c8922be51""",bilinear_uv_temperature,43.64515,78.535604
2,2026-02-08T18:00:00+00:00,2026-02-08T12:00:00+00:00,2026-02-09T17:00:00+00:00,23,2.7440535626337392,0.9608583445456134,81.14265030274765,2026-02-08T15:55:33+00:00,29,gfs.20260208/12/atmos/gfs.t12z.pgrb2.0p25.f029,"""9640b061b3b703b6ed0fe97c8922be51""",bilinear_uv_temperature,43.643198,78.538828
1,2026-02-08T18:00:00+00:00,2026-02-08T12:00:00+00:00,2026-02-09T18:00:00+00:00,24,1.7699307573326697,1.0731081264399904,80.88004293460202,2026-02-08T15:55:34+00:00,30,gfs.20260208/12/atmos/gfs.t12z.pgrb2.0p25.f030,"""e28264f143bb0d6c3945faeab8ca83f7""",bilinear_uv_temperature,43.64515,78.535604
2,2026-02-08T18:00:00+00:00,2026-02-08T12:00:00+00:00,2026-02-09T18:00:00+00:00,24,1.7145573039063502,1.0692450845456278,80.93499608666173,2026-02-08T15:55:34+00:00,30,gfs.20260208/12/atmos/gfs.t12z.pgrb2.0p25.f030,"""e28264f143bb0d6c3945faeab8ca83f7""",bilinear_uv_temperature,43.643198,78.538828
1,2026-02-08T18:00:00+00:00,2026-02-08T12:00:00+00:00,2026-02-09T19:00:00+00:00,25,2.775448602941081,0.8841505110800654,76.00702108697983,2026-02-08T15:55:36+00:00,31,gfs.20260208/12/atmos/gfs.t12z.pgrb2.0p25.f031,"""e65e5e02815f251afba31b2dcc79f09b""",bilinear_uv_temperature,43.64515,78.535604
2,2026-02-08T18:00:00+00:00,2026-02-08T12:00:00+00:00,2026-02-09T19:00:00+00:00,25,2.7190673079710677,0.8821284296592466,75.95616837850737,2026-02-08T15:55:36+00:00,31,gfs.20260208/12/atmos/gfs.t12z.pgrb2.0p25.f031,"""e65e5e02815f251afba31b2dcc79f09b""",bilinear_uv_temperature,43.643198,78.538828
1,2026-02-08T18:00:00+00:00,2026-02-08T12:00:00+00:00,2026-02-09T20:00:00+00:00,26,2.4539266715940578,1.1226616004119592,72.09239584016866,2026-02-08T15:55:57+00:00,32,gfs.20260208/12/atmos/gfs.t12z.pgrb2.0p25.f032,"""597d5097a0b368e9c4779d310a7f3263""",bilinear_uv_temperature,43.64515,78.535604
2,2026-02-08T18:00:00+00:00,2026-02-08T12:00:00+00:00,2026-02-09T20:00:00+00:00,26,2.400058165024615,1.1080904089188834,71.94012322957359,2026-02-08T15:55:57+00:00,32,gfs.20260208/12/atmos/gfs.t12z.pgrb2.0p25.f032,"""597d5097a0b368e9c4779d310a7f3263""",bilinear_uv_temperature,43.643198,78.538828
1,2026-02-08T18:00:00+00:00,2026-02-08T12:00:00+00:00,2026-02-09T21:00:00+00:00,27,3.4703762409566545,0.693709263241999,68.22699788457304,2026-02-08T15:56:41+00:00,33,gfs.20260208/12/atmos/gfs.t12z.pgrb2.0p25.f033,"""911e6ce87fe2ffa866d191044b4de6d7""",bilinear_uv_temperature,43.64515,78.535604
2,2026-02-08T18:00:00+00:00,2026-02-08T12:00:00+00:00,2026-02-09T21:00:00+00:00,27,3.408842844520025,0.6789052034481529,67.96516466712097,2026-02-08T15:56:41+00:00,33,gfs.20260208/12/atmos/gfs.t12z.pgrb2.0p25.f033,"""911e6ce87fe2ffa866d191044b4de6d7""",bilinear_uv_temperature,43.643198,78.538828
1,2026-02-08T18:00:00+00:00,2026-02-08T12:00:00+00:00,2026-02-09T22:00:00+00:00,28,4.139218019268393,0.20110067702603374,78.9115578596644,2026-02-08T15:56:11+00:00,34,gfs.20260208/12/atmos/gfs.t12z.pgrb2.0p25.f034,"""c01c1dcdb191dbcb04cb08f8a80ff6a5""",bilinear_uv_temperature,43.64515,78.535604
2,2026-02-08T18:00:00+00:00,2026-02-08T12:00:00+00:00,2026-02-09T22:00:00+00:00,28,4.067573884936362,0.19053978839627916,79.02009471401777,2026-02-08T15:56:11+00:00,34,gfs.20260208/12/atmos/gfs.t12z.pgrb2.0p25.f034,"""c01c1dcdb191dbcb04cb08f8a80ff6a5""",bilinear_uv_temperature,43.643198,78.538828
1,2026-02-08T18:00:00+00:00,2026-02-08T12:00:00+00:00,2026-02-09T23:00:00+00:00,29,5.097480479603707,0.0517462350080109,76.20477733151286,2026-02-08T15:57:06+00:00,35,gfs.20260208/12/atmos/gfs.t12z.pgrb2.0p25.f035,"""b2c41deedad1b0ebf7fe590da62486b2""",bilinear_uv_temperature,43.64515,78.535604
2,2026-02-08T18:00:00+00:00,2026-02-08T12:00:00+00:00,2026-02-09T23:00:00+00:00,29,5.0196444135121085,0.04787532168194275,76.40586600906781,2026-02-08T15:57:06+00:00,35,gfs.20260208/12/atmos/gfs.t12z.pgrb2.0p25.f035,"""b2c41deedad1b0ebf7fe590da62486b2""",bilinear_uv_temperature,43.643198,78.538828
1,2026-02-08T18:00:00+00:00,2026-02-08T12:00:00+00:00,2026-02-10T00:00:00+00:00,30,5.71756951237244,-0.5491697796879862,72.35275821225262,2026-02-08T15:57:49+00:00,36,gfs.20260208/12/atmos/gfs.t12z.pgrb2.0p25.f036,"""b198bb5d012233f595dcc9d0d6b31edc""",bilinear_uv_temperature,43.64515,78.535604
2,2026-02-08T18:00:00+00:00,2026-02-08T12:00:00+00:00,2026-02-10T00:00:00+00:00,30,5.634313580379698,-0.5489767658050937,72.41771844144874,2026-02-08T15:57:49+00:00,36,gfs.20260208/12/atmos/gfs.t12z.pgrb2.0p25.f036,"""b198bb5d012233f595dcc9d0d6b31edc""",bilinear_uv_temperature,43.643198,78.538828
1,2026-02-08T18:00:00+00:00,2026-02-08T12:00:00+00:00,2026-02-10T01:00:00+00:00,31,5.962962430928826,-0.8600869861639922,75.20269184231776,2026-02-08T15:57:29+00:00,37,gfs.20260208/12/atmos/gfs.t12z.pgrb2.0p25.f037,"""666c7d9f8609e8cb944db98bd5ba9ca1""",bilinear_uv_temperature,43.64515,78.535604
2,2026-02-08T18:00:00+00:00,2026-02-08T12:00:00+00:00,2026-02-10T01:00:00+00:00,31,5.8762404419843515,-0.8566863660193462,75.35445571097915,2026-02-08T15:57:29+00:00,37,gfs.20260208/12/atmos/gfs.t12z.pgrb2.0p25.f037,"""666c7d9f8609e8cb944db98bd5ba9ca1""",bilinear_uv_temperature,43.643198,78.538828
1,2026-02-08T18:00:00+00:00,2026-02-08T12:00:00+00:00,2026-02-10T02:00:00+00:00,32,5.407696405144386,-1.0317828010599897,63.5532606411243,2026-02-08T15:57:46+00:00,38,gfs.20260208/12/atmos/gfs.t12z.pgrb2.0p25.f038,"""1a4d16a5c0cd04810b891b395a45e7ec""",bilinear_uv_temperature,43.64515,78.535604
2,2026-02-08T18:00:00+00:00,2026-02-08T12:00:00+00:00,2026-02-10T02:00:00+00:00,32,5.327154766205276,-1.0212106429543155,63.85291086387971,2026-02-08T15:57:46+00:00,38,gfs.20260208/12/atmos/gfs.t12z.pgrb2.0p25.f038,"""1a4d16a5c0cd04810b891b395a45e7ec""",bilinear_uv_temperature,43.643198,78.538828
1,2026-02-08T18:00:00+00:00,2026-02-08T12:00:00+00:00,2026-02-10T03:00:00+00:00,33,6.117541112513189,-0.2995986904040251,69.62333363108348,2026-02-08T15:57:52+00:00,39,gfs.20260208/12/atmos/gfs.t12z.pgrb2.0p25.f039,"""0db2acacdeaf570e98eb7d0a722323b3""",bilinear_uv_temperature,43.64515,78.535604
2,2026-02-08T18:00:00+00:00,2026-02-08T12:00:00+00:00,2026-02-10T03:00:00+00:00,33,6.038305102055935,-0.298394092236947,69.66246887900638,2026-02-08T15:57:52+00:00,39,gfs.20260208/12/atmos/gfs.t12z.pgrb2.0p25.f039,"""0db2acacdeaf570e98eb7d0a722323b3""",bilinear_uv_temperature,43.643198,78.538828
1,2026-02-08T18:00:00+00:00,2026-02-08T12:00:00+00:00,2026-02-10T04:00:00+00:00,34,5.089329316964607,1.1631301780939793,66.05834980451348,2026-02-08T15:58:02+00:00,40,gfs.20260208/12/atmos/gfs.t12z.pgrb2.0p25.f040,"""7d9a7d06deaa68b3d22db33ac5ef36bc""",bilinear_uv_temperature,43.64515,78.535604
2,2026-02-08T18:00:00+00:00,2026-02-08T12:00:00+00:00,2026-02-10T04:00:00+00:00,34,5.023416260873886,1.1721082980325832,66.12745487707313,2026-02-08T15:58:02+00:00,40,gfs.20260208/12/atmos/gfs.t12z.pgrb2.0p25.f040,"""7d9a7d06deaa68b3d22db33ac5ef36bc""",bilinear_uv_temperature,43.643198,78.538828
1,2026-02-08T18:00:00+00:00,2026-02-08T12:00:00+00:00,2026-02-10T05:00:00+00:00,35,6.223775471055834,1.7881998202079785,75.3174934123118,2026-02-08T15:43:39+00:00,41,gfs.20260208/12/atmos/gfs.t12z.pgrb2.0p25.f041,"""c6dcfc8e5a47cefdfbe834f67bb633ff""",bilinear_uv_temperature,43.64515,78.535604
2,2026-02-08T18:00:00+00:00,2026-02-08T12:00:00+00:00,2026-02-10T05:00:00+00:00,35,6.158518605244372,1.799845296129945,75.38589567815458,2026-02-08T15:43:39+00:00,41,gfs.20260208/12/atmos/gfs.t12z.pgrb2.0p25.f041,"""c6dcfc8e5a47cefdfbe834f67bb633ff""",bilinear_uv_temperature,43.643198,78.538828
1,2026-02-08T18:00:00+00:00,2026-02-08T12:00:00+00:00,2026-02-10T06:00:00+00:00,36,4.480024447077858,3.822525986406049,56.17406049852972,2026-02-08T15:58:30+00:00,42,gfs.20260208/12/atmos/gfs.t12z.pgrb2.0p25.f042,"""3d2a3ccbb3465e9fcb44cd33c9fb1ffc""",bilinear_uv_temperature,43.64515,78.535604
2,2026-02-08T18:00:00+00:00,2026-02-08T12:00:00+00:00,2026-02-10T06:00:00+00:00,36,4.43435446265385,3.8177989733474647,56.36850057315483,2026-02-08T15:58:30+00:00,42,gfs.20260208/12/atmos/gfs.t12z.pgrb2.0p25.f042,"""3d2a3ccbb3465e9fcb44cd33c9fb1ffc""",bilinear_uv_temperature,43.643198,78.538828
1,2026-02-08T18:00:00+00:00,2026-02-08T12:00:00+00:00,2026-02-10T07:00:00+00:00,37,3.5415304452545002,4.287255803950018,66.87123034151352,2026-02-08T15:58:46+00:00,43,gfs.20260208/12/atmos/gfs.t12z.pgrb2.0p25.f043,"""9cb837ffa6fc4be0fd91e5d0ea51c269""",bilinear_uv_temperature,43.64515,78.535604
2,2026-02-08T18:00:00+00:00,2026-02-08T12:00:00+00:00,2026-02-10T07:00:00+00:00,37,3.497177264427228,4.266552993198047,66.44022212739436,2026-02-08T15:58:46+00:00,43,gfs.20260208/12/atmos/gfs.t12z.pgrb2.0p25.f043,"""9cb837ffa6fc4be0fd91e5d0ea51c269""",bilinear_uv_temperature,43.643198,78.538828
1,2026-02-08T18:00:00+00:00,2026-02-08T12:00:00+00:00,2026-02-10T08:00:00+00:00,38,2.3253451942138534,4.9594945607160525,62.16306743003744,2026-02-08T15:59:13+00:00,44,gfs.20260208/12/atmos/gfs.t12z.pgrb2.0p25.f044,"""afd0efd7d03327b79d33d9c81a2a014a""",bilinear_uv_temperature,43.64515,78.535604
2,2026-02-08T18:00:00+00:00,2026-02-08T12:00:00+00:00,2026-02-10T08:00:00+00:00,38,2.286264461080148,4.920326816431839,61.46426768773762,2026-02-08T15:59:13+00:00,44,gfs.20260208/12/atmos/gfs.t12z.pgrb2.0p25.f044,"""afd0efd7d03327b79d33d9c81a2a014a""",bilinear_uv_temperature,43.643198,78.538828
1,2026-02-08T18:00:00+00:00,2026-02-08T12:00:00+00:00,2026-02-10T09:00:00+00:00,39,1.2235611356643752,5.249369259703997,120.50910920771422,2026-02-08T15:59:50+00:00,45,gfs.20260208/12/atmos/gfs.t12z.pgrb2.0p25.f045,"""7d14e2716139ef188e73d3491a222484""",bilinear_uv_temperature,43.64515,78.535604
2,2026-02-08T18:00:00+00:00,2026-02-08T12:00:00+00:00,2026-02-10T09:00:00+00:00,39,1.1850632974888329,5.201012019168957,121.17132188645158,2026-02-08T15:59:50+00:00,45,gfs.20260208/12/atmos/gfs.t12z.pgrb2.0p25.f045,"""7d14e2716139ef188e73d3491a222484""",bilinear_uv_temperature,43.643198,78.538828
1,2026-02-08T18:00:00+00:00,2026-02-08T12:00:00+00:00,2026-02-10T10:00:00+00:00,40,0.40664552313912117,5.59120336881,107.33801411915044,2026-02-08T15:59:36+00:00,46,gfs.20260208/12/atmos/gfs.t12z.pgrb2.0p25.f046,"""bb7beac23feb742255ce633c4d57dd64""",bilinear_uv_temperature,43.64515,78.535604
2,2026-02-08T18:00:00+00:00,2026-02-08T12:00:00+00:00,2026-02-10T10:00:00+00:00,40,0.3732982555113357,5.541817584464411,108.03752021871612,2026-02-08T15:59:36+00:00,46,gfs.20260208/12/atmos/gfs.t12z.pgrb2.0p25.f046,"""bb7beac23feb742255ce633c4d57dd64""",bilinear_uv_temperature,43.643198,78.538828
1,2026-02-08T18:00:00+00:00,2026-02-08T12:00:00+00:00,2026-02-10T11:00:00+00:00,41,1.2652439695985163,4.960915172708042,107.50314836546302,2026-02-08T15:59:50+00:00,47,gfs.20260208/12/atmos/gfs.t12z.pgrb2.0p25.f047,"""25219ee83c54c8b9f21827140b737076""",bilinear_uv_temperature,43.64515,78.535604
2,2026-02-08T18:00:00+00:00,2026-02-08T12:00:00+00:00,2026-02-10T11:00:00+00:00,41,1.2232909591683359,4.902159368629896,107.67021990885077,2026-02-08T15:59:50+00:00,47,gfs.20260208/12/atmos/gfs.t12z.pgrb2.0p25.f047,"""25219ee83c54c8b9f21827140b737076""",bilinear_uv_temperature,43.643198,78.538828
1,2026-02-08T18:00:00+00:00,2026-02-08T12:00:00+00:00,2026-02-10T12:00:00+00:00,42,2.981516244644459,3.168508654392042,105.53473329829914,2026-02-08T16:00:18+00:00,48,gfs.20260208/12/atmos/gfs.t12z.pgrb2.0p25.f048,"""7af82de0cdedbef02cb5eb29dec0e702""",bilinear_uv_temperature,43.64515,78.535604
2,2026-02-08T18:00:00+00:00,2026-02-08T12:00:00+00:00,2026-02-10T12:00:00+00:00,42,2.9428857236799906,3.1149027199741113,105.88416121649354,2026-02-08T16:00:18+00:00,48,gfs.20260208/12/atmos/gfs.t12z.pgrb2.0p25.f048,"""7af82de0cdedbef02cb5eb29dec0e702""",bilinear_uv_temperature,43.643198,78.538828
1,2026-02-08T18:00:00+00:00,2026-02-08T12:00:00+00:00,2026-02-10T13:00:00+00:00,43,3.707803944253017,2.4198297088099707,91.09103366928458,2026-02-08T16:00:18+00:00,49,gfs.20260208/12/atmos/gfs.t12z.pgrb2.0p25.f049,"""aab8a33ef30fb98532e3bc64de04cde1""",bilinear_uv_temperature,43.64515,78.535604
2,2026-02-08T18:00:00+00:00,2026-02-08T12:00:00+00:00,2026-02-10T13:00:00+00:00,43,3.6626331645129047,2.3841578444644256,91.45358250696218,2026-02-08T16:00:18+00:00,49,gfs.20260208/12/atmos/gfs.t12z.pgrb2.0p25.f049,"""aab8a33ef30fb98532e3bc64de04cde1""",bilinear_uv_temperature,43.643198,78.538828
1,2026-02-08T18:00:00+00:00,2026-02-08T12:00:00+00:00,2026-02-10T14:00:00+00:00,44,5.150295043547472,2.24798331876201,84.20499874058953,2026-02-08T16:00:44+00:00,50,gfs.20260208/12/atmos/gfs.t12z.pgrb2.0p25.f050,"""6240881ad474565fb409b58fa3947a51""",bilinear_uv_temperature,43.64515,78.535604
2,2026-02-08T18:00:00+00:00,2026-02-08T12:00:00+00:00,2026-02-10T14:00:00+00:00,44,5.091570908145067,2.224240468772905,84.57209746797871,2026-02-08T16:00:44+00:00,50,gfs.20260208/12/atmos/gfs.t12z.pgrb2.0p25.f050,"""6240881ad474565fb409b58fa3947a51""",bilinear_uv_temperature,43.643198,78.538828
1,2026-02-08T18:00:00+00:00,2026-02-08T12:00:00+00:00,2026-02-10T15:00:00+00:00,45,5.7827119386730095,2.024403317000008,72.04700906194876,2026-02-08T15:46:20+00:00,51,gfs.20260208/12/atmos/gfs.t12z.pgrb2.0p25.f051,"""4dd4d3eac2b625f6ca76b79580fc3a8f""",bilinear_uv_temperature,43.64515,78.535604
2,2026-02-08T18:00:00+00:00,2026-02-08T12:00:00+00:00,2026-02-10T15:00:00+00:00,45,5.718390629251452,2.0072976238800493,72.59442410381733,2026-02-08T15:46:20+00:00,51,gfs.20260208/12/atmos/gfs.t12z.pgrb2.0p25.f051,"""4dd4d3eac2b625f6ca76b79580fc3a8f""",bilinear_uv_temperature,43.643198,78.538828
1,2026-02-08T18:00:00+00:00,2026-02-08T12:00:00+00:00,2026-02-10T16:00:00+00:00,46,6.736070682572154,1.4379395705680054,70.48014739069062,2026-02-08T16:01:23+00:00,52,gfs.20260208/12/atmos/gfs.t12z.pgrb2.0p25.f052,"""ffb034d462de81c55af71c967d7f2e1d""",bilinear_uv_temperature,43.64515,78.535604
2,2026-02-08T18:00:00+00:00,2026-02-08T12:00:00+00:00,2026-02-10T16:00:00+00:00,46,6.658689532397081,1.4220234460163397,70.88571698303183,2026-02-08T16:01:23+00:00,52,gfs.20260208/12/atmos/gfs.t12z.pgrb2.0p25.f052,"""ffb034d462de81c55af71c967d7f2e1d""",bilinear_uv_temperature,43.643198,78.538828
1,2026-02-08T18:00:00+00:00,2026-02-08T12:00:00+00:00,2026-02-10T17:00:00+00:00,47,7.3997646924351415,0.8986929286019745,76.39838591216864,2026-02-08T15:46:44+00:00,53,gfs.20260208/12/atmos/gfs.t12z.pgrb2.0p25.f053,"""170f185b1624471ed5bbad1d7fb5e5c5""",bilinear_uv_temperature,43.64515,78.535604
2,2026-02-08T18:00:00+00:00,2026-02-08T12:00:00+00:00,2026-02-10T17:00:00+00:00,47,7.317687731413986,0.882403108334529,76.76100021438127,2026-02-08T15:46:44+00:00,53,gfs.20260208/12/atmos/gfs.t12z.pgrb2.0p25.f053,"""170f185b1624471ed5bbad1d7fb5e5c5""",bilinear_uv_temperature,43.643198,78.538828
1,2026-02-08T18:00:00+00:00,2026-02-08T12:00:00+00:00,2026-02-10T18:00:00+00:00,48,8.156469300981628,0.6201864041399858,77.39251811747982,2026-02-08T16:02:14+00:00,54,gfs.20260208/12/atmos/gfs.t12z.pgrb2.0p25.f054,"""c14e58af58bd3cd69b806b773c69c10b""",bilinear_uv_temperature,43.64515,78.535604
2,2026-02-08T18:00:00+00:00,2026-02-08T12:00:00+00:00,2026-02-10T18:00:00+00:00,48,8.066986410581361,0.6147843914936288,77.826388253226,2026-02-08T16:02:14+00:00,54,gfs.20260208/12/atmos/gfs.t12z.pgrb2.0p25.f054,"""c14e58af58bd3cd69b806b773c69c10b""",bilinear_uv_temperature,43.643198,78.538828
1,2026-02-09T18:00:00+00:00,2026-02-09T12:00:00+00:00,2026-02-09T19:00:00+00:00,1,0.29793681031491975,1.4889070438360363,132.5000545285756,2026-02-09T15:49:58+00:00,7,gfs.20260209/12/atmos/gfs.t12z.pgrb2.0p25.f007,"""0ba6fd5ab7b4f32c3544b6479baffef6""",bilinear_uv_temperature,43.64515,78.535604
2,2026-02-09T18:00:00+00:00,2026-02-09T12:00:00+00:00,2026-02-09T19:00:00+00:00,1,0.25219752304748944,1.481884303980678,139.80700859638918,2026-02-09T15:49:58+00:00,7,gfs.20260209/12/atmos/gfs.t12z.pgrb2.0p25.f007,"""0ba6fd5ab7b4f32c3544b6479baffef6""",bilinear_uv_temperature,43.643198,78.538828
1,2026-02-09T18:00:00+00:00,2026-02-09T12:00:00+00:00,2026-02-09T20:00:00+00:00,2,0.4975408205078977,1.6876130015400577,146.00307365411462,2026-02-09T15:35:53+00:00,8,gfs.20260209/12/atmos/gfs.t12z.pgrb2.0p25.f008,"""56c266c9da9515ecab971b8271c70e26""",bilinear_uv_temperature,43.64515,78.535604
2,2026-02-09T18:00:00+00:00,2026-02-09T12:00:00+00:00,2026-02-09T20:00:00+00:00,2,0.46257224552118703,1.6683041542696628,150.32971322020185,2026-02-09T15:35:53+00:00,8,gfs.20260209/12/atmos/gfs.t12z.pgrb2.0p25.f008,"""56c266c9da9515ecab971b8271c70e26""",bilinear_uv_temperature,43.643198,78.538828
1,2026-02-09T18:00:00+00:00,2026-02-09T12:00:00+00:00,2026-02-09T21:00:00+00:00,3,0.6417118531550884,1.067816041548042,265.97705518362244,2026-02-09T15:50:52+00:00,9,gfs.20260209/12/atmos/gfs.t12z.pgrb2.0p25.f009,"""3a51fcafa34af2b2d7d94151a889310d""",bilinear_uv_temperature,43.64515,78.535604
2,2026-02-09T18:00:00+00:00,2026-02-09T12:00:00+00:00,2026-02-09T21:00:00+00:00,3,0.6706367204893822,1.0607326009515532,266.3581095371113,2026-02-09T15:50:52+00:00,9,gfs.20260209/12/atmos/gfs.t12z.pgrb2.0p25.f009,"""3a51fcafa34af2b2d7d94151a889310d""",bilinear_uv_temperature,43.643198,78.538828
1,2026-02-09T18:00:00+00:00,2026-02-09T12:00:00+00:00,2026-02-09T22:00:00+00:00,4,0.25738042877942013,0.9039774928980364,195.3160836314391,2026-02-09T15:51:05+00:00,10,gfs.20260209/12/atmos/gfs.t12z.pgrb2.0p25.f010,"""1959d367cc434a24f5e5de5570231823""",bilinear_uv_temperature,43.64515,78.535604
2,2026-02-09T18:00:00+00:00,2026-02-09T12:00:00+00:00,2026-02-09T22:00:00+00:00,4,0.2600252427020526,0.8889071269255169,202.70126097287013,2026-02-09T15:51:05+00:00,10,gfs.20260209/12/atmos/gfs.t12z.pgrb2.0p25.f010,"""1959d367cc434a24f5e5de5570231823""",bilinear_uv_temperature,43.643198,78.538828
1,2026-02-09T18:00:00+00:00,2026-02-09T12:00:00+00:00,2026-02-09T23:00:00+00:00,5,2.0792501367397884,1.622528432998024,124.01535598276061,2026-02-09T15:51:01+00:00,11,gfs.20260209/12/atmos/gfs.t12z.pgrb2.0p25.f011,"""7ec0f7faa0b16d8b21440711421a1840""",bilinear_uv_temperature,43.64515,78.535604
2,2026-02-09T18:00:00+00:00,2026-02-09T12:00:00+00:00,2026-02-09T23:00:00+00:00,5,2.0655784868359697,1.5952583416495258,124.63507821194523,2026-02-09T15:51:01+00:00,11,gfs.20260209/12/atmos/gfs.t12z.pgrb2.0p25.f011,"""7ec0f7faa0b16d8b21440711421a1840""",bilinear_uv_temperature,43.643198,78.538828
1,2026-02-09T18:00:00+00:00,2026-02-09T12:00:00+00:00,2026-02-10T00:00:00+00:00,6,3.2244071363116245,2.0797794177980222,101.90511263158977,2026-02-09T15:51:43+00:00,12,gfs.20260209/12/atmos/gfs.t12z.pgrb2.0p25.f012,"""6e720fc6cb5b2bfc95ed5e4d0280a60e""",bilinear_uv_temperature,43.64515,78.535604
2,2026-02-09T18:00:00+00:00,2026-02-09T12:00:00+00:00,2026-02-10T00:00:00+00:00,6,3.2076210886842174,2.0568390172015825,102.45123346780423,2026-02-09T15:51:43+00:00,12,gfs.20260209/12/atmos/gfs.t12z.pgrb2.0p25.f012,"""6e720fc6cb5b2bfc95ed5e4d0280a60e""",bilinear_uv_temperature,43.643198,78.538828
1,2026-02-09T18:00:00+00:00,2026-02-09T12:00:00+00:00,2026-02-10T01:00:00+00:00,7,4.412974723625664,1.0121838896220083,66.62560424851438,2026-02-09T15:37:41+00:00,13,gfs.20260209/12/atmos/gfs.t12z.pgrb2.0p25.f013,"""60b218853c9d4736aa1c3feeabf7d38c""",bilinear_uv_temperature,43.64515,78.535604
2,2026-02-09T18:00:00+00:00,2026-02-09T12:00:00+00:00,2026-02-10T01:00:00+00:00,7,4.35865635441604,0.9906692922793354,67.04619871705994,2026-02-09T15:37:41+00:00,13,gfs.20260209/12/atmos/gfs.t12z.pgrb2.0p25.f013,"""60b218853c9d4736aa1c3feeabf7d38c""",bilinear_uv_temperature,43.643198,78.538828
1,2026-02-09T18:00:00+00:00,2026-02-09T12:00:00+00:00,2026-02-10T02:00:00+00:00,8,5.094534633646544,-0.7911285391459728,66.00745823927763,2026-02-09T15:51:59+00:00,14,gfs.20260209/12/atmos/gfs.t12z.pgrb2.0p25.f014,"""b4f1dd2d88d5138559194585f063b259""",bilinear_uv_temperature,43.64515,78.535604
2,2026-02-09T18:00:00+00:00,2026-02-09T12:00:00+00:00,2026-02-10T02:00:00+00:00,8,5.005962807730657,-0.798856934304979,65.75401817549694,2026-02-09T15:51:59+00:00,14,gfs.20260209/12/atmos/gfs.t12z.pgrb2.0p25.f014,"""b4f1dd2d88d5138559194585f063b259""",bilinear_uv_temperature,43.643198,78.538828
1,2026-02-09T18:00:00+00:00,2026-02-09T12:00:00+00:00,2026-02-10T03:00:00+00:00,9,3.6706677341810603,-0.22889394305195765,83.04436084273195,2026-02-09T15:52:19+00:00,15,gfs.20260209/12/atmos/gfs.t12z.pgrb2.0p25.f015,"""cbfdc13938afb36363b149acb9b54f4f""",bilinear_uv_temperature,43.64515,78.535604
2,2026-02-09T18:00:00+00:00,2026-02-09T12:00:00+00:00,2026-02-10T03:00:00+00:00,9,3.592638611656278,-0.2321586851523989,82.9464406220831,2026-02-09T15:52:19+00:00,15,gfs.20260209/12/atmos/gfs.t12z.pgrb2.0p25.f015,"""cbfdc13938afb36363b149acb9b54f4f""",bilinear_uv_temperature,43.643198,78.538828
1,2026-02-09T18:00:00+00:00,2026-02-09T12:00:00+00:00,2026-02-10T04:00:00+00:00,10,4.114655720986495,1.0542258787360197,78.52212729677454,2026-02-09T15:52:33+00:00,16,gfs.20260209/12/atmos/gfs.t12z.pgrb2.0p25.f016,"""4886d18002837345b900808c83f916ac""",bilinear_uv_temperature,43.64515,78.535604
2,2026-02-09T18:00:00+00:00,2026-02-09T12:00:00+00:00,2026-02-10T04:00:00+00:00,10,4.046805037365715,1.0606671842567152,78.52220040900136,2026-02-09T15:52:33+00:00,16,gfs.20260209/12/atmos/gfs.t12z.pgrb2.0p25.f016,"""4886d18002837345b900808c83f916ac""",bilinear_uv_temperature,43.643198,78.538828
1,2026-02-09T18:00:00+00:00,2026-02-09T12:00:00+00:00,2026-02-10T05:00:00+00:00,11,5.405579251744982,2.573899685133995,72.45337036421044,2026-02-09T15:53:00+00:00,17,gfs.20260209/12/atmos/gfs.t12z.pgrb2.0p25.f017,"""02d2ebb725b2283ca0f94b2ea2f6c2e1""",bilinear_uv_temperature,43.64515,78.535604
2,2026-02-09T18:00:00+00:00,2026-02-09T12:00:00+00:00,2026-02-10T05:00:00+00:00,11,5.325820694115884,2.5718973709222155,72.44971158003749,2026-02-09T15:53:00+00:00,17,gfs.20260209/12/atmos/gfs.t12z.pgrb2.0p25.f017,"""02d2ebb725b2283ca0f94b2ea2f6c2e1""",bilinear_uv_temperature,43.643198,78.538828
1,2026-02-09T18:00:00+00:00,2026-02-09T12:00:00+00:00,2026-02-10T06:00:00+00:00,12,4.958816110501361,3.844105185972012,65.98768618170827,2026-02-09T15:53:14+00:00,18,gfs.20260209/12/atmos/gfs.t12z.pgrb2.0p25.f018,"""f9014acc43c11d6d5eddc44781d24bb3""",bilinear_uv_temperature,43.64515,78.535604
2,2026-02-09T18:00:00+00:00,2026-02-09T12:00:00+00:00,2026-02-10T06:00:00+00:00,12,4.8986738230308635,3.837109583253323,66.14346997328049,2026-02-09T15:53:14+00:00,18,gfs.20260209/12/atmos/gfs.t12z.pgrb2.0p25.f018,"""f9014acc43c11d6d5eddc44781d24bb3""",bilinear_uv_temperature,43.643198,78.538828
1,2026-02-09T18:00:00+00:00,2026-02-09T12:00:00+00:00,2026-02-10T07:00:00+00:00,13,3.533727935707982,4.6210217494920585,43.149206929314055,2026-02-09T15:53:05+00:00,19,gfs.20260209/12/atmos/gfs.t12z.pgrb2.0p25.f019,"""860fe73aaa1535bdcff47e5097b9b591""",bilinear_uv_temperature,43.64515,78.535604
2,2026-02-09T18:00:00+00:00,2026-02-09T12:00:00+00:00,2026-02-10T07:00:00+00:00,13,3.5012081591409143,4.6121005696981,43.09788216595752,2026-02-09T15:53:05+00:00,19,gfs.20260209/12/atmos/gfs.t12z.pgrb2.0p25.f019,"""860fe73aaa1535bdcff47e5097b9b591""",bilinear_uv_temperature,43.643198,78.538828
1,2026-02-09T18:00:00+00:00,2026-02-09T12:00:00+00:00,2026-02-10T08:00:00+00:00,14,0.15110736985383327,4.5305763281940585,50.61891721722062,2026-02-09T15:53:20+00:00,20,gfs.20260209/12/atmos/gfs.t12z.pgrb2.0p25.f020,"""0aac200c41aaa27ddfab4ce15fed0dbd""",bilinear_uv_temperature,43.64515,78.535604
2,2026-02-09T18:00:00+00:00,2026-02-09T12:00:00+00:00,2026-02-10T08:00:00+00:00,14,0.15648016020938094,4.498926562756594,34.09691500910645,2026-02-09T15:53:20+00:00,20,gfs.20260209/12/atmos/gfs.t12z.pgrb2.0p25.f020,"""0aac200c41aaa27ddfab4ce15fed0dbd""",bilinear_uv_temperature,43.643198,78.538828
1,2026-02-09T18:00:00+00:00,2026-02-09T12:00:00+00:00,2026-02-10T09:00:00+00:00,15,1.9129935236219804,4.991891724890024,210.81951965502242,2026-02-09T15:54:08+00:00,21,gfs.20260209/12/atmos/gfs.t12z.pgrb2.0p25.f021,"""735fef64390ebb63a7a618ac27909091""",bilinear_uv_temperature,43.64515,78.535604
2,2026-02-09T18:00:00+00:00,2026-02-09T12:00:00+00:00,2026-02-10T09:00:00+00:00,15,1.9061524315308283,4.948197139123636,211.6652128989916,2026-02-09T15:54:08+00:00,21,gfs.20260209/12/atmos/gfs.t12z.pgrb2.0p25.f021,"""735fef64390ebb63a7a618ac27909091""",bilinear_uv_temperature,43.643198,78.538828
1,2026-02-09T18:00:00+00:00,2026-02-09T12:00:00+00:00,2026-02-10T10:00:00+00:00,16,1.5054302316361605,5.622311475376023,246.34348118884282,2026-02-09T15:53:55+00:00,22,gfs.20260209/12/atmos/gfs.t12z.pgrb2.0p25.f022,"""43b55c0d87f48c635742b4247bd4d6ca""",bilinear_uv_temperature,43.64515,78.535604
2,2026-02-09T18:00:00+00:00,2026-02-09T12:00:00+00:00,2026-02-10T10:00:00+00:00,16,1.5281543000772966,5.582760688250289,246.6566433280395,2026-02-09T15:53:55+00:00,22,gfs.20260209/12/atmos/gfs.t12z.pgrb2.0p25.f022,"""43b55c0d87f48c635742b4247bd4d6ca""",bilinear_uv_temperature,43.643198,78.538828
1,2026-02-09T18:00:00+00:00,2026-02-09T12:00:00+00:00,2026-02-10T11:00:00+00:00,17,0.8683425997496962,5.237441190471998,271.9704792566528,2026-02-09T15:39:55+00:00,23,gfs.20260209/12/atmos/gfs.t12z.pgrb2.0p25.f023,"""01018e60288a5edebfdac9dacfed2f45""",bilinear_uv_temperature,43.64515,78.535604
2,2026-02-09T18:00:00+00:00,2026-02-09T12:00:00+00:00,2026-02-10T11:00:00+00:00,17,0.8885059574082389,5.194802294633291,270.2769506873561,2026-02-09T15:39:55+00:00,23,gfs.20260209/12/atmos/gfs.t12z.pgrb2.0p25.f023,"""01018e60288a5edebfdac9dacfed2f45""",bilinear_uv_temperature,43.643198,78.538828
1,2026-02-09T18:00:00+00:00,2026-02-09T12:00:00+00:00,2026-02-10T12:00:00+00:00,18,0.6064691871020327,3.4815100574340363,80.05038178653108,2026-02-09T15:40:22+00:00,24,gfs.20260209/12/atmos/gfs.t12z.pgrb2.0p25.f024,"""0576a81657527a9c6e4bf1129f8141c4""",bilinear_uv_temperature,43.64515,78.535604
2,2026-02-09T18:00:00+00:00,2026-02-09T12:00:00+00:00,2026-02-10T12:00:00+00:00,18,0.5763472471140108,3.442311353974162,81.9105677405997,2026-02-09T15:40:22+00:00,24,gfs.20260209/12/atmos/gfs.t12z.pgrb2.0p25.f024,"""0576a81657527a9c6e4bf1129f8141c4""",bilinear_uv_temperature,43.643198,78.538828
1,2026-02-09T18:00:00+00:00,2026-02-09T12:00:00+00:00,2026-02-10T13:00:00+00:00,19,2.8811500101479184,3.33851173399205,102.02565519270809,2026-02-09T15:55:18+00:00,25,gfs.20260209/12/atmos/gfs.t12z.pgrb2.0p25.f025,"""ffcaf4cd71623b2f9cfd84fac2690dec""",bilinear_uv_temperature,43.64515,78.535604
2,2026-02-09T18:00:00+00:00,2026-02-09T12:00:00+00:00,2026-02-10T13:00:00+00:00,19,2.8504254945430465,3.300222781078105,102.34492074469964,2026-02-09T15:55:18+00:00,25,gfs.20260209/12/atmos/gfs.t12z.pgrb2.0p25.f025,"""ffcaf4cd71623b2f9cfd84fac2690dec""",bilinear_uv_temperature,43.643198,78.538828
1,2026-02-09T18:00:00+00:00,2026-02-09T12:00:00+00:00,2026-02-10T14:00:00+00:00,20,4.194012706459161,3.0227930388880395,98.09614663401197,2026-02-09T15:55:01+00:00,26,gfs.20260209/12/atmos/gfs.t12z.pgrb2.0p25.f026,"""4f6e2abfd46d855aaa9ccf6173915cc4""",bilinear_uv_temperature,43.64515,78.535604
2,2026-02-09T18:00:00+00:00,2026-02-09T12:00:00+00:00,2026-02-10T14:00:00+00:00,20,4.1534477238444625,2.9880391080131403,98.38875644603526,2026-02-09T15:55:01+00:00,26,gfs.20260209/12/atmos/gfs.t12z.pgrb2.0p25.f026,"""4f6e2abfd46d855aaa9ccf6173915cc4""",bilinear_uv_temperature,43.643198,78.538828
1,2026-02-09T18:00:00+00:00,2026-02-09T12:00:00+00:00,2026-02-10T15:00:00+00:00,21,5.407933009890441,2.6245347836320434,78.09465471530235,2026-02-09T15:55:34+00:00,27,gfs.20260209/12/atmos/gfs.t12z.pgrb2.0p25.f027,"""30f6d7de5152676821ccdd6cf376d8aa""",bilinear_uv_temperature,43.64515,78.535604
2,2026-02-09T18:00:00+00:00,2026-02-09T12:00:00+00:00,2026-02-10T15:00:00+00:00,21,5.341099934019987,2.5962467911917315,78.5949712168215,2026-02-09T15:55:34+00:00,27,gfs.20260209/12/atmos/gfs.t12z.pgrb2.0p25.f027,"""30f6d7de5152676821ccdd6cf376d8aa""",bilinear_uv_temperature,43.643198,78.538828
1,2026-02-09T18:00:00+00:00,2026-02-09T12:00:00+00:00,2026-02-10T16:00:00+00:00,22,6.923528225395789,1.9697538362060527,74.21826872396615,2026-02-09T15:55:48+00:00,28,gfs.20260209/12/atmos/gfs.t12z.pgrb2.0p25.f028,"""8a9823c2f9b43d61fe400653651e4ee4""",bilinear_uv_temperature,43.64515,78.535604
2,2026-02-09T18:00:00+00:00,2026-02-09T12:00:00+00:00,2026-02-10T16:00:00+00:00,22,6.848353504922929,1.9489971538994268,74.65467050360637,2026-02-09T15:55:48+00:00,28,gfs.20260209/12/atmos/gfs.t12z.pgrb2.0p25.f028,"""8a9823c2f9b43d61fe400653651e4ee4""",bilinear_uv_temperature,43.643198,78.538828
1,2026-02-09T18:00:00+00:00,2026-02-09T12:00:00+00:00,2026-02-10T17:00:00+00:00,23,7.890150941706119,1.6367089947000295,74.44890566968785,2026-02-09T15:41:29+00:00,29,gfs.20260209/12/atmos/gfs.t12z.pgrb2.0p25.f029,"""6a3e9ecae75a614eeebc7af161b8e2f7""",bilinear_uv_temperature,43.64515,78.535604
2,2026-02-09T18:00:00+00:00,2026-02-09T12:00:00+00:00,2026-02-10T17:00:00+00:00,23,7.802895426093829,1.618850250828018,74.90020224539224,2026-02-09T15:41:29+00:00,29,gfs.20260209/12/atmos/gfs.t12z.pgrb2.0p25.f029,"""6a3e9ecae75a614eeebc7af161b8e2f7""",bilinear_uv_temperature,43.643198,78.538828
1,2026-02-09T18:00:00+00:00,2026-02-09T12:00:00+00:00,2026-02-10T18:00:00+00:00,24,8.522973282594082,1.1513589005940617,76.89109283508375,2026-02-09T15:56:40+00:00,30,gfs.20260209/12/atmos/gfs.t12z.pgrb2.0p25.f030,"""eeb98b6fb80a012eb71ecc71cddc2701""",bilinear_uv_temperature,43.64515,78.535604
2,2026-02-09T18:00:00+00:00,2026-02-09T12:00:00+00:00,2026-02-10T18:00:00+00:00,24,8.420236864403456,1.139908220532618,77.36215735576671,2026-02-09T15:56:40+00:00,30,gfs.20260209/12/atmos/gfs.t12z.pgrb2.0p25.f030,"""eeb98b6fb80a012eb71ecc71cddc2701""",bilinear_uv_temperature,43.643198,78.538828
1,2026-02-09T18:00:00+00:00,2026-02-09T12:00:00+00:00,2026-02-10T19:00:00+00:00,25,9.417276535330787,0.8056174480460072,79.46868271680304,2026-02-09T15:56:24+00:00,31,gfs.20260209/12/atmos/gfs.t12z.pgrb2.0p25.f031,"""d5f7febe8944d682849e93cfd27aaadf""",bilinear_uv_temperature,43.64515,78.535604
2,2026-02-09T18:00:00+00:00,2026-02-09T12:00:00+00:00,2026-02-10T19:00:00+00:00,25,9.312536644436141,0.7983431423410821,79.96756120328702,2026-02-09T15:56:24+00:00,31,gfs.20260209/12/atmos/gfs.t12z.pgrb2.0p25.f031,"""d5f7febe8944d682849e93cfd27aaadf""",bilinear_uv_temperature,43.643198,78.538828
1,2026-02-09T18:00:00+00:00,2026-02-09T12:00:00+00:00,2026-02-10T20:00:00+00:00,26,10.114111097045749,0.385800256391974,77.72236017099843,2026-02-09T15:41:47+00:00,32,gfs.20260209/12/atmos/gfs.t12z.pgrb2.0p25.f032,"""6790b6a5e8e6f26c8739c68f5b7ecdad""",bilinear_uv_temperature,43.64515,78.535604
2,2026-02-09T18:00:00+00:00,2026-02-09T12:00:00+00:00,2026-02-10T20:00:00+00:00,26,9.997788634504774,0.3832281488541298,78.18886993102385,2026-02-09T15:41:47+00:00,32,gfs.20260209/12/atmos/gfs.t12z.pgrb2.0p25.f032,"""6790b6a5e8e6f26c8739c68f5b7ecdad""",bilinear_uv_temperature,43.643198,78.538828
1,2026-02-09T18:00:00+00:00,2026-02-09T12:00:00+00:00,2026-02-10T21:00:00+00:00,27,10.337075106311449,-0.0664332473839977,74.21151771573533,2026-02-09T15:57:11+00:00,33,gfs.20260209/12/atmos/gfs.t12z.pgrb2.0p25.f033,"""898fcddeddf1c2173d18b855df79e4ed""",bilinear_uv_temperature,43.64515,78.535604
2,2026-02-09T18:00:00+00:00,2026-02-09T12:00:00+00:00,2026-02-10T21:00:00+00:00,27,10.220226294701947,-0.06659111941212359,74.62198283159033,2026-02-09T15:57:11+00:00,33,gfs.20260209/12/atmos/gfs.t12z.pgrb2.0p25.f033,"""898fcddeddf1c2173d18b855df79e4ed""",bilinear_uv_temperature,43.643198,78.538828
1,2026-02-09T18:00:00+00:00,2026-02-09T12:00:00+00:00,2026-02-10T22:00:00+00:00,28,9.288267100782434,-0.36498617289601043,71.09067298933985,2026-02-09T15:57:13+00:00,34,gfs.20260209/12/atmos/gfs.t12z.pgrb2.0p25.f034,"""23e7e7554200a2bda0d6d0dffa766e8c""",bilinear_uv_temperature,43.64515,78.535604
2,2026-02-09T18:00:00+00:00,2026-02-09T12:00:00+00:00,2026-02-10T22:00:00+00:00,28,9.173993025814093,-0.3661174480549789,71.54117064431452,2026-02-09T15:57:13+00:00,34,gfs.20260209/12/atmos/gfs.t12z.pgrb2.0p25.f034,"""23e7e7554200a2bda0d6d0dffa766e8c""",bilinear_uv_temperature,43.643198,78.538828
1,2026-02-09T18:00:00+00:00,2026-02-09T12:00:00+00:00,2026-02-10T23:00:00+00:00,29,8.64881192755035,-0.37108701616000417,73.8840165702627,2026-02-09T15:57:28+00:00,35,gfs.20260209/12/atmos/gfs.t12z.pgrb2.0p25.f035,"""e54a3c2971a1bc02f0d0b84c65b566b9""",bilinear_uv_temperature,43.64515,78.535604
2,2026-02-09T18:00:00+00:00,2026-02-09T12:00:00+00:00,2026-02-10T23:00:00+00:00,29,8.55181235810081,-0.3698703326783743,74.2771257664236,2026-02-09T15:57:28+00:00,35,gfs.20260209/12/atmos/gfs.t12z.pgrb2.0p25.f035,"""e54a3c2971a1bc02f0d0b84c65b566b9""",bilinear_uv_temperature,43.643198,78.538828
1,2026-02-09T18:00:00+00:00,2026-02-09T12:00:00+00:00,2026-02-11T00:00:00+00:00,30,5.357516468337289,-0.36309971889403414,61.447203923803855,2026-02-09T15:43:32+00:00,36,gfs.20260209/12/atmos/gfs.t12z.pgrb2.0p25.f036,"""13ff414c2e23a4f8f090f902811d4b84""",bilinear_uv_temperature,43.64515,78.535604
2,2026-02-09T18:00:00+00:00,2026-02-09T12:00:00+00:00,2026-02-11T00:00:00+00:00,30,5.281938559177814,-0.3692131558245251,61.87209185607462,2026-02-09T15:43:32+00:00,36,gfs.20260209/12/atmos/gfs.t12z.pgrb2.0p25.f036,"""13ff414c2e23a4f8f090f902811d4b84""",bilinear_uv_temperature,43.643198,78.538828
1,2026-02-09T18:00:00+00:00,2026-02-09T12:00:00+00:00,2026-02-11T01:00:00+00:00,31,2.118509522296962,-0.413345441082015,61.90489051617633,2026-02-09T15:58:32+00:00,37,gfs.20260209/12/atmos/gfs.t12z.pgrb2.0p25.f037,"""d00edfdbe37633eccdbd54ba6f9bdafb""",bilinear_uv_temperature,43.64515,78.535604
2,2026-02-09T18:00:00+00:00,2026-02-09T12:00:00+00:00,2026-02-11T01:00:00+00:00,31,2.0638366210571912,-0.41823962412968285,62.09671597265702,2026-02-09T15:58:32+00:00,37,gfs.20260209/12/atmos/gfs.t12z.pgrb2.0p25.f037,"""d00edfdbe37633eccdbd54ba6f9bdafb""",bilinear_uv_temperature,43.643198,78.538828
1,2026-02-09T18:00:00+00:00,2026-02-09T12:00:00+00:00,2026-02-11T02:00:00+00:00,32,2.3047297851573476,-0.420419516931986,80.81178609124254,2026-02-09T15:58:36+00:00,38,gfs.20260209/12/atmos/gfs.t12z.pgrb2.0p25.f038,"""38352560b0beaa4d1d090ceee2f44135""",bilinear_uv_temperature,43.64515,78.535604
2,2026-02-09T18:00:00+00:00,2026-02-09T12:00:00+00:00,2026-02-11T02:00:00+00:00,32,2.22825405119431,-0.4338194814836811,80.08354039941642,2026-02-09T15:58:36+00:00,38,gfs.20260209/12/atmos/gfs.t12z.pgrb2.0p25.f038,"""38352560b0beaa4d1d090ceee2f44135""",bilinear_uv_temperature,43.643198,78.538828
1,2026-02-09T18:00:00+00:00,2026-02-09T12:00:00+00:00,2026-02-11T03:00:00+00:00,33,3.5438501518278627,1.1370554292259953,121.05753464539097,2026-02-09T15:59:23+00:00,39,gfs.20260209/12/atmos/gfs.t12z.pgrb2.0p25.f039,"""6c913439968f379aa373a056d7cb296f""",bilinear_uv_temperature,43.64515,78.535604
2,2026-02-09T18:00:00+00:00,2026-02-09T12:00:00+00:00,2026-02-11T03:00:00+00:00,33,3.480225413507037,1.132073556724265,121.44101155478464,2026-02-09T15:59:23+00:00,39,gfs.20260209/12/atmos/gfs.t12z.pgrb2.0p25.f039,"""6c913439968f379aa373a056d7cb296f""",bilinear_uv_temperature,43.643198,78.538828
1,2026-02-09T18:00:00+00:00,2026-02-09T12:00:00+00:00,2026-02-11T04:00:00+00:00,34,4.605631643882103,3.664292891748005,101.73104067471226,2026-02-09T15:58:50+00:00,40,gfs.20260209/12/atmos/gfs.t12z.pgrb2.0p25.f040,"""ad961aaf687dcebf859aff9ff461877b""",bilinear_uv_temperature,43.64515,78.535604
2,2026-02-09T18:00:00+00:00,2026-02-09T12:00:00+00:00,2026-02-11T04:00:00+00:00,34,4.566328497860261,3.657066320399565,102.38118288200525,2026-02-09T15:58:50+00:00,40,gfs.20260209/12/atmos/gfs.t12z.pgrb2.0p25.f040,"""ad961aaf687dcebf859aff9ff461877b""",bilinear_uv_temperature,43.643198,78.538828
1,2026-02-09T18:00:00+00:00,2026-02-09T12:00:00+00:00,2026-02-11T05:00:00+00:00,35,5.545643156823454,4.7645721108320345,76.37407443403886,2026-02-09T15:59:08+00:00,41,gfs.20260209/12/atmos/gfs.t12z.pgrb2.0p25.f041,"""0c2ee2681ca8ff9213194986976335e8""",bilinear_uv_temperature,43.64515,78.535604
2,2026-02-09T18:00:00+00:00,2026-02-09T12:00:00+00:00,2026-02-11T05:00:00+00:00,35,5.482309269875999,4.758864414519735,77.02937717765984,2026-02-09T15:59:08+00:00,41,gfs.20260209/12/atmos/gfs.t12z.pgrb2.0p25.f041,"""0c2ee2681ca8ff9213194986976335e8""",bilinear_uv_temperature,43.643198,78.538828
1,2026-02-09T18:00:00+00:00,2026-02-09T12:00:00+00:00,2026-02-11T06:00:00+00:00,36,7.861601998686598,6.8389920739439845,81.33695359363412,2026-02-09T15:45:23+00:00,42,gfs.20260209/12/atmos/gfs.t12z.pgrb2.0p25.f042,"""d7db8d6e4ffbac1cecbd3f093b1bbf88""",bilinear_uv_temperature,43.64515,78.535604
2,2026-02-09T18:00:00+00:00,2026-02-09T12:00:00+00:00,2026-02-11T06:00:00+00:00,36,7.783531761409828,6.826058375386594,81.72139599067108,2026-02-09T15:45:23+00:00,42,gfs.20260209/12/atmos/gfs.t12z.pgrb2.0p25.f042,"""d7db8d6e4ffbac1cecbd3f093b1bbf88""",bilinear_uv_temperature,43.643198,78.538828
1,2026-02-09T18:00:00+00:00,2026-02-09T12:00:00+00:00,2026-02-11T07:00:00+00:00,37,10.123022739770443,7.34330388253403,83.93010500845674,2026-02-09T15:59:06+00:00,43,gfs.20260209/12/atmos/gfs.t12z.pgrb2.0p25.f043,"""0e81e62236662ba990ffcbb056e9eee0""",bilinear_uv_temperature,43.64515,78.535604
2,2026-02-09T18:00:00+00:00,2026-02-09T12:00:00+00:00,2026-02-11T07:00:00+00:00,37,10.020551032460373,7.337998573698201,84.35188590719667,2026-02-09T15:59:06+00:00,43,gfs.20260209/12/atmos/gfs.t12z.pgrb2.0p25.f043,"""0e81e62236662ba990ffcbb056e9eee0""",bilinear_uv_temperature,43.643198,78.538828
1,2026-02-09T18:00:00+00:00,2026-02-09T12:00:00+00:00,2026-02-11T08:00:00+00:00,38,11.438689836017518,7.960227738276046,73.94714257845519,2026-02-09T15:59:54+00:00,44,gfs.20260209/12/atmos/gfs.t12z.pgrb2.0p25.f044,"""0442ac3d8279038cca098e2185a688c0""",bilinear_uv_temperature,43.64515,78.535604
2,2026-02-09T18:00:00+00:00,2026-02-09T12:00:00+00:00,2026-02-11T08:00:00+00:00,38,11.323666194644975,7.957123809646305,74.32039695356706,2026-02-09T15:59:54+00:00,44,gfs.20260209/12/atmos/gfs.t12z.pgrb2.0p25.f044,"""0442ac3d8279038cca098e2185a688c0""",bilinear_uv_temperature,43.643198,78.538828
1,2026-02-09T18:00:00+00:00,2026-02-09T12:00:00+00:00,2026-02-11T09:00:00+00:00,39,8.332026181083588,8.391595399560003,61.42697840557358,2026-02-09T16:00:13+00:00,45,gfs.20260209/12/atmos/gfs.t12z.pgrb2.0p25.f045,"""b58303cda5ea1f73a21c14573b18bbf1""",bilinear_uv_temperature,43.64515,78.535604
2,2026-02-09T18:00:00+00:00,2026-02-09T12:00:00+00:00,2026-02-11T09:00:00+00:00,39,8.221235131786582,8.380262322094438,61.867883363230646,2026-02-09T16:00:13+00:00,45,gfs.20260209/12/atmos/gfs.t12z.pgrb2.0p25.f045,"""b58303cda5ea1f73a21c14573b18bbf1""",bilinear_uv_temperature,43.643198,78.538828
1,2026-02-09T18:00:00+00:00,2026-02-09T12:00:00+00:00,2026-02-11T10:00:00+00:00,40,4.527492654939892,6.350914819180048,72.31300854809018,2026-02-09T16:00:15+00:00,46,gfs.20260209/12/atmos/gfs.t12z.pgrb2.0p25.f046,"""77c113d9d4c4e17c01abb7751449c224""",bilinear_uv_temperature,43.64515,78.535604
2,2026-02-09T18:00:00+00:00,2026-02-09T12:00:00+00:00,2026-02-11T10:00:00+00:00,40,4.440842671881774,6.327161265503207,72.22391307988991,2026-02-09T16:00:15+00:00,46,gfs.20260209/12/atmos/gfs.t12z.pgrb2.0p25.f046,"""77c113d9d4c4e17c01abb7751449c224""",bilinear_uv_temperature,43.643198,78.538828
1,2026-02-09T18:00:00+00:00,2026-02-09T12:00:00+00:00,2026-02-11T11:00:00+00:00,41,2.132948710038438,5.421067675468066,250.50883976623572,2026-02-09T16:00:25+00:00,47,gfs.20260209/12/atmos/gfs.t12z.pgrb2.0p25.f047,"""696a403d967affa1620d84a67d1ef2ff""",bilinear_uv_temperature,43.64515,78.535604
2,2026-02-09T18:00:00+00:00,2026-02-09T12:00:00+00:00,2026-02-11T11:00:00+00:00,41,2.16647855023415,5.383271596292332,250.93709723304903,2026-02-09T16:00:25+00:00,47,gfs.20260209/12/atmos/gfs.t12z.pgrb2.0p25.f047,"""696a403d967affa1620d84a67d1ef2ff""",bilinear_uv_temperature,43.643198,78.538828
1,2026-02-09T18:00:00+00:00,2026-02-09T12:00:00+00:00,2026-02-11T12:00:00+00:00,42,7.211167378350861,3.655671606972021,254.71766557826504,2026-02-09T16:00:52+00:00,48,gfs.20260209/12/atmos/gfs.t12z.pgrb2.0p25.f048,"""e8169430eba47bbe01f4e0ec0594365e""",bilinear_uv_temperature,43.64515,78.535604
2,2026-02-09T18:00:00+00:00,2026-02-09T12:00:00+00:00,2026-02-11T12:00:00+00:00,42,7.16494346712758,3.6139989248932807,254.9149399530296,2026-02-09T16:00:52+00:00,48,gfs.20260209/12/atmos/gfs.t12z.pgrb2.0p25.f048,"""e8169430eba47bbe01f4e0ec0594365e""",bilinear_uv_temperature,43.643198,78.538828
1,2026-02-09T18:00:00+00:00,2026-02-09T12:00:00+00:00,2026-02-11T13:00:00+00:00,43,5.118044052953705,3.045348778592029,232.87441235019625,2026-02-09T16:01:09+00:00,49,gfs.20260209/12/atmos/gfs.t12z.pgrb2.0p25.f049,"""d21f126c6bb4d0f5a006187520be5c8a""",bilinear_uv_temperature,43.64515,78.535604
2,2026-02-09T18:00:00+00:00,2026-02-09T12:00:00+00:00,2026-02-11T13:00:00+00:00,43,5.081636917537354,3.0080571271820986,232.92327529764373,2026-02-09T16:01:09+00:00,49,gfs.20260209/12/atmos/gfs.t12z.pgrb2.0p25.f049,"""d21f126c6bb4d0f5a006187520be5c8a""",bilinear_uv_temperature,43.643198,78.538828
1,2026-02-09T18:00:00+00:00,2026-02-09T12:00:00+00:00,2026-02-11T14:00:00+00:00,44,7.3224960894040505,2.8669883732280255,253.50501976778003,2026-02-09T16:01:25+00:00,50,gfs.20260209/12/atmos/gfs.t12z.pgrb2.0p25.f050,"""768707d82858dd1716d81b0fb1ace902""",bilinear_uv_temperature,43.64515,78.535604
2,2026-02-09T18:00:00+00:00,2026-02-09T12:00:00+00:00,2026-02-11T14:00:00+00:00,44,7.268461686381838,2.836007698954745,253.78366994042923,2026-02-09T16:01:25+00:00,50,gfs.20260209/12/atmos/gfs.t12z.pgrb2.0p25.f050,"""768707d82858dd1716d81b0fb1ace902""",bilinear_uv_temperature,43.643198,78.538828
1,2026-02-09T18:00:00+00:00,2026-02-09T12:00:00+00:00,2026-02-11T15:00:00+00:00,45,10.740323505390446,2.0759201588180076,259.22513944458854,2026-02-09T16:01:49+00:00,51,gfs.20260209/12/atmos/gfs.t12z.pgrb2.0p25.f051,"""4df50b8dc503e31c310a0515719abe39""",bilinear_uv_temperature,43.64515,78.535604
2,2026-02-09T18:00:00+00:00,2026-02-09T12:00:00+00:00,2026-02-11T15:00:00+00:00,45,10.686375342874156,2.05478890114631,259.3885170359387,2026-02-09T16:01:49+00:00,51,gfs.20260209/12/atmos/gfs.t12z.pgrb2.0p25.f051,"""4df50b8dc503e31c310a0515719abe39""",bilinear_uv_temperature,43.643198,78.538828
1,2026-02-09T18:00:00+00:00,2026-02-09T12:00:00+00:00,2026-02-11T16:00:00+00:00,46,11.40357514496268,1.6639794715180756,254.86924308424537,2026-02-09T15:47:05+00:00,52,gfs.20260209/12/atmos/gfs.t12z.pgrb2.0p25.f052,"""b78e839b0a23c6b4604f960e19e2c203""",bilinear_uv_temperature,43.64515,78.535604
2,2026-02-09T18:00:00+00:00,2026-02-09T12:00:00+00:00,2026-02-11T16:00:00+00:00,46,11.33453903644567,1.6445614030943716,255.01647249889606,2026-02-09T15:47:05+00:00,52,gfs.20260209/12/atmos/gfs.t12z.pgrb2.0p25.f052,"""b78e839b0a23c6b4604f960e19e2c203""",bilinear_uv_temperature,43.643198,78.538828
1,2026-02-09T18:00:00+00:00,2026-02-09T12:00:00+00:00,2026-02-11T17:00:00+00:00,47,11.23381402306542,1.0021717799860426,248.3396116004251,2026-02-09T16:02:12+00:00,53,gfs.20260209/12/atmos/gfs.t12z.pgrb2.0p25.f053,"""8499febdac48b14041dfa9ce869c745a""",bilinear_uv_temperature,43.64515,78.535604
2,2026-02-09T18:00:00+00:00,2026-02-09T12:00:00+00:00,2026-02-11T17:00:00+00:00,47,11.16396956915169,0.9883561255066411,248.4705852900351,2026-02-09T16:02:12+00:00,53,gfs.20260209/12/atmos/gfs.t12z.pgrb2.0p25.f053,"""8499febdac48b14041dfa9ce869c745a""",bilinear_uv_temperature,43.643198,78.538828
1,2026-02-09T18:00:00+00:00,2026-02-09T12:00:00+00:00,2026-02-11T18:00:00+00:00,48,9.748635156028481,0.931419369582045,251.10914222399956,2026-02-09T15:47:57+00:00,54,gfs.20260209/12/atmos/gfs.t12z.pgrb2.0p25.f054,"""40f80751d884ee8b6be8e6fc28f674d2""",bilinear_uv_temperature,43.64515,78.535604
2,2026-02-09T18:00:00+00:00,2026-02-09T12:00:00+00:00,2026-02-11T18:00:00+00:00,48,9.681315925275646,0.9149663932696512,251.2549289728732,2026-02-09T15:47:57+00:00,54,gfs.20260209/12/atmos/gfs.t12z.pgrb2.0p25.f054,"""40f80751d884ee8b6be8e6fc28f674d2""",bilinear_uv_temperature,43.643198,78.538828
1,2026-02-10T18:00:00+00:00,2026-02-10T12:00:00+00:00,2026-02-10T19:00:00+00:00,1,11.211962816021753,0.9941352618479868,76.95280897932294,2026-02-10T15:34:25+00:00,7,gfs.20260210/12/atmos/gfs.t12z.pgrb2.0p25.f007,"""c26e4d95fa13ea55dcc6bf5ba01bae69""",bilinear_uv_temperature,43.64515,78.535604
2,2026-02-10T18:00:00+00:00,2026-02-10T12:00:00+00:00,2026-02-10T19:00:00+00:00,1,11.077251056101469,0.9849592051235732,77.4320992404237,2026-02-10T15:34:25+00:00,7,gfs.20260210/12/atmos/gfs.t12z.pgrb2.0p25.f007,"""c26e4d95fa13ea55dcc6bf5ba01bae69""",bilinear_uv_temperature,43.643198,78.538828
1,2026-02-10T18:00:00+00:00,2026-02-10T12:00:00+00:00,2026-02-10T20:00:00+00:00,2,10.58017286829007,0.5804841249640162,74.57111313741132,2026-02-10T15:34:40+00:00,8,gfs.20260210/12/atmos/gfs.t12z.pgrb2.0p25.f008,"""787c57549c442da3b048ea0a11ffd338""",bilinear_uv_temperature,43.64515,78.535604
2,2026-02-10T18:00:00+00:00,2026-02-10T12:00:00+00:00,2026-02-10T20:00:00+00:00,2,10.459839621449373,0.5681534893313938,75.04131775710776,2026-02-10T15:34:40+00:00,8,gfs.20260210/12/atmos/gfs.t12z.pgrb2.0p25.f008,"""787c57549c442da3b048ea0a11ffd338""",bilinear_uv_temperature,43.643198,78.538828
1,2026-02-10T18:00:00+00:00,2026-02-10T12:00:00+00:00,2026-02-10T21:00:00+00:00,3,8.92095874529233,0.11853084756398857,71.49685827333106,2026-02-10T15:35:22+00:00,9,gfs.20260210/12/atmos/gfs.t12z.pgrb2.0p25.f009,"""9632313a03e87107cb1ff04b31a08dd0""",bilinear_uv_temperature,43.64515,78.535604
2,2026-02-10T18:00:00+00:00,2026-02-10T12:00:00+00:00,2026-02-10T21:00:00+00:00,3,8.841434890349813,0.11060496655539964,72.03553338708267,2026-02-10T15:35:22+00:00,9,gfs.20260210/12/atmos/gfs.t12z.pgrb2.0p25.f009,"""9632313a03e87107cb1ff04b31a08dd0""",bilinear_uv_temperature,43.643198,78.538828
1,2026-02-10T18:00:00+00:00,2026-02-10T12:00:00+00:00,2026-02-10T22:00:00+00:00,4,7.643830010319746,0.0513676285580118,79.216550792268,2026-02-10T15:49:45+00:00,10,gfs.20260210/12/atmos/gfs.t12z.pgrb2.0p25.f010,"""32e87763b216ae3d9ac5a68649941b82""",bilinear_uv_temperature,43.64515,78.535604
2,2026-02-10T18:00:00+00:00,2026-02-10T12:00:00+00:00,2026-02-10T22:00:00+00:00,4,7.570149936803675,0.03659024598397309,79.52457720043209,2026-02-10T15:49:45+00:00,10,gfs.20260210/12/atmos/gfs.t12z.pgrb2.0p25.f010,"""32e87763b216ae3d9ac5a68649941b82""",bilinear_uv_temperature,43.643198,78.538828
1,2026-02-10T18:00:00+00:00,2026-02-10T12:00:00+00:00,2026-02-10T23:00:00+00:00,5,4.343775864190335,0.4449951870820428,75.15911678853269,2026-02-10T15:35:41+00:00,11,gfs.20260210/12/atmos/gfs.t12z.pgrb2.0p25.f011,"""308981716e637379fb47dd287fb7f812""",bilinear_uv_temperature,43.64515,78.535604
2,2026-02-10T18:00:00+00:00,2026-02-10T12:00:00+00:00,2026-02-10T23:00:00+00:00,5,4.281654136022228,0.4441370907697433,75.78171309384746,2026-02-10T15:35:41+00:00,11,gfs.20260210/12/atmos/gfs.t12z.pgrb2.0p25.f011,"""308981716e637379fb47dd287fb7f812""",bilinear_uv_temperature,43.643198,78.538828
1,2026-02-10T18:00:00+00:00,2026-02-10T12:00:00+00:00,2026-02-11T00:00:00+00:00,6,1.3644602480776262,0.6900799944260143,14.910489286995123,2026-02-10T15:50:27+00:00,12,gfs.20260210/12/atmos/gfs.t12z.pgrb2.0p25.f012,"""e58b3da2730f0dd3a505f67411c237b8""",bilinear_uv_temperature,43.64515,78.535604
2,2026-02-10T18:00:00+00:00,2026-02-10T12:00:00+00:00,2026-02-11T00:00:00+00:00,6,1.3342939643703509,0.6789473111722373,12.923496080060072,2026-02-10T15:50:27+00:00,12,gfs.20260210/12/atmos/gfs.t12z.pgrb2.0p25.f012,"""e58b3da2730f0dd3a505f67411c237b8""",bilinear_uv_temperature,43.643198,78.538828
1,2026-02-10T18:00:00+00:00,2026-02-10T12:00:00+00:00,2026-02-11T01:00:00+00:00,7,1.9223524457817578,0.258905737029977,113.87220345158651,2026-02-10T15:50:28+00:00,13,gfs.20260210/12/atmos/gfs.t12z.pgrb2.0p25.f013,"""5683306085a66c82d64f9dc0763b9276""",bilinear_uv_temperature,43.64515,78.535604
2,2026-02-10T18:00:00+00:00,2026-02-10T12:00:00+00:00,2026-02-11T01:00:00+00:00,7,1.8543028446107648,0.24145787173728195,113.95861782945336,2026-02-10T15:50:28+00:00,13,gfs.20260210/12/atmos/gfs.t12z.pgrb2.0p25.f013,"""5683306085a66c82d64f9dc0763b9276""",bilinear_uv_temperature,43.643198,78.538828
1,2026-02-10T18:00:00+00:00,2026-02-10T12:00:00+00:00,2026-02-11T02:00:00+00:00,8,2.919328380518841,1.4168792664260081,136.34036386182655,2026-02-10T15:35:59+00:00,14,gfs.20260210/12/atmos/gfs.t12z.pgrb2.0p25.f014,"""4c1faf80ebdc04d819b50f8f7838c253""",bilinear_uv_temperature,43.64515,78.535604
2,2026-02-10T18:00:00+00:00,2026-02-10T12:00:00+00:00,2026-02-11T02:00:00+00:00,8,2.9023808494766463,1.4052434500522963,136.93143076201696,2026-02-10T15:35:59+00:00,14,gfs.20260210/12/atmos/gfs.t12z.pgrb2.0p25.f014,"""4c1faf80ebdc04d819b50f8f7838c253""",bilinear_uv_temperature,43.643198,78.538828
1,2026-02-10T18:00:00+00:00,2026-02-10T12:00:00+00:00,2026-02-11T03:00:00+00:00,9,4.155115296099169,2.775080370250066,107.02761008672414,2026-02-10T15:51:25+00:00,15,gfs.20260210/12/atmos/gfs.t12z.pgrb2.0p25.f015,"""3a02290bb2f29b7717046da68ae5bc89""",bilinear_uv_temperature,43.64515,78.535604
2,2026-02-10T18:00:00+00:00,2026-02-10T12:00:00+00:00,2026-02-11T03:00:00+00:00,9,4.117087781418187,2.769853624010011,107.6842276279383,2026-02-10T15:51:25+00:00,15,gfs.20260210/12/atmos/gfs.t12z.pgrb2.0p25.f015,"""3a02290bb2f29b7717046da68ae5bc89""",bilinear_uv_temperature,43.643198,78.538828
1,2026-02-10T18:00:00+00:00,2026-02-10T12:00:00+00:00,2026-02-11T04:00:00+00:00,10,4.867519369929514,3.8491685718700523,84.70439507461215,2026-02-10T15:36:41+00:00,16,gfs.20260210/12/atmos/gfs.t12z.pgrb2.0p25.f016,"""8d1c427853112b218c13ccf6b92dc0f2""",bilinear_uv_temperature,43.64515,78.535604
2,2026-02-10T18:00:00+00:00,2026-02-10T12:00:00+00:00,2026-02-11T04:00:00+00:00,10,4.803272419485941,3.8334262162987898,85.27713865677893,2026-02-10T15:36:41+00:00,16,gfs.20260210/12/atmos/gfs.t12z.pgrb2.0p25.f016,"""8d1c427853112b218c13ccf6b92dc0f2""",bilinear_uv_temperature,43.643198,78.538828
1,2026-02-10T18:00:00+00:00,2026-02-10T12:00:00+00:00,2026-02-11T05:00:00+00:00,11,5.961765223186154,4.972133764244063,87.83863355997953,2026-02-10T15:51:30+00:00,17,gfs.20260210/12/atmos/gfs.t12z.pgrb2.0p25.f017,"""00e312be6e50dfc4f2be9ee769c1087e""",bilinear_uv_temperature,43.64515,78.535604
2,2026-02-10T18:00:00+00:00,2026-02-10T12:00:00+00:00,2026-02-11T05:00:00+00:00,11,5.897467836287639,4.953232249558596,88.30791419760222,2026-02-10T15:51:30+00:00,17,gfs.20260210/12/atmos/gfs.t12z.pgrb2.0p25.f017,"""00e312be6e50dfc4f2be9ee769c1087e""",bilinear_uv_temperature,43.643198,78.538828
1,2026-02-10T18:00:00+00:00,2026-02-10T12:00:00+00:00,2026-02-11T06:00:00+00:00,12,8.700217458856018,6.678974188424036,81.0074500368159,2026-02-10T15:51:58+00:00,18,gfs.20260210/12/atmos/gfs.t12z.pgrb2.0p25.f018,"""8cfe6e3e4d0b30b72d8ae7088e4a7ad0""",bilinear_uv_temperature,43.64515,78.535604
2,2026-02-10T18:00:00+00:00,2026-02-10T12:00:00+00:00,2026-02-11T06:00:00+00:00,12,8.618649706396376,6.658155280061806,81.33866454819747,2026-02-10T15:51:58+00:00,18,gfs.20260210/12/atmos/gfs.t12z.pgrb2.0p25.f018,"""8cfe6e3e4d0b30b72d8ae7088e4a7ad0""",bilinear_uv_temperature,43.643198,78.538828
1,2026-02-10T18:00:00+00:00,2026-02-10T12:00:00+00:00,2026-02-11T07:00:00+00:00,13,11.38971602625713,7.336963085642083,80.58230135190061,2026-02-10T15:52:06+00:00,19,gfs.20260210/12/atmos/gfs.t12z.pgrb2.0p25.f019,"""2e99398543885ab86b69680049a48121""",bilinear_uv_temperature,43.64515,78.535604
2,2026-02-10T18:00:00+00:00,2026-02-10T12:00:00+00:00,2026-02-11T07:00:00+00:00,13,11.2771239456919,7.327568351224102,80.90653270471465,2026-02-10T15:52:06+00:00,19,gfs.20260210/12/atmos/gfs.t12z.pgrb2.0p25.f019,"""2e99398543885ab86b69680049a48121""",bilinear_uv_temperature,43.643198,78.538828
1,2026-02-10T18:00:00+00:00,2026-02-10T12:00:00+00:00,2026-02-11T08:00:00+00:00,14,11.443732216042969,7.799803851948013,76.42778677225242,2026-02-10T15:52:22+00:00,20,gfs.20260210/12/atmos/gfs.t12z.pgrb2.0p25.f020,"""3e437a27e05f71e92cab2d02c93770a2""",bilinear_uv_temperature,43.64515,78.535604
2,2026-02-10T18:00:00+00:00,2026-02-10T12:00:00+00:00,2026-02-11T08:00:00+00:00,14,11.321150221785606,7.78981014984754,76.82965867346225,2026-02-10T15:52:22+00:00,20,gfs.20260210/12/atmos/gfs.t12z.pgrb2.0p25.f020,"""3e437a27e05f71e92cab2d02c93770a2""",bilinear_uv_temperature,43.643198,78.538828
1,2026-02-10T18:00:00+00:00,2026-02-10T12:00:00+00:00,2026-02-11T09:00:00+00:00,15,6.231583299064534,7.276929856588026,51.92497873404993,2026-02-10T15:53:21+00:00,21,gfs.20260210/12/atmos/gfs.t12z.pgrb2.0p25.f021,"""bfd6655da041f6166c1849ac94348ea7""",bilinear_uv_temperature,43.64515,78.535604
2,2026-02-10T18:00:00+00:00,2026-02-10T12:00:00+00:00,2026-02-11T09:00:00+00:00,15,6.12766013808492,7.2585697549611154,51.764188727267474,2026-02-10T15:53:21+00:00,21,gfs.20260210/12/atmos/gfs.t12z.pgrb2.0p25.f021,"""bfd6655da041f6166c1849ac94348ea7""",bilinear_uv_temperature,43.643198,78.538828
1,2026-02-10T18:00:00+00:00,2026-02-10T12:00:00+00:00,2026-02-11T10:00:00+00:00,16,1.2321905562046886,5.731448015700039,86.45616444120552,2026-02-10T15:53:00+00:00,22,gfs.20260210/12/atmos/gfs.t12z.pgrb2.0p25.f022,"""7ba68d60313e5fd74dd320bf7c05b79f""",bilinear_uv_temperature,43.64515,78.535604
2,2026-02-10T18:00:00+00:00,2026-02-10T12:00:00+00:00,2026-02-11T10:00:00+00:00,16,1.1765451750236304,5.693873938068009,87.33900963820876,2026-02-10T15:53:00+00:00,22,gfs.20260210/12/atmos/gfs.t12z.pgrb2.0p25.f022,"""7ba68d60313e5fd74dd320bf7c05b79f""",bilinear_uv_temperature,43.643198,78.538828
1,2026-02-10T18:00:00+00:00,2026-02-10T12:00:00+00:00,2026-02-11T11:00:00+00:00,17,1.60927182249819,5.570298069490036,290.9968781088944,2026-02-10T15:53:07+00:00,23,gfs.20260210/12/atmos/gfs.t12z.pgrb2.0p25.f023,"""a8597bec3dcf555ff762e16be93dd93f""",bilinear_uv_temperature,43.64515,78.535604
2,2026-02-10T18:00:00+00:00,2026-02-10T12:00:00+00:00,2026-02-11T11:00:00+00:00,17,1.6584458784080707,5.518062545227622,289.30768527100423,2026-02-10T15:53:07+00:00,23,gfs.20260210/12/atmos/gfs.t12z.pgrb2.0p25.f023,"""a8597bec3dcf555ff762e16be93dd93f""",bilinear_uv_temperature,43.643198,78.538828
1,2026-02-10T18:00:00+00:00,2026-02-10T12:00:00+00:00,2026-02-11T12:00:00+00:00,18,5.711808146199106,4.112983024204084,259.0831234172721,2026-02-10T15:38:58+00:00,24,gfs.20260210/12/atmos/gfs.t12z.pgrb2.0p25.f024,"""f65d357df5d781bae4d32cd256d0506b""",bilinear_uv_temperature,43.64515,78.535604
2,2026-02-10T18:00:00+00:00,2026-02-10T12:00:00+00:00,2026-02-11T12:00:00+00:00,18,5.716007575943835,4.067423770548942,259.3647905329822,2026-02-10T15:38:58+00:00,24,gfs.20260210/12/atmos/gfs.t12z.pgrb2.0p25.f024,"""f65d357df5d781bae4d32cd256d0506b""",bilinear_uv_temperature,43.643198,78.538828
1,2026-02-10T18:00:00+00:00,2026-02-10T12:00:00+00:00,2026-02-11T13:00:00+00:00,19,7.828717862342376,3.453831431573974,245.22346025522017,2026-02-10T15:53:50+00:00,25,gfs.20260210/12/atmos/gfs.t12z.pgrb2.0p25.f025,"""2fc93d8844bd9975cdf371dfe11d7e3f""",bilinear_uv_temperature,43.64515,78.535604
2,2026-02-10T18:00:00+00:00,2026-02-10T12:00:00+00:00,2026-02-11T13:00:00+00:00,19,7.7832631097482645,3.419064955467775,245.4396175913273,2026-02-10T15:53:50+00:00,25,gfs.20260210/12/atmos/gfs.t12z.pgrb2.0p25.f025,"""2fc93d8844bd9975cdf371dfe11d7e3f""",bilinear_uv_temperature,43.643198,78.538828
1,2026-02-10T18:00:00+00:00,2026-02-10T12:00:00+00:00,2026-02-11T14:00:00+00:00,20,10.5499239969418,2.8707623942780742,256.72011389299377,2026-02-10T15:39:26+00:00,26,gfs.20260210/12/atmos/gfs.t12z.pgrb2.0p25.f026,"""430801314a348389f1c6da4debc5179d""",bilinear_uv_temperature,43.64515,78.535604
2,2026-02-10T18:00:00+00:00,2026-02-10T12:00:00+00:00,2026-02-11T14:00:00+00:00,20,10.491005012957471,2.845417650756758,256.78697298187507,2026-02-10T15:39:26+00:00,26,gfs.20260210/12/atmos/gfs.t12z.pgrb2.0p25.f026,"""430801314a348389f1c6da4debc5179d""",bilinear_uv_temperature,43.643198,78.538828
1,2026-02-10T18:00:00+00:00,2026-02-10T12:00:00+00:00,2026-02-11T15:00:00+00:00,21,10.580592788210701,2.1403753057500694,250.47125807909538,2026-02-10T15:54:45+00:00,27,gfs.20260210/12/atmos/gfs.t12z.pgrb2.0p25.f027,"""50737508e3c3d56721b02aae3b50d66d""",bilinear_uv_temperature,43.64515,78.535604
2,2026-02-10T18:00:00+00:00,2026-02-10T12:00:00+00:00,2026-02-11T15:00:00+00:00,21,10.512430314123906,2.119492652630015,250.64100736385834,2026-02-10T15:54:45+00:00,27,gfs.20260210/12/atmos/gfs.t12z.pgrb2.0p25.f027,"""50737508e3c3d56721b02aae3b50d66d""",bilinear_uv_temperature,43.643198,78.538828
1,2026-02-10T18:00:00+00:00,2026-02-10T12:00:00+00:00,2026-02-11T16:00:00+00:00,22,8.971311474984358,1.8444105085320643,244.69891277323143,2026-02-10T15:54:46+00:00,28,gfs.20260210/12/atmos/gfs.t12z.pgrb2.0p25.f028,"""ac1e069c5ce1b7ae9c8bc909c0849c60""",bilinear_uv_temperature,43.64515,78.535604
2,2026-02-10T18:00:00+00:00,2026-02-10T12:00:00+00:00,2026-02-11T16:00:00+00:00,22,8.919582578015905,1.8255184014677184,244.809423138696,2026-02-10T15:54:46+00:00,28,gfs.20260210/12/atmos/gfs.t12z.pgrb2.0p25.f028,"""ac1e069c5ce1b7ae9c8bc909c0849c60""",bilinear_uv_temperature,43.643198,78.538828
1,2026-02-10T18:00:00+00:00,2026-02-10T12:00:00+00:00,2026-02-11T17:00:00+00:00,23,7.071253993974342,1.8661821081240078,246.95800974598936,2026-02-10T15:55:11+00:00,29,gfs.20260210/12/atmos/gfs.t12z.pgrb2.0p25.f029,"""513aa0541a20538e3f3b608240d0d4b3""",bilinear_uv_temperature,43.64515,78.535604
2,2026-02-10T18:00:00+00:00,2026-02-10T12:00:00+00:00,2026-02-11T17:00:00+00:00,23,7.0198895192389585,1.847714695889806,246.96471875267184,2026-02-10T15:55:11+00:00,29,gfs.20260210/12/atmos/gfs.t12z.pgrb2.0p25.f029,"""513aa0541a20538e3f3b608240d0d4b3""",bilinear_uv_temperature,43.643198,78.538828
1,2026-02-10T18:00:00+00:00,2026-02-10T12:00:00+00:00,2026-02-11T18:00:00+00:00,24,7.550935683604897,1.329417365064046,260.34431297911175,2026-02-10T15:55:18+00:00,30,gfs.20260210/12/atmos/gfs.t12z.pgrb2.0p25.f030,"""b0e128e7b23a311a75424a7b010b1a8d""",bilinear_uv_temperature,43.64515,78.535604
2,2026-02-10T18:00:00+00:00,2026-02-10T12:00:00+00:00,2026-02-11T18:00:00+00:00,24,7.5007941425390845,1.3130956440553518,260.4443361505386,2026-02-10T15:55:18+00:00,30,gfs.20260210/12/atmos/gfs.t12z.pgrb2.0p25.f030,"""b0e128e7b23a311a75424a7b010b1a8d""",bilinear_uv_temperature,43.643198,78.538828
1,2026-02-10T18:00:00+00:00,2026-02-10T12:00:00+00:00,2026-02-11T19:00:00+00:00,25,10.754645385775659,0.9918227541660372,256.65007061819523,2026-02-10T15:55:27+00:00,31,gfs.20260210/12/atmos/gfs.t12z.pgrb2.0p25.f031,"""917f68ee120c9c05e6b1c98b646936e8""",bilinear_uv_temperature,43.64515,78.535604
2,2026-02-10T18:00:00+00:00,2026-02-10T12:00:00+00:00,2026-02-11T19:00:00+00:00,25,10.681350400527014,0.9696292260098289,256.8188065044088,2026-02-10T15:55:27+00:00,31,gfs.20260210/12/atmos/gfs.t12z.pgrb2.0p25.f031,"""917f68ee120c9c05e6b1c98b646936e8""",bilinear_uv_temperature,43.643198,78.538828
1,2026-02-10T18:00:00+00:00,2026-02-10T12:00:00+00:00,2026-02-11T20:00:00+00:00,26,10.223723388284817,0.5465486729460167,255.4148722488594,2026-02-10T15:55:35+00:00,32,gfs.20260210/12/atmos/gfs.t12z.pgrb2.0p25.f032,"""c1616b8c59a2f77aad38b110c427f2c7""",bilinear_uv_temperature,43.64515,78.535604
2,2026-02-10T18:00:00+00:00,2026-02-10T12:00:00+00:00,2026-02-11T20:00:00+00:00,26,10.14953163029037,0.530845292617073,255.52492993875654,2026-02-10T15:55:35+00:00,32,gfs.20260210/12/atmos/gfs.t12z.pgrb2.0p25.f032,"""c1616b8c59a2f77aad38b110c427f2c7""",bilinear_uv_temperature,43.643198,78.538828
1,2026-02-10T18:00:00+00:00,2026-02-10T12:00:00+00:00,2026-02-11T21:00:00+00:00,27,8.981748216113033,0.2208692025860728,250.57899715187438,2026-02-10T15:56:07+00:00,33,gfs.20260210/12/atmos/gfs.t12z.pgrb2.0p25.f033,"""32f4f27bba96ee1952dbe2c9f5d24454""",bilinear_uv_temperature,43.64515,78.535604
2,2026-02-10T18:00:00+00:00,2026-02-10T12:00:00+00:00,2026-02-11T21:00:00+00:00,27,8.932891791620085,0.2038416627306674,250.67051879265154,2026-02-10T15:56:07+00:00,33,gfs.20260210/12/atmos/gfs.t12z.pgrb2.0p25.f033,"""32f4f27bba96ee1952dbe2c9f5d24454""",bilinear_uv_temperature,43.643198,78.538828
1,2026-02-10T18:00:00+00:00,2026-02-10T12:00:00+00:00,2026-02-11T22:00:00+00:00,28,8.133615404904766,0.19533182768600454,251.4216304383113,2026-02-10T15:56:04+00:00,34,gfs.20260210/12/atmos/gfs.t12z.pgrb2.0p25.f034,"""48c72dc6f8b6ee904f635c03d600c2c7""",bilinear_uv_temperature,43.64515,78.535604
2,2026-02-10T18:00:00+00:00,2026-02-10T12:00:00+00:00,2026-02-11T22:00:00+00:00,28,8.091784082304827,0.1789656824546455,251.56207402272074,2026-02-10T15:56:04+00:00,34,gfs.20260210/12/atmos/gfs.t12z.pgrb2.0p25.f034,"""48c72dc6f8b6ee904f635c03d600c2c7""",bilinear_uv_temperature,43.643198,78.538828
1,2026-02-10T18:00:00+00:00,2026-02-10T12:00:00+00:00,2026-02-11T23:00:00+00:00,29,8.031418303484282,0.1459889190659851,249.9749606940262,2026-02-10T15:56:32+00:00,35,gfs.20260210/12/atmos/gfs.t12z.pgrb2.0p25.f035,"""3b5d55802d35c368d87e1f83cceb492b""",bilinear_uv_temperature,43.64515,78.535604
2,2026-02-10T18:00:00+00:00,2026-02-10T12:00:00+00:00,2026-02-11T23:00:00+00:00,29,7.988085605796919,0.12782583628586508,250.09670791266356,2026-02-10T15:56:32+00:00,35,gfs.20260210/12/atmos/gfs.t12z.pgrb2.0p25.f035,"""3b5d55802d35c368d87e1f83cceb492b""",bilinear_uv_temperature,43.643198,78.538828
1,2026-02-10T18:00:00+00:00,2026-02-10T12:00:00+00:00,2026-02-12T00:00:00+00:00,30,7.127534409392961,0.17197618105399215,254.53609039232663,2026-02-10T15:56:59+00:00,36,gfs.20260210/12/atmos/gfs.t12z.pgrb2.0p25.f036,"""2616113874d0ac95df05f3e77eaa0404""",bilinear_uv_temperature,43.64515,78.535604
2,2026-02-10T18:00:00+00:00,2026-02-10T12:00:00+00:00,2026-02-12T00:00:00+00:00,30,7.085026908993638,0.15416705514297746,254.64455116668768,2026-02-10T15:56:59+00:00,36,gfs.20260210/12/atmos/gfs.t12z.pgrb2.0p25.f036,"""2616113874d0ac95df05f3e77eaa0404""",bilinear_uv_temperature,43.643198,78.538828
1,2026-02-10T18:00:00+00:00,2026-02-10T12:00:00+00:00,2026-02-12T01:00:00+00:00,31,7.222260005570234,0.11115929495605315,252.80902650517032,2026-02-10T15:42:22+00:00,37,gfs.20260210/12/atmos/gfs.t12z.pgrb2.0p25.f037,"""5e6a5732364b90db898a810d9dada928""",bilinear_uv_temperature,43.64515,78.535604
2,2026-02-10T18:00:00+00:00,2026-02-10T12:00:00+00:00,2026-02-12T01:00:00+00:00,31,7.182131580326136,0.09392581264950195,252.96142273560378,2026-02-10T15:42:22+00:00,37,gfs.20260210/12/atmos/gfs.t12z.pgrb2.0p25.f037,"""5e6a5732364b90db898a810d9dada928""",bilinear_uv_temperature,43.643198,78.538828
1,2026-02-10T18:00:00+00:00,2026-02-10T12:00:00+00:00,2026-02-12T02:00:00+00:00,32,6.239930477344591,0.08920743212598836,250.97098465544866,2026-02-10T15:57:08+00:00,38,gfs.20260210/12/atmos/gfs.t12z.pgrb2.0p25.f038,"""664e59516328c816cd2dfa26ae83107c""",bilinear_uv_temperature,43.64515,78.535604
2,2026-02-10T18:00:00+00:00,2026-02-10T12:00:00+00:00,2026-02-12T02:00:00+00:00,32,6.206759534600731,0.07282889812023541,251.04302971237297,2026-02-10T15:57:08+00:00,38,gfs.20260210/12/atmos/gfs.t12z.pgrb2.0p25.f038,"""664e59516328c816cd2dfa26ae83107c""",bilinear_uv_temperature,43.643198,78.538828
1,2026-02-10T18:00:00+00:00,2026-02-10T12:00:00+00:00,2026-02-12T03:00:00+00:00,33,4.671873593923296,0.502424556106007,252.80396850113087,2026-02-10T15:58:22+00:00,39,gfs.20260210/12/atmos/gfs.t12z.pgrb2.0p25.f039,"""3424b9aaed9b5d12170c62f9a568b675""",bilinear_uv_temperature,43.64515,78.535604
2,2026-02-10T18:00:00+00:00,2026-02-10T12:00:00+00:00,2026-02-12T03:00:00+00:00,33,4.651197557647302,0.485362319175465,252.69090124082305,2026-02-10T15:58:22+00:00,39,gfs.20260210/12/atmos/gfs.t12z.pgrb2.0p25.f039,"""3424b9aaed9b5d12170c62f9a568b675""",bilinear_uv_temperature,43.643198,78.538828
1,2026-02-10T18:00:00+00:00,2026-02-10T12:00:00+00:00,2026-02-12T04:00:00+00:00,34,3.826868259757795,0.8061988289360329,266.9209824394315,2026-02-10T15:58:07+00:00,40,gfs.20260210/12/atmos/gfs.t12z.pgrb2.0p25.f040,"""cad2c18c08075a09e9b8e709556ce97d""",bilinear_uv_temperature,43.64515,78.535604
2,2026-02-10T18:00:00+00:00,2026-02-10T12:00:00+00:00,2026-02-12T04:00:00+00:00,34,3.8082845072385565,0.7917907637046824,266.9356907977601,2026-02-10T15:58:07+00:00,40,gfs.20260210/12/atmos/gfs.t12z.pgrb2.0p25.f040,"""cad2c18c08075a09e9b8e709556ce97d""",bilinear_uv_temperature,43.643198,78.538828
1,2026-02-10T18:00:00+00:00,2026-02-10T12:00:00+00:00,2026-02-12T05:00:00+00:00,35,3.6152527574238214,1.1182218342140686,270.05015503802895,2026-02-10T15:58:29+00:00,41,gfs.20260210/12/atmos/gfs.t12z.pgrb2.0p25.f041,"""20d33a8c2570487c79ae2073c35abb61""",bilinear_uv_temperature,43.64515,78.535604
2,2026-02-10T18:00:00+00:00,2026-02-10T12:00:00+00:00,2026-02-12T05:00:00+00:00,35,3.595681648945662,1.1001959317013643,270.2033316394819,2026-02-10T15:58:29+00:00,41,gfs.20260210/12/atmos/gfs.t12z.pgrb2.0p25.f041,"""20d33a8c2570487c79ae2073c35abb61""",bilinear_uv_temperature,43.643198,78.538828
1,2026-02-10T18:00:00+00:00,2026-02-10T12:00:00+00:00,2026-02-12T06:00:00+00:00,36,3.326311499795433,1.4327324361540263,271.8234453985037,2026-02-10T15:58:44+00:00,42,gfs.20260210/12/atmos/gfs.t12z.pgrb2.0p25.f042,"""96fa73bc52ec86a0e7524cf2fb778a86""",bilinear_uv_temperature,43.64515,78.535604
2,2026-02-10T18:00:00+00:00,2026-02-10T12:00:00+00:00,2026-02-12T06:00:00+00:00,36,3.2945182970142692,1.408926784866992,271.92260652703396,2026-02-10T15:58:44+00:00,42,gfs.20260210/12/atmos/gfs.t12z.pgrb2.0p25.f042,"""96fa73bc52ec86a0e7524cf2fb778a86""",bilinear_uv_temperature,43.643198,78.538828
1,2026-02-10T18:00:00+00:00,2026-02-10T12:00:00+00:00,2026-02-12T07:00:00+00:00,37,2.2185325471039357,1.6685772369960432,271.71082100368847,2026-02-10T15:58:38+00:00,43,gfs.20260210/12/atmos/gfs.t12z.pgrb2.0p25.f043,"""0eb131d525ade5bc73f5ca5dd90a32eb""",bilinear_uv_temperature,43.64515,78.535604
2,2026-02-10T18:00:00+00:00,2026-02-10T12:00:00+00:00,2026-02-12T07:00:00+00:00,37,2.1994137002662155,1.6471569205390324,271.9586147267187,2026-02-10T15:58:38+00:00,43,gfs.20260210/12/atmos/gfs.t12z.pgrb2.0p25.f043,"""0eb131d525ade5bc73f5ca5dd90a32eb""",bilinear_uv_temperature,43.643198,78.538828
1,2026-02-10T18:00:00+00:00,2026-02-10T12:00:00+00:00,2026-02-12T08:00:00+00:00,38,0.8755515865102039,1.8917425219960364,275.3887534708012,2026-02-10T15:58:48+00:00,44,gfs.20260210/12/atmos/gfs.t12z.pgrb2.0p25.f044,"""4de1d34d35a8c4f51adf27376727d281""",bilinear_uv_temperature,43.64515,78.535604
2,2026-02-10T18:00:00+00:00,2026-02-10T12:00:00+00:00,2026-02-12T08:00:00+00:00,38,0.8565920506906524,1.8686553255390095,275.74185123665654,2026-02-10T15:58:48+00:00,44,gfs.20260210/12/atmos/gfs.t12z.pgrb2.0p25.f044,"""4de1d34d35a8c4f51adf27376727d281""",bilinear_uv_temperature,43.643198,78.538828
1,2026-02-10T18:00:00+00:00,2026-02-10T12:00:00+00:00,2026-02-12T09:00:00+00:00,39,0.8867194821191373,2.385901569392047,318.516839711882,2026-02-10T15:59:05+00:00,45,gfs.20260210/12/atmos/gfs.t12z.pgrb2.0p25.f045,"""4cdf96144f03b2f9200b4a1407f090b7""",bilinear_uv_temperature,43.64515,78.535604
2,2026-02-10T18:00:00+00:00,2026-02-10T12:00:00+00:00,2026-02-12T09:00:00+00:00,39,0.8756478864042684,2.3600793149740866,319.67891666611933,2026-02-10T15:59:05+00:00,45,gfs.20260210/12/atmos/gfs.t12z.pgrb2.0p25.f045,"""4cdf96144f03b2f9200b4a1407f090b7""",bilinear_uv_temperature,43.643198,78.538828
1,2026-02-10T18:00:00+00:00,2026-02-10T12:00:00+00:00,2026-02-12T10:00:00+00:00,40,1.6545239822773352,2.431040738906063,309.29436005308844,2026-02-10T15:59:15+00:00,46,gfs.20260210/12/atmos/gfs.t12z.pgrb2.0p25.f046,"""610db2ad80f471fe316822c9772ee75f""",bilinear_uv_temperature,43.64515,78.535604
2,2026-02-10T18:00:00+00:00,2026-02-10T12:00:00+00:00,2026-02-12T10:00:00+00:00,40,1.6355045162256008,2.402723005847406,310.20678180813013,2026-02-10T15:59:15+00:00,46,gfs.20260210/12/atmos/gfs.t12z.pgrb2.0p25.f046,"""610db2ad80f471fe316822c9772ee75f""",bilinear_uv_temperature,43.643198,78.538828
1,2026-02-10T18:00:00+00:00,2026-02-10T12:00:00+00:00,2026-02-12T11:00:00+00:00,41,2.0407782325260864,1.7665584844220348,292.1770464999115,2026-02-10T15:59:27+00:00,47,gfs.20260210/12/atmos/gfs.t12z.pgrb2.0p25.f047,"""1f45efd544ceee0a9313e66d5af49c7a""",bilinear_uv_temperature,43.64515,78.535604
2,2026-02-10T18:00:00+00:00,2026-02-10T12:00:00+00:00,2026-02-12T11:00:00+00:00,41,2.0088115527471935,1.7416545378312662,293.08749640597824,2026-02-10T15:59:27+00:00,47,gfs.20260210/12/atmos/gfs.t12z.pgrb2.0p25.f047,"""1f45efd544ceee0a9313e66d5af49c7a""",bilinear_uv_temperature,43.643198,78.538828
1,2026-02-10T18:00:00+00:00,2026-02-10T12:00:00+00:00,2026-02-12T12:00:00+00:00,42,3.346911247436996,0.3983990434101088,283.66803908015663,2026-02-10T16:00:19+00:00,48,gfs.20260210/12/atmos/gfs.t12z.pgrb2.0p25.f048,"""07765f50adb4f0d84d2d0654eea40114""",bilinear_uv_temperature,43.64515,78.535604
2,2026-02-10T18:00:00+00:00,2026-02-10T12:00:00+00:00,2026-02-12T12:00:00+00:00,42,3.300242140007889,0.3931606405683965,284.1374545231673,2026-02-10T16:00:19+00:00,48,gfs.20260210/12/atmos/gfs.t12z.pgrb2.0p25.f048,"""07765f50adb4f0d84d2d0654eea40114""",bilinear_uv_temperature,43.643198,78.538828
1,2026-02-10T18:00:00+00:00,2026-02-10T12:00:00+00:00,2026-02-12T13:00:00+00:00,43,5.084438218392664,0.02456798179599673,262.66382760435016,2026-02-10T15:45:44+00:00,49,gfs.20260210/12/atmos/gfs.t12z.pgrb2.0p25.f049,"""11a3864541ad285482e8f7f6d89fac36""",bilinear_uv_temperature,43.64515,78.535604
2,2026-02-10T18:00:00+00:00,2026-02-10T12:00:00+00:00,2026-02-12T13:00:00+00:00,43,5.039581175642618,0.010535596091017396,262.8266433188378,2026-02-10T15:45:44+00:00,49,gfs.20260210/12/atmos/gfs.t12z.pgrb2.0p25.f049,"""11a3864541ad285482e8f7f6d89fac36""",bilinear_uv_temperature,43.643198,78.538828
1,2026-02-10T18:00:00+00:00,2026-02-10T12:00:00+00:00,2026-02-12T14:00:00+00:00,44,5.358703863737894,-0.08816924430198014,263.0956269326895,2026-02-10T16:00:36+00:00,50,gfs.20260210/12/atmos/gfs.t12z.pgrb2.0p25.f050,"""a452c31408d77026f73fdf16ca90f630""",bilinear_uv_temperature,43.64515,78.535604
2,2026-02-10T18:00:00+00:00,2026-02-10T12:00:00+00:00,2026-02-12T14:00:00+00:00,44,5.314757234536152,-0.10958470640247242,263.2209917892337,2026-02-10T16:00:36+00:00,50,gfs.20260210/12/atmos/gfs.t12z.pgrb2.0p25.f050,"""a452c31408d77026f73fdf16ca90f630""",bilinear_uv_temperature,43.643198,78.538828
1,2026-02-10T18:00:00+00:00,2026-02-10T12:00:00+00:00,2026-02-12T15:00:00+00:00,45,5.523513237211654,-0.22902968305197646,258.5358284380203,2026-02-10T16:01:13+00:00,51,gfs.20260210/12/atmos/gfs.t12z.pgrb2.0p25.f051,"""9c693bad7f34b91f01b03464029d45a3""",bilinear_uv_temperature,43.64515,78.535604
2,2026-02-10T18:00:00+00:00,2026-02-10T12:00:00+00:00,2026-02-12T15:00:00+00:00,45,5.475072660723262,-0.25279362515249204,258.5041835516668,2026-02-10T16:01:13+00:00,51,gfs.20260210/12/atmos/gfs.t12z.pgrb2.0p25.f051,"""9c693bad7f34b91f01b03464029d45a3""",bilinear_uv_temperature,43.643198,78.538828
1,2026-02-10T18:00:00+00:00,2026-02-10T12:00:00+00:00,2026-02-12T16:00:00+00:00,46,4.758164609260973,-0.7440979587639163,246.498279435979,2026-02-10T15:46:30+00:00,52,gfs.20260210/12/atmos/gfs.t12z.pgrb2.0p25.f052,"""e91298e6aeeab5ccf8979bf241ba1736""",bilinear_uv_temperature,43.64515,78.535604
2,2026-02-10T18:00:00+00:00,2026-02-10T12:00:00+00:00,2026-02-12T16:00:00+00:00,46,4.71974081792717,-0.7631484932433068,246.61279304031814,2026-02-10T15:46:30+00:00,52,gfs.20260210/12/atmos/gfs.t12z.pgrb2.0p25.f052,"""e91298e6aeeab5ccf8979bf241ba1736""",bilinear_uv_temperature,43.643198,78.538828
1,2026-02-10T18:00:00+00:00,2026-02-10T12:00:00+00:00,2026-02-12T17:00:00+00:00,47,4.560292834730762,-0.8765211676440003,252.0731837669976,2026-02-10T16:01:30+00:00,53,gfs.20260210/12/atmos/gfs.t12z.pgrb2.0p25.f053,"""7ddb239980e9c4c6822f81c0192c21c1""",bilinear_uv_temperature,43.64515,78.535604
2,2026-02-10T18:00:00+00:00,2026-02-10T12:00:00+00:00,2026-02-12T17:00:00+00:00,47,4.533044621976154,-0.8946099645745562,252.08179742242186,2026-02-10T16:01:30+00:00,53,gfs.20260210/12/atmos/gfs.t12z.pgrb2.0p25.f053,"""7ddb239980e9c4c6822f81c0192c21c1""",bilinear_uv_temperature,43.643198,78.538828
1,2026-02-10T18:00:00+00:00,2026-02-10T12:00:00+00:00,2026-02-12T18:00:00+00:00,48,3.5277983462709166,-1.0081038924049608,263.9123883846312,2026-02-10T16:02:02+00:00,54,gfs.20260210/12/atmos/gfs.t12z.pgrb2.0p25.f054,"""c42a7a0f5cc805aa249c02e8a049f72b""",bilinear_uv_temperature,43.64515,78.535604
2,2026-02-10T18:00:00+00:00,2026-02-10T12:00:00+00:00,2026-02-12T18:00:00+00:00,48,3.4984452485163477,-1.023705173352198,263.80965589323165,2026-02-10T16:02:02+00:00,54,gfs.20260210/12/atmos/gfs.t12z.pgrb2.0p25.f054,"""c42a7a0f5cc805aa249c02e8a049f72b""",bilinear_uv_temperature,43.643198,78.538828
1,2026-02-11T18:00:00+00:00,2026-02-11T12:00:00+00:00,2026-02-11T19:00:00+00:00,1,6.6104774955018435,-0.10629221229197583,248.06154290722242,2026-02-11T15:34:00+00:00,7,gfs.20260211/12/atmos/gfs.t12z.pgrb2.0p25.f007,"""ab289dac247e9d4153c7da18ec62897c""",bilinear_uv_temperature,43.64515,78.535604
2,2026-02-11T18:00:00+00:00,2026-02-11T12:00:00+00:00,2026-02-11T19:00:00+00:00,1,6.581673532091429,-0.12565057637004884,248.13580170725254,2026-02-11T15:34:00+00:00,7,gfs.20260211/12/atmos/gfs.t12z.pgrb2.0p25.f007,"""ab289dac247e9d4153c7da18ec62897c""",bilinear_uv_temperature,43.643198,78.538828
1,2026-02-11T18:00:00+00:00,2026-02-11T12:00:00+00:00,2026-02-11T20:00:00+00:00,2,6.827671338230022,0.2392463371219833,254.7218179847747,2026-02-11T15:34:08+00:00,8,gfs.20260211/12/atmos/gfs.t12z.pgrb2.0p25.f008,"""ab7a22c1f36e88ae6bc55d077968d67f""",bilinear_uv_temperature,43.64515,78.535604
2,2026-02-11T18:00:00+00:00,2026-02-11T12:00:00+00:00,2026-02-11T20:00:00+00:00,2,6.800809282514568,0.21867189977928092,254.82528408649512,2026-02-11T15:34:08+00:00,8,gfs.20260211/12/atmos/gfs.t12z.pgrb2.0p25.f008,"""ab7a22c1f36e88ae6bc55d077968d67f""",bilinear_uv_temperature,43.643198,78.538828
1,2026-02-11T18:00:00+00:00,2026-02-11T12:00:00+00:00,2026-02-11T21:00:00+00:00,3,7.568519061975843,0.10452191503401309,255.90966805426004,2026-02-11T15:49:24+00:00,9,gfs.20260211/12/atmos/gfs.t12z.pgrb2.0p25.f009,"""568692852fe86486e9ec122f09f06b85""",bilinear_uv_temperature,43.64515,78.535604
2,2026-02-11T18:00:00+00:00,2026-02-11T12:00:00+00:00,2026-02-11T21:00:00+00:00,3,7.521879333993255,0.08366204619818518,256.02537536853185,2026-02-11T15:49:24+00:00,9,gfs.20260211/12/atmos/gfs.t12z.pgrb2.0p25.f009,"""568692852fe86486e9ec122f09f06b85""",bilinear_uv_temperature,43.643198,78.538828
1,2026-02-11T18:00:00+00:00,2026-02-11T12:00:00+00:00,2026-02-11T22:00:00+00:00,4,5.9379615277342515,-0.024630802439958188,252.90041522494022,2026-02-11T15:49:24+00:00,10,gfs.20260211/12/atmos/gfs.t12z.pgrb2.0p25.f010,"""532564f7838ef141936861c9103dfffb""",bilinear_uv_temperature,43.64515,78.535604
2,2026-02-11T18:00:00+00:00,2026-02-11T12:00:00+00:00,2026-02-11T22:00:00+00:00,4,5.896980130567281,-0.04299802678559672,252.94005528036686,2026-02-11T15:49:24+00:00,10,gfs.20260211/12/atmos/gfs.t12z.pgrb2.0p25.f010,"""532564f7838ef141936861c9103dfffb""",bilinear_uv_temperature,43.643198,78.538828
1,2026-02-11T18:00:00+00:00,2026-02-11T12:00:00+00:00,2026-02-11T23:00:00+00:00,5,4.666347903397582,-0.031287873715996284,254.9409941416802,2026-02-11T15:49:39+00:00,11,gfs.20260211/12/atmos/gfs.t12z.pgrb2.0p25.f011,"""878505e8d179b97c917ccf63ab35fc36""",bilinear_uv_temperature,43.64515,78.535604
2,2026-02-11T18:00:00+00:00,2026-02-11T12:00:00+00:00,2026-02-11T23:00:00+00:00,5,4.641162258236534,-0.04842358255183399,255.07947608037998,2026-02-11T15:49:39+00:00,11,gfs.20260211/12/atmos/gfs.t12z.pgrb2.0p25.f011,"""878505e8d179b97c917ccf63ab35fc36""",bilinear_uv_temperature,43.643198,78.538828
1,2026-02-11T18:00:00+00:00,2026-02-11T12:00:00+00:00,2026-02-12T00:00:00+00:00,6,4.778324798286838,-0.08870303902398291,253.77003118818277,2026-02-11T15:49:54+00:00,12,gfs.20260211/12/atmos/gfs.t12z.pgrb2.0p25.f012,"""81cbfccdc2baca685783b8fddd1e6ba7""",bilinear_uv_temperature,43.64515,78.535604
2,2026-02-11T18:00:00+00:00,2026-02-11T12:00:00+00:00,2026-02-12T00:00:00+00:00,6,4.757926592506918,-0.10610465840574079,253.9120103430274,2026-02-11T15:49:54+00:00,12,gfs.20260211/12/atmos/gfs.t12z.pgrb2.0p25.f012,"""81cbfccdc2baca685783b8fddd1e6ba7""",bilinear_uv_temperature,43.643198,78.538828
1,2026-02-11T18:00:00+00:00,2026-02-11T12:00:00+00:00,2026-02-12T01:00:00+00:00,7,4.190247341237598,-0.1343058942539983,254.34168183620983,2026-02-11T15:50:07+00:00,13,gfs.20260211/12/atmos/gfs.t12z.pgrb2.0p25.f013,"""c4c5cc682d448d46d82eda7f668fadb9""",bilinear_uv_temperature,43.64515,78.535604
2,2026-02-11T18:00:00+00:00,2026-02-11T12:00:00+00:00,2026-02-12T01:00:00+00:00,7,4.172081494264818,-0.1521975707109391,254.39279004428147,2026-02-11T15:50:07+00:00,13,gfs.20260211/12/atmos/gfs.t12z.pgrb2.0p25.f013,"""c4c5cc682d448d46d82eda7f668fadb9""",bilinear_uv_temperature,43.643198,78.538828
1,2026-02-11T18:00:00+00:00,2026-02-11T12:00:00+00:00,2026-02-12T02:00:00+00:00,8,3.4794624490677477,-0.11410934575991405,257.17059466433057,2026-02-11T15:35:37+00:00,14,gfs.20260211/12/atmos/gfs.t12z.pgrb2.0p25.f014,"""441d97e899ba8e2b6730646481358f83""",bilinear_uv_temperature,43.64515,78.535604
2,2026-02-11T18:00:00+00:00,2026-02-11T12:00:00+00:00,2026-02-12T02:00:00+00:00,8,3.462738046325454,-0.1321789237823623,257.0889477939363,2026-02-11T15:35:37+00:00,14,gfs.20260211/12/atmos/gfs.t12z.pgrb2.0p25.f014,"""441d97e899ba8e2b6730646481358f83""",bilinear_uv_temperature,43.643198,78.538828
1,2026-02-11T18:00:00+00:00,2026-02-11T12:00:00+00:00,2026-02-12T03:00:00+00:00,9,3.0685944242886505,0.14031657911402817,244.0739061407816,2026-02-11T15:36:28+00:00,15,gfs.20260211/12/atmos/gfs.t12z.pgrb2.0p25.f015,"""fedd7213ea7c6ce5e0905d9d153a8ec4""",bilinear_uv_temperature,43.64515,78.535604
2,2026-02-11T18:00:00+00:00,2026-02-11T12:00:00+00:00,2026-02-12T03:00:00+00:00,9,3.0677903128335267,0.12274352197738381,244.32670476973607,2026-02-11T15:36:28+00:00,15,gfs.20260211/12/atmos/gfs.t12z.pgrb2.0p25.f015,"""fedd7213ea7c6ce5e0905d9d153a8ec4""",bilinear_uv_temperature,43.643198,78.538828
1,2026-02-11T18:00:00+00:00,2026-02-11T12:00:00+00:00,2026-02-12T04:00:00+00:00,10,1.8438465180949342,0.5563856729640406,286.27554217584384,2026-02-11T15:50:49+00:00,16,gfs.20260211/12/atmos/gfs.t12z.pgrb2.0p25.f016,"""3cc0f1321cc29ad96801cce23ba35a06""",bilinear_uv_temperature,43.64515,78.535604
2,2026-02-11T18:00:00+00:00,2026-02-11T12:00:00+00:00,2026-02-12T04:00:00+00:00,10,1.827089339139856,0.5417383304513805,286.0736538351708,2026-02-11T15:50:49+00:00,16,gfs.20260211/12/atmos/gfs.t12z.pgrb2.0p25.f016,"""3cc0f1321cc29ad96801cce23ba35a06""",bilinear_uv_temperature,43.643198,78.538828
1,2026-02-11T18:00:00+00:00,2026-02-11T12:00:00+00:00,2026-02-12T05:00:00+00:00,11,0.7263327091609063,1.161714469978051,76.48709814548064,2026-02-11T15:51:25+00:00,17,gfs.20260211/12/atmos/gfs.t12z.pgrb2.0p25.f017,"""f9aac31da293ab4c26c333f18e7ab5b6""",bilinear_uv_temperature,43.64515,78.535604
2,2026-02-11T18:00:00+00:00,2026-02-11T12:00:00+00:00,2026-02-12T05:00:00+00:00,11,0.7314227981872594,1.1453191688247557,77.44216906049813,2026-02-11T15:51:25+00:00,17,gfs.20260211/12/atmos/gfs.t12z.pgrb2.0p25.f017,"""f9aac31da293ab4c26c333f18e7ab5b6""",bilinear_uv_temperature,43.643198,78.538828
1,2026-02-11T18:00:00+00:00,2026-02-11T12:00:00+00:00,2026-02-12T06:00:00+00:00,12,3.185403096548351,2.05723298852007,71.88395840706914,2026-02-11T15:51:18+00:00,18,gfs.20260211/12/atmos/gfs.t12z.pgrb2.0p25.f018,"""99eb1e3294193424891ceebac1553888""",bilinear_uv_temperature,43.64515,78.535604
2,2026-02-11T18:00:00+00:00,2026-02-11T12:00:00+00:00,2026-02-12T06:00:00+00:00,12,3.17793131990995,2.0359509314448587,72.05809927639586,2026-02-11T15:51:18+00:00,18,gfs.20260211/12/atmos/gfs.t12z.pgrb2.0p25.f018,"""99eb1e3294193424891ceebac1553888""",bilinear_uv_temperature,43.643198,78.538828
1,2026-02-11T18:00:00+00:00,2026-02-11T12:00:00+00:00,2026-02-12T07:00:00+00:00,13,2.9822093292907477,2.418527840174079,63.887512484409044,2026-02-11T15:51:42+00:00,19,gfs.20260211/12/atmos/gfs.t12z.pgrb2.0p25.f019,"""dd35bec7e8be6953fa9b98814544fd60""",bilinear_uv_temperature,43.64515,78.535604
2,2026-02-11T18:00:00+00:00,2026-02-11T12:00:00+00:00,2026-02-12T07:00:00+00:00,13,2.9760043400610052,2.389838944931796,63.748225762966186,2026-02-11T15:51:42+00:00,19,gfs.20260211/12/atmos/gfs.t12z.pgrb2.0p25.f019,"""dd35bec7e8be6953fa9b98814544fd60""",bilinear_uv_temperature,43.643198,78.538828
1,2026-02-11T18:00:00+00:00,2026-02-11T12:00:00+00:00,2026-02-12T08:00:00+00:00,14,4.255144817754553,2.4334535062200757,62.524280860352896,2026-02-11T15:51:59+00:00,20,gfs.20260211/12/atmos/gfs.t12z.pgrb2.0p25.f020,"""01daaabc4a3a75408d9fe559f3e31a8e""",bilinear_uv_temperature,43.64515,78.535604
2,2026-02-11T18:00:00+00:00,2026-02-11T12:00:00+00:00,2026-02-12T08:00:00+00:00,14,4.241817372708084,2.4039044783928603,62.4517531241304,2026-02-11T15:51:59+00:00,20,gfs.20260211/12/atmos/gfs.t12z.pgrb2.0p25.f020,"""01daaabc4a3a75408d9fe559f3e31a8e""",bilinear_uv_temperature,43.643198,78.538828
1,2026-02-11T18:00:00+00:00,2026-02-11T12:00:00+00:00,2026-02-12T09:00:00+00:00,15,4.6517534493191475,2.892456006710063,72.05830152689936,2026-02-11T15:37:55+00:00,21,gfs.20260211/12/atmos/gfs.t12z.pgrb2.0p25.f021,"""8c6f55f3d338ff4957be1eb90a58237b""",bilinear_uv_temperature,43.64515,78.535604
2,2026-02-11T18:00:00+00:00,2026-02-11T12:00:00+00:00,2026-02-12T09:00:00+00:00,15,4.630147601449323,2.8547430008604238,72.1826775840049,2026-02-11T15:37:55+00:00,21,gfs.20260211/12/atmos/gfs.t12z.pgrb2.0p25.f021,"""8c6f55f3d338ff4957be1eb90a58237b""",bilinear_uv_temperature,43.643198,78.538828
1,2026-02-11T18:00:00+00:00,2026-02-11T12:00:00+00:00,2026-02-12T10:00:00+00:00,16,5.075828513834564,2.664950818984039,59.02379548947169,2026-02-11T15:52:32+00:00,22,gfs.20260211/12/atmos/gfs.t12z.pgrb2.0p25.f022,"""6bf5ac61129f9c31109a88061402e480""",bilinear_uv_temperature,43.64515,78.535604
2,2026-02-11T18:00:00+00:00,2026-02-11T12:00:00+00:00,2026-02-12T10:00:00+00:00,16,5.042726608419971,2.62666237939618,59.00089817728215,2026-02-11T15:52:32+00:00,22,gfs.20260211/12/atmos/gfs.t12z.pgrb2.0p25.f022,"""6bf5ac61129f9c31109a88061402e480""",bilinear_uv_temperature,43.643198,78.538828
1,2026-02-11T18:00:00+00:00,2026-02-11T12:00:00+00:00,2026-02-12T11:00:00+00:00,17,3.953641921427386,2.282530454896005,62.73259980254766,2026-02-11T15:53:06+00:00,23,gfs.20260211/12/atmos/gfs.t12z.pgrb2.0p25.f023,"""ae54787887f953bdc3077a41ff5cab22""",bilinear_uv_temperature,43.64515,78.535604
2,2026-02-11T18:00:00+00:00,2026-02-11T12:00:00+00:00,2026-02-12T11:00:00+00:00,17,3.9226738933174263,2.240826756935121,62.70459494312644,2026-02-11T15:53:06+00:00,23,gfs.20260211/12/atmos/gfs.t12z.pgrb2.0p25.f023,"""ae54787887f953bdc3077a41ff5cab22""",bilinear_uv_temperature,43.643198,78.538828
1,2026-02-11T18:00:00+00:00,2026-02-11T12:00:00+00:00,2026-02-12T12:00:00+00:00,18,1.8619455820919402,1.644008740022059,31.324346769246894,2026-02-11T15:53:29+00:00,24,gfs.20260211/12/atmos/gfs.t12z.pgrb2.0p25.f024,"""cdb8255f881e0292b016f20e19a7b155""",bilinear_uv_temperature,43.64515,78.535604
2,2026-02-11T18:00:00+00:00,2026-02-11T12:00:00+00:00,2026-02-12T12:00:00+00:00,18,1.8584282420375442,1.60351924117532,31.175529552861825,2026-02-11T15:53:29+00:00,24,gfs.20260211/12/atmos/gfs.t12z.pgrb2.0p25.f024,"""cdb8255f881e0292b016f20e19a7b155""",bilinear_uv_temperature,43.643198,78.538828
1,2026-02-11T18:00:00+00:00,2026-02-11T12:00:00+00:00,2026-02-12T13:00:00+00:00,19,3.4866720496937185,0.27575849791202245,271.3609047921437,2026-02-11T15:53:22+00:00,25,gfs.20260211/12/atmos/gfs.t12z.pgrb2.0p25.f025,"""83ed0e17b199e6006ea3d9a1682493e5""",bilinear_uv_temperature,43.64515,78.535604
2,2026-02-11T18:00:00+00:00,2026-02-11T12:00:00+00:00,2026-02-12T13:00:00+00:00,19,3.444427978619278,0.25724362641886955,271.8158359176738,2026-02-11T15:53:22+00:00,25,gfs.20260211/12/atmos/gfs.t12z.pgrb2.0p25.f025,"""83ed0e17b199e6006ea3d9a1682493e5""",bilinear_uv_temperature,43.643198,78.538828
1,2026-02-11T18:00:00+00:00,2026-02-11T12:00:00+00:00,2026-02-12T14:00:00+00:00,20,4.697700808078725,0.01923643691804955,257.82080279043805,2026-02-11T15:53:38+00:00,26,gfs.20260211/12/atmos/gfs.t12z.pgrb2.0p25.f026,"""69e116017d371c869cdf528f4a4f6096""",bilinear_uv_temperature,43.64515,78.535604
2,2026-02-11T18:00:00+00:00,2026-02-11T12:00:00+00:00,2026-02-12T14:00:00+00:00,20,4.659939791953649,-0.0026947730096367195,258.09424073961384,2026-02-11T15:53:38+00:00,26,gfs.20260211/12/atmos/gfs.t12z.pgrb2.0p25.f026,"""69e116017d371c869cdf528f4a4f6096""",bilinear_uv_temperature,43.643198,78.538828
1,2026-02-11T18:00:00+00:00,2026-02-11T12:00:00+00:00,2026-02-12T15:00:00+00:00,21,3.1699392133166167,0.09465749592402517,266.30850153707877,2026-02-11T15:54:08+00:00,27,gfs.20260211/12/atmos/gfs.t12z.pgrb2.0p25.f027,"""60281a2e517daf076c4087e266223226""",bilinear_uv_temperature,43.64515,78.535604
2,2026-02-11T18:00:00+00:00,2026-02-11T12:00:00+00:00,2026-02-12T15:00:00+00:00,21,3.1351087995107485,0.0699003475617701,266.2344631194709,2026-02-11T15:54:08+00:00,27,gfs.20260211/12/atmos/gfs.t12z.pgrb2.0p25.f027,"""60281a2e517daf076c4087e266223226""",bilinear_uv_temperature,43.643198,78.538828
1,2026-02-11T18:00:00+00:00,2026-02-11T12:00:00+00:00,2026-02-12T16:00:00+00:00,22,3.433028986287383,-0.37917972897594154,259.8929262954575,2026-02-11T15:39:17+00:00,28,gfs.20260211/12/atmos/gfs.t12z.pgrb2.0p25.f028,"""b2a4b3dc88deebc69c74c8d04e496581""",bilinear_uv_temperature,43.64515,78.535604
2,2026-02-11T18:00:00+00:00,2026-02-11T12:00:00+00:00,2026-02-12T16:00:00+00:00,22,3.4077881355315895,-0.403192282714258,259.98342656721155,2026-02-11T15:39:17+00:00,28,gfs.20260211/12/atmos/gfs.t12z.pgrb2.0p25.f028,"""b2a4b3dc88deebc69c74c8d04e496581""",bilinear_uv_temperature,43.643198,78.538828
1,2026-02-11T18:00:00+00:00,2026-02-11T12:00:00+00:00,2026-02-12T17:00:00+00:00,23,3.247964006108852,-0.3202243337199775,253.109689751055,2026-02-11T15:54:22+00:00,29,gfs.20260211/12/atmos/gfs.t12z.pgrb2.0p25.f029,"""15c979b76be5491051444f480c9ee02f""",bilinear_uv_temperature,43.64515,78.535604
2,2026-02-11T18:00:00+00:00,2026-02-11T12:00:00+00:00,2026-02-12T17:00:00+00:00,23,3.2156209394012327,-0.3481242658927499,253.02697002335708,2026-02-11T15:54:22+00:00,29,gfs.20260211/12/atmos/gfs.t12z.pgrb2.0p25.f029,"""15c979b76be5491051444f480c9ee02f""",bilinear_uv_temperature,43.643198,78.538828
1,2026-02-11T18:00:00+00:00,2026-02-11T12:00:00+00:00,2026-02-12T18:00:00+00:00,24,2.014085152677494,-0.4591192302524405,250.50473835190041,2026-02-11T15:55:00+00:00,30,gfs.20260211/12/atmos/gfs.t12z.pgrb2.0p25.f030,"""6ec1cc76da1e4a1d2c3fc3b5e0a682ef""",bilinear_uv_temperature,43.64515,78.535604
2,2026-02-11T18:00:00+00:00,2026-02-11T12:00:00+00:00,2026-02-12T18:00:00+00:00,24,1.9970726369203513,-0.48385221459807326,250.42675822685555,2026-02-11T15:55:00+00:00,30,gfs.20260211/12/atmos/gfs.t12z.pgrb2.0p25.f030,"""6ec1cc76da1e4a1d2c3fc3b5e0a682ef""",bilinear_uv_temperature,43.643198,78.538828
1,2026-02-11T18:00:00+00:00,2026-02-11T12:00:00+00:00,2026-02-12T19:00:00+00:00,25,2.082942909265154,-0.8232011997399695,269.3130676178656,2026-02-11T15:40:43+00:00,31,gfs.20260211/12/atmos/gfs.t12z.pgrb2.0p25.f031,"""757b2726762127b6518078f61bc0725c""",bilinear_uv_temperature,43.64515,78.535604
2,2026-02-11T18:00:00+00:00,2026-02-11T12:00:00+00:00,2026-02-12T19:00:00+00:00,25,2.057973602382741,-0.8436059548375852,269.40650421943513,2026-02-11T15:40:43+00:00,31,gfs.20260211/12/atmos/gfs.t12z.pgrb2.0p25.f031,"""757b2726762127b6518078f61bc0725c""",bilinear_uv_temperature,43.643198,78.538828
1,2026-02-11T18:00:00+00:00,2026-02-11T12:00:00+00:00,2026-02-12T20:00:00+00:00,26,1.167414948975456,-0.9483870184899388,225.9220944053537,2026-02-11T15:55:05+00:00,32,gfs.20260211/12/atmos/gfs.t12z.pgrb2.0p25.f032,"""fbbdbfc43e48f6e1240c5d0f6e6fd6ab""",bilinear_uv_temperature,43.64515,78.535604
2,2026-02-11T18:00:00+00:00,2026-02-11T12:00:00+00:00,2026-02-12T20:00:00+00:00,26,1.1472422351705638,-0.968519773587559,225.456039310534,2026-02-11T15:55:05+00:00,32,gfs.20260211/12/atmos/gfs.t12z.pgrb2.0p25.f032,"""fbbdbfc43e48f6e1240c5d0f6e6fd6ab""",bilinear_uv_temperature,43.643198,78.538828
1,2026-02-11T18:00:00+00:00,2026-02-11T12:00:00+00:00,2026-02-12T21:00:00+00:00,27,0.6015707812626072,-0.7613330665279818,259.1729641265077,2026-02-11T15:55:21+00:00,33,gfs.20260211/12/atmos/gfs.t12z.pgrb2.0p25.f033,"""8146243609fa0bf9fc3e46acbbf6f920""",bilinear_uv_temperature,43.64515,78.535604
2,2026-02-11T18:00:00+00:00,2026-02-11T12:00:00+00:00,2026-02-12T21:00:00+00:00,27,0.5733968308193852,-0.7793827492466789,256.7385282658595,2026-02-11T15:55:21+00:00,33,gfs.20260211/12/atmos/gfs.t12z.pgrb2.0p25.f033,"""8146243609fa0bf9fc3e46acbbf6f920""",bilinear_uv_temperature,43.643198,78.538828
1,2026-02-11T18:00:00+00:00,2026-02-11T12:00:00+00:00,2026-02-12T22:00:00+00:00,28,0.9698670198196727,-0.8369574885199427,82.32173729855106,2026-02-11T15:55:51+00:00,34,gfs.20260211/12/atmos/gfs.t12z.pgrb2.0p25.f034,"""844cbc6252bd1bfc72c71b8abdae4b56""",bilinear_uv_temperature,43.64515,78.535604
2,2026-02-11T18:00:00+00:00,2026-02-11T12:00:00+00:00,2026-02-12T22:00:00+00:00,28,0.9870171343994704,-0.856579431444743,83.35843850266373,2026-02-11T15:55:51+00:00,34,gfs.20260211/12/atmos/gfs.t12z.pgrb2.0p25.f034,"""844cbc6252bd1bfc72c71b8abdae4b56""",bilinear_uv_temperature,43.643198,78.538828
1,2026-02-11T18:00:00+00:00,2026-02-11T12:00:00+00:00,2026-02-12T23:00:00+00:00,29,2.5089111442868344,-0.6764823143579974,81.3008754166917,2026-02-11T15:42:21+00:00,35,gfs.20260211/12/atmos/gfs.t12z.pgrb2.0p25.f035,"""f6349ecdf360bcbb33ac3ffc0445a614""",bilinear_uv_temperature,43.64515,78.535604
2,2026-02-11T18:00:00+00:00,2026-02-11T12:00:00+00:00,2026-02-12T23:00:00+00:00,29,2.5113721318641002,-0.6922847287759168,81.98298600569733,2026-02-11T15:42:21+00:00,35,gfs.20260211/12/atmos/gfs.t12z.pgrb2.0p25.f035,"""f6349ecdf360bcbb33ac3ffc0445a614""",bilinear_uv_temperature,43.643198,78.538828
1,2026-02-11T18:00:00+00:00,2026-02-11T12:00:00+00:00,2026-02-13T00:00:00+00:00,30,3.1792926999778057,-0.7071035430340089,81.25897802502705,2026-02-11T15:57:08+00:00,36,gfs.20260211/12/atmos/gfs.t12z.pgrb2.0p25.f036,"""bef4ab3a8e862332e6c41e5439ecca55""",bilinear_uv_temperature,43.64515,78.535604
2,2026-02-11T18:00:00+00:00,2026-02-11T12:00:00+00:00,2026-02-13T00:00:00+00:00,30,3.167759781975032,-0.7238300073180994,81.83308004263407,2026-02-11T15:57:08+00:00,36,gfs.20260211/12/atmos/gfs.t12z.pgrb2.0p25.f036,"""bef4ab3a8e862332e6c41e5439ecca55""",bilinear_uv_temperature,43.643198,78.538828
1,2026-02-11T18:00:00+00:00,2026-02-11T12:00:00+00:00,2026-02-13T01:00:00+00:00,31,4.079565943072742,-1.0248335269439508,72.75232243514017,2026-02-11T15:57:17+00:00,37,gfs.20260211/12/atmos/gfs.t12z.pgrb2.0p25.f037,"""14404fd7a65247925fd818d04e9ce376""",bilinear_uv_temperature,43.64515,78.535604
2,2026-02-11T18:00:00+00:00,2026-02-11T12:00:00+00:00,2026-02-13T01:00:00+00:00,31,4.051668559230376,-1.0437434415065354,73.17372067582754,2026-02-11T15:57:17+00:00,37,gfs.20260211/12/atmos/gfs.t12z.pgrb2.0p25.f037,"""14404fd7a65247925fd818d04e9ce376""",bilinear_uv_temperature,43.643198,78.538828
1,2026-02-11T18:00:00+00:00,2026-02-11T12:00:00+00:00,2026-02-13T02:00:00+00:00,32,4.049934222925598,-0.9606943794179301,66.29134279153767,2026-02-11T15:57:19+00:00,38,gfs.20260211/12/atmos/gfs.t12z.pgrb2.0p25.f038,"""4c84145b2bc82398357295a536409406""",bilinear_uv_temperature,43.64515,78.535604
2,2026-02-11T18:00:00+00:00,2026-02-11T12:00:00+00:00,2026-02-13T02:00:00+00:00,32,4.0149351930039865,-0.9790313294903399,66.68827098275246,2026-02-11T15:57:19+00:00,38,gfs.20260211/12/atmos/gfs.t12z.pgrb2.0p25.f038,"""4c84145b2bc82398357295a536409406""",bilinear_uv_temperature,43.643198,78.538828
1,2026-02-11T18:00:00+00:00,2026-02-11T12:00:00+00:00,2026-02-13T03:00:00+00:00,33,3.4917075562440405,-0.43064677135396323,57.9652202120674,2026-02-11T15:57:28+00:00,39,gfs.20260211/12/atmos/gfs.t12z.pgrb2.0p25.f039,"""c3e525b88243fe964632aa5fcdc14408""",bilinear_uv_temperature,43.64515,78.535604
2,2026-02-11T18:00:00+00:00,2026-02-11T12:00:00+00:00,2026-02-13T03:00:00+00:00,33,3.454854178229065,-0.4510682293149557,58.315764806090854,2026-02-11T15:57:28+00:00,39,gfs.20260211/12/atmos/gfs.t12z.pgrb2.0p25.f039,"""c3e525b88243fe964632aa5fcdc14408""",bilinear_uv_temperature,43.643198,78.538828
1,2026-02-11T18:00:00+00:00,2026-02-11T12:00:00+00:00,2026-02-13T04:00:00+00:00,34,3.55254982177203,0.3779310632200463,64.14013682568151,2026-02-11T15:57:27+00:00,40,gfs.20260211/12/atmos/gfs.t12z.pgrb2.0p25.f040,"""316fe23c75ca9b5b85ef3b751a8e6ed0""",bilinear_uv_temperature,43.64515,78.535604
2,2026-02-11T18:00:00+00:00,2026-02-11T12:00:00+00:00,2026-02-13T04:00:00+00:00,34,3.516829962190697,0.35612818227281196,64.49019949670272,2026-02-11T15:57:27+00:00,40,gfs.20260211/12/atmos/gfs.t12z.pgrb2.0p25.f040,"""316fe23c75ca9b5b85ef3b751a8e6ed0""",bilinear_uv_temperature,43.643198,78.538828
1,2026-02-11T18:00:00+00:00,2026-02-11T12:00:00+00:00,2026-02-13T05:00:00+00:00,35,3.907231080751671,1.1073066055420213,67.43150568303807,2026-02-11T15:57:24+00:00,41,gfs.20260211/12/atmos/gfs.t12z.pgrb2.0p25.f041,"""615c504c8ea15fa306f41a58e6a906f8""",bilinear_uv_temperature,43.64515,78.535604
2,2026-02-11T18:00:00+00:00,2026-02-11T12:00:00+00:00,2026-02-13T05:00:00+00:00,35,3.8681536992683823,1.0794063165001262,67.58967261545442,2026-02-11T15:57:24+00:00,41,gfs.20260211/12/atmos/gfs.t12z.pgrb2.0p25.f041,"""615c504c8ea15fa306f41a58e6a906f8""",bilinear_uv_temperature,43.643198,78.538828
1,2026-02-11T18:00:00+00:00,2026-02-11T12:00:00+00:00,2026-02-13T06:00:00+00:00,36,3.729887880916274,1.573138311792036,66.24230439716688,2026-02-11T15:57:57+00:00,42,gfs.20260211/12/atmos/gfs.t12z.pgrb2.0p25.f042,"""25c9a7d06a73ed9b9e7bbe5bbf95745d""",bilinear_uv_temperature,43.64515,78.535604
2,2026-02-11T18:00:00+00:00,2026-02-11T12:00:00+00:00,2026-02-13T06:00:00+00:00,36,3.692340845703719,1.5441423427500922,66.65627876238456,2026-02-11T15:57:57+00:00,42,gfs.20260211/12/atmos/gfs.t12z.pgrb2.0p25.f042,"""25c9a7d06a73ed9b9e7bbe5bbf95745d""",bilinear_uv_temperature,43.643198,78.538828
1,2026-02-11T18:00:00+00:00,2026-02-11T12:00:00+00:00,2026-02-13T07:00:00+00:00,37,2.9012835193743505,1.5232974324820248,40.8021879788456,2026-02-11T15:57:44+00:00,43,gfs.20260211/12/atmos/gfs.t12z.pgrb2.0p25.f043,"""a9cd5ec272fcd1f961d96d33e15f4b7a""",bilinear_uv_temperature,43.64515,78.535604
2,2026-02-11T18:00:00+00:00,2026-02-11T12:00:00+00:00,2026-02-13T07:00:00+00:00,37,2.8791699556974484,1.500065074665713,40.69248744867909,2026-02-11T15:57:44+00:00,43,gfs.20260211/12/atmos/gfs.t12z.pgrb2.0p25.f043,"""a9cd5ec272fcd1f961d96d33e15f4b7a""",bilinear_uv_temperature,43.643198,78.538828
1,2026-02-11T18:00:00+00:00,2026-02-11T12:00:00+00:00,2026-02-13T08:00:00+00:00,38,1.6898042987324142,1.583216902682011,49.664299391603855,2026-02-11T15:43:36+00:00,44,gfs.20260211/12/atmos/gfs.t12z.pgrb2.0p25.f044,"""adcd0076d0aa30292586ff330763ccb4""",bilinear_uv_temperature,43.64515,78.535604
2,2026-02-11T18:00:00+00:00,2026-02-11T12:00:00+00:00,2026-02-13T08:00:00+00:00,38,1.670775053497092,1.5563943741136654,49.582300999523234,2026-02-11T15:43:36+00:00,44,gfs.20260211/12/atmos/gfs.t12z.pgrb2.0p25.f044,"""adcd0076d0aa30292586ff330763ccb4""",bilinear_uv_temperature,43.643198,78.538828
1,2026-02-11T18:00:00+00:00,2026-02-11T12:00:00+00:00,2026-02-13T09:00:00+00:00,39,1.0714997218189382,1.6317131407940337,21.83357835179066,2026-02-11T15:44:08+00:00,45,gfs.20260211/12/atmos/gfs.t12z.pgrb2.0p25.f045,"""159bcb34f37ebb0fc466a03121c640ae""",bilinear_uv_temperature,43.64515,78.535604
2,2026-02-11T18:00:00+00:00,2026-02-11T12:00:00+00:00,2026-02-13T09:00:00+00:00,39,1.0670802487254807,1.6048857299805377,21.178515046792786,2026-02-11T15:44:08+00:00,45,gfs.20260211/12/atmos/gfs.t12z.pgrb2.0p25.f045,"""159bcb34f37ebb0fc466a03121c640ae""",bilinear_uv_temperature,43.643198,78.538828
1,2026-02-11T18:00:00+00:00,2026-02-11T12:00:00+00:00,2026-02-13T10:00:00+00:00,40,0.3402594051910566,1.6121295489580234,57.64998568684407,2026-02-11T15:43:57+00:00,46,gfs.20260211/12/atmos/gfs.t12z.pgrb2.0p25.f046,"""2992b602eefbcd880a752e6071ddf361""",bilinear_uv_temperature,43.64515,78.535604
2,2026-02-11T18:00:00+00:00,2026-02-11T12:00:00+00:00,2026-02-13T10:00:00+00:00,40,0.3299359695638426,1.5848588648799478,57.57104762588475,2026-02-11T15:43:57+00:00,46,gfs.20260211/12/atmos/gfs.t12z.pgrb2.0p25.f046,"""2992b602eefbcd880a752e6071ddf361""",bilinear_uv_temperature,43.643198,78.538828
1,2026-02-11T18:00:00+00:00,2026-02-11T12:00:00+00:00,2026-02-13T11:00:00+00:00,41,0.19664561880576073,1.6314801243919987,297.16798607954655,2026-02-11T15:58:58+00:00,47,gfs.20260211/12/atmos/gfs.t12z.pgrb2.0p25.f047,"""6eec96eb09beaf0eaa2fa75c6233fd4f""",bilinear_uv_temperature,43.64515,78.535604
2,2026-02-11T18:00:00+00:00,2026-02-11T12:00:00+00:00,2026-02-13T11:00:00+00:00,41,0.19553003231145055,1.6049868299741092,294.7794941949208,2026-02-11T15:58:58+00:00,47,gfs.20260211/12/atmos/gfs.t12z.pgrb2.0p25.f047,"""6eec96eb09beaf0eaa2fa75c6233fd4f""",bilinear_uv_temperature,43.643198,78.538828
1,2026-02-11T18:00:00+00:00,2026-02-11T12:00:00+00:00,2026-02-13T12:00:00+00:00,42,0.639225992705297,1.6054884883980662,174.50289497383667,2026-02-11T15:45:24+00:00,48,gfs.20260211/12/atmos/gfs.t12z.pgrb2.0p25.f048,"""31102d321c97267096196598d21efd4f""",bilinear_uv_temperature,43.64515,78.535604
2,2026-02-11T18:00:00+00:00,2026-02-11T12:00:00+00:00,2026-02-13T12:00:00+00:00,42,0.6467270034765797,1.58218045554554,174.3467599312111,2026-02-11T15:45:24+00:00,48,gfs.20260211/12/atmos/gfs.t12z.pgrb2.0p25.f048,"""31102d321c97267096196598d21efd4f""",bilinear_uv_temperature,43.643198,78.538828
1,2026-02-11T18:00:00+00:00,2026-02-11T12:00:00+00:00,2026-02-13T13:00:00+00:00,43,0.3629058420162003,1.5795379721740233,323.6330104639036,2026-02-11T15:59:30+00:00,49,gfs.20260211/12/atmos/gfs.t12z.pgrb2.0p25.f049,"""28ab45ceecabc769de0b91822260a16e""",bilinear_uv_temperature,43.64515,78.535604
2,2026-02-11T18:00:00+00:00,2026-02-11T12:00:00+00:00,2026-02-13T13:00:00+00:00,43,0.34424326324700855,1.5599805038118006,322.21358632057087,2026-02-11T15:59:30+00:00,49,gfs.20260211/12/atmos/gfs.t12z.pgrb2.0p25.f049,"""28ab45ceecabc769de0b91822260a16e""",bilinear_uv_temperature,43.643198,78.538828
1,2026-02-11T18:00:00+00:00,2026-02-11T12:00:00+00:00,2026-02-13T14:00:00+00:00,44,0.6473149970703471,1.496339677044034,34.12797414650843,2026-02-11T15:59:35+00:00,50,gfs.20260211/12/atmos/gfs.t12z.pgrb2.0p25.f050,"""2073434782a8dfeae81d4ea1f21fa79b""",bilinear_uv_temperature,43.64515,78.535604
2,2026-02-11T18:00:00+00:00,2026-02-11T12:00:00+00:00,2026-02-13T14:00:00+00:00,44,0.6419700973336959,1.4758156262305988,34.94173602051995,2026-02-11T15:59:35+00:00,50,gfs.20260211/12/atmos/gfs.t12z.pgrb2.0p25.f050,"""2073434782a8dfeae81d4ea1f21fa79b""",bilinear_uv_temperature,43.643198,78.538828
1,2026-02-11T18:00:00+00:00,2026-02-11T12:00:00+00:00,2026-02-13T15:00:00+00:00,45,1.2423048280122564,1.3138302222700418,56.725133354159695,2026-02-11T16:00:36+00:00,51,gfs.20260211/12/atmos/gfs.t12z.pgrb2.0p25.f051,"""052c042d0d978e19291a9cfc4628690f""",bilinear_uv_temperature,43.64515,78.535604
2,2026-02-11T18:00:00+00:00,2026-02-11T12:00:00+00:00,2026-02-13T15:00:00+00:00,45,1.2474694998063978,1.2886361651948164,57.37953201967295,2026-02-11T16:00:36+00:00,51,gfs.20260211/12/atmos/gfs.t12z.pgrb2.0p25.f051,"""052c042d0d978e19291a9cfc4628690f""",bilinear_uv_temperature,43.643198,78.538828
1,2026-02-11T18:00:00+00:00,2026-02-11T12:00:00+00:00,2026-02-13T16:00:00+00:00,46,2.590799963552629,1.3356895403119893,88.59673745291455,2026-02-11T16:00:48+00:00,52,gfs.20260211/12/atmos/gfs.t12z.pgrb2.0p25.f052,"""e9e6cfcf1c0af7ee5dffab5f4e393b85""",bilinear_uv_temperature,43.64515,78.535604
2,2026-02-11T18:00:00+00:00,2026-02-11T12:00:00+00:00,2026-02-13T16:00:00+00:00,46,2.5892144395583365,1.3005132741948842,88.86144755440546,2026-02-11T16:00:48+00:00,52,gfs.20260211/12/atmos/gfs.t12z.pgrb2.0p25.f052,"""e9e6cfcf1c0af7ee5dffab5f4e393b85""",bilinear_uv_temperature,43.643198,78.538828
1,2026-02-11T18:00:00+00:00,2026-02-11T12:00:00+00:00,2026-02-13T17:00:00+00:00,47,3.952032364681403,1.4737299116360418,75.90834333513688,2026-02-11T16:00:51+00:00,53,gfs.20260211/12/atmos/gfs.t12z.pgrb2.0p25.f053,"""9204998ae9817a0f95d44da9d1c8b001""",bilinear_uv_temperature,43.64515,78.535604
2,2026-02-11T18:00:00+00:00,2026-02-11T12:00:00+00:00,2026-02-13T17:00:00+00:00,47,3.9241839238654475,1.4432135956526508,76.12785231884682,2026-02-11T16:00:51+00:00,53,gfs.20260211/12/atmos/gfs.t12z.pgrb2.0p25.f053,"""9204998ae9817a0f95d44da9d1c8b001""",bilinear_uv_temperature,43.643198,78.538828
1,2026-02-11T18:00:00+00:00,2026-02-11T12:00:00+00:00,2026-02-13T18:00:00+00:00,48,4.875544470797128,1.0695120752340586,76.6128113960529,2026-02-11T16:01:35+00:00,54,gfs.20260211/12/atmos/gfs.t12z.pgrb2.0p25.f054,"""476eaa6b9bd863908954967bb1e851f8""",bilinear_uv_temperature,43.64515,78.535604
2,2026-02-11T18:00:00+00:00,2026-02-11T12:00:00+00:00,2026-02-13T18:00:00+00:00,48,4.831329358690402,1.039406995646175,76.86122390398636,2026-02-11T16:01:35+00:00,54,gfs.20260211/12/atmos/gfs.t12z.pgrb2.0p25.f054,"""476eaa6b9bd863908954967bb1e851f8""",bilinear_uv_temperature,43.643198,78.538828
1,2026-02-12T18:00:00+00:00,2026-02-12T12:00:00+00:00,2026-02-12T19:00:00+00:00,1,0.5739127028627785,-0.03389048927994054,143.5035335468305,2026-02-12T15:49:25+00:00,7,gfs.20260212/12/atmos/gfs.t12z.pgrb2.0p25.f007,"""8f150b718a6ee114bef5dd8296ac9f90""",bilinear_uv_temperature,43.64515,78.535604
2,2026-02-12T18:00:00+00:00,2026-02-12T12:00:00+00:00,2026-02-12T19:00:00+00:00,1,0.5886695627104389,-0.06351097022718477,141.13181206745483,2026-02-12T15:49:25+00:00,7,gfs.20260212/12/atmos/gfs.t12z.pgrb2.0p25.f007,"""8f150b718a6ee114bef5dd8296ac9f90""",bilinear_uv_temperature,43.643198,78.538828
1,2026-02-12T18:00:00+00:00,2026-02-12T12:00:00+00:00,2026-02-12T20:00:00+00:00,2,0.14999738943152835,0.11688724085001923,58.14759583274507,2026-02-12T15:49:42+00:00,8,gfs.20260212/12/atmos/gfs.t12z.pgrb2.0p25.f008,"""8c013c51f29fc504a9e30ec6a5cf6a61""",bilinear_uv_temperature,43.64515,78.535604
2,2026-02-12T18:00:00+00:00,2026-02-12T12:00:00+00:00,2026-02-12T20:00:00+00:00,2,0.17972493181671434,0.08902470235403825,67.05687141842093,2026-02-12T15:49:42+00:00,8,gfs.20260212/12/atmos/gfs.t12z.pgrb2.0p25.f008,"""8c013c51f29fc504a9e30ec6a5cf6a61""",bilinear_uv_temperature,43.643198,78.538828
1,2026-02-12T18:00:00+00:00,2026-02-12T12:00:00+00:00,2026-02-12T21:00:00+00:00,3,1.208349599547991,0.09285730271602688,67.02177675042827,2026-02-12T15:49:59+00:00,9,gfs.20260212/12/atmos/gfs.t12z.pgrb2.0p25.f009,"""70e225e6db0a3e841ed47e98286ddaed""",bilinear_uv_temperature,43.64515,78.535604
2,2026-02-12T18:00:00+00:00,2026-02-12T12:00:00+00:00,2026-02-12T21:00:00+00:00,3,1.2282490253605614,0.06402290531190147,68.23285772691901,2026-02-12T15:49:59+00:00,9,gfs.20260212/12/atmos/gfs.t12z.pgrb2.0p25.f009,"""70e225e6db0a3e841ed47e98286ddaed""",bilinear_uv_temperature,43.643198,78.538828
1,2026-02-12T18:00:00+00:00,2026-02-12T12:00:00+00:00,2026-02-12T22:00:00+00:00,4,1.2377085760124342,0.27535369648802543,57.36335799528858,2026-02-12T15:50:17+00:00,10,gfs.20260212/12/atmos/gfs.t12z.pgrb2.0p25.f010,"""8d9f448659a50672444b5d23aa44842d""",bilinear_uv_temperature,43.64515,78.535604
2,2026-02-12T18:00:00+00:00,2026-02-12T12:00:00+00:00,2026-02-12T22:00:00+00:00,4,1.2476396985293228,0.25073764023716194,59.11280296538721,2026-02-12T15:50:17+00:00,10,gfs.20260212/12/atmos/gfs.t12z.pgrb2.0p25.f010,"""8d9f448659a50672444b5d23aa44842d""",bilinear_uv_temperature,43.643198,78.538828
1,2026-02-12T18:00:00+00:00,2026-02-12T12:00:00+00:00,2026-02-12T23:00:00+00:00,5,1.7424785191899363,0.35325779651003586,58.11675018164893,2026-02-12T15:50:19+00:00,11,gfs.20260212/12/atmos/gfs.t12z.pgrb2.0p25.f011,"""3accd4aa1938417ca0250e3205c8349d""",bilinear_uv_temperature,43.64515,78.535604
2,2026-02-12T18:00:00+00:00,2026-02-12T12:00:00+00:00,2026-02-12T23:00:00+00:00,5,1.7458451506769377,0.328172721412443,58.98486627694523,2026-02-12T15:50:19+00:00,11,gfs.20260212/12/atmos/gfs.t12z.pgrb2.0p25.f011,"""3accd4aa1938417ca0250e3205c8349d""",bilinear_uv_temperature,43.643198,78.538828
1,2026-02-12T18:00:00+00:00,2026-02-12T12:00:00+00:00,2026-02-13T00:00:00+00:00,6,2.349657742670995,0.38588980528203365,61.62632168370449,2026-02-12T15:51:02+00:00,12,gfs.20260212/12/atmos/gfs.t12z.pgrb2.0p25.f012,"""234812392c064a3a0cf2cbf47483ee42""",bilinear_uv_temperature,43.64515,78.535604
2,2026-02-12T18:00:00+00:00,2026-02-12T12:00:00+00:00,2026-02-13T00:00:00+00:00,6,2.3475098389839157,0.3571792313376818,61.811673156123135,2026-02-12T15:51:02+00:00,12,gfs.20260212/12/atmos/gfs.t12z.pgrb2.0p25.f012,"""234812392c064a3a0cf2cbf47483ee42""",bilinear_uv_temperature,43.643198,78.538828
1,2026-02-12T18:00:00+00:00,2026-02-12T12:00:00+00:00,2026-02-13T01:00:00+00:00,7,3.2374029182531685,0.46518358339403676,60.50891303724235,2026-02-12T15:50:43+00:00,13,gfs.20260212/12/atmos/gfs.t12z.pgrb2.0p25.f013,"""97a9e8c4d8e20ce9db1ac2f6c646a715""",bilinear_uv_temperature,43.64515,78.535604
2,2026-02-12T18:00:00+00:00,2026-02-12T12:00:00+00:00,2026-02-13T01:00:00+00:00,7,3.222374795040806,0.43530396720461795,60.99953216677204,2026-02-12T15:50:43+00:00,13,gfs.20260212/12/atmos/gfs.t12z.pgrb2.0p25.f013,"""97a9e8c4d8e20ce9db1ac2f6c646a715""",bilinear_uv_temperature,43.643198,78.538828
1,2026-02-12T18:00:00+00:00,2026-02-12T12:00:00+00:00,2026-02-13T02:00:00+00:00,8,1.1750031624612756,0.11175896793002948,336.33573677506365,2026-02-12T15:50:58+00:00,14,gfs.20260212/12/atmos/gfs.t12z.pgrb2.0p25.f014,"""6593cfe907a74dab812ea9052c196067""",bilinear_uv_temperature,43.64515,78.535604
2,2026-02-12T18:00:00+00:00,2026-02-12T12:00:00+00:00,2026-02-13T02:00:00+00:00,8,1.1700428406522614,0.07780861425322882,337.1074343421078,2026-02-12T15:50:58+00:00,14,gfs.20260212/12/atmos/gfs.t12z.pgrb2.0p25.f014,"""6593cfe907a74dab812ea9052c196067""",bilinear_uv_temperature,43.643198,78.538828
1,2026-02-12T18:00:00+00:00,2026-02-12T12:00:00+00:00,2026-02-13T03:00:00+00:00,9,0.21447459295145216,0.14462151773403775,337.92050986685007,2026-02-12T15:51:34+00:00,15,gfs.20260212/12/atmos/gfs.t12z.pgrb2.0p25.f015,"""474aa98b60909ac45bf4414a44b0b76f""",bilinear_uv_temperature,43.64515,78.535604
2,2026-02-12T18:00:00+00:00,2026-02-12T12:00:00+00:00,2026-02-13T03:00:00+00:00,9,0.1943522489993573,0.12206907814618262,346.07923495992657,2026-02-12T15:51:34+00:00,15,gfs.20260212/12/atmos/gfs.t12z.pgrb2.0p25.f015,"""474aa98b60909ac45bf4414a44b0b76f""",bilinear_uv_temperature,43.643198,78.538828
1,2026-02-12T18:00:00+00:00,2026-02-12T12:00:00+00:00,2026-02-13T04:00:00+00:00,10,1.0552390121413295,0.16442724246007856,297.44030594721994,2026-02-12T15:51:26+00:00,16,gfs.20260212/12/atmos/gfs.t12z.pgrb2.0p25.f016,"""facbabc81fcfe0db3bfb5946bd9c25d1""",bilinear_uv_temperature,43.64515,78.535604
2,2026-02-12T18:00:00+00:00,2026-02-12T12:00:00+00:00,2026-02-13T04:00:00+00:00,10,1.0160794539735296,0.15269142349040976,298.56603743302776,2026-02-12T15:51:26+00:00,16,gfs.20260212/12/atmos/gfs.t12z.pgrb2.0p25.f016,"""facbabc81fcfe0db3bfb5946bd9c25d1""",bilinear_uv_temperature,43.643198,78.538828
1,2026-02-12T18:00:00+00:00,2026-02-12T12:00:00+00:00,2026-02-13T05:00:00+00:00,11,1.451713785553757,-0.1067733547799321,295.23916841712116,2026-02-12T15:51:59+00:00,17,gfs.20260212/12/atmos/gfs.t12z.pgrb2.0p25.f017,"""d72b5b85cd2f50c4e7ec6bbf6c4d32c8""",bilinear_uv_temperature,43.64515,78.535604
2,2026-02-12T18:00:00+00:00,2026-02-12T12:00:00+00:00,2026-02-13T05:00:00+00:00,11,1.4133837733777723,-0.10638016884718127,296.04226546032623,2026-02-12T15:51:59+00:00,17,gfs.20260212/12/atmos/gfs.t12z.pgrb2.0p25.f017,"""d72b5b85cd2f50c4e7ec6bbf6c4d32c8""",bilinear_uv_temperature,43.643198,78.538828
1,2026-02-12T18:00:00+00:00,2026-02-12T12:00:00+00:00,2026-02-13T06:00:00+00:00,12,0.708588904632222,-0.07988814049593884,270.6003550309151,2026-02-12T15:52:37+00:00,18,gfs.20260212/12/atmos/gfs.t12z.pgrb2.0p25.f018,"""3f73ca70c759202e594af5d53b48a76e""",bilinear_uv_temperature,43.64515,78.535604
2,2026-02-12T18:00:00+00:00,2026-02-12T12:00:00+00:00,2026-02-13T06:00:00+00:00,12,0.6860220457589987,-0.0789291302789934,272.15241886716115,2026-02-12T15:52:37+00:00,18,gfs.20260212/12/atmos/gfs.t12z.pgrb2.0p25.f018,"""3f73ca70c759202e594af5d53b48a76e""",bilinear_uv_temperature,43.643198,78.538828
1,2026-02-12T18:00:00+00:00,2026-02-12T12:00:00+00:00,2026-02-13T07:00:00+00:00,13,0.608289678328456,0.06750828335401593,304.2352641350135,2026-02-12T15:38:06+00:00,19,gfs.20260212/12/atmos/gfs.t12z.pgrb2.0p25.f019,"""74051ecddd5bb6a04ffff2bd7ae4d9e3""",bilinear_uv_temperature,43.64515,78.535604
2,2026-02-12T18:00:00+00:00,2026-02-12T12:00:00+00:00,2026-02-13T07:00:00+00:00,13,0.5985201711903565,0.0654730081949424,305.65840457899054,2026-02-12T15:38:06+00:00,19,gfs.20260212/12/atmos/gfs.t12z.pgrb2.0p25.f019,"""74051ecddd5bb6a04ffff2bd7ae4d9e3""",bilinear_uv_temperature,43.643198,78.538828
1,2026-02-12T18:00:00+00:00,2026-02-12T12:00:00+00:00,2026-02-13T08:00:00+00:00,14,0.9557239005103334,0.4032427674560495,260.2339471867407,2026-02-12T15:53:21+00:00,20,gfs.20260212/12/atmos/gfs.t12z.pgrb2.0p25.f020,"""c787ab7decc3a1cb3cd2a346475012a1""",bilinear_uv_temperature,43.64515,78.535604
2,2026-02-12T18:00:00+00:00,2026-02-12T12:00:00+00:00,2026-02-13T08:00:00+00:00,14,0.9425007876914512,0.39641216514945654,260.3732801327649,2026-02-12T15:53:21+00:00,20,gfs.20260212/12/atmos/gfs.t12z.pgrb2.0p25.f020,"""c787ab7decc3a1cb3cd2a346475012a1""",bilinear_uv_temperature,43.643198,78.538828
1,2026-02-12T18:00:00+00:00,2026-02-12T12:00:00+00:00,2026-02-13T09:00:00+00:00,15,0.5589521834673822,0.6028236593400607,261.03555353096584,2026-02-12T15:38:19+00:00,21,gfs.20260212/12/atmos/gfs.t12z.pgrb2.0p25.f021,"""6f2c787e0ab891074011b6431fd3c566""",bilinear_uv_temperature,43.64515,78.535604
2,2026-02-12T18:00:00+00:00,2026-02-12T12:00:00+00:00,2026-02-13T09:00:00+00:00,15,0.5570740563636146,0.5929908359415776,260.9090853604584,2026-02-12T15:38:19+00:00,21,gfs.20260212/12/atmos/gfs.t12z.pgrb2.0p25.f021,"""6f2c787e0ab891074011b6431fd3c566""",bilinear_uv_temperature,43.643198,78.538828
1,2026-02-12T18:00:00+00:00,2026-02-12T12:00:00+00:00,2026-02-13T10:00:00+00:00,16,0.21954552443863598,0.8603970278080055,169.44075824871425,2026-02-12T15:53:17+00:00,22,gfs.20260212/12/atmos/gfs.t12z.pgrb2.0p25.f022,"""004c328cf6803af3c5fc66a80a35131d""",bilinear_uv_temperature,43.64515,78.535604
2,2026-02-12T18:00:00+00:00,2026-02-12T12:00:00+00:00,2026-02-13T10:00:00+00:00,16,0.22176110990526388,0.8466840583539579,172.00831672167092,2026-02-12T15:53:17+00:00,22,gfs.20260212/12/atmos/gfs.t12z.pgrb2.0p25.f022,"""004c328cf6803af3c5fc66a80a35131d""",bilinear_uv_temperature,43.643198,78.538828
1,2026-02-12T18:00:00+00:00,2026-02-12T12:00:00+00:00,2026-02-13T11:00:00+00:00,17,0.7858659855648213,1.0168619466840596,104.56814446380315,2026-02-12T15:53:37+00:00,23,gfs.20260212/12/atmos/gfs.t12z.pgrb2.0p25.f023,"""bb98a0dcd2d45e5c25718b1fac31ff7e""",bilinear_uv_temperature,43.64515,78.535604
2,2026-02-12T18:00:00+00:00,2026-02-12T12:00:00+00:00,2026-02-13T11:00:00+00:00,17,0.7761005136777693,1.0010127763441687,105.61472147565277,2026-02-12T15:53:37+00:00,23,gfs.20260212/12/atmos/gfs.t12z.pgrb2.0p25.f023,"""bb98a0dcd2d45e5c25718b1fac31ff7e""",bilinear_uv_temperature,43.643198,78.538828
1,2026-02-12T18:00:00+00:00,2026-02-12T12:00:00+00:00,2026-02-13T12:00:00+00:00,18,1.8268320268375056,0.8447114242360385,104.99411745359461,2026-02-12T15:54:05+00:00,24,gfs.20260212/12/atmos/gfs.t12z.pgrb2.0p25.f024,"""248d6e5614e0efba4ba75e6d0ab04ed8""",bilinear_uv_temperature,43.64515,78.535604
2,2026-02-12T18:00:00+00:00,2026-02-12T12:00:00+00:00,2026-02-13T12:00:00+00:00,18,1.813497552546203,0.8251883428766291,105.71203040521847,2026-02-12T15:54:05+00:00,24,gfs.20260212/12/atmos/gfs.t12z.pgrb2.0p25.f024,"""248d6e5614e0efba4ba75e6d0ab04ed8""",bilinear_uv_temperature,43.643198,78.538828
1,2026-02-12T18:00:00+00:00,2026-02-12T12:00:00+00:00,2026-02-13T13:00:00+00:00,19,2.3987598851214615,0.28383126314605533,84.82508175331868,2026-02-12T15:54:44+00:00,25,gfs.20260212/12/atmos/gfs.t12z.pgrb2.0p25.f025,"""3e6cc37ba91873200a52d0b8abd4df08""",bilinear_uv_temperature,43.64515,78.535604
2,2026-02-12T18:00:00+00:00,2026-02-12T12:00:00+00:00,2026-02-13T13:00:00+00:00,19,2.374799769813047,0.2576877920650418,85.29861520140706,2026-02-12T15:54:44+00:00,25,gfs.20260212/12/atmos/gfs.t12z.pgrb2.0p25.f025,"""3e6cc37ba91873200a52d0b8abd4df08""",bilinear_uv_temperature,43.643198,78.538828
1,2026-02-12T18:00:00+00:00,2026-02-12T12:00:00+00:00,2026-02-13T14:00:00+00:00,20,3.5321097207162184,0.14830999975202985,74.90350620908544,2026-02-12T15:39:47+00:00,26,gfs.20260212/12/atmos/gfs.t12z.pgrb2.0p25.f026,"""9f358a839f7aff8dda0f155c31e28d07""",bilinear_uv_temperature,43.64515,78.535604
2,2026-02-12T18:00:00+00:00,2026-02-12T12:00:00+00:00,2026-02-13T14:00:00+00:00,20,3.4926509596710154,0.11759110486053714,75.12894074363501,2026-02-12T15:39:47+00:00,26,gfs.20260212/12/atmos/gfs.t12z.pgrb2.0p25.f026,"""9f358a839f7aff8dda0f155c31e28d07""",bilinear_uv_temperature,43.643198,78.538828
1,2026-02-12T18:00:00+00:00,2026-02-12T12:00:00+00:00,2026-02-13T15:00:00+00:00,21,4.386462571935864,0.5871549222780459,76.40312516834575,2026-02-12T15:55:12+00:00,27,gfs.20260212/12/atmos/gfs.t12z.pgrb2.0p25.f027,"""aa5a7a1931981b48c9ae0c96840816b2""",bilinear_uv_temperature,43.64515,78.535604
2,2026-02-12T18:00:00+00:00,2026-02-12T12:00:00+00:00,2026-02-13T15:00:00+00:00,21,4.344045681152289,0.5597795518767157,76.63486503199876,2026-02-12T15:55:12+00:00,27,gfs.20260212/12/atmos/gfs.t12z.pgrb2.0p25.f027,"""aa5a7a1931981b48c9ae0c96840816b2""",bilinear_uv_temperature,43.643198,78.538828
1,2026-02-12T18:00:00+00:00,2026-02-12T12:00:00+00:00,2026-02-13T16:00:00+00:00,22,5.316830799362673,0.42541822929200634,74.04140817586102,2026-02-12T15:55:00+00:00,28,gfs.20260212/12/atmos/gfs.t12z.pgrb2.0p25.f028,"""412d1232baf58f456af355a0f5baba06""",bilinear_uv_temperature,43.64515,78.535604
2,2026-02-12T18:00:00+00:00,2026-02-12T12:00:00+00:00,2026-02-13T16:00:00+00:00,22,5.265854760526956,0.3918347402500899,74.29062594227642,2026-02-12T15:55:00+00:00,28,gfs.20260212/12/atmos/gfs.t12z.pgrb2.0p25.f028,"""412d1232baf58f456af355a0f5baba06""",bilinear_uv_temperature,43.643198,78.538828
1,2026-02-12T18:00:00+00:00,2026-02-12T12:00:00+00:00,2026-02-13T17:00:00+00:00,23,5.790036857981282,0.3809972634500127,72.81220447418066,2026-02-12T15:55:59+00:00,29,gfs.20260212/12/atmos/gfs.t12z.pgrb2.0p25.f029,"""01dca7129c2cc775edfd16e1bef43369""",bilinear_uv_temperature,43.64515,78.535604
2,2026-02-12T18:00:00+00:00,2026-02-12T12:00:00+00:00,2026-02-13T17:00:00+00:00,23,5.728832486140313,0.3480111595779931,73.12079816767604,2026-02-12T15:55:59+00:00,29,gfs.20260212/12/atmos/gfs.t12z.pgrb2.0p25.f029,"""01dca7129c2cc775edfd16e1bef43369""",bilinear_uv_temperature,43.643198,78.538828
1,2026-02-12T18:00:00+00:00,2026-02-12T12:00:00+00:00,2026-02-13T18:00:00+00:00,24,6.251393946370955,0.4163375008980097,73.93621971880594,2026-02-12T15:56:13+00:00,30,gfs.20260212/12/atmos/gfs.t12z.pgrb2.0p25.f030,"""71e7cb1e04f03a0de66bc4f25368a93c""",bilinear_uv_temperature,43.64515,78.535604
2,2026-02-12T18:00:00+00:00,2026-02-12T12:00:00+00:00,2026-02-13T18:00:00+00:00,24,6.183315719649738,0.38244578804551566,74.32351039749292,2026-02-12T15:56:13+00:00,30,gfs.20260212/12/atmos/gfs.t12z.pgrb2.0p25.f030,"""71e7cb1e04f03a0de66bc4f25368a93c""",bilinear_uv_temperature,43.643198,78.538828
1,2026-02-12T18:00:00+00:00,2026-02-12T12:00:00+00:00,2026-02-13T19:00:00+00:00,25,7.179511635789734,0.4153736978640268,73.66578536526168,2026-02-12T15:55:45+00:00,31,gfs.20260212/12/atmos/gfs.t12z.pgrb2.0p25.f031,"""8e7ce113ea962f2e6642022ff74a7993""",bilinear_uv_temperature,43.64515,78.535604
2,2026-02-12T18:00:00+00:00,2026-02-12T12:00:00+00:00,2026-02-13T19:00:00+00:00,25,7.095926266965539,0.38071616072738834,74.07959781024952,2026-02-12T15:55:45+00:00,31,gfs.20260212/12/atmos/gfs.t12z.pgrb2.0p25.f031,"""8e7ce113ea962f2e6642022ff74a7993""",bilinear_uv_temperature,43.643198,78.538828
1,2026-02-12T18:00:00+00:00,2026-02-12T12:00:00+00:00,2026-02-13T20:00:00+00:00,26,7.58030428266987,0.1770385553600704,75.806605301303,2026-02-12T15:56:04+00:00,32,gfs.20260212/12/atmos/gfs.t12z.pgrb2.0p25.f032,"""331b6a14064e27b6617f3c8722ef6704""",bilinear_uv_temperature,43.64515,78.535604
2,2026-02-12T18:00:00+00:00,2026-02-12T12:00:00+00:00,2026-02-13T20:00:00+00:00,26,7.483642400103941,0.14348655488640816,76.26123831112854,2026-02-12T15:56:04+00:00,32,gfs.20260212/12/atmos/gfs.t12z.pgrb2.0p25.f032,"""331b6a14064e27b6617f3c8722ef6704""",bilinear_uv_temperature,43.643198,78.538828
1,2026-02-12T18:00:00+00:00,2026-02-12T12:00:00+00:00,2026-02-13T21:00:00+00:00,27,7.48988552721631,0.05423839104605577,77.1467357912707,2026-02-12T15:56:34+00:00,33,gfs.20260212/12/atmos/gfs.t12z.pgrb2.0p25.f033,"""8af4332fd0f3404168e6d3b834ef511c""",bilinear_uv_temperature,43.64515,78.535604
2,2026-02-12T18:00:00+00:00,2026-02-12T12:00:00+00:00,2026-02-13T21:00:00+00:00,27,7.396575993908792,0.029057618461024504,77.55848304663915,2026-02-12T15:56:34+00:00,33,gfs.20260212/12/atmos/gfs.t12z.pgrb2.0p25.f033,"""8af4332fd0f3404168e6d3b834ef511c""",bilinear_uv_temperature,43.643198,78.538828
1,2026-02-12T18:00:00+00:00,2026-02-12T12:00:00+00:00,2026-02-13T22:00:00+00:00,28,7.4792691110601615,-0.2025795782159321,76.50728637734116,2026-02-12T15:56:42+00:00,34,gfs.20260212/12/atmos/gfs.t12z.pgrb2.0p25.f034,"""5d936c4911fb7c0567f1935596e27967""",bilinear_uv_temperature,43.64515,78.535604
2,2026-02-12T18:00:00+00:00,2026-02-12T12:00:00+00:00,2026-02-13T22:00:00+00:00,28,7.392219050094785,-0.2229129539318251,76.8828288938028,2026-02-12T15:56:42+00:00,34,gfs.20260212/12/atmos/gfs.t12z.pgrb2.0p25.f034,"""5d936c4911fb7c0567f1935596e27967""",bilinear_uv_temperature,43.643198,78.538828
1,2026-02-12T18:00:00+00:00,2026-02-12T12:00:00+00:00,2026-02-13T23:00:00+00:00,29,6.487414310167078,-0.37691251887997623,77.938457251587,2026-02-12T15:56:49+00:00,35,gfs.20260212/12/atmos/gfs.t12z.pgrb2.0p25.f035,"""b3f26cbdee3a47ab3140751f0f6f7f28""",bilinear_uv_temperature,43.64515,78.535604
2,2026-02-12T18:00:00+00:00,2026-02-12T12:00:00+00:00,2026-02-13T23:00:00+00:00,29,6.4097376726718895,-0.39639558133120545,78.30995128558413,2026-02-12T15:56:49+00:00,35,gfs.20260212/12/atmos/gfs.t12z.pgrb2.0p25.f035,"""b3f26cbdee3a47ab3140751f0f6f7f28""",bilinear_uv_temperature,43.643198,78.538828
1,2026-02-12T18:00:00+00:00,2026-02-12T12:00:00+00:00,2026-02-14T00:00:00+00:00,30,6.072694619323794,-0.3653484058939398,77.33022370698805,2026-02-12T15:57:25+00:00,36,gfs.20260212/12/atmos/gfs.t12z.pgrb2.0p25.f036,"""7c331ce705e1bd11fe912e9045d1ac9d""",bilinear_uv_temperature,43.64515,78.535604
2,2026-02-12T18:00:00+00:00,2026-02-12T12:00:00+00:00,2026-02-14T00:00:00+00:00,30,5.999608253794106,-0.38295454970460696,77.78577832408928,2026-02-12T15:57:25+00:00,36,gfs.20260212/12/atmos/gfs.t12z.pgrb2.0p25.f036,"""7c331ce705e1bd11fe912e9045d1ac9d""",bilinear_uv_temperature,43.643198,78.538828
1,2026-02-12T18:00:00+00:00,2026-02-12T12:00:00+00:00,2026-02-14T01:00:00+00:00,31,5.577836655966437,-0.44992689895394733,73.94863903496264,2026-02-12T15:57:47+00:00,37,gfs.20260212/12/atmos/gfs.t12z.pgrb2.0p25.f037,"""4c7cc8c70607e43ccd95626c6f72f9fb""",bilinear_uv_temperature,43.64515,78.535604
2,2026-02-12T18:00:00+00:00,2026-02-12T12:00:00+00:00,2026-02-14T01:00:00+00:00,31,5.509655519557443,-0.4697271915389365,74.39803623545161,2026-02-12T15:57:47+00:00,37,gfs.20260212/12/atmos/gfs.t12z.pgrb2.0p25.f037,"""4c7cc8c70607e43ccd95626c6f72f9fb""",bilinear_uv_temperature,43.643198,78.538828
1,2026-02-12T18:00:00+00:00,2026-02-12T12:00:00+00:00,2026-02-14T02:00:00+00:00,32,5.267096440737254,-0.5016354353519432,75.5884862718431,2026-02-12T15:57:24+00:00,38,gfs.20260212/12/atmos/gfs.t12z.pgrb2.0p25.f038,"""b6dac26b0445254cfeceaebe808be814""",bilinear_uv_temperature,43.64515,78.535604
2,2026-02-12T18:00:00+00:00,2026-02-12T12:00:00+00:00,2026-02-14T02:00:00+00:00,32,5.2023378134802485,-0.5211316282045004,76.1203698520916,2026-02-12T15:57:24+00:00,38,gfs.20260212/12/atmos/gfs.t12z.pgrb2.0p25.f038,"""b6dac26b0445254cfeceaebe808be814""",bilinear_uv_temperature,43.643198,78.538828
1,2026-02-12T18:00:00+00:00,2026-02-12T12:00:00+00:00,2026-02-14T03:00:00+00:00,33,5.309641826560548,0.21398112154003002,70.59841022982447,2026-02-12T15:57:59+00:00,39,gfs.20260212/12/atmos/gfs.t12z.pgrb2.0p25.f039,"""6994793fde3e9cd93a325f0b0bc14c26""",bilinear_uv_temperature,43.64515,78.535604
2,2026-02-12T18:00:00+00:00,2026-02-12T12:00:00+00:00,2026-02-14T03:00:00+00:00,33,5.246012440789141,0.19333339426964358,71.05939748488129,2026-02-12T15:57:59+00:00,39,gfs.20260212/12/atmos/gfs.t12z.pgrb2.0p25.f039,"""6994793fde3e9cd93a325f0b0bc14c26""",bilinear_uv_temperature,43.643198,78.538828
1,2026-02-12T18:00:00+00:00,2026-02-12T12:00:00+00:00,2026-02-14T04:00:00+00:00,34,5.650923828082025,1.6211610700639767,77.384175069893,2026-02-12T15:57:44+00:00,40,gfs.20260212/12/atmos/gfs.t12z.pgrb2.0p25.f040,"""b7a65d6f894fda640e3c07ca8d566c8f""",bilinear_uv_temperature,43.64515,78.535604
2,2026-02-12T18:00:00+00:00,2026-02-12T12:00:00+00:00,2026-02-14T04:00:00+00:00,34,5.580893372033607,1.5991308690553865,77.78394477026835,2026-02-12T15:57:44+00:00,40,gfs.20260212/12/atmos/gfs.t12z.pgrb2.0p25.f040,"""b7a65d6f894fda640e3c07ca8d566c8f""",bilinear_uv_temperature,43.643198,78.538828
1,2026-02-12T18:00:00+00:00,2026-02-12T12:00:00+00:00,2026-02-14T05:00:00+00:00,35,5.680174670953143,2.7006746359800218,72.20920196037267,2026-02-12T15:43:40+00:00,41,gfs.20260212/12/atmos/gfs.t12z.pgrb2.0p25.f041,"""fb76dfeeb1ad282e1d4d1f2d82be824b""",bilinear_uv_temperature,43.64515,78.535604
2,2026-02-12T18:00:00+00:00,2026-02-12T12:00:00+00:00,2026-02-14T05:00:00+00:00,35,5.613773071481456,2.676239479935191,72.60082273372603,2026-02-12T15:43:40+00:00,41,gfs.20260212/12/atmos/gfs.t12z.pgrb2.0p25.f041,"""fb76dfeeb1ad282e1d4d1f2d82be824b""",bilinear_uv_temperature,43.643198,78.538828
1,2026-02-12T18:00:00+00:00,2026-02-12T12:00:00+00:00,2026-02-14T06:00:00+00:00,36,6.37208781559424,3.6641364896000255,70.60625236365101,2026-02-12T15:58:41+00:00,42,gfs.20260212/12/atmos/gfs.t12z.pgrb2.0p25.f042,"""639b21e9c6105056980c2d1a7724bb17""",bilinear_uv_temperature,43.64515,78.535604
2,2026-02-12T18:00:00+00:00,2026-02-12T12:00:00+00:00,2026-02-14T06:00:00+00:00,36,6.301378629491776,3.6335577911040104,70.86509264691271,2026-02-12T15:58:41+00:00,42,gfs.20260212/12/atmos/gfs.t12z.pgrb2.0p25.f042,"""639b21e9c6105056980c2d1a7724bb17""",bilinear_uv_temperature,43.643198,78.538828
1,2026-02-12T18:00:00+00:00,2026-02-12T12:00:00+00:00,2026-02-14T07:00:00+00:00,37,5.434543864295954,4.672378278580027,72.38238297452688,2026-02-12T15:58:40+00:00,43,gfs.20260212/12/atmos/gfs.t12z.pgrb2.0p25.f043,"""1360a988b83fa49a33603c11657e80a3""",bilinear_uv_temperature,43.64515,78.535604
2,2026-02-12T18:00:00+00:00,2026-02-12T12:00:00+00:00,2026-02-14T07:00:00+00:00,37,5.369047099138816,4.635735397159181,72.62996713782772,2026-02-12T15:58:40+00:00,43,gfs.20260212/12/atmos/gfs.t12z.pgrb2.0p25.f043,"""1360a988b83fa49a33603c11657e80a3""",bilinear_uv_temperature,43.643198,78.538828
1,2026-02-12T18:00:00+00:00,2026-02-12T12:00:00+00:00,2026-02-14T08:00:00+00:00,38,4.5041381929381705,4.970666067352056,66.00500507870223,2026-02-12T15:59:33+00:00,44,gfs.20260212/12/atmos/gfs.t12z.pgrb2.0p25.f044,"""77eb3d3eac8fca072e1f21f38f93b91f""",bilinear_uv_temperature,43.64515,78.535604
2,2026-02-12T18:00:00+00:00,2026-02-12T12:00:00+00:00,2026-02-14T08:00:00+00:00,38,4.4531208993459,4.92754808708446,66.24886102674132,2026-02-12T15:59:33+00:00,44,gfs.20260212/12/atmos/gfs.t12z.pgrb2.0p25.f044,"""77eb3d3eac8fca072e1f21f38f93b91f""",bilinear_uv_temperature,43.643198,78.538828
1,2026-02-12T18:00:00+00:00,2026-02-12T12:00:00+00:00,2026-02-14T09:00:00+00:00,39,3.0734877964220315,4.939779609748086,74.49850125464289,2026-02-12T15:59:39+00:00,45,gfs.20260212/12/atmos/gfs.t12z.pgrb2.0p25.f045,"""9398fa78809d8e77726f90b9a3074e92""",bilinear_uv_temperature,43.64515,78.535604
2,2026-02-12T18:00:00+00:00,2026-02-12T12:00:00+00:00,2026-02-14T09:00:00+00:00,39,3.0294796373554522,4.8970936115194945,74.82382311699669,2026-02-12T15:59:39+00:00,45,gfs.20260212/12/atmos/gfs.t12z.pgrb2.0p25.f045,"""9398fa78809d8e77726f90b9a3074e92""",bilinear_uv_temperature,43.643198,78.538828
1,2026-02-12T18:00:00+00:00,2026-02-12T12:00:00+00:00,2026-02-14T10:00:00+00:00,40,2.9526961836556427,5.081888143754043,71.96572506023364,2026-02-12T15:45:04+00:00,46,gfs.20260212/12/atmos/gfs.t12z.pgrb2.0p25.f046,"""e9ad343755e0f62569d856ab31c13558""",bilinear_uv_temperature,43.64515,78.535604
2,2026-02-12T18:00:00+00:00,2026-02-12T12:00:00+00:00,2026-02-14T10:00:00+00:00,40,2.9032486799259813,5.031474767090913,72.44999728671618,2026-02-12T15:45:04+00:00,46,gfs.20260212/12/atmos/gfs.t12z.pgrb2.0p25.f046,"""e9ad343755e0f62569d856ab31c13558""",bilinear_uv_temperature,43.643198,78.538828
1,2026-02-12T18:00:00+00:00,2026-02-12T12:00:00+00:00,2026-02-14T11:00:00+00:00,41,3.6395700862742695,4.620957832378053,82.57480276140987,2026-02-12T15:45:14+00:00,47,gfs.20260212/12/atmos/gfs.t12z.pgrb2.0p25.f047,"""1bd76f61497214db17ac745591d9574d""",bilinear_uv_temperature,43.64515,78.535604
2,2026-02-12T18:00:00+00:00,2026-02-12T12:00:00+00:00,2026-02-14T11:00:00+00:00,41,3.5942358871425366,4.569152976600719,82.92948646507105,2026-02-12T15:45:14+00:00,47,gfs.20260212/12/atmos/gfs.t12z.pgrb2.0p25.f047,"""1bd76f61497214db17ac745591d9574d""",bilinear_uv_temperature,43.643198,78.538828
1,2026-02-12T18:00:00+00:00,2026-02-12T12:00:00+00:00,2026-02-14T12:00:00+00:00,42,4.159289781868392,3.3328003631980323,84.36054421397883,2026-02-12T16:00:37+00:00,48,gfs.20260212/12/atmos/gfs.t12z.pgrb2.0p25.f048,"""f7795f4b2a713675082151fec7f2b574""",bilinear_uv_temperature,43.64515,78.535604
2,2026-02-12T18:00:00+00:00,2026-02-12T12:00:00+00:00,2026-02-14T12:00:00+00:00,42,4.1263612628461726,3.285581701097499,84.6956742715937,2026-02-12T16:00:37+00:00,48,gfs.20260212/12/atmos/gfs.t12z.pgrb2.0p25.f048,"""f7795f4b2a713675082151fec7f2b574""",bilinear_uv_temperature,43.643198,78.538828
1,2026-02-12T18:00:00+00:00,2026-02-12T12:00:00+00:00,2026-02-14T13:00:00+00:00,43,2.752857903860931,2.20933951610607,66.80826677614411,2026-02-12T16:00:52+00:00,49,gfs.20260212/12/atmos/gfs.t12z.pgrb2.0p25.f049,"""28bfb0ad3f80c0b463c123a7335edbb1""",bilinear_uv_temperature,43.64515,78.535604
2,2026-02-12T18:00:00+00:00,2026-02-12T12:00:00+00:00,2026-02-14T13:00:00+00:00,43,2.717843970325053,2.162209439175456,67.5499989050084,2026-02-12T16:00:52+00:00,49,gfs.20260212/12/atmos/gfs.t12z.pgrb2.0p25.f049,"""28bfb0ad3f80c0b463c123a7335edbb1""",bilinear_uv_temperature,43.643198,78.538828
1,2026-02-12T18:00:00+00:00,2026-02-12T12:00:00+00:00,2026-02-14T14:00:00+00:00,44,1.5352465890004414,1.5050142242700417,31.60323347305613,2026-02-12T16:01:08+00:00,50,gfs.20260212/12/atmos/gfs.t12z.pgrb2.0p25.f050,"""5121267c28bbda8754839d02a5327ab6""",bilinear_uv_temperature,43.64515,78.535604
2,2026-02-12T18:00:00+00:00,2026-02-12T12:00:00+00:00,2026-02-14T14:00:00+00:00,44,1.508876095186325,1.4619896740748004,31.69705347050301,2026-02-12T16:01:08+00:00,50,gfs.20260212/12/atmos/gfs.t12z.pgrb2.0p25.f050,"""5121267c28bbda8754839d02a5327ab6""",bilinear_uv_temperature,43.643198,78.538828
1,2026-02-12T18:00:00+00:00,2026-02-12T12:00:00+00:00,2026-02-14T15:00:00+00:00,45,0.7477351670573532,0.9876877641440274,265.8079790047691,2026-02-12T16:01:35+00:00,51,gfs.20260212/12/atmos/gfs.t12z.pgrb2.0p25.f051,"""fa44074d4b68e14e3611ac932faa8877""",bilinear_uv_temperature,43.64515,78.535604
2,2026-02-12T18:00:00+00:00,2026-02-12T12:00:00+00:00,2026-02-14T15:00:00+00:00,45,0.7494331614110963,0.9488944548345444,267.10655892440275,2026-02-12T16:01:35+00:00,51,gfs.20260212/12/atmos/gfs.t12z.pgrb2.0p25.f051,"""fa44074d4b68e14e3611ac932faa8877""",bilinear_uv_temperature,43.643198,78.538828
1,2026-02-12T18:00:00+00:00,2026-02-12T12:00:00+00:00,2026-02-14T16:00:00+00:00,46,5.033123073443643,0.3691609347380336,266.2407793640699,2026-02-12T16:01:43+00:00,52,gfs.20260212/12/atmos/gfs.t12z.pgrb2.0p25.f052,"""689a880865697df0dba214943ba1d98b""",bilinear_uv_temperature,43.64515,78.535604
2,2026-02-12T18:00:00+00:00,2026-02-12T12:00:00+00:00,2026-02-14T16:00:00+00:00,46,4.980800619867459,0.34373998536710815,266.27967609398576,2026-02-12T16:01:43+00:00,52,gfs.20260212/12/atmos/gfs.t12z.pgrb2.0p25.f052,"""689a880865697df0dba214943ba1d98b""",bilinear_uv_temperature,43.643198,78.538828
1,2026-02-12T18:00:00+00:00,2026-02-12T12:00:00+00:00,2026-02-14T17:00:00+00:00,47,4.585843176677753,0.3271187726040239,257.9159244969323,2026-02-12T16:01:51+00:00,53,gfs.20260212/12/atmos/gfs.t12z.pgrb2.0p25.f053,"""9d99e462471797f015bb1368d1c7c7c3""",bilinear_uv_temperature,43.64515,78.535604
2,2026-02-12T18:00:00+00:00,2026-02-12T12:00:00+00:00,2026-02-14T17:00:00+00:00,47,4.570797506101664,0.29433831056502413,258.22939049312515,2026-02-12T16:01:51+00:00,53,gfs.20260212/12/atmos/gfs.t12z.pgrb2.0p25.f053,"""9d99e462471797f015bb1368d1c7c7c3""",bilinear_uv_temperature,43.643198,78.538828
1,2026-02-12T18:00:00+00:00,2026-02-12T12:00:00+00:00,2026-02-14T18:00:00+00:00,48,3.075004699299157,0.9585912327340225,217.92465309732083,2026-02-12T16:02:08+00:00,54,gfs.20260212/12/atmos/gfs.t12z.pgrb2.0p25.f054,"""cd6cf983862504fa07636cb091611c70""",bilinear_uv_temperature,43.64515,78.535604
2,2026-02-12T18:00:00+00:00,2026-02-12T12:00:00+00:00,2026-02-14T18:00:00+00:00,48,3.067621890476378,0.9271194331461743,218.37028569946474,2026-02-12T16:02:08+00:00,54,gfs.20260212/12/atmos/gfs.t12z.pgrb2.0p25.f054,"""cd6cf983862504fa07636cb091611c70""",bilinear_uv_temperature,43.643198,78.538828
1,2026-02-13T18:00:00+00:00,2026-02-13T12:00:00+00:00,2026-02-13T19:00:00+00:00,1,7.4348997915585135,1.073061802816028,72.16713503205564,2026-02-13T15:47:34+00:00,7,gfs.20260213/12/atmos/gfs.t12z.pgrb2.0p25.f007,"""90032e218d9d40762b4ca67b09f551d9""",bilinear_uv_temperature,43.64515,78.535604
2,2026-02-13T18:00:00+00:00,2026-02-13T12:00:00+00:00,2026-02-13T19:00:00+00:00,1,7.347636298754198,1.047231200035867,72.56316443872896,2026-02-13T15:47:34+00:00,7,gfs.20260213/12/atmos/gfs.t12z.pgrb2.0p25.f007,"""90032e218d9d40762b4ca67b09f551d9""",bilinear_uv_temperature,43.643198,78.538828
1,2026-02-13T18:00:00+00:00,2026-02-13T12:00:00+00:00,2026-02-13T20:00:00+00:00,2,7.672100098138901,0.4757946415020342,71.5808230523332,2026-02-13T15:47:49+00:00,8,gfs.20260213/12/atmos/gfs.t12z.pgrb2.0p25.f008,"""f3bec8c718ad7ee034fe31a86e339963""",bilinear_uv_temperature,43.64515,78.535604
2,2026-02-13T18:00:00+00:00,2026-02-13T12:00:00+00:00,2026-02-13T20:00:00+00:00,2,7.569131045157005,0.4465295997304679,71.97214929935646,2026-02-13T15:47:49+00:00,8,gfs.20260213/12/atmos/gfs.t12z.pgrb2.0p25.f008,"""f3bec8c718ad7ee034fe31a86e339963""",bilinear_uv_temperature,43.643198,78.538828
1,2026-02-13T18:00:00+00:00,2026-02-13T12:00:00+00:00,2026-02-13T21:00:00+00:00,3,7.810511262447487,0.1358922891280372,73.11386859357886,2026-02-13T15:48:21+00:00,9,gfs.20260213/12/atmos/gfs.t12z.pgrb2.0p25.f009,"""494a36100a322cca48ebcce365f59d7e""",bilinear_uv_temperature,43.64515,78.535604
2,2026-02-13T18:00:00+00:00,2026-02-13T12:00:00+00:00,2026-02-13T21:00:00+00:00,3,7.715880248140152,0.11147600647075251,73.48463201956213,2026-02-13T15:48:21+00:00,9,gfs.20260213/12/atmos/gfs.t12z.pgrb2.0p25.f009,"""494a36100a322cca48ebcce365f59d7e""",bilinear_uv_temperature,43.643198,78.538828
1,2026-02-13T18:00:00+00:00,2026-02-13T12:00:00+00:00,2026-02-13T22:00:00+00:00,4,6.806723128748577,0.09168434341205511,74.16765465895895,2026-02-13T15:34:01+00:00,10,gfs.20260213/12/atmos/gfs.t12z.pgrb2.0p25.f010,"""7a11dbdbb89808068878e31466e73a9d""",bilinear_uv_temperature,43.64515,78.535604
2,2026-02-13T18:00:00+00:00,2026-02-13T12:00:00+00:00,2026-02-13T22:00:00+00:00,4,6.725895495021827,0.06567484503887044,74.57404924401531,2026-02-13T15:34:01+00:00,10,gfs.20260213/12/atmos/gfs.t12z.pgrb2.0p25.f010,"""7a11dbdbb89808068878e31466e73a9d""",bilinear_uv_temperature,43.643198,78.538828
1,2026-02-13T18:00:00+00:00,2026-02-13T12:00:00+00:00,2026-02-13T23:00:00+00:00,5,6.1067730000935185,0.07584717764808602,74.22167268167017,2026-02-13T15:48:36+00:00,11,gfs.20260213/12/atmos/gfs.t12z.pgrb2.0p25.f011,"""84385d97100acba05ad308fa95fcabee""",bilinear_uv_temperature,43.64515,78.535604
2,2026-02-13T18:00:00+00:00,2026-02-13T12:00:00+00:00,2026-02-13T23:00:00+00:00,5,6.030071818369982,0.052640997915545995,74.6842544150119,2026-02-13T15:48:36+00:00,11,gfs.20260213/12/atmos/gfs.t12z.pgrb2.0p25.f011,"""84385d97100acba05ad308fa95fcabee""",bilinear_uv_temperature,43.643198,78.538828
1,2026-02-13T18:00:00+00:00,2026-02-13T12:00:00+00:00,2026-02-14T00:00:00+00:00,6,5.084435901133214,-0.015675520949912425,72.11762220151589,2026-02-13T15:49:42+00:00,12,gfs.20260213/12/atmos/gfs.t12z.pgrb2.0p25.f012,"""57b0c2cab462c7fdc1fde01cbf1aa040""",bilinear_uv_temperature,43.64515,78.535604
2,2026-02-13T18:00:00+00:00,2026-02-13T12:00:00+00:00,2026-02-14T00:00:00+00:00,6,5.0191148698598465,-0.037681417077976676,72.58525389843646,2026-02-13T15:49:42+00:00,12,gfs.20260213/12/atmos/gfs.t12z.pgrb2.0p25.f012,"""57b0c2cab462c7fdc1fde01cbf1aa040""",bilinear_uv_temperature,43.643198,78.538828
1,2026-02-13T18:00:00+00:00,2026-02-13T12:00:00+00:00,2026-02-14T01:00:00+00:00,7,5.070053077684289,-0.13846643979996998,72.66201623148572,2026-02-13T15:49:26+00:00,13,gfs.20260213/12/atmos/gfs.t12z.pgrb2.0p25.f013,"""3f3cf625594feee22c4052ce83dc7e60""",bilinear_uv_temperature,43.64515,78.535604
2,2026-02-13T18:00:00+00:00,2026-02-13T12:00:00+00:00,2026-02-14T01:00:00+00:00,7,5.008290855128801,-0.16340061055200295,73.07768138335508,2026-02-13T15:49:26+00:00,13,gfs.20260213/12/atmos/gfs.t12z.pgrb2.0p25.f013,"""3f3cf625594feee22c4052ce83dc7e60""",bilinear_uv_temperature,43.643198,78.538828
1,2026-02-13T18:00:00+00:00,2026-02-13T12:00:00+00:00,2026-02-14T02:00:00+00:00,8,4.64741582515149,-0.1475957006419435,81.09301901846923,2026-02-13T15:34:59+00:00,14,gfs.20260213/12/atmos/gfs.t12z.pgrb2.0p25.f014,"""48d0e190a613eab5a4ec454d155cc845""",bilinear_uv_temperature,43.64515,78.535604
2,2026-02-13T18:00:00+00:00,2026-02-13T12:00:00+00:00,2026-02-14T02:00:00+00:00,8,4.595346174745413,-0.17433888622406357,81.54644417516238,2026-02-13T15:34:59+00:00,14,gfs.20260213/12/atmos/gfs.t12z.pgrb2.0p25.f014,"""48d0e190a613eab5a4ec454d155cc845""",bilinear_uv_temperature,43.643198,78.538828
1,2026-02-13T18:00:00+00:00,2026-02-13T12:00:00+00:00,2026-02-14T03:00:00+00:00,9,4.2940350332574715,0.8924067325300484,76.28952902532804,2026-02-13T15:49:58+00:00,15,gfs.20260213/12/atmos/gfs.t12z.pgrb2.0p25.f015,"""e5d229bacaf1feada590d4bd5d21b52a""",bilinear_uv_temperature,43.64515,78.535604
2,2026-02-13T18:00:00+00:00,2026-02-13T12:00:00+00:00,2026-02-14T03:00:00+00:00,9,4.240298707794725,0.8655727203572496,76.86108052113642,2026-02-13T15:49:58+00:00,15,gfs.20260213/12/atmos/gfs.t12z.pgrb2.0p25.f015,"""e5d229bacaf1feada590d4bd5d21b52a""",bilinear_uv_temperature,43.643198,78.538828
1,2026-02-13T18:00:00+00:00,2026-02-13T12:00:00+00:00,2026-02-14T04:00:00+00:00,10,4.69617612821245,2.017727709422047,76.29057343010791,2026-02-13T15:50:19+00:00,16,gfs.20260213/12/atmos/gfs.t12z.pgrb2.0p25.f016,"""f4ea3718c2da68056b355597e311d1bd""",bilinear_uv_temperature,43.64515,78.535604
2,2026-02-13T18:00:00+00:00,2026-02-13T12:00:00+00:00,2026-02-14T04:00:00+00:00,10,4.637213298236216,1.9919143228312919,76.70328804233766,2026-02-13T15:50:19+00:00,16,gfs.20260213/12/atmos/gfs.t12z.pgrb2.0p25.f016,"""f4ea3718c2da68056b355597e311d1bd""",bilinear_uv_temperature,43.643198,78.538828
1,2026-02-13T18:00:00+00:00,2026-02-13T12:00:00+00:00,2026-02-14T05:00:00+00:00,11,5.432001484232502,2.708352587356046,70.975885908347,2026-02-13T15:50:17+00:00,17,gfs.20260213/12/atmos/gfs.t12z.pgrb2.0p25.f017,"""47ad2e32b3a792c3e2059a8bb139bd6a""",bilinear_uv_temperature,43.64515,78.535604
2,2026-02-13T18:00:00+00:00,2026-02-13T12:00:00+00:00,2026-02-14T05:00:00+00:00,11,5.372638559415597,2.6861597904254495,71.22251580472144,2026-02-13T15:50:17+00:00,17,gfs.20260213/12/atmos/gfs.t12z.pgrb2.0p25.f017,"""47ad2e32b3a792c3e2059a8bb139bd6a""",bilinear_uv_temperature,43.643198,78.538828
1,2026-02-13T18:00:00+00:00,2026-02-13T12:00:00+00:00,2026-02-14T06:00:00+00:00,12,5.13265199732505,3.443626418246083,70.69896813025868,2026-02-13T15:50:51+00:00,18,gfs.20260213/12/atmos/gfs.t12z.pgrb2.0p25.f018,"""4c9dcb26c33a78957dec7ffae05ee4c6""",bilinear_uv_temperature,43.64515,78.535604
2,2026-02-13T18:00:00+00:00,2026-02-13T12:00:00+00:00,2026-02-14T06:00:00+00:00,12,5.0780609845520095,3.417793301789061,70.88856779386808,2026-02-13T15:50:51+00:00,18,gfs.20260213/12/atmos/gfs.t12z.pgrb2.0p25.f018,"""4c9dcb26c33a78957dec7ffae05ee4c6""",bilinear_uv_temperature,43.643198,78.538828
1,2026-02-13T18:00:00+00:00,2026-02-13T12:00:00+00:00,2026-02-14T07:00:00+00:00,13,4.7898782319414845,3.962782193194016,66.28137635000323,2026-02-13T15:51:07+00:00,19,gfs.20260213/12/atmos/gfs.t12z.pgrb2.0p25.f019,"""73a1c731fc78dd57fde29fa8498efa98""",bilinear_uv_temperature,43.64515,78.535604
2,2026-02-13T18:00:00+00:00,2026-02-13T12:00:00+00:00,2026-02-14T07:00:00+00:00,13,4.746702098674877,3.9296812277565323,66.4595229717896,2026-02-13T15:51:07+00:00,19,gfs.20260213/12/atmos/gfs.t12z.pgrb2.0p25.f019,"""73a1c731fc78dd57fde29fa8498efa98""",bilinear_uv_temperature,43.643198,78.538828
1,2026-02-13T18:00:00+00:00,2026-02-13T12:00:00+00:00,2026-02-14T08:00:00+00:00,14,4.088013078239519,4.228558074448017,70.264322104782,2026-02-13T15:50:54+00:00,20,gfs.20260213/12/atmos/gfs.t12z.pgrb2.0p25.f020,"""8fbd1a79178e906fe29baa07824069a8""",bilinear_uv_temperature,43.64515,78.535604
2,2026-02-13T18:00:00+00:00,2026-02-13T12:00:00+00:00,2026-02-14T08:00:00+00:00,14,4.048923588096451,4.1963851723475045,70.45352130492068,2026-02-13T15:50:54+00:00,20,gfs.20260213/12/atmos/gfs.t12z.pgrb2.0p25.f020,"""8fbd1a79178e906fe29baa07824069a8""",bilinear_uv_temperature,43.643198,78.538828
1,2026-02-13T18:00:00+00:00,2026-02-13T12:00:00+00:00,2026-02-14T09:00:00+00:00,15,2.642993657458135,4.431904374960027,64.17319072861329,2026-02-13T15:51:29+00:00,21,gfs.20260213/12/atmos/gfs.t12z.pgrb2.0p25.f021,"""ad219db06a0f8c88b233c1de0182e2ab""",bilinear_uv_temperature,43.64515,78.535604
2,2026-02-13T18:00:00+00:00,2026-02-13T12:00:00+00:00,2026-02-14T09:00:00+00:00,15,2.615209462313013,4.397659755990389,64.57840159812802,2026-02-13T15:51:29+00:00,21,gfs.20260213/12/atmos/gfs.t12z.pgrb2.0p25.f021,"""ad219db06a0f8c88b233c1de0182e2ab""",bilinear_uv_temperature,43.643198,78.538828
1,2026-02-13T18:00:00+00:00,2026-02-13T12:00:00+00:00,2026-02-14T10:00:00+00:00,16,1.615139051880243,4.4059386432460315,56.729024936307205,2026-02-13T15:52:00+00:00,22,gfs.20260213/12/atmos/gfs.t12z.pgrb2.0p25.f022,"""458bb3404cb90664df8959f6e922c313""",bilinear_uv_temperature,43.64515,78.535604
2,2026-02-13T18:00:00+00:00,2026-02-13T12:00:00+00:00,2026-02-14T10:00:00+00:00,16,1.5850362681980024,4.367318006788992,56.94070746628591,2026-02-13T15:52:00+00:00,22,gfs.20260213/12/atmos/gfs.t12z.pgrb2.0p25.f022,"""458bb3404cb90664df8959f6e922c313""",bilinear_uv_temperature,43.643198,78.538828
1,2026-02-13T18:00:00+00:00,2026-02-13T12:00:00+00:00,2026-02-14T11:00:00+00:00,17,3.1369942466535816,4.0901407691920895,82.50635721194227,2026-02-13T15:51:56+00:00,23,gfs.20260213/12/atmos/gfs.t12z.pgrb2.0p25.f023,"""64e07549d3c1aa6825bb44deb23b6180""",bilinear_uv_temperature,43.64515,78.535604
2,2026-02-13T18:00:00+00:00,2026-02-13T12:00:00+00:00,2026-02-14T11:00:00+00:00,17,3.1152930700433905,4.049913485526076,82.91370280812691,2026-02-13T15:51:56+00:00,23,gfs.20260213/12/atmos/gfs.t12z.pgrb2.0p25.f023,"""64e07549d3c1aa6825bb44deb23b6180""",bilinear_uv_temperature,43.643198,78.538828
1,2026-02-13T18:00:00+00:00,2026-02-13T12:00:00+00:00,2026-02-14T12:00:00+00:00,18,2.719210427657772,2.9940279186060366,65.62598299348944,2026-02-13T15:52:21+00:00,24,gfs.20260213/12/atmos/gfs.t12z.pgrb2.0p25.f024,"""17ff08c7c8ba8f7d0a0b5afdaf795dcd""",bilinear_uv_temperature,43.64515,78.535604
2,2026-02-13T18:00:00+00:00,2026-02-13T12:00:00+00:00,2026-02-14T12:00:00+00:00,18,2.6901349255298244,2.9561058416754236,66.07250422532027,2026-02-13T15:52:21+00:00,24,gfs.20260213/12/atmos/gfs.t12z.pgrb2.0p25.f024,"""17ff08c7c8ba8f7d0a0b5afdaf795dcd""",bilinear_uv_temperature,43.643198,78.538828
1,2026-02-13T18:00:00+00:00,2026-02-13T12:00:00+00:00,2026-02-14T13:00:00+00:00,19,1.910100256296749,1.801133583940043,35.661675603517374,2026-02-13T15:52:29+00:00,25,gfs.20260213/12/atmos/gfs.t12z.pgrb2.0p25.f025,"""d16d578c58171aa83553ecdfe595110e""",bilinear_uv_temperature,43.64515,78.535604
2,2026-02-13T18:00:00+00:00,2026-02-13T12:00:00+00:00,2026-02-14T13:00:00+00:00,19,1.8921062251275718,1.76161422204558,35.736928040976736,2026-02-13T15:52:29+00:00,25,gfs.20260213/12/atmos/gfs.t12z.pgrb2.0p25.f025,"""d16d578c58171aa83553ecdfe595110e""",bilinear_uv_temperature,43.643198,78.538828
1,2026-02-13T18:00:00+00:00,2026-02-13T12:00:00+00:00,2026-02-14T14:00:00+00:00,20,0.4190661033444951,1.097764730850031,8.046453182598452,2026-02-13T15:52:56+00:00,26,gfs.20260213/12/atmos/gfs.t12z.pgrb2.0p25.f026,"""e325680c917fc25b179eceb9dc8488e2""",bilinear_uv_temperature,43.64515,78.535604
2,2026-02-13T18:00:00+00:00,2026-02-13T12:00:00+00:00,2026-02-14T14:00:00+00:00,20,0.4279514571928718,1.0605649123540388,7.489453273999944,2026-02-13T15:52:56+00:00,26,gfs.20260213/12/atmos/gfs.t12z.pgrb2.0p25.f026,"""e325680c917fc25b179eceb9dc8488e2""",bilinear_uv_temperature,43.643198,78.538828
1,2026-02-13T18:00:00+00:00,2026-02-13T12:00:00+00:00,2026-02-14T15:00:00+00:00,21,0.7463221192881233,0.9677008088180514,207.28828892618716,2026-02-13T15:53:11+00:00,27,gfs.20260213/12/atmos/gfs.t12z.pgrb2.0p25.f027,"""1dee81492f67715afcf38d658bea9ade""",bilinear_uv_temperature,43.64515,78.535604
2,2026-02-13T18:00:00+00:00,2026-02-13T12:00:00+00:00,2026-02-14T15:00:00+00:00,21,0.730592951682571,0.9346610711463654,207.31486936205198,2026-02-13T15:53:11+00:00,27,gfs.20260213/12/atmos/gfs.t12z.pgrb2.0p25.f027,"""1dee81492f67715afcf38d658bea9ade""",bilinear_uv_temperature,43.643198,78.538828
1,2026-02-13T18:00:00+00:00,2026-02-13T12:00:00+00:00,2026-02-14T16:00:00+00:00,22,1.5110331221284865,1.0271965564480183,148.81804418075333,2026-02-13T15:53:18+00:00,28,gfs.20260213/12/atmos/gfs.t12z.pgrb2.0p25.f028,"""61010746d4d7a4127de45569ccf06c82""",bilinear_uv_temperature,43.64515,78.535604
2,2026-02-13T18:00:00+00:00,2026-02-13T12:00:00+00:00,2026-02-14T16:00:00+00:00,22,1.5056865968920428,1.0012610012275331,148.72515177224182,2026-02-13T15:53:18+00:00,28,gfs.20260213/12/atmos/gfs.t12z.pgrb2.0p25.f028,"""61010746d4d7a4127de45569ccf06c82""",bilinear_uv_temperature,43.643198,78.538828
1,2026-02-13T18:00:00+00:00,2026-02-13T12:00:00+00:00,2026-02-14T17:00:00+00:00,23,1.4051177435591626,1.1052461873080688,83.18871128609084,2026-02-13T15:53:23+00:00,29,gfs.20260213/12/atmos/gfs.t12z.pgrb2.0p25.f029,"""574036e01fbf99ea42698e35e8678fe9""",bilinear_uv_temperature,43.64515,78.535604
2,2026-02-13T18:00:00+00:00,2026-02-13T12:00:00+00:00,2026-02-14T17:00:00+00:00,23,1.4022218930946944,1.08755168473391,84.49475656103026,2026-02-13T15:53:23+00:00,29,gfs.20260213/12/atmos/gfs.t12z.pgrb2.0p25.f029,"""574036e01fbf99ea42698e35e8678fe9""",bilinear_uv_temperature,43.643198,78.538828
1,2026-02-13T18:00:00+00:00,2026-02-13T12:00:00+00:00,2026-02-14T18:00:00+00:00,24,1.913716961720453,1.0371739089620178,63.50667535233382,2026-02-13T15:39:28+00:00,30,gfs.20260213/12/atmos/gfs.t12z.pgrb2.0p25.f030,"""eb7f448fea8cc1e245a1aab785c0971a""",bilinear_uv_temperature,43.64515,78.535604
2,2026-02-13T18:00:00+00:00,2026-02-13T12:00:00+00:00,2026-02-14T18:00:00+00:00,24,1.8949643798094487,1.0153176882208754,63.28292317406454,2026-02-13T15:39:28+00:00,30,gfs.20260213/12/atmos/gfs.t12z.pgrb2.0p25.f030,"""eb7f448fea8cc1e245a1aab785c0971a""",bilinear_uv_temperature,43.643198,78.538828
1,2026-02-13T18:00:00+00:00,2026-02-13T12:00:00+00:00,2026-02-14T19:00:00+00:00,25,1.913737696080944,1.254393974162042,75.67105600135419,2026-02-13T15:53:43+00:00,31,gfs.20260213/12/atmos/gfs.t12z.pgrb2.0p25.f031,"""bac3399f92e4734566b493c4b4ad9125""",bilinear_uv_temperature,43.64515,78.535604
2,2026-02-13T18:00:00+00:00,2026-02-13T12:00:00+00:00,2026-02-14T19:00:00+00:00,25,1.8693628386299475,1.2249815026689248,75.29543431236398,2026-02-13T15:53:43+00:00,31,gfs.20260213/12/atmos/gfs.t12z.pgrb2.0p25.f031,"""bac3399f92e4734566b493c4b4ad9125""",bilinear_uv_temperature,43.643198,78.538828
1,2026-02-13T18:00:00+00:00,2026-02-13T12:00:00+00:00,2026-02-14T20:00:00+00:00,26,2.9207175630712054,1.4773182450600189,93.79354123914122,2026-02-13T15:53:59+00:00,32,gfs.20260213/12/atmos/gfs.t12z.pgrb2.0p25.f032,"""dd79bfc0fa26add8155cb384bda7d092""",bilinear_uv_temperature,43.64515,78.535604
2,2026-02-13T18:00:00+00:00,2026-02-13T12:00:00+00:00,2026-02-14T20:00:00+00:00,26,2.900988623505284,1.4615030207144173,94.55583608368319,2026-02-13T15:53:59+00:00,32,gfs.20260213/12/atmos/gfs.t12z.pgrb2.0p25.f032,"""dd79bfc0fa26add8155cb384bda7d092""",bilinear_uv_temperature,43.643198,78.538828
1,2026-02-13T18:00:00+00:00,2026-02-13T12:00:00+00:00,2026-02-14T21:00:00+00:00,27,3.7624922849069673,1.1419801868180457,54.23992008319098,2026-02-13T15:55:03+00:00,33,gfs.20260213/12/atmos/gfs.t12z.pgrb2.0p25.f033,"""659cebb05d2642b05adcb0ffd315ff99""",bilinear_uv_temperature,43.64515,78.535604
2,2026-02-13T18:00:00+00:00,2026-02-13T12:00:00+00:00,2026-02-14T21:00:00+00:00,27,3.70811123761995,1.1223319022663532,54.21076732090036,2026-02-13T15:55:03+00:00,33,gfs.20260213/12/atmos/gfs.t12z.pgrb2.0p25.f033,"""659cebb05d2642b05adcb0ffd315ff99""",bilinear_uv_temperature,43.643198,78.538828
1,2026-02-13T18:00:00+00:00,2026-02-13T12:00:00+00:00,2026-02-14T22:00:00+00:00,28,3.86504059719026,0.8877279438580672,75.13819929476522,2026-02-13T15:54:45+00:00,34,gfs.20260213/12/atmos/gfs.t12z.pgrb2.0p25.f034,"""4f802de8ed051b91e69c846f3a87a4c0""",bilinear_uv_temperature,43.64515,78.535604
2,2026-02-13T18:00:00+00:00,2026-02-13T12:00:00+00:00,2026-02-14T22:00:00+00:00,28,3.822033243029569,0.8679197051559413,75.17182760742506,2026-02-13T15:54:45+00:00,34,gfs.20260213/12/atmos/gfs.t12z.pgrb2.0p25.f034,"""4f802de8ed051b91e69c846f3a87a4c0""",bilinear_uv_temperature,43.643198,78.538828
1,2026-02-13T18:00:00+00:00,2026-02-13T12:00:00+00:00,2026-02-14T23:00:00+00:00,29,3.906083214820117,1.1460824644260583,81.13730607422147,2026-02-13T15:40:19+00:00,35,gfs.20260213/12/atmos/gfs.t12z.pgrb2.0p25.f035,"""789145955609cb2989de1688dcd2265a""",bilinear_uv_temperature,43.64515,78.535604
2,2026-02-13T18:00:00+00:00,2026-02-13T12:00:00+00:00,2026-02-14T23:00:00+00:00,29,3.8599441134474,1.1287321811722677,81.54118368066311,2026-02-13T15:40:19+00:00,35,gfs.20260213/12/atmos/gfs.t12z.pgrb2.0p25.f035,"""789145955609cb2989de1688dcd2265a""",bilinear_uv_temperature,43.643198,78.538828
1,2026-02-13T18:00:00+00:00,2026-02-13T12:00:00+00:00,2026-02-15T00:00:00+00:00,30,4.7535491752475965,0.9531429292880489,74.70345358201918,2026-02-13T15:55:18+00:00,36,gfs.20260213/12/atmos/gfs.t12z.pgrb2.0p25.f036,"""7480b8f03df32e27b4fd476114c51934""",bilinear_uv_temperature,43.64515,78.535604
2,2026-02-13T18:00:00+00:00,2026-02-13T12:00:00+00:00,2026-02-15T00:00:00+00:00,30,4.697951149375992,0.9322374569091494,75.00183737756629,2026-02-13T15:55:18+00:00,36,gfs.20260213/12/atmos/gfs.t12z.pgrb2.0p25.f036,"""7480b8f03df32e27b4fd476114c51934""",bilinear_uv_temperature,43.643198,78.538828
1,2026-02-13T18:00:00+00:00,2026-02-13T12:00:00+00:00,2026-02-15T01:00:00+00:00,31,4.725902419660654,0.12313066202204936,66.16830062227208,2026-02-13T15:55:34+00:00,37,gfs.20260213/12/atmos/gfs.t12z.pgrb2.0p25.f037,"""e5fa7d7fc52a5f1c152eb01971a381b9""",bilinear_uv_temperature,43.64515,78.535604
2,2026-02-13T18:00:00+00:00,2026-02-13T12:00:00+00:00,2026-02-15T01:00:00+00:00,31,4.669306666967103,0.10096043005529509,66.42984143502454,2026-02-13T15:55:34+00:00,37,gfs.20260213/12/atmos/gfs.t12z.pgrb2.0p25.f037,"""e5fa7d7fc52a5f1c152eb01971a381b9""",bilinear_uv_temperature,43.643198,78.538828
1,2026-02-13T18:00:00+00:00,2026-02-13T12:00:00+00:00,2026-02-15T02:00:00+00:00,32,4.910047668881258,0.4820741454640256,73.5513341406946,2026-02-13T15:56:05+00:00,38,gfs.20260213/12/atmos/gfs.t12z.pgrb2.0p25.f038,"""12e31e22ccb97e58809871c6c33a7456""",bilinear_uv_temperature,43.64515,78.535604
2,2026-02-13T18:00:00+00:00,2026-02-13T12:00:00+00:00,2026-02-15T02:00:00+00:00,32,4.85658871546403,0.44613912295136515,73.87346675065125,2026-02-13T15:56:05+00:00,38,gfs.20260213/12/atmos/gfs.t12z.pgrb2.0p25.f038,"""12e31e22ccb97e58809871c6c33a7456""",bilinear_uv_temperature,43.643198,78.538828
1,2026-02-13T18:00:00+00:00,2026-02-13T12:00:00+00:00,2026-02-15T03:00:00+00:00,33,4.757624620178036,1.4543741079380084,70.59441729290708,2026-02-13T15:56:46+00:00,39,gfs.20260213/12/atmos/gfs.t12z.pgrb2.0p25.f039,"""e600519dcd5480f33af54e0957fa2f0f""",bilinear_uv_temperature,43.64515,78.535604
2,2026-02-13T18:00:00+00:00,2026-02-13T12:00:00+00:00,2026-02-15T03:00:00+00:00,33,4.705477048688551,1.4265864409351252,70.9147731035041,2026-02-13T15:56:46+00:00,39,gfs.20260213/12/atmos/gfs.t12z.pgrb2.0p25.f039,"""e600519dcd5480f33af54e0957fa2f0f""",bilinear_uv_temperature,43.643198,78.538828
1,2026-02-13T18:00:00+00:00,2026-02-13T12:00:00+00:00,2026-02-15T04:00:00+00:00,34,5.432351047800866,2.395838737096028,73.01519101460732,2026-02-13T15:56:30+00:00,40,gfs.20260213/12/atmos/gfs.t12z.pgrb2.0p25.f040,"""b5799269232a139b05ec173d9e4f1e54""",bilinear_uv_temperature,43.64515,78.535604
2,2026-02-13T18:00:00+00:00,2026-02-13T12:00:00+00:00,2026-02-15T04:00:00+00:00,34,5.378041997030066,2.377633735263032,73.31824933226719,2026-02-13T15:56:30+00:00,40,gfs.20260213/12/atmos/gfs.t12z.pgrb2.0p25.f040,"""b5799269232a139b05ec173d9e4f1e54""",bilinear_uv_temperature,43.643198,78.538828
1,2026-02-13T18:00:00+00:00,2026-02-13T12:00:00+00:00,2026-02-15T05:00:00+00:00,35,6.210046972002734,2.9159422488060045,68.21070290317006,2026-02-13T15:56:32+00:00,41,gfs.20260213/12/atmos/gfs.t12z.pgrb2.0p25.f041,"""456c71a5bc8895f19b56cc35b610ad3b""",bilinear_uv_temperature,43.64515,78.535604
2,2026-02-13T18:00:00+00:00,2026-02-13T12:00:00+00:00,2026-02-15T05:00:00+00:00,35,6.146724936801233,2.8985420011234737,68.44776197670399,2026-02-13T15:56:32+00:00,41,gfs.20260213/12/atmos/gfs.t12z.pgrb2.0p25.f041,"""456c71a5bc8895f19b56cc35b610ad3b""",bilinear_uv_temperature,43.643198,78.538828
1,2026-02-13T18:00:00+00:00,2026-02-13T12:00:00+00:00,2026-02-15T06:00:00+00:00,36,6.772885357632279,3.2076167409280174,67.63561667516475,2026-02-13T15:57:45+00:00,42,gfs.20260213/12/atmos/gfs.t12z.pgrb2.0p25.f042,"""4a4386984d1c3f0a0ef84c58867e5b8a""",bilinear_uv_temperature,43.64515,78.535604
2,2026-02-13T18:00:00+00:00,2026-02-13T12:00:00+00:00,2026-02-15T06:00:00+00:00,36,6.7024271940470435,3.1923018959027445,67.86345406178052,2026-02-13T15:57:45+00:00,42,gfs.20260213/12/atmos/gfs.t12z.pgrb2.0p25.f042,"""4a4386984d1c3f0a0ef84c58867e5b8a""",bilinear_uv_temperature,43.643198,78.538828
1,2026-02-13T18:00:00+00:00,2026-02-13T12:00:00+00:00,2026-02-15T07:00:00+00:00,37,7.08375641346988,3.4823727047340185,71.46803719753424,2026-02-13T15:57:21+00:00,43,gfs.20260213/12/atmos/gfs.t12z.pgrb2.0p25.f043,"""72d61473b5c82192fdf0d6879d68c792""",bilinear_uv_temperature,43.64515,78.535604
2,2026-02-13T18:00:00+00:00,2026-02-13T12:00:00+00:00,2026-02-15T07:00:00+00:00,37,7.008863084716382,3.462333772026227,71.73637478397039,2026-02-13T15:57:21+00:00,43,gfs.20260213/12/atmos/gfs.t12z.pgrb2.0p25.f043,"""72d61473b5c82192fdf0d6879d68c792""",bilinear_uv_temperature,43.643198,78.538828
1,2026-02-13T18:00:00+00:00,2026-02-13T12:00:00+00:00,2026-02-15T08:00:00+00:00,38,7.321643854903534,3.971851263079998,77.74225143601197,2026-02-13T15:57:34+00:00,44,gfs.20260213/12/atmos/gfs.t12z.pgrb2.0p25.f044,"""e6badb6c1509b6cbc68411f232d5741e""",bilinear_uv_temperature,43.64515,78.535604
2,2026-02-13T18:00:00+00:00,2026-02-13T12:00:00+00:00,2026-02-15T08:00:00+00:00,38,7.239647117652638,3.945427168539311,78.06087344205865,2026-02-13T15:57:34+00:00,44,gfs.20260213/12/atmos/gfs.t12z.pgrb2.0p25.f044,"""e6badb6c1509b6cbc68411f232d5741e""",bilinear_uv_temperature,43.643198,78.538828
1,2026-02-13T18:00:00+00:00,2026-02-13T12:00:00+00:00,2026-02-15T09:00:00+00:00,39,7.432538798203524,4.661731284148004,82.55848014452467,2026-02-13T15:57:48+00:00,45,gfs.20260213/12/atmos/gfs.t12z.pgrb2.0p25.f045,"""edb667efa6913a80c81dd7b5ec704803""",bilinear_uv_temperature,43.64515,78.535604
2,2026-02-13T18:00:00+00:00,2026-02-13T12:00:00+00:00,2026-02-15T09:00:00+00:00,39,7.346416212335687,4.624486518175559,82.8911798965845,2026-02-13T15:57:48+00:00,45,gfs.20260213/12/atmos/gfs.t12z.pgrb2.0p25.f045,"""edb667efa6913a80c81dd7b5ec704803""",bilinear_uv_temperature,43.643198,78.538828
1,2026-02-13T18:00:00+00:00,2026-02-13T12:00:00+00:00,2026-02-15T10:00:00+00:00,40,7.670781319846052,4.786387162389985,83.68184010326836,2026-02-13T15:57:52+00:00,46,gfs.20260213/12/atmos/gfs.t12z.pgrb2.0p25.f046,"""1fd18adf79acb7d2600b7e4b2c213340""",bilinear_uv_temperature,43.64515,78.535604
2,2026-02-13T18:00:00+00:00,2026-02-13T12:00:00+00:00,2026-02-15T10:00:00+00:00,40,7.584468435750866,4.747611616623658,84.05460912216186,2026-02-13T15:57:52+00:00,46,gfs.20260213/12/atmos/gfs.t12z.pgrb2.0p25.f046,"""1fd18adf79acb7d2600b7e4b2c213340""",bilinear_uv_temperature,43.643198,78.538828
1,2026-02-13T18:00:00+00:00,2026-02-13T12:00:00+00:00,2026-02-15T11:00:00+00:00,41,7.746896018778455,4.325868094504017,83.0623210087229,2026-02-13T15:58:04+00:00,47,gfs.20260213/12/atmos/gfs.t12z.pgrb2.0p25.f047,"""224f97ca7d8e9ee747987e8b98553477""",bilinear_uv_temperature,43.64515,78.535604
2,2026-02-13T18:00:00+00:00,2026-02-13T12:00:00+00:00,2026-02-15T11:00:00+00:00,41,7.658889301577281,4.285082144721002,83.45196310383393,2026-02-13T15:58:04+00:00,47,gfs.20260213/12/atmos/gfs.t12z.pgrb2.0p25.f047,"""224f97ca7d8e9ee747987e8b98553477""",bilinear_uv_temperature,43.643198,78.538828
1,2026-02-13T18:00:00+00:00,2026-02-13T12:00:00+00:00,2026-02-15T12:00:00+00:00,42,8.074245890979032,2.9391579790920446,80.15750392861251,2026-02-13T15:58:42+00:00,48,gfs.20260213/12/atmos/gfs.t12z.pgrb2.0p25.f048,"""33cae3e1837a1ce549b112a58be3f7cb""",bilinear_uv_temperature,43.64515,78.535604
2,2026-02-13T18:00:00+00:00,2026-02-13T12:00:00+00:00,2026-02-15T12:00:00+00:00,42,7.975633959764094,2.905009780802118,80.57495538257305,2026-02-13T15:58:42+00:00,48,gfs.20260213/12/atmos/gfs.t12z.pgrb2.0p25.f048,"""33cae3e1837a1ce549b112a58be3f7cb""",bilinear_uv_temperature,43.643198,78.538828
1,2026-02-13T18:00:00+00:00,2026-02-13T12:00:00+00:00,2026-02-15T13:00:00+00:00,43,8.220965194363886,2.3465845985020337,81.55200194132858,2026-02-13T15:58:49+00:00,49,gfs.20260213/12/atmos/gfs.t12z.pgrb2.0p25.f049,"""afe0081b1f8913941002c829f16fd881""",bilinear_uv_temperature,43.64515,78.535604
2,2026-02-13T18:00:00+00:00,2026-02-13T12:00:00+00:00,2026-02-15T13:00:00+00:00,43,8.120474203164445,2.3152199436104866,81.96832160091896,2026-02-13T15:58:49+00:00,49,gfs.20260213/12/atmos/gfs.t12z.pgrb2.0p25.f049,"""afe0081b1f8913941002c829f16fd881""",bilinear_uv_temperature,43.643198,78.538828
1,2026-02-13T18:00:00+00:00,2026-02-13T12:00:00+00:00,2026-02-15T14:00:00+00:00,44,8.327991051607809,2.3067212657980463,82.68721321511552,2026-02-13T15:58:40+00:00,50,gfs.20260213/12/atmos/gfs.t12z.pgrb2.0p25.f050,"""65c04563756c6db22015248246c449fe""",bilinear_uv_temperature,43.64515,78.535604
2,2026-02-13T18:00:00+00:00,2026-02-13T12:00:00+00:00,2026-02-15T14:00:00+00:00,44,8.227204397738673,2.274580638321538,83.0798279077487,2026-02-13T15:58:40+00:00,50,gfs.20260213/12/atmos/gfs.t12z.pgrb2.0p25.f050,"""65c04563756c6db22015248246c449fe""",bilinear_uv_temperature,43.643198,78.538828
1,2026-02-13T18:00:00+00:00,2026-02-13T12:00:00+00:00,2026-02-15T15:00:00+00:00,45,8.370061902701854,2.109836360082056,81.98325426911589,2026-02-13T15:59:19+00:00,51,gfs.20260213/12/atmos/gfs.t12z.pgrb2.0p25.f051,"""a3ff9d8f9fe0cc0999e5d532aa301974""",bilinear_uv_temperature,43.64515,78.535604
2,2026-02-13T18:00:00+00:00,2026-02-13T12:00:00+00:00,2026-02-15T15:00:00+00:00,45,8.267510831525595,2.078998516889669,82.36743090617868,2026-02-13T15:59:19+00:00,51,gfs.20260213/12/atmos/gfs.t12z.pgrb2.0p25.f051,"""a3ff9d8f9fe0cc0999e5d532aa301974""",bilinear_uv_temperature,43.643198,78.538828
1,2026-02-13T18:00:00+00:00,2026-02-13T12:00:00+00:00,2026-02-15T16:00:00+00:00,46,8.269993984294517,1.6672983231680405,77.24725188694954,2026-02-13T15:59:25+00:00,52,gfs.20260213/12/atmos/gfs.t12z.pgrb2.0p25.f052,"""fc1705a7f4b6235095632d19643bec18""",bilinear_uv_temperature,43.64515,78.535604
2,2026-02-13T18:00:00+00:00,2026-02-13T12:00:00+00:00,2026-02-15T16:00:00+00:00,46,8.172943394390677,1.6451520732403537,77.68538228704686,2026-02-13T15:59:25+00:00,52,gfs.20260213/12/atmos/gfs.t12z.pgrb2.0p25.f052,"""fc1705a7f4b6235095632d19643bec18""",bilinear_uv_temperature,43.643198,78.538828
1,2026-02-13T18:00:00+00:00,2026-02-13T12:00:00+00:00,2026-02-15T17:00:00+00:00,47,8.38413185080066,1.496618309700068,74.89098458856076,2026-02-13T15:59:40+00:00,53,gfs.20260213/12/atmos/gfs.t12z.pgrb2.0p25.f053,"""a09b0545d9f2ce699946ba97027c3382""",bilinear_uv_temperature,43.64515,78.535604
2,2026-02-13T18:00:00+00:00,2026-02-13T12:00:00+00:00,2026-02-15T17:00:00+00:00,47,8.284518034473617,1.4784040458280288,75.32386824657335,2026-02-13T15:59:40+00:00,53,gfs.20260213/12/atmos/gfs.t12z.pgrb2.0p25.f053,"""a09b0545d9f2ce699946ba97027c3382""",bilinear_uv_temperature,43.643198,78.538828
1,2026-02-13T18:00:00+00:00,2026-02-13T12:00:00+00:00,2026-02-15T18:00:00+00:00,48,8.749522157172283,1.3866326295740237,75.50046448844098,2026-02-13T16:00:11+00:00,54,gfs.20260213/12/atmos/gfs.t12z.pgrb2.0p25.f054,"""32299c8c0b35099350f9a38725de504a""",bilinear_uv_temperature,43.64515,78.535604
2,2026-02-13T18:00:00+00:00,2026-02-13T12:00:00+00:00,2026-02-15T18:00:00+00:00,48,8.644993125636029,1.3650697665877942,75.91345514461344,2026-02-13T16:00:11+00:00,54,gfs.20260213/12/atmos/gfs.t12z.pgrb2.0p25.f054,"""32299c8c0b35099350f9a38725de504a""",bilinear_uv_temperature,43.643198,78.538828
1,2026-02-14T18:00:00+00:00,2026-02-14T12:00:00+00:00,2026-02-14T19:00:00+00:00,1,0.21293188859714499,1.4082746827160122,80.35398547996415,2026-02-14T15:47:31+00:00,7,gfs.20260214/12/atmos/gfs.t12z.pgrb2.0p25.f007,"""4346ad973142ddcef1f07cda1738a359""",bilinear_uv_temperature,43.64515,78.535604
2,2026-02-14T18:00:00+00:00,2026-02-14T12:00:00+00:00,2026-02-14T19:00:00+00:00,1,0.19931288323531468,1.3841266853118555,72.5404083936993,2026-02-14T15:47:31+00:00,7,gfs.20260214/12/atmos/gfs.t12z.pgrb2.0p25.f007,"""4346ad973142ddcef1f07cda1738a359""",bilinear_uv_temperature,43.643198,78.538828
1,2026-02-14T18:00:00+00:00,2026-02-14T12:00:00+00:00,2026-02-14T20:00:00+00:00,2,1.9071972329062081,1.4063024518260363,268.5373276262954,2026-02-14T15:47:31+00:00,8,gfs.20260214/12/atmos/gfs.t12z.pgrb2.0p25.f008,"""5078902c1204d3af015f259abf66d2a2""",bilinear_uv_temperature,43.64515,78.535604
2,2026-02-14T18:00:00+00:00,2026-02-14T12:00:00+00:00,2026-02-14T20:00:00+00:00,2,1.8977473655925947,1.3882782939482468,269.1298542571511,2026-02-14T15:47:31+00:00,8,gfs.20260214/12/atmos/gfs.t12z.pgrb2.0p25.f008,"""5078902c1204d3af015f259abf66d2a2""",bilinear_uv_temperature,43.643198,78.538828
1,2026-02-14T18:00:00+00:00,2026-02-14T12:00:00+00:00,2026-02-14T21:00:00+00:00,3,0.935294078448816,0.8303096671080539,174.38632521159616,2026-02-14T15:47:47+00:00,9,gfs.20260214/12/atmos/gfs.t12z.pgrb2.0p25.f009,"""2aeaede9c9873d97f3e4aca44b0c3eb0""",bilinear_uv_temperature,43.64515,78.535604
2,2026-02-14T18:00:00+00:00,2026-02-14T12:00:00+00:00,2026-02-14T21:00:00+00:00,3,0.9145932492459854,0.8226331752859437,175.32233441917182,2026-02-14T15:47:47+00:00,9,gfs.20260214/12/atmos/gfs.t12z.pgrb2.0p25.f009,"""2aeaede9c9873d97f3e4aca44b0c3eb0""",bilinear_uv_temperature,43.643198,78.538828
1,2026-02-14T18:00:00+00:00,2026-02-14T12:00:00+00:00,2026-02-14T22:00:00+00:00,4,2.3988859195993357,1.7181225007060448,102.07972465608671,2026-02-14T15:48:05+00:00,10,gfs.20260214/12/atmos/gfs.t12z.pgrb2.0p25.f010,"""0870a27c8fb5590df1da18aa8968f385""",bilinear_uv_temperature,43.64515,78.535604
2,2026-02-14T18:00:00+00:00,2026-02-14T12:00:00+00:00,2026-02-14T22:00:00+00:00,4,2.3768503036441215,1.7016396452794424,102.68822963506483,2026-02-14T15:48:05+00:00,10,gfs.20260214/12/atmos/gfs.t12z.pgrb2.0p25.f010,"""0870a27c8fb5590df1da18aa8968f385""",bilinear_uv_temperature,43.643198,78.538828
1,2026-02-14T18:00:00+00:00,2026-02-14T12:00:00+00:00,2026-02-14T23:00:00+00:00,5,3.4970721313802926,1.4259021455980587,86.95141447998506,2026-02-14T15:48:22+00:00,11,gfs.20260214/12/atmos/gfs.t12z.pgrb2.0p25.f011,"""e9d97b67246cde479315c566b4cc4136""",bilinear_uv_temperature,43.64515,78.535604
2,2026-02-14T18:00:00+00:00,2026-02-14T12:00:00+00:00,2026-02-14T23:00:00+00:00,5,3.462305566509218,1.415060808873534,87.43921235472921,2026-02-14T15:48:22+00:00,11,gfs.20260214/12/atmos/gfs.t12z.pgrb2.0p25.f011,"""e9d97b67246cde479315c566b4cc4136""",bilinear_uv_temperature,43.643198,78.538828
1,2026-02-14T18:00:00+00:00,2026-02-14T12:00:00+00:00,2026-02-15T00:00:00+00:00,6,5.020977311227857,0.9392464142920289,73.49106947605075,2026-02-14T15:48:35+00:00,12,gfs.20260214/12/atmos/gfs.t12z.pgrb2.0p25.f012,"""ba88290241cde670ab035885e6577a73""",bilinear_uv_temperature,43.64515,78.535604
2,2026-02-14T18:00:00+00:00,2026-02-14T12:00:00+00:00,2026-02-15T00:00:00+00:00,6,4.960376851602453,0.9295333252500768,73.92468103196109,2026-02-14T15:48:35+00:00,12,gfs.20260214/12/atmos/gfs.t12z.pgrb2.0p25.f012,"""ba88290241cde670ab035885e6577a73""",bilinear_uv_temperature,43.643198,78.538828
1,2026-02-14T18:00:00+00:00,2026-02-14T12:00:00+00:00,2026-02-15T01:00:00+00:00,7,5.742268071338122,0.1817320295960485,72.83103143007699,2026-02-14T15:48:52+00:00,13,gfs.20260214/12/atmos/gfs.t12z.pgrb2.0p25.f013,"""cbc4aeff9558f03d17ad6fd4138c234f""",bilinear_uv_temperature,43.64515,78.535604
2,2026-02-14T18:00:00+00:00,2026-02-14T12:00:00+00:00,2026-02-15T01:00:00+00:00,7,5.6737534968733225,0.16799678776305882,73.12658127117015,2026-02-14T15:48:52+00:00,13,gfs.20260214/12/atmos/gfs.t12z.pgrb2.0p25.f013,"""cbc4aeff9558f03d17ad6fd4138c234f""",bilinear_uv_temperature,43.643198,78.538828
1,2026-02-14T18:00:00+00:00,2026-02-14T12:00:00+00:00,2026-02-15T02:00:00+00:00,8,5.859676805306079,0.02289130842399345,73.18528133147602,2026-02-14T15:34:18+00:00,14,gfs.20260214/12/atmos/gfs.t12z.pgrb2.0p25.f014,"""71bc6a92a371916e1457ee8265106d9f""",bilinear_uv_temperature,43.64515,78.535604
2,2026-02-14T18:00:00+00:00,2026-02-14T12:00:00+00:00,2026-02-15T02:00:00+00:00,8,5.791723499320483,0.0023504800618070476,73.50002929719821,2026-02-14T15:34:18+00:00,14,gfs.20260214/12/atmos/gfs.t12z.pgrb2.0p25.f014,"""71bc6a92a371916e1457ee8265106d9f""",bilinear_uv_temperature,43.643198,78.538828
1,2026-02-14T18:00:00+00:00,2026-02-14T12:00:00+00:00,2026-02-15T03:00:00+00:00,9,5.957862366925157,1.0375142822000498,76.02364715461654,2026-02-14T15:49:24+00:00,15,gfs.20260214/12/atmos/gfs.t12z.pgrb2.0p25.f015,"""6f3a704674056d5d41a9222dc46f8822""",bilinear_uv_temperature,43.64515,78.535604
2,2026-02-14T18:00:00+00:00,2026-02-14T12:00:00+00:00,2026-02-15T03:00:00+00:00,9,5.891884323902624,1.0218040183279982,76.33560105346227,2026-02-14T15:49:24+00:00,15,gfs.20260214/12/atmos/gfs.t12z.pgrb2.0p25.f015,"""6f3a704674056d5d41a9222dc46f8822""",bilinear_uv_temperature,43.643198,78.538828
1,2026-02-14T18:00:00+00:00,2026-02-14T12:00:00+00:00,2026-02-15T04:00:00+00:00,10,7.3943197821019995,2.4234393856719976,76.66988242487673,2026-02-14T15:49:30+00:00,16,gfs.20260214/12/atmos/gfs.t12z.pgrb2.0p25.f016,"""2202e672afd30c417fee4935fe3023c7""",bilinear_uv_temperature,43.64515,78.535604
2,2026-02-14T18:00:00+00:00,2026-02-14T12:00:00+00:00,2026-02-15T04:00:00+00:00,10,7.306496804610614,2.4106135190812665,76.99644409720419,2026-02-14T15:49:30+00:00,16,gfs.20260214/12/atmos/gfs.t12z.pgrb2.0p25.f016,"""2202e672afd30c417fee4935fe3023c7""",bilinear_uv_temperature,43.643198,78.538828
1,2026-02-14T18:00:00+00:00,2026-02-14T12:00:00+00:00,2026-02-15T05:00:00+00:00,11,8.327115271079633,3.5893261170519963,76.96735935679908,2026-02-14T15:49:45+00:00,17,gfs.20260214/12/atmos/gfs.t12z.pgrb2.0p25.f017,"""1e23968185b74b46a923f4bb9a86ca2c""",bilinear_uv_temperature,43.64515,78.535604
2,2026-02-14T18:00:00+00:00,2026-02-14T12:00:00+00:00,2026-02-15T05:00:00+00:00,11,8.226029970625284,3.5679122729125083,77.29461022512743,2026-02-14T15:49:45+00:00,17,gfs.20260214/12/atmos/gfs.t12z.pgrb2.0p25.f017,"""1e23968185b74b46a923f4bb9a86ca2c""",bilinear_uv_temperature,43.643198,78.538828
1,2026-02-14T18:00:00+00:00,2026-02-14T12:00:00+00:00,2026-02-15T06:00:00+00:00,12,9.049167583564271,4.41192135820603,80.23161631094203,2026-02-14T15:50:10+00:00,18,gfs.20260214/12/atmos/gfs.t12z.pgrb2.0p25.f018,"""30416bf0efdc95150f70dca3f86510a3""",bilinear_uv_temperature,43.64515,78.535604
2,2026-02-14T18:00:00+00:00,2026-02-14T12:00:00+00:00,2026-02-15T06:00:00+00:00,12,8.94522351563172,4.382583782779477,80.58240794803964,2026-02-14T15:50:10+00:00,18,gfs.20260214/12/atmos/gfs.t12z.pgrb2.0p25.f018,"""30416bf0efdc95150f70dca3f86510a3""",bilinear_uv_temperature,43.643198,78.538828
1,2026-02-14T18:00:00+00:00,2026-02-14T12:00:00+00:00,2026-02-15T07:00:00+00:00,13,9.257388257390684,4.85988373925602,81.4043792383859,2026-02-14T15:50:13+00:00,19,gfs.20260214/12/atmos/gfs.t12z.pgrb2.0p25.f019,"""4c06eff1462f03dd14b1187838094833""",bilinear_uv_temperature,43.64515,78.535604
2,2026-02-14T18:00:00+00:00,2026-02-14T12:00:00+00:00,2026-02-15T07:00:00+00:00,13,9.152622053722325,4.823105294581467,81.76139615504674,2026-02-14T15:50:13+00:00,19,gfs.20260214/12/atmos/gfs.t12z.pgrb2.0p25.f019,"""4c06eff1462f03dd14b1187838094833""",bilinear_uv_temperature,43.643198,78.538828
1,2026-02-14T18:00:00+00:00,2026-02-14T12:00:00+00:00,2026-02-15T08:00:00+00:00,14,9.236978213491284,4.82179467076196,82.44179999825997,2026-02-14T15:50:39+00:00,20,gfs.20260214/12/atmos/gfs.t12z.pgrb2.0p25.f020,"""3dfaa45b1097772b42ae03b3790d160e""",bilinear_uv_temperature,43.64515,78.535604
2,2026-02-14T18:00:00+00:00,2026-02-14T12:00:00+00:00,2026-02-15T08:00:00+00:00,14,9.133477988550991,4.7808734876529115,82.81016220738836,2026-02-14T15:50:39+00:00,20,gfs.20260214/12/atmos/gfs.t12z.pgrb2.0p25.f020,"""3dfaa45b1097772b42ae03b3790d160e""",bilinear_uv_temperature,43.643198,78.538828
1,2026-02-14T18:00:00+00:00,2026-02-14T12:00:00+00:00,2026-02-15T09:00:00+00:00,15,8.947475576486136,4.842817762342008,85.32787069509362,2026-02-14T15:51:04+00:00,21,gfs.20260214/12/atmos/gfs.t12z.pgrb2.0p25.f021,"""7d31e908926820c50dc5901709e755e2""",bilinear_uv_temperature,43.64515,78.535604
2,2026-02-14T18:00:00+00:00,2026-02-14T12:00:00+00:00,2026-02-15T09:00:00+00:00,15,8.849592047290846,4.798556190932118,85.70576466578845,2026-02-14T15:51:04+00:00,21,gfs.20260214/12/atmos/gfs.t12z.pgrb2.0p25.f021,"""7d31e908926820c50dc5901709e755e2""",bilinear_uv_temperature,43.643198,78.538828
1,2026-02-14T18:00:00+00:00,2026-02-14T12:00:00+00:00,2026-02-15T10:00:00+00:00,16,8.661319311193909,4.810980156066023,87.0945887860395,2026-02-14T15:51:06+00:00,22,gfs.20260214/12/atmos/gfs.t12z.pgrb2.0p25.f022,"""2778427abee9cf0d98d49f86b7a1490d""",bilinear_uv_temperature,43.64515,78.535604
2,2026-02-14T18:00:00+00:00,2026-02-14T12:00:00+00:00,2026-02-15T10:00:00+00:00,16,8.56819776141625,4.768780820165887,87.4634151975385,2026-02-14T15:51:06+00:00,22,gfs.20260214/12/atmos/gfs.t12z.pgrb2.0p25.f022,"""2778427abee9cf0d98d49f86b7a1490d""",bilinear_uv_temperature,43.643198,78.538828
1,2026-02-14T18:00:00+00:00,2026-02-14T12:00:00+00:00,2026-02-15T11:00:00+00:00,17,8.231391757931585,4.47232976848403,86.09782856154057,2026-02-14T15:36:48+00:00,23,gfs.20260214/12/atmos/gfs.t12z.pgrb2.0p25.f023,"""96dfdf587319eda8d8b6028cbf7f93fd""",bilinear_uv_temperature,43.64515,78.535604
2,2026-02-14T18:00:00+00:00,2026-02-14T12:00:00+00:00,2026-02-15T11:00:00+00:00,17,8.14423109366242,4.433089235776151,86.51484083301551,2026-02-14T15:36:48+00:00,23,gfs.20260214/12/atmos/gfs.t12z.pgrb2.0p25.f023,"""96dfdf587319eda8d8b6028cbf7f93fd""",bilinear_uv_temperature,43.643198,78.538828
1,2026-02-14T18:00:00+00:00,2026-02-14T12:00:00+00:00,2026-02-15T12:00:00+00:00,18,8.06981816043911,3.4091631858240135,84.35225380482663,2026-02-14T15:52:02+00:00,24,gfs.20260214/12/atmos/gfs.t12z.pgrb2.0p25.f024,"""7ecfe2d0be14e1f3366a193c5838ca36""",bilinear_uv_temperature,43.64515,78.535604
2,2026-02-14T18:00:00+00:00,2026-02-14T12:00:00+00:00,2026-02-15T12:00:00+00:00,18,7.980504167580211,3.374419842837767,84.79404041492585,2026-02-14T15:52:02+00:00,24,gfs.20260214/12/atmos/gfs.t12z.pgrb2.0p25.f024,"""7ecfe2d0be14e1f3366a193c5838ca36""",bilinear_uv_temperature,43.643198,78.538828
1,2026-02-14T18:00:00+00:00,2026-02-14T12:00:00+00:00,2026-02-15T13:00:00+00:00,19,8.045379039753543,2.7894404034760782,83.33195689005159,2026-02-14T15:52:07+00:00,25,gfs.20260214/12/atmos/gfs.t12z.pgrb2.0p25.f025,"""d631f8746ada3e1ea0eecb07f8bf9b3b""",bilinear_uv_temperature,43.64515,78.535604
2,2026-02-14T18:00:00+00:00,2026-02-14T12:00:00+00:00,2026-02-15T13:00:00+00:00,19,7.952006580683871,2.7570035840942637,83.80528202445123,2026-02-14T15:52:07+00:00,25,gfs.20260214/12/atmos/gfs.t12z.pgrb2.0p25.f025,"""d631f8746ada3e1ea0eecb07f8bf9b3b""",bilinear_uv_temperature,43.643198,78.538828
1,2026-02-14T18:00:00+00:00,2026-02-14T12:00:00+00:00,2026-02-15T14:00:00+00:00,20,7.750498785965022,2.5664362208980265,81.8740834623719,2026-02-14T15:51:59+00:00,26,gfs.20260214/12/atmos/gfs.t12z.pgrb2.0p25.f026,"""87b25803bb342342fe76f0ed65b24fb0""",bilinear_uv_temperature,43.64515,78.535604
2,2026-02-14T18:00:00+00:00,2026-02-14T12:00:00+00:00,2026-02-15T14:00:00+00:00,20,7.656175204780326,2.5348929880455557,82.37130619317524,2026-02-14T15:51:59+00:00,26,gfs.20260214/12/atmos/gfs.t12z.pgrb2.0p25.f026,"""87b25803bb342342fe76f0ed65b24fb0""",bilinear_uv_temperature,43.643198,78.538828
1,2026-02-14T18:00:00+00:00,2026-02-14T12:00:00+00:00,2026-02-15T15:00:00+00:00,21,7.68104484918351,2.3105172142400647,79.68791622819062,2026-02-14T15:38:06+00:00,27,gfs.20260214/12/atmos/gfs.t12z.pgrb2.0p25.f027,"""5449190603fbf0b91a959f34d182df6c""",bilinear_uv_temperature,43.64515,78.535604
2,2026-02-14T18:00:00+00:00,2026-02-14T12:00:00+00:00,2026-02-15T15:00:00+00:00,21,7.587859122055663,2.281605076217602,80.1882202813033,2026-02-14T15:38:06+00:00,27,gfs.20260214/12/atmos/gfs.t12z.pgrb2.0p25.f027,"""5449190603fbf0b91a959f34d182df6c""",bilinear_uv_temperature,43.643198,78.538828
1,2026-02-14T18:00:00+00:00,2026-02-14T12:00:00+00:00,2026-02-15T16:00:00+00:00,22,7.650492075935828,2.0024063593960477,77.20126038366757,2026-02-14T15:53:01+00:00,28,gfs.20260214/12/atmos/gfs.t12z.pgrb2.0p25.f028,"""716e037e5fe9df773196ccac24e88c96""",bilinear_uv_temperature,43.64515,78.535604
2,2026-02-14T18:00:00+00:00,2026-02-14T12:00:00+00:00,2026-02-15T16:00:00+00:00,22,7.560440574022233,1.9766200083150807,77.7079237713657,2026-02-14T15:53:01+00:00,28,gfs.20260214/12/atmos/gfs.t12z.pgrb2.0p25.f028,"""716e037e5fe9df773196ccac24e88c96""",bilinear_uv_temperature,43.643198,78.538828
1,2026-02-14T18:00:00+00:00,2026-02-14T12:00:00+00:00,2026-02-15T17:00:00+00:00,23,7.466069996641639,1.6623178168520099,73.69031319492262,2026-02-14T15:52:46+00:00,29,gfs.20260214/12/atmos/gfs.t12z.pgrb2.0p25.f029,"""bdd7eebe9a5029dc1d954e96e87788bf""",bilinear_uv_temperature,43.64515,78.535604
2,2026-02-14T18:00:00+00:00,2026-02-14T12:00:00+00:00,2026-02-15T17:00:00+00:00,23,7.378751016392092,1.6390144634644912,74.21126595189574,2026-02-14T15:52:46+00:00,29,gfs.20260214/12/atmos/gfs.t12z.pgrb2.0p25.f029,"""bdd7eebe9a5029dc1d954e96e87788bf""",bilinear_uv_temperature,43.643198,78.538828
1,2026-02-14T18:00:00+00:00,2026-02-14T12:00:00+00:00,2026-02-15T18:00:00+00:00,24,7.294033351313209,1.3332112390220345,72.43428853919914,2026-02-14T15:39:21+00:00,30,gfs.20260214/12/atmos/gfs.t12z.pgrb2.0p25.f030,"""8dd4d632c6ad6727bc18d19ff98221ba""",bilinear_uv_temperature,43.64515,78.535604
2,2026-02-14T18:00:00+00:00,2026-02-14T12:00:00+00:00,2026-02-15T18:00:00+00:00,24,7.2092602716012895,1.3165135539352946,72.95629481395916,2026-02-14T15:39:21+00:00,30,gfs.20260214/12/atmos/gfs.t12z.pgrb2.0p25.f030,"""8dd4d632c6ad6727bc18d19ff98221ba""",bilinear_uv_temperature,43.643198,78.538828
1,2026-02-14T18:00:00+00:00,2026-02-14T12:00:00+00:00,2026-02-15T19:00:00+00:00,25,7.668746156074174,1.4346404791000396,72.53624104534993,2026-02-14T15:39:11+00:00,31,gfs.20260214/12/atmos/gfs.t12z.pgrb2.0p25.f031,"""f5e855601cdea4c7e61e9646e0a04006""",bilinear_uv_temperature,43.64515,78.535604
2,2026-02-14T18:00:00+00:00,2026-02-14T12:00:00+00:00,2026-02-15T19:00:00+00:00,25,7.586206694001044,1.426150327484038,73.06229038916572,2026-02-14T15:39:11+00:00,31,gfs.20260214/12/atmos/gfs.t12z.pgrb2.0p25.f031,"""f5e855601cdea4c7e61e9646e0a04006""",bilinear_uv_temperature,43.643198,78.538828
1,2026-02-14T18:00:00+00:00,2026-02-14T12:00:00+00:00,2026-02-15T20:00:00+00:00,26,7.640125235381922,1.5027414655020266,69.51160841458154,2026-02-14T15:39:12+00:00,32,gfs.20260214/12/atmos/gfs.t12z.pgrb2.0p25.f032,"""378b5daa6843cc2412a16700195e50a3""",bilinear_uv_temperature,43.64515,78.535604
2,2026-02-14T18:00:00+00:00,2026-02-14T12:00:00+00:00,2026-02-15T20:00:00+00:00,26,7.554492197366518,1.4983738374905329,70.06396487614366,2026-02-14T15:39:12+00:00,32,gfs.20260214/12/atmos/gfs.t12z.pgrb2.0p25.f032,"""378b5daa6843cc2412a16700195e50a3""",bilinear_uv_temperature,43.643198,78.538828
1,2026-02-14T18:00:00+00:00,2026-02-14T12:00:00+00:00,2026-02-15T21:00:00+00:00,27,8.000221368931998,1.579811163180068,69.56788522391037,2026-02-14T15:54:24+00:00,33,gfs.20260214/12/atmos/gfs.t12z.pgrb2.0p25.f033,"""12a4bf4f85a9c3bf72ed85565ac305bf""",bilinear_uv_temperature,43.64515,78.535604
2,2026-02-14T18:00:00+00:00,2026-02-14T12:00:00+00:00,2026-02-15T21:00:00+00:00,27,7.902266727861454,1.5757271832632682,70.04478896884393,2026-02-14T15:54:24+00:00,33,gfs.20260214/12/atmos/gfs.t12z.pgrb2.0p25.f033,"""12a4bf4f85a9c3bf72ed85565ac305bf""",bilinear_uv_temperature,43.643198,78.538828
1,2026-02-14T18:00:00+00:00,2026-02-14T12:00:00+00:00,2026-02-15T22:00:00+00:00,28,8.249936069669289,1.8079870590480596,70.07104152254038,2026-02-14T15:54:20+00:00,34,gfs.20260214/12/atmos/gfs.t12z.pgrb2.0p25.f034,"""221fcf0725b888be0afdf64483db28cd""",bilinear_uv_temperature,43.64515,78.535604
2,2026-02-14T18:00:00+00:00,2026-02-14T12:00:00+00:00,2026-02-15T22:00:00+00:00,28,8.14252795314742,1.8032373784515698,70.52563010437301,2026-02-14T15:54:20+00:00,34,gfs.20260214/12/atmos/gfs.t12z.pgrb2.0p25.f034,"""221fcf0725b888be0afdf64483db28cd""",bilinear_uv_temperature,43.643198,78.538828
1,2026-02-14T18:00:00+00:00,2026-02-14T12:00:00+00:00,2026-02-15T23:00:00+00:00,29,8.32416662978081,1.9559757048380106,71.42094483787852,2026-02-14T15:54:27+00:00,35,gfs.20260214/12/atmos/gfs.t12z.pgrb2.0p25.f035,"""2c157e153ad389fee02e8f4461461806""",bilinear_uv_temperature,43.64515,78.535604
2,2026-02-14T18:00:00+00:00,2026-02-14T12:00:00+00:00,2026-02-15T23:00:00+00:00,29,8.223960106930807,1.9492107100911653,71.85439892643635,2026-02-14T15:54:27+00:00,35,gfs.20260214/12/atmos/gfs.t12z.pgrb2.0p25.f035,"""2c157e153ad389fee02e8f4461461806""",bilinear_uv_temperature,43.643198,78.538828
1,2026-02-14T18:00:00+00:00,2026-02-14T12:00:00+00:00,2026-02-16T00:00:00+00:00,30,8.267382123406655,1.860806824074018,68.18996153928747,2026-02-14T15:55:14+00:00,36,gfs.20260214/12/atmos/gfs.t12z.pgrb2.0p25.f036,"""7d910e576219ad7715de1bac91a44b9e""",bilinear_uv_temperature,43.64515,78.535604
2,2026-02-14T18:00:00+00:00,2026-02-14T12:00:00+00:00,2026-02-16T00:00:00+00:00,30,8.167215143787809,1.852211227967814,68.60720159287119,2026-02-14T15:55:14+00:00,36,gfs.20260214/12/atmos/gfs.t12z.pgrb2.0p25.f036,"""7d910e576219ad7715de1bac91a44b9e""",bilinear_uv_temperature,43.643198,78.538828
1,2026-02-14T18:00:00+00:00,2026-02-14T12:00:00+00:00,2026-02-16T01:00:00+00:00,31,7.989614531831431,1.5280130179280036,72.86640574044371,2026-02-14T15:40:45+00:00,37,gfs.20260214/12/atmos/gfs.t12z.pgrb2.0p25.f037,"""2ed142de107fadb0956921cd325f2885""",bilinear_uv_temperature,43.64515,78.535604
2,2026-02-14T18:00:00+00:00,2026-02-14T12:00:00+00:00,2026-02-16T01:00:00+00:00,31,7.906009139743969,1.5114257597827532,73.28864797874962,2026-02-14T15:40:45+00:00,37,gfs.20260214/12/atmos/gfs.t12z.pgrb2.0p25.f037,"""2ed142de107fadb0956921cd325f2885""",bilinear_uv_temperature,43.643198,78.538828
1,2026-02-14T18:00:00+00:00,2026-02-14T12:00:00+00:00,2026-02-16T02:00:00+00:00,32,7.488440868351506,1.7337157330840114,74.98872657021019,2026-02-14T15:55:25+00:00,38,gfs.20260214/12/atmos/gfs.t12z.pgrb2.0p25.f038,"""3af70e252ef8776773f062564087e99e""",bilinear_uv_temperature,43.64515,78.535604
2,2026-02-14T18:00:00+00:00,2026-02-14T12:00:00+00:00,2026-02-16T02:00:00+00:00,32,7.4097910954931825,1.7174670618801429,75.45005817461052,2026-02-14T15:55:25+00:00,38,gfs.20260214/12/atmos/gfs.t12z.pgrb2.0p25.f038,"""3af70e252ef8776773f062564087e99e""",bilinear_uv_temperature,43.643198,78.538828
1,2026-02-14T18:00:00+00:00,2026-02-14T12:00:00+00:00,2026-02-16T03:00:00+00:00,33,7.331814641102982,1.993506080324039,76.15071194647992,2026-02-14T15:41:11+00:00,39,gfs.20260214/12/atmos/gfs.t12z.pgrb2.0p25.f039,"""1765278bb9804c2862c808b0cb69e187""",bilinear_uv_temperature,43.64515,78.535604
2,2026-02-14T18:00:00+00:00,2026-02-14T12:00:00+00:00,2026-02-16T03:00:00+00:00,33,7.261451291094806,1.9815152842177781,76.55844885370915,2026-02-14T15:41:11+00:00,39,gfs.20260214/12/atmos/gfs.t12z.pgrb2.0p25.f039,"""1765278bb9804c2862c808b0cb69e187""",bilinear_uv_temperature,43.643198,78.538828
1,2026-02-14T18:00:00+00:00,2026-02-14T12:00:00+00:00,2026-02-16T04:00:00+00:00,34,6.2028734939407,2.6580475103760364,74.85932558107051,2026-02-14T15:55:51+00:00,40,gfs.20260214/12/atmos/gfs.t12z.pgrb2.0p25.f040,"""3088381d279d18859df1eb2ef7d9e33f""",bilinear_uv_temperature,43.64515,78.535604
2,2026-02-14T18:00:00+00:00,2026-02-14T12:00:00+00:00,2026-02-16T04:00:00+00:00,34,6.141354800258122,2.6487546432502427,75.3626986917225,2026-02-14T15:55:51+00:00,40,gfs.20260214/12/atmos/gfs.t12z.pgrb2.0p25.f040,"""3088381d279d18859df1eb2ef7d9e33f""",bilinear_uv_temperature,43.643198,78.538828
1,2026-02-14T18:00:00+00:00,2026-02-14T12:00:00+00:00,2026-02-16T05:00:00+00:00,35,6.509647382871673,3.2251695577500072,70.1725031532471,2026-02-14T15:56:23+00:00,41,gfs.20260214/12/atmos/gfs.t12z.pgrb2.0p25.f041,"""d646093e1c0f645fe9f28f08ad5094bd""",bilinear_uv_temperature,43.64515,78.535604
2,2026-02-14T18:00:00+00:00,2026-02-14T12:00:00+00:00,2026-02-16T05:00:00+00:00,35,6.4357327547345795,3.218937691510064,70.56478569163095,2026-02-14T15:56:23+00:00,41,gfs.20260214/12/atmos/gfs.t12z.pgrb2.0p25.f041,"""d646093e1c0f645fe9f28f08ad5094bd""",bilinear_uv_temperature,43.643198,78.538828
1,2026-02-14T18:00:00+00:00,2026-02-14T12:00:00+00:00,2026-02-16T06:00:00+00:00,36,6.945941130079046,3.8551534233360485,71.17201986342315,2026-02-14T15:56:39+00:00,42,gfs.20260214/12/atmos/gfs.t12z.pgrb2.0p25.f042,"""f70e995e49cc2e2728b3b89c24196224""",bilinear_uv_temperature,43.64515,78.535604
2,2026-02-14T18:00:00+00:00,2026-02-14T12:00:00+00:00,2026-02-16T06:00:00+00:00,36,6.877092098586506,3.84988771036069,71.40439363282246,2026-02-14T15:56:39+00:00,42,gfs.20260214/12/atmos/gfs.t12z.pgrb2.0p25.f042,"""f70e995e49cc2e2728b3b89c24196224""",bilinear_uv_temperature,43.643198,78.538828
1,2026-02-14T18:00:00+00:00,2026-02-14T12:00:00+00:00,2026-02-16T07:00:00+00:00,37,6.675459132495233,4.571210799686014,81.2606248448489,2026-02-14T15:56:38+00:00,43,gfs.20260214/12/atmos/gfs.t12z.pgrb2.0p25.f043,"""c5f21bc350773238aa9ade12f4c9c914""",bilinear_uv_temperature,43.64515,78.535604
2,2026-02-14T18:00:00+00:00,2026-02-14T12:00:00+00:00,2026-02-16T07:00:00+00:00,37,6.605400184207698,4.557688721334671,81.57909493734354,2026-02-14T15:56:38+00:00,43,gfs.20260214/12/atmos/gfs.t12z.pgrb2.0p25.f043,"""c5f21bc350773238aa9ade12f4c9c914""",bilinear_uv_temperature,43.643198,78.538828
1,2026-02-14T18:00:00+00:00,2026-02-14T12:00:00+00:00,2026-02-16T08:00:00+00:00,38,7.02230563374356,5.5287402570380095,80.40195613210396,2026-02-14T15:56:48+00:00,44,gfs.20260214/12/atmos/gfs.t12z.pgrb2.0p25.f044,"""b1c6acb6d29baf83ad1451782fb19c0c""",bilinear_uv_temperature,43.64515,78.535604
2,2026-02-14T18:00:00+00:00,2026-02-14T12:00:00+00:00,2026-02-16T08:00:00+00:00,38,6.938604933834884,5.499296678419114,80.84940651808934,2026-02-14T15:56:48+00:00,44,gfs.20260214/12/atmos/gfs.t12z.pgrb2.0p25.f044,"""b1c6acb6d29baf83ad1451782fb19c0c""",bilinear_uv_temperature,43.643198,78.538828
1,2026-02-14T18:00:00+00:00,2026-02-14T12:00:00+00:00,2026-02-16T09:00:00+00:00,39,7.129563161869424,6.226293578548052,79.29424163616356,2026-02-14T15:57:55+00:00,45,gfs.20260214/12/atmos/gfs.t12z.pgrb2.0p25.f045,"""1dd74be9a11bd82ab57f44902e550c39""",bilinear_uv_temperature,43.64515,78.535604
2,2026-02-14T18:00:00+00:00,2026-02-14T12:00:00+00:00,2026-02-16T09:00:00+00:00,39,7.040825913272961,6.196732924831565,79.70450592337663,2026-02-14T15:57:55+00:00,45,gfs.20260214/12/atmos/gfs.t12z.pgrb2.0p25.f045,"""1dd74be9a11bd82ab57f44902e550c39""",bilinear_uv_temperature,43.643198,78.538828
1,2026-02-14T18:00:00+00:00,2026-02-14T12:00:00+00:00,2026-02-16T10:00:00+00:00,40,7.976871194070068,6.407200014871989,77.01914701565475,2026-02-14T15:57:15+00:00,46,gfs.20260214/12/atmos/gfs.t12z.pgrb2.0p25.f046,"""e49d27feb41ea250a52e7f1c1908706f""",bilinear_uv_temperature,43.64515,78.535604
2,2026-02-14T18:00:00+00:00,2026-02-14T12:00:00+00:00,2026-02-16T10:00:00+00:00,40,7.8744366304383915,6.380102511289351,77.3165318194981,2026-02-14T15:57:15+00:00,46,gfs.20260214/12/atmos/gfs.t12z.pgrb2.0p25.f046,"""e49d27feb41ea250a52e7f1c1908706f""",bilinear_uv_temperature,43.643198,78.538828
1,2026-02-14T18:00:00+00:00,2026-02-14T12:00:00+00:00,2026-02-16T11:00:00+00:00,41,8.179450150720264,5.765348746322047,76.35109814762704,2026-02-14T15:57:41+00:00,47,gfs.20260214/12/atmos/gfs.t12z.pgrb2.0p25.f047,"""adda316181894f7ba5dc3b7bfc10d8ee""",bilinear_uv_temperature,43.64515,78.535604
2,2026-02-14T18:00:00+00:00,2026-02-14T12:00:00+00:00,2026-02-16T11:00:00+00:00,41,8.076334538494256,5.736921871987306,76.65371563733042,2026-02-14T15:57:41+00:00,47,gfs.20260214/12/atmos/gfs.t12z.pgrb2.0p25.f047,"""adda316181894f7ba5dc3b7bfc10d8ee""",bilinear_uv_temperature,43.643198,78.538828
1,2026-02-14T18:00:00+00:00,2026-02-14T12:00:00+00:00,2026-02-16T12:00:00+00:00,42,7.8416041197707695,4.381740262316043,75.53130313401401,2026-02-14T15:58:22+00:00,48,gfs.20260214/12/atmos/gfs.t12z.pgrb2.0p25.f048,"""1f0753d666c88fb5f294e320d86b8260""",bilinear_uv_temperature,43.64515,78.535604
2,2026-02-14T18:00:00+00:00,2026-02-14T12:00:00+00:00,2026-02-16T12:00:00+00:00,42,7.752391277500684,4.3571342064158785,75.88014259404501,2026-02-14T15:58:22+00:00,48,gfs.20260214/12/atmos/gfs.t12z.pgrb2.0p25.f048,"""1f0753d666c88fb5f294e320d86b8260""",bilinear_uv_temperature,43.643198,78.538828
1,2026-02-14T18:00:00+00:00,2026-02-14T12:00:00+00:00,2026-02-16T13:00:00+00:00,43,8.62983174345526,3.783084974589997,77.23316151636043,2026-02-14T15:58:02+00:00,49,gfs.20260214/12/atmos/gfs.t12z.pgrb2.0p25.f049,"""be6f7653a7ffbdc45851cfa7c32005d0""",bilinear_uv_temperature,43.64515,78.535604
2,2026-02-14T18:00:00+00:00,2026-02-14T12:00:00+00:00,2026-02-16T13:00:00+00:00,43,8.506105625234616,3.7597697249516386,77.70053418732361,2026-02-14T15:58:02+00:00,49,gfs.20260214/12/atmos/gfs.t12z.pgrb2.0p25.f049,"""be6f7653a7ffbdc45851cfa7c32005d0""",bilinear_uv_temperature,43.643198,78.538828
1,2026-02-14T18:00:00+00:00,2026-02-14T12:00:00+00:00,2026-02-16T14:00:00+00:00,44,9.03532912898547,3.5181112768640332,77.87296529444505,2026-02-14T15:58:24+00:00,50,gfs.20260214/12/atmos/gfs.t12z.pgrb2.0p25.f050,"""47d3d460dbfdbd9aa5b2f04358f94866""",bilinear_uv_temperature,43.64515,78.535604
2,2026-02-14T18:00:00+00:00,2026-02-14T12:00:00+00:00,2026-02-16T14:00:00+00:00,44,8.908317352158724,3.495824433487428,78.26718448948318,2026-02-14T15:58:24+00:00,50,gfs.20260214/12/atmos/gfs.t12z.pgrb2.0p25.f050,"""47d3d460dbfdbd9aa5b2f04358f94866""",bilinear_uv_temperature,43.643198,78.538828
1,2026-02-14T18:00:00+00:00,2026-02-14T12:00:00+00:00,2026-02-16T15:00:00+00:00,45,8.598376317485243,3.372734248239965,72.80065561151069,2026-02-14T15:58:56+00:00,51,gfs.20260214/12/atmos/gfs.t12z.pgrb2.0p25.f051,"""2932da4cbdddb47f9dd641a64cd936da""",bilinear_uv_temperature,43.64515,78.535604
2,2026-02-14T18:00:00+00:00,2026-02-14T12:00:00+00:00,2026-02-16T15:00:00+00:00,45,8.471971810883044,3.351912483977685,73.23704616584074,2026-02-14T15:58:56+00:00,51,gfs.20260214/12/atmos/gfs.t12z.pgrb2.0p25.f051,"""2932da4cbdddb47f9dd641a64cd936da""",bilinear_uv_temperature,43.643198,78.538828
1,2026-02-14T18:00:00+00:00,2026-02-14T12:00:00+00:00,2026-02-16T16:00:00+00:00,46,8.655064833883905,2.847059136017947,71.84496790170029,2026-02-14T15:59:17+00:00,52,gfs.20260214/12/atmos/gfs.t12z.pgrb2.0p25.f052,"""76d01972a4de988c0d9ca1000e609eee""",bilinear_uv_temperature,43.64515,78.535604
2,2026-02-14T18:00:00+00:00,2026-02-14T12:00:00+00:00,2026-02-16T16:00:00+00:00,46,8.527963397178368,2.831332814474365,72.17938772273841,2026-02-14T15:59:17+00:00,52,gfs.20260214/12/atmos/gfs.t12z.pgrb2.0p25.f052,"""76d01972a4de988c0d9ca1000e609eee""",bilinear_uv_temperature,43.643198,78.538828
1,2026-02-14T18:00:00+00:00,2026-02-14T12:00:00+00:00,2026-02-16T17:00:00+00:00,47,8.782893531538154,2.930943184385967,73.40574332013868,2026-02-14T15:44:28+00:00,53,gfs.20260214/12/atmos/gfs.t12z.pgrb2.0p25.f053,"""eca2e5bdec4853817324fc7a3c5eda79""",bilinear_uv_temperature,43.64515,78.535604
2,2026-02-14T18:00:00+00:00,2026-02-14T12:00:00+00:00,2026-02-16T17:00:00+00:00,47,8.674599716842806,2.9181700421627284,73.81033438658653,2026-02-14T15:44:28+00:00,53,gfs.20260214/12/atmos/gfs.t12z.pgrb2.0p25.f053,"""eca2e5bdec4853817324fc7a3c5eda79""",bilinear_uv_temperature,43.643198,78.538828
1,2026-02-14T18:00:00+00:00,2026-02-14T12:00:00+00:00,2026-02-16T18:00:00+00:00,48,8.258191569983245,2.615620714494014,70.52946571425345,2026-02-14T15:45:04+00:00,54,gfs.20260214/12/atmos/gfs.t12z.pgrb2.0p25.f054,"""96b7f165146ac516d88c1db86cc8a68a""",bilinear_uv_temperature,43.64515,78.535604
2,2026-02-14T18:00:00+00:00,2026-02-14T12:00:00+00:00,2026-02-16T18:00:00+00:00,48,8.149917349818374,2.608280933568608,70.97068658138923,2026-02-14T15:45:04+00:00,54,gfs.20260214/12/atmos/gfs.t12z.pgrb2.0p25.f054,"""96b7f165146ac516d88c1db86cc8a68a""",bilinear_uv_temperature,43.643198,78.538828
1,2026-02-15T18:00:00+00:00,2026-02-15T12:00:00+00:00,2026-02-15T19:00:00+00:00,1,7.172429990861786,2.34081870988598,74.77691754029932,2026-02-15T15:50:17+00:00,7,gfs.20260215/12/atmos/gfs.t12z.pgrb2.0p25.f007,"""fe569e590ffcf30425dd47e6cc13c3df""",bilinear_uv_temperature,43.64515,78.535604
2,2026-02-15T18:00:00+00:00,2026-02-15T12:00:00+00:00,2026-02-15T19:00:00+00:00,1,7.092659609420273,2.3275445407826965,75.21688175709254,2026-02-15T15:50:17+00:00,7,gfs.20260215/12/atmos/gfs.t12z.pgrb2.0p25.f007,"""fe569e590ffcf30425dd47e6cc13c3df""",bilinear_uv_temperature,43.643198,78.538828
1,2026-02-15T18:00:00+00:00,2026-02-15T12:00:00+00:00,2026-02-15T20:00:00+00:00,2,7.071156034573933,2.6349361014180204,80.22431934153552,2026-02-15T15:50:32+00:00,8,gfs.20260215/12/atmos/gfs.t12z.pgrb2.0p25.f008,"""c3e0b922ee5f473ec8f4d05e1644c083""",bilinear_uv_temperature,43.64515,78.535604
2,2026-02-15T18:00:00+00:00,2026-02-15T12:00:00+00:00,2026-02-15T20:00:00+00:00,2,6.994845006054418,2.6230339183703677,80.74203158428614,2026-02-15T15:50:32+00:00,8,gfs.20260215/12/atmos/gfs.t12z.pgrb2.0p25.f008,"""c3e0b922ee5f473ec8f4d05e1644c083""",bilinear_uv_temperature,43.643198,78.538828
1,2026-02-15T18:00:00+00:00,2026-02-15T12:00:00+00:00,2026-02-15T21:00:00+00:00,3,7.396257054566385,2.7428337108840424,77.41935640961188,2026-02-15T15:51:01+00:00,9,gfs.20260215/12/atmos/gfs.t12z.pgrb2.0p25.f009,"""f16d5ad07a944af0eca9050a80bc26aa""",bilinear_uv_temperature,43.64515,78.535604
2,2026-02-15T18:00:00+00:00,2026-02-15T12:00:00+00:00,2026-02-15T21:00:00+00:00,3,7.305598523850239,2.731299143552178,77.91349888657747,2026-02-15T15:51:01+00:00,9,gfs.20260215/12/atmos/gfs.t12z.pgrb2.0p25.f009,"""f16d5ad07a944af0eca9050a80bc26aa""",bilinear_uv_temperature,43.643198,78.538828
1,2026-02-15T18:00:00+00:00,2026-02-15T12:00:00+00:00,2026-02-15T22:00:00+00:00,4,6.988206697644357,2.7738286260880045,74.32764256954194,2026-02-15T15:50:46+00:00,10,gfs.20260215/12/atmos/gfs.t12z.pgrb2.0p25.f010,"""6e58eb274b8755ec918d07c90e171134""",bilinear_uv_temperature,43.64515,78.535604
2,2026-02-15T18:00:00+00:00,2026-02-15T12:00:00+00:00,2026-02-15T22:00:00+00:00,4,6.904525122512685,2.759559951341089,74.88951627941289,2026-02-15T15:50:46+00:00,10,gfs.20260215/12/atmos/gfs.t12z.pgrb2.0p25.f010,"""6e58eb274b8755ec918d07c90e171134""",bilinear_uv_temperature,43.643198,78.538828
1,2026-02-15T18:00:00+00:00,2026-02-15T12:00:00+00:00,2026-02-15T23:00:00+00:00,5,6.3236953011354995,2.4545571068520076,63.79204453086213,2026-02-15T15:50:50+00:00,11,gfs.20260215/12/atmos/gfs.t12z.pgrb2.0p25.f011,"""fafa297ce7116538626656a159cb2bdc""",bilinear_uv_temperature,43.64515,78.535604
2,2026-02-15T18:00:00+00:00,2026-02-15T12:00:00+00:00,2026-02-15T23:00:00+00:00,5,6.245064608197797,2.4412223934645,64.4124042424348,2026-02-15T15:50:50+00:00,11,gfs.20260215/12/atmos/gfs.t12z.pgrb2.0p25.f011,"""fafa297ce7116538626656a159cb2bdc""",bilinear_uv_temperature,43.643198,78.538828
1,2026-02-15T18:00:00+00:00,2026-02-15T12:00:00+00:00,2026-02-16T00:00:00+00:00,6,6.425766794840628,2.109469025828048,70.1286764668475,2026-02-15T15:51:34+00:00,12,gfs.20260215/12/atmos/gfs.t12z.pgrb2.0p25.f012,"""466198506fd3b0db4be0bca4881d291e""",bilinear_uv_temperature,43.64515,78.535604
2,2026-02-15T18:00:00+00:00,2026-02-15T12:00:00+00:00,2026-02-16T00:00:00+00:00,6,6.360200009305647,2.0946595061787434,70.55759824310165,2026-02-15T15:51:34+00:00,12,gfs.20260215/12/atmos/gfs.t12z.pgrb2.0p25.f012,"""466198506fd3b0db4be0bca4881d291e""",bilinear_uv_temperature,43.643198,78.538828
1,2026-02-15T18:00:00+00:00,2026-02-15T12:00:00+00:00,2026-02-16T01:00:00+00:00,7,6.222692675220804,1.9135432028420496,68.03218357506702,2026-02-15T15:37:17+00:00,13,gfs.20260215/12/atmos/gfs.t12z.pgrb2.0p25.f013,"""9def704ac337700d468d78b66e4a471b""",bilinear_uv_temperature,43.64515,78.535604
2,2026-02-15T18:00:00+00:00,2026-02-15T12:00:00+00:00,2026-02-16T01:00:00+00:00,7,6.149158380701195,1.89865964455214,68.43233543411966,2026-02-15T15:37:17+00:00,13,gfs.20260215/12/atmos/gfs.t12z.pgrb2.0p25.f013,"""9def704ac337700d468d78b66e4a471b""",bilinear_uv_temperature,43.643198,78.538828
1,2026-02-15T18:00:00+00:00,2026-02-15T12:00:00+00:00,2026-02-16T02:00:00+00:00,8,6.095381001559189,1.8736896779940366,70.52716556135904,2026-02-15T15:52:06+00:00,14,gfs.20260215/12/atmos/gfs.t12z.pgrb2.0p25.f014,"""019951a2284eacd62d086744897c2523""",bilinear_uv_temperature,43.64515,78.535604
2,2026-02-15T18:00:00+00:00,2026-02-15T12:00:00+00:00,2026-02-16T02:00:00+00:00,8,6.033968087348305,1.858615043308589,70.95424123834935,2026-02-15T15:52:06+00:00,14,gfs.20260215/12/atmos/gfs.t12z.pgrb2.0p25.f014,"""019951a2284eacd62d086744897c2523""",bilinear_uv_temperature,43.643198,78.538828
1,2026-02-15T18:00:00+00:00,2026-02-15T12:00:00+00:00,2026-02-16T03:00:00+00:00,9,5.007963457813546,2.0256710528159942,71.8007252297915,2026-02-15T15:37:47+00:00,15,gfs.20260215/12/atmos/gfs.t12z.pgrb2.0p25.f015,"""1ccc1fc46f7b2d1fce23143c0a568be3""",bilinear_uv_temperature,43.64515,78.535604
2,2026-02-15T18:00:00+00:00,2026-02-15T12:00:00+00:00,2026-02-16T03:00:00+00:00,9,4.956570751376669,2.012512130035873,72.2290656507746,2026-02-15T15:37:47+00:00,15,gfs.20260215/12/atmos/gfs.t12z.pgrb2.0p25.f015,"""1ccc1fc46f7b2d1fce23143c0a568be3""",bilinear_uv_temperature,43.643198,78.538828
1,2026-02-15T18:00:00+00:00,2026-02-15T12:00:00+00:00,2026-02-16T04:00:00+00:00,10,4.460139189760387,2.1004044060280194,73.47426210267207,2026-02-15T15:52:30+00:00,16,gfs.20260215/12/atmos/gfs.t12z.pgrb2.0p25.f016,"""574c238703f4f56aeb164e9c2dfb368e""",bilinear_uv_temperature,43.64515,78.535604
2,2026-02-15T18:00:00+00:00,2026-02-15T12:00:00+00:00,2026-02-16T04:00:00+00:00,10,4.408886437727621,2.0873650356267035,73.89633847646915,2026-02-15T15:52:30+00:00,16,gfs.20260215/12/atmos/gfs.t12z.pgrb2.0p25.f016,"""574c238703f4f56aeb164e9c2dfb368e""",bilinear_uv_temperature,43.643198,78.538828
1,2026-02-15T18:00:00+00:00,2026-02-15T12:00:00+00:00,2026-02-16T05:00:00+00:00,11,4.278504294591224,2.317410882916022,76.76468830824942,2026-02-15T15:38:26+00:00,17,gfs.20260215/12/atmos/gfs.t12z.pgrb2.0p25.f017,"""c164f678006038409ca283eeea1e03a0""",bilinear_uv_temperature,43.64515,78.535604
2,2026-02-15T18:00:00+00:00,2026-02-15T12:00:00+00:00,2026-02-16T05:00:00+00:00,11,4.228753811842251,2.305809034759875,77.18041566574306,2026-02-15T15:38:26+00:00,17,gfs.20260215/12/atmos/gfs.t12z.pgrb2.0p25.f017,"""c164f678006038409ca283eeea1e03a0""",bilinear_uv_temperature,43.643198,78.538828
1,2026-02-15T18:00:00+00:00,2026-02-15T12:00:00+00:00,2026-02-16T06:00:00+00:00,12,4.433909487367882,2.5873632865400396,77.89338489768805,2026-02-15T15:53:07+00:00,18,gfs.20260215/12/atmos/gfs.t12z.pgrb2.0p25.f018,"""1473894092bdf05e1640eff0ace14d26""",bilinear_uv_temperature,43.64515,78.535604
2,2026-02-15T18:00:00+00:00,2026-02-15T12:00:00+00:00,2026-02-16T06:00:00+00:00,12,4.3785644540638575,2.5753894792696315,78.19058662781538,2026-02-15T15:53:07+00:00,18,gfs.20260215/12/atmos/gfs.t12z.pgrb2.0p25.f018,"""1473894092bdf05e1640eff0ace14d26""",bilinear_uv_temperature,43.643198,78.538828
1,2026-02-15T18:00:00+00:00,2026-02-15T12:00:00+00:00,2026-02-16T07:00:00+00:00,13,4.822836916807303,2.7710109370780174,73.22806180657037,2026-02-15T15:53:31+00:00,19,gfs.20260215/12/atmos/gfs.t12z.pgrb2.0p25.f019,"""4113d7e351a789d4847e0b33a78fb5a7""",bilinear_uv_temperature,43.64515,78.535604
2,2026-02-15T18:00:00+00:00,2026-02-15T12:00:00+00:00,2026-02-16T07:00:00+00:00,13,4.759206897655965,2.7604519774287724,73.59471566665303,2026-02-15T15:53:31+00:00,19,gfs.20260215/12/atmos/gfs.t12z.pgrb2.0p25.f019,"""4113d7e351a789d4847e0b33a78fb5a7""",bilinear_uv_temperature,43.643198,78.538828
1,2026-02-15T18:00:00+00:00,2026-02-15T12:00:00+00:00,2026-02-16T08:00:00+00:00,14,4.980309289306045,2.8467748810320472,73.69179335741525,2026-02-15T15:53:17+00:00,20,gfs.20260215/12/atmos/gfs.t12z.pgrb2.0p25.f020,"""4280bf68df52cab9de530f24b54f78e4""",bilinear_uv_temperature,43.64515,78.535604
2,2026-02-15T18:00:00+00:00,2026-02-15T12:00:00+00:00,2026-02-16T08:00:00+00:00,14,4.917378431892086,2.840073813967706,74.04426831598497,2026-02-15T15:53:17+00:00,20,gfs.20260215/12/atmos/gfs.t12z.pgrb2.0p25.f020,"""4280bf68df52cab9de530f24b54f78e4""",bilinear_uv_temperature,43.643198,78.538828
1,2026-02-15T18:00:00+00:00,2026-02-15T12:00:00+00:00,2026-02-16T09:00:00+00:00,15,5.189430587614237,3.52730637004197,78.32722487214285,2026-02-15T15:54:08+00:00,21,gfs.20260215/12/atmos/gfs.t12z.pgrb2.0p25.f021,"""2895cc0fda1c6603faa68665d7ac2e06""",bilinear_uv_temperature,43.64515,78.535604
2,2026-02-15T18:00:00+00:00,2026-02-15T12:00:00+00:00,2026-02-16T09:00:00+00:00,15,5.116599355974566,3.519212707880115,78.72211559987956,2026-02-15T15:54:08+00:00,21,gfs.20260215/12/atmos/gfs.t12z.pgrb2.0p25.f021,"""2895cc0fda1c6603faa68665d7ac2e06""",bilinear_uv_temperature,43.643198,78.538828
1,2026-02-15T18:00:00+00:00,2026-02-15T12:00:00+00:00,2026-02-16T10:00:00+00:00,16,5.3762388687999225,4.345040877412032,77.5088129443206,2026-02-15T15:53:58+00:00,22,gfs.20260215/12/atmos/gfs.t12z.pgrb2.0p25.f022,"""d9ff73de7d49b62e1bca17bd7c41405a""",bilinear_uv_temperature,43.64515,78.535604
2,2026-02-15T18:00:00+00:00,2026-02-15T12:00:00+00:00,2026-02-16T10:00:00+00:00,16,5.300852173618929,4.337529112798904,77.84793956865134,2026-02-15T15:53:58+00:00,22,gfs.20260215/12/atmos/gfs.t12z.pgrb2.0p25.f022,"""d9ff73de7d49b62e1bca17bd7c41405a""",bilinear_uv_temperature,43.643198,78.538828
1,2026-02-15T18:00:00+00:00,2026-02-15T12:00:00+00:00,2026-02-16T11:00:00+00:00,17,6.2068066762218175,4.571809499170001,73.98643903621155,2026-02-15T15:54:14+00:00,23,gfs.20260215/12/atmos/gfs.t12z.pgrb2.0p25.f023,"""b998750d4f3128030530cd8c1ab80c26""",bilinear_uv_temperature,43.64515,78.535604
2,2026-02-15T18:00:00+00:00,2026-02-15T12:00:00+00:00,2026-02-16T11:00:00+00:00,17,6.137211221393803,4.5559123543508235,74.23128377797129,2026-02-15T15:54:14+00:00,23,gfs.20260215/12/atmos/gfs.t12z.pgrb2.0p25.f023,"""b998750d4f3128030530cd8c1ab80c26""",bilinear_uv_temperature,43.643198,78.538828
1,2026-02-15T18:00:00+00:00,2026-02-15T12:00:00+00:00,2026-02-16T12:00:00+00:00,18,6.699107258014011,3.5831045804720247,73.19976560862573,2026-02-15T15:55:18+00:00,24,gfs.20260215/12/atmos/gfs.t12z.pgrb2.0p25.f024,"""663dd14faed5f8241e9f20867cff128a""",bilinear_uv_temperature,43.64515,78.535604
2,2026-02-15T18:00:00+00:00,2026-02-15T12:00:00+00:00,2026-02-16T12:00:00+00:00,18,6.623513877387118,3.5657328846332916,73.53899378647021,2026-02-15T15:55:18+00:00,24,gfs.20260215/12/atmos/gfs.t12z.pgrb2.0p25.f024,"""663dd14faed5f8241e9f20867cff128a""",bilinear_uv_temperature,43.643198,78.538828
1,2026-02-15T18:00:00+00:00,2026-02-15T12:00:00+00:00,2026-02-16T13:00:00+00:00,19,7.027440176712114,3.1499731672080316,74.29332290758558,2026-02-15T15:55:04+00:00,25,gfs.20260215/12/atmos/gfs.t12z.pgrb2.0p25.f025,"""69ebf542079ee53d8304b0fecce8cfe7""",bilinear_uv_temperature,43.64515,78.535604
2,2026-02-15T18:00:00+00:00,2026-02-15T12:00:00+00:00,2026-02-16T13:00:00+00:00,19,6.945263114372337,3.1324044700099307,74.67535751931703,2026-02-15T15:55:04+00:00,25,gfs.20260215/12/atmos/gfs.t12z.pgrb2.0p25.f025,"""69ebf542079ee53d8304b0fecce8cfe7""",bilinear_uv_temperature,43.643198,78.538828
1,2026-02-15T18:00:00+00:00,2026-02-15T12:00:00+00:00,2026-02-16T14:00:00+00:00,20,7.660259751140468,2.9785284695300334,73.61078585373988,2026-02-15T15:55:08+00:00,26,gfs.20260215/12/atmos/gfs.t12z.pgrb2.0p25.f026,"""0c89a5e4f699445d8a18caa0b16134d7""",bilinear_uv_temperature,43.64515,78.535604
2,2026-02-15T18:00:00+00:00,2026-02-15T12:00:00+00:00,2026-02-16T14:00:00+00:00,20,7.562933556046026,2.9606761242372954,74.00267954349232,2026-02-15T15:55:08+00:00,26,gfs.20260215/12/atmos/gfs.t12z.pgrb2.0p25.f026,"""0c89a5e4f699445d8a18caa0b16134d7""",bilinear_uv_temperature,43.643198,78.538828
1,2026-02-15T18:00:00+00:00,2026-02-15T12:00:00+00:00,2026-02-16T15:00:00+00:00,21,7.7896348914517555,2.7894102398379914,74.02631905481581,2026-02-15T15:55:46+00:00,27,gfs.20260215/12/atmos/gfs.t12z.pgrb2.0p25.f027,"""3a8132f5501d528578ec85122e126d9f""",bilinear_uv_temperature,43.64515,78.535604
2,2026-02-15T18:00:00+00:00,2026-02-15T12:00:00+00:00,2026-02-16T15:00:00+00:00,21,7.690413353175202,2.7693770850911505,74.41731503370393,2026-02-15T15:55:46+00:00,27,gfs.20260215/12/atmos/gfs.t12z.pgrb2.0p25.f027,"""3a8132f5501d528578ec85122e126d9f""",bilinear_uv_temperature,43.643198,78.538828
1,2026-02-15T18:00:00+00:00,2026-02-15T12:00:00+00:00,2026-02-16T16:00:00+00:00,22,7.575534908302389,2.444227714559986,73.9749377964171,2026-02-15T15:55:46+00:00,28,gfs.20260215/12/atmos/gfs.t12z.pgrb2.0p25.f028,"""97c89ddf324ce56fcae042effb2d0531""",bilinear_uv_temperature,43.64515,78.535604
2,2026-02-15T18:00:00+00:00,2026-02-15T12:00:00+00:00,2026-02-16T16:00:00+00:00,22,7.479591615202059,2.4260130370944353,74.41218940539983,2026-02-15T15:55:46+00:00,28,gfs.20260215/12/atmos/gfs.t12z.pgrb2.0p25.f028,"""97c89ddf324ce56fcae042effb2d0531""",bilinear_uv_temperature,43.643198,78.538828
1,2026-02-15T18:00:00+00:00,2026-02-15T12:00:00+00:00,2026-02-16T17:00:00+00:00,23,7.861836965494153,2.1586088343560164,73.31302743775662,2026-02-15T15:56:14+00:00,29,gfs.20260215/12/atmos/gfs.t12z.pgrb2.0p25.f029,"""6da4da82373753e8ddd3f22b77b48b37""",bilinear_uv_temperature,43.64515,78.535604
2,2026-02-15T18:00:00+00:00,2026-02-15T12:00:00+00:00,2026-02-16T17:00:00+00:00,23,7.75624602478324,2.142866824305486,73.74983662513087,2026-02-15T15:56:14+00:00,29,gfs.20260215/12/atmos/gfs.t12z.pgrb2.0p25.f029,"""6da4da82373753e8ddd3f22b77b48b37""",bilinear_uv_temperature,43.643198,78.538828
1,2026-02-15T18:00:00+00:00,2026-02-15T12:00:00+00:00,2026-02-16T18:00:00+00:00,24,8.050192574644479,1.911878638513997,73.16570197002811,2026-02-15T15:56:32+00:00,30,gfs.20260215/12/atmos/gfs.t12z.pgrb2.0p25.f030,"""54325172b1d8820e9340a73e23fe2839""",bilinear_uv_temperature,43.64515,78.535604
2,2026-02-15T18:00:00+00:00,2026-02-15T12:00:00+00:00,2026-02-16T18:00:00+00:00,24,7.946727173945432,1.89853337363337,73.57751107981534,2026-02-15T15:56:32+00:00,30,gfs.20260215/12/atmos/gfs.t12z.pgrb2.0p25.f030,"""54325172b1d8820e9340a73e23fe2839""",bilinear_uv_temperature,43.643198,78.538828
1,2026-02-15T18:00:00+00:00,2026-02-15T12:00:00+00:00,2026-02-16T19:00:00+00:00,25,7.879135436960896,1.8353039329020362,72.60100500176048,2026-02-15T15:57:00+00:00,31,gfs.20260215/12/atmos/gfs.t12z.pgrb2.0p25.f031,"""2393304c11326ec85e4249c0fce20d7e""",bilinear_uv_temperature,43.64515,78.535604
2,2026-02-15T18:00:00+00:00,2026-02-15T12:00:00+00:00,2026-02-16T19:00:00+00:00,25,7.777913211665106,1.8250928302665557,73.03397905481414,2026-02-15T15:57:00+00:00,31,gfs.20260215/12/atmos/gfs.t12z.pgrb2.0p25.f031,"""2393304c11326ec85e4249c0fce20d7e""",bilinear_uv_temperature,43.643198,78.538828
1,2026-02-15T18:00:00+00:00,2026-02-15T12:00:00+00:00,2026-02-16T20:00:00+00:00,26,7.975683540301195,1.8516910368820163,74.05837215956029,2026-02-15T15:56:49+00:00,32,gfs.20260215/12/atmos/gfs.t12z.pgrb2.0p25.f032,"""c91814b74f5b91b6e15c7b842db8cfce""",bilinear_uv_temperature,43.64515,78.535604
2,2026-02-15T18:00:00+00:00,2026-02-15T12:00:00+00:00,2026-02-16T20:00:00+00:00,26,7.8798395801725425,1.840425031321729,74.44902334108951,2026-02-15T15:56:49+00:00,32,gfs.20260215/12/atmos/gfs.t12z.pgrb2.0p25.f032,"""c91814b74f5b91b6e15c7b842db8cfce""",bilinear_uv_temperature,43.643198,78.538828
1,2026-02-15T18:00:00+00:00,2026-02-15T12:00:00+00:00,2026-02-16T21:00:00+00:00,27,7.458826619193036,1.944269769000016,73.48081209212525,2026-02-15T15:57:14+00:00,33,gfs.20260215/12/atmos/gfs.t12z.pgrb2.0p25.f033,"""87de882cd4f3ddaa5eb5175a9f15659d""",bilinear_uv_temperature,43.64515,78.535604
2,2026-02-15T18:00:00+00:00,2026-02-15T12:00:00+00:00,2026-02-16T21:00:00+00:00,27,7.361768161901712,1.9331732627600218,73.96144865257745,2026-02-15T15:57:14+00:00,33,gfs.20260215/12/atmos/gfs.t12z.pgrb2.0p25.f033,"""87de882cd4f3ddaa5eb5175a9f15659d""",bilinear_uv_temperature,43.643198,78.538828
1,2026-02-15T18:00:00+00:00,2026-02-15T12:00:00+00:00,2026-02-16T22:00:00+00:00,28,7.239832639614415,1.6565340081060071,73.2745982566421,2026-02-15T15:57:07+00:00,34,gfs.20260215/12/atmos/gfs.t12z.pgrb2.0p25.f034,"""3b29a8fe384f5c696afd47a5d85abcb1""",bilinear_uv_temperature,43.64515,78.535604
2,2026-02-15T18:00:00+00:00,2026-02-15T12:00:00+00:00,2026-02-16T22:00:00+00:00,28,7.143056892142884,1.647175998055502,73.75237256537973,2026-02-15T15:57:07+00:00,34,gfs.20260215/12/atmos/gfs.t12z.pgrb2.0p25.f034,"""3b29a8fe384f5c696afd47a5d85abcb1""",bilinear_uv_temperature,43.643198,78.538828
1,2026-02-15T18:00:00+00:00,2026-02-15T12:00:00+00:00,2026-02-16T23:00:00+00:00,29,6.850316759419639,1.554541178488023,70.11041690218428,2026-02-15T15:57:27+00:00,35,gfs.20260215/12/atmos/gfs.t12z.pgrb2.0p25.f035,"""eda41875b7c39219e97d18b62381be5c""",bilinear_uv_temperature,43.64515,78.535604
2,2026-02-15T18:00:00+00:00,2026-02-15T12:00:00+00:00,2026-02-16T23:00:00+00:00,29,6.766701874427398,1.5475394291171938,70.59380747240334,2026-02-15T15:57:27+00:00,35,gfs.20260215/12/atmos/gfs.t12z.pgrb2.0p25.f035,"""eda41875b7c39219e97d18b62381be5c""",bilinear_uv_temperature,43.643198,78.538828
1,2026-02-15T18:00:00+00:00,2026-02-15T12:00:00+00:00,2026-02-17T00:00:00+00:00,30,6.3391992505770665,1.4645435498640609,70.66083077128692,2026-02-15T15:58:17+00:00,36,gfs.20260215/12/atmos/gfs.t12z.pgrb2.0p25.f036,"""2a6da9af5a9f9e712d20e5ece77fa700""",bilinear_uv_temperature,43.64515,78.535604
2,2026-02-15T18:00:00+00:00,2026-02-15T12:00:00+00:00,2026-02-17T00:00:00+00:00,30,6.2558259505525875,1.4584199996073721,71.06965695729835,2026-02-15T15:58:17+00:00,36,gfs.20260215/12/atmos/gfs.t12z.pgrb2.0p25.f036,"""2a6da9af5a9f9e712d20e5ece77fa700""",bilinear_uv_temperature,43.643198,78.538828
1,2026-02-15T18:00:00+00:00,2026-02-15T12:00:00+00:00,2026-02-17T01:00:00+00:00,31,6.071656690660675,1.8055796707320155,65.93561727421783,2026-02-15T15:58:02+00:00,37,gfs.20260215/12/atmos/gfs.t12z.pgrb2.0p25.f037,"""c88c4c0d51334515f22ccda2ff321493""",bilinear_uv_temperature,43.64515,78.535604
2,2026-02-15T18:00:00+00:00,2026-02-15T12:00:00+00:00,2026-02-17T01:00:00+00:00,31,5.987931447880628,1.7970902597957092,66.37325146598899,2026-02-15T15:58:02+00:00,37,gfs.20260215/12/atmos/gfs.t12z.pgrb2.0p25.f037,"""c88c4c0d51334515f22ccda2ff321493""",bilinear_uv_temperature,43.643198,78.538828
1,2026-02-15T18:00:00+00:00,2026-02-15T12:00:00+00:00,2026-02-17T02:00:00+00:00,32,5.420207103538688,1.9076439720820417,66.76589324550757,2026-02-15T15:58:32+00:00,38,gfs.20260215/12/atmos/gfs.t12z.pgrb2.0p25.f038,"""b6ca7221a18c4b87834d35b71899df4c""",bilinear_uv_temperature,43.64515,78.535604
2,2026-02-15T18:00:00+00:00,2026-02-15T12:00:00+00:00,2026-02-17T02:00:00+00:00,32,5.354376750121422,1.8979682757696992,67.13928215441132,2026-02-15T15:58:32+00:00,38,gfs.20260215/12/atmos/gfs.t12z.pgrb2.0p25.f038,"""b6ca7221a18c4b87834d35b71899df4c""",bilinear_uv_temperature,43.643198,78.538828
1,2026-02-15T18:00:00+00:00,2026-02-15T12:00:00+00:00,2026-02-17T03:00:00+00:00,33,4.7627005167477146,2.473039984429988,69.58171081859011,2026-02-15T15:58:52+00:00,39,gfs.20260215/12/atmos/gfs.t12z.pgrb2.0p25.f039,"""a0911191c19ccf01f6f8b7824ff3842a""",bilinear_uv_temperature,43.64515,78.535604
2,2026-02-15T18:00:00+00:00,2026-02-15T12:00:00+00:00,2026-02-17T03:00:00+00:00,33,4.702246276847197,2.4656056045132004,69.98648316817574,2026-02-15T15:58:52+00:00,39,gfs.20260215/12/atmos/gfs.t12z.pgrb2.0p25.f039,"""a0911191c19ccf01f6f8b7824ff3842a""",bilinear_uv_temperature,43.643198,78.538828
1,2026-02-15T18:00:00+00:00,2026-02-15T12:00:00+00:00,2026-02-17T04:00:00+00:00,34,4.823486684511862,3.3569829448600217,66.70266321864203,2026-02-15T15:58:43+00:00,40,gfs.20260215/12/atmos/gfs.t12z.pgrb2.0p25.f040,"""6f5fec4890c29f900fbd815a752f11c7""",bilinear_uv_temperature,43.64515,78.535604
2,2026-02-15T18:00:00+00:00,2026-02-15T12:00:00+00:00,2026-02-17T04:00:00+00:00,34,4.767179717689991,3.3464161312663805,67.0487186089842,2026-02-15T15:58:43+00:00,40,gfs.20260215/12/atmos/gfs.t12z.pgrb2.0p25.f040,"""6f5fec4890c29f900fbd815a752f11c7""",bilinear_uv_temperature,43.643198,78.538828
1,2026-02-15T18:00:00+00:00,2026-02-15T12:00:00+00:00,2026-02-17T05:00:00+00:00,35,5.623635844276142,4.3634104236880376,70.81137455221179,2026-02-15T15:59:10+00:00,41,gfs.20260215/12/atmos/gfs.t12z.pgrb2.0p25.f041,"""b0ddbf78fd162d9d3d0118702995843e""",bilinear_uv_temperature,43.64515,78.535604
2,2026-02-15T18:00:00+00:00,2026-02-15T12:00:00+00:00,2026-02-17T05:00:00+00:00,35,5.557741287743635,4.353737863565129,71.02726735938617,2026-02-15T15:59:10+00:00,41,gfs.20260215/12/atmos/gfs.t12z.pgrb2.0p25.f041,"""b0ddbf78fd162d9d3d0118702995843e""",bilinear_uv_temperature,43.643198,78.538828
1,2026-02-15T18:00:00+00:00,2026-02-15T12:00:00+00:00,2026-02-17T06:00:00+00:00,36,6.108571545016347,5.1656476515519785,68.247516290837,2026-02-15T15:59:22+00:00,42,gfs.20260215/12/atmos/gfs.t12z.pgrb2.0p25.f042,"""10bcb5586ae14e0ebe85f213cfe6a3e6""",bilinear_uv_temperature,43.64515,78.535604
2,2026-02-15T18:00:00+00:00,2026-02-15T12:00:00+00:00,2026-02-17T06:00:00+00:00,36,6.046442512608109,5.165829874292513,68.44146539612913,2026-02-15T15:59:22+00:00,42,gfs.20260215/12/atmos/gfs.t12z.pgrb2.0p25.f042,"""10bcb5586ae14e0ebe85f213cfe6a3e6""",bilinear_uv_temperature,43.643198,78.538828
1,2026-02-15T18:00:00+00:00,2026-02-15T12:00:00+00:00,2026-02-17T07:00:00+00:00,37,5.912057071561057,6.317624049070048,69.66527755064253,2026-02-15T15:59:27+00:00,43,gfs.20260215/12/atmos/gfs.t12z.pgrb2.0p25.f043,"""28a1ddac59241cb42dcc79e37c0b9d54""",bilinear_uv_temperature,43.64515,78.535604
2,2026-02-15T18:00:00+00:00,2026-02-15T12:00:00+00:00,2026-02-17T07:00:00+00:00,37,5.853868445096023,6.304722789626794,69.90281614058752,2026-02-15T15:59:27+00:00,43,gfs.20260215/12/atmos/gfs.t12z.pgrb2.0p25.f043,"""28a1ddac59241cb42dcc79e37c0b9d54""",bilinear_uv_temperature,43.643198,78.538828
1,2026-02-15T18:00:00+00:00,2026-02-15T12:00:00+00:00,2026-02-17T08:00:00+00:00,38,5.716073158947711,7.514300261314077,72.53108245677078,2026-02-15T15:59:36+00:00,44,gfs.20260215/12/atmos/gfs.t12z.pgrb2.0p25.f044,"""c864c2cd9b3e4185ceee54877ee39d97""",bilinear_uv_temperature,43.64515,78.535604
2,2026-02-15T18:00:00+00:00,2026-02-15T12:00:00+00:00,2026-02-17T08:00:00+00:00,38,5.65708591770989,7.490993580305428,72.74958449346465,2026-02-15T15:59:36+00:00,44,gfs.20260215/12/atmos/gfs.t12z.pgrb2.0p25.f044,"""c864c2cd9b3e4185ceee54877ee39d97""",bilinear_uv_temperature,43.643198,78.538828
1,2026-02-15T18:00:00+00:00,2026-02-15T12:00:00+00:00,2026-02-17T09:00:00+00:00,39,5.180009391544463,7.836383811318058,73.04505808803468,2026-02-15T15:45:31+00:00,45,gfs.20260215/12/atmos/gfs.t12z.pgrb2.0p25.f045,"""f9c982e5968866a009e28782dbff14f0""",bilinear_uv_temperature,43.64515,78.535604
2,2026-02-15T18:00:00+00:00,2026-02-15T12:00:00+00:00,2026-02-17T09:00:00+00:00,39,5.1209230472068885,7.816685193646379,73.30993761308653,2026-02-15T15:45:31+00:00,45,gfs.20260215/12/atmos/gfs.t12z.pgrb2.0p25.f045,"""f9c982e5968866a009e28782dbff14f0""",bilinear_uv_temperature,43.643198,78.538828
1,2026-02-15T18:00:00+00:00,2026-02-15T12:00:00+00:00,2026-02-17T10:00:00+00:00,40,4.674178954440221,7.466715164612026,67.55630575266282,2026-02-15T16:00:22+00:00,46,gfs.20260215/12/atmos/gfs.t12z.pgrb2.0p25.f046,"""e318636220572604e7448b0bd1fa6027""",bilinear_uv_temperature,43.64515,78.535604
2,2026-02-15T18:00:00+00:00,2026-02-15T12:00:00+00:00,2026-02-17T10:00:00+00:00,40,4.61927713176172,7.448849616126893,67.91496552550021,2026-02-15T16:00:22+00:00,46,gfs.20260215/12/atmos/gfs.t12z.pgrb2.0p25.f046,"""e318636220572604e7448b0bd1fa6027""",bilinear_uv_temperature,43.643198,78.538828
1,2026-02-15T18:00:00+00:00,2026-02-15T12:00:00+00:00,2026-02-17T11:00:00+00:00,41,4.9121367804396705,6.774243125610042,61.858015088838165,2026-02-15T16:00:38+00:00,47,gfs.20260215/12/atmos/gfs.t12z.pgrb2.0p25.f047,"""8e56abe04f63f0dd8c41c9cb9f0af89f""",bilinear_uv_temperature,43.64515,78.535604
2,2026-02-15T18:00:00+00:00,2026-02-15T12:00:00+00:00,2026-02-17T11:00:00+00:00,41,4.853608034597835,6.75080325889644,62.22461173050113,2026-02-15T16:00:38+00:00,47,gfs.20260215/12/atmos/gfs.t12z.pgrb2.0p25.f047,"""8e56abe04f63f0dd8c41c9cb9f0af89f""",bilinear_uv_temperature,43.643198,78.538828
1,2026-02-15T18:00:00+00:00,2026-02-15T12:00:00+00:00,2026-02-17T12:00:00+00:00,42,5.428564078002317,6.3772368285659695,63.58007738299078,2026-02-15T15:46:43+00:00,48,gfs.20260215/12/atmos/gfs.t12z.pgrb2.0p25.f048,"""9233603d6266fca0bcd1105d96deaadd""",bilinear_uv_temperature,43.64515,78.535604
2,2026-02-15T18:00:00+00:00,2026-02-15T12:00:00+00:00,2026-02-17T12:00:00+00:00,42,5.366121328486679,6.348800372665892,63.93568547238983,2026-02-15T15:46:43+00:00,48,gfs.20260215/12/atmos/gfs.t12z.pgrb2.0p25.f048,"""9233603d6266fca0bcd1105d96deaadd""",bilinear_uv_temperature,43.643198,78.538828
1,2026-02-15T18:00:00+00:00,2026-02-15T12:00:00+00:00,2026-02-17T13:00:00+00:00,43,5.855417405522002,6.004869630172038,69.36566472868425,2026-02-15T16:01:23+00:00,49,gfs.20260215/12/atmos/gfs.t12z.pgrb2.0p25.f049,"""2cc8454670ac57cd19c977436decff2b""",bilinear_uv_temperature,43.64515,78.535604
2,2026-02-15T18:00:00+00:00,2026-02-15T12:00:00+00:00,2026-02-17T13:00:00+00:00,43,5.791053872530727,5.977625110461304,69.74715773249643,2026-02-15T16:01:23+00:00,49,gfs.20260215/12/atmos/gfs.t12z.pgrb2.0p25.f049,"""2cc8454670ac57cd19c977436decff2b""",bilinear_uv_temperature,43.643198,78.538828
1,2026-02-15T18:00:00+00:00,2026-02-15T12:00:00+00:00,2026-02-17T14:00:00+00:00,44,6.424540304321433,5.823157299456,72.07684411231436,2026-02-15T15:46:57+00:00,50,gfs.20260215/12/atmos/gfs.t12z.pgrb2.0p25.f050,"""6994c3137fb22fcc4e67fe1d62a57519""",bilinear_uv_temperature,43.64515,78.535604
2,2026-02-15T18:00:00+00:00,2026-02-15T12:00:00+00:00,2026-02-17T14:00:00+00:00,44,6.3469989061133125,5.793525644029444,72.48996458240966,2026-02-15T15:46:57+00:00,50,gfs.20260215/12/atmos/gfs.t12z.pgrb2.0p25.f050,"""6994c3137fb22fcc4e67fe1d62a57519""",bilinear_uv_temperature,43.643198,78.538828
1,2026-02-15T18:00:00+00:00,2026-02-15T12:00:00+00:00,2026-02-17T15:00:00+00:00,45,6.862934996642885,5.591554861395991,73.84643334092839,2026-02-15T16:01:42+00:00,51,gfs.20260215/12/atmos/gfs.t12z.pgrb2.0p25.f051,"""0e7815198afff66c6a99ebc6ba6259b2""",bilinear_uv_temperature,43.64515,78.535604
2,2026-02-15T18:00:00+00:00,2026-02-15T12:00:00+00:00,2026-02-17T15:00:00+00:00,45,6.770040059596525,5.560274657195066,74.291670104208,2026-02-15T16:01:42+00:00,51,gfs.20260215/12/atmos/gfs.t12z.pgrb2.0p25.f051,"""0e7815198afff66c6a99ebc6ba6259b2""",bilinear_uv_temperature,43.643198,78.538828
1,2026-02-15T18:00:00+00:00,2026-02-15T12:00:00+00:00,2026-02-17T16:00:00+00:00,46,7.23583811295747,5.242769985276027,73.69003571500056,2026-02-15T16:01:57+00:00,52,gfs.20260215/12/atmos/gfs.t12z.pgrb2.0p25.f052,"""1dfc21b262a9eb6a43a41acf776d32ff""",bilinear_uv_temperature,43.64515,78.535604
2,2026-02-15T18:00:00+00:00,2026-02-15T12:00:00+00:00,2026-02-17T16:00:00+00:00,46,7.135693044770002,5.212487083526241,74.17248922790152,2026-02-15T16:01:57+00:00,52,gfs.20260215/12/atmos/gfs.t12z.pgrb2.0p25.f052,"""1dfc21b262a9eb6a43a41acf776d32ff""",bilinear_uv_temperature,43.643198,78.538828
1,2026-02-15T18:00:00+00:00,2026-02-15T12:00:00+00:00,2026-02-17T17:00:00+00:00,47,7.518037803558859,4.701723106244003,74.92004145413108,2026-02-15T16:02:13+00:00,53,gfs.20260215/12/atmos/gfs.t12z.pgrb2.0p25.f053,"""eed78ff17441cc031f8ae7326cf20b23""",bilinear_uv_temperature,43.64515,78.535604
2,2026-02-15T18:00:00+00:00,2026-02-15T12:00:00+00:00,2026-02-17T17:00:00+00:00,47,7.413585881916223,4.672100858438569,75.3833743630041,2026-02-15T16:02:13+00:00,53,gfs.20260215/12/atmos/gfs.t12z.pgrb2.0p25.f053,"""eed78ff17441cc031f8ae7326cf20b23""",bilinear_uv_temperature,43.643198,78.538828
1,2026-02-15T18:00:00+00:00,2026-02-15T12:00:00+00:00,2026-02-17T18:00:00+00:00,48,7.282499127642519,3.9994033417950163,71.99811638778192,2026-02-15T16:02:39+00:00,54,gfs.20260215/12/atmos/gfs.t12z.pgrb2.0p25.f054,"""070d378ba8e231b47ab58e601406ee99""",bilinear_uv_temperature,43.64515,78.535604
2,2026-02-15T18:00:00+00:00,2026-02-15T12:00:00+00:00,2026-02-17T18:00:00+00:00,48,7.185963149468746,3.980402743855848,72.47823563952055,2026-02-15T16:02:39+00:00,54,gfs.20260215/12/atmos/gfs.t12z.pgrb2.0p25.f054,"""070d378ba8e231b47ab58e601406ee99""",bilinear_uv_temperature,43.643198,78.538828
1,2026-02-16T18:00:00+00:00,2026-02-16T12:00:00+00:00,2026-02-16T19:00:00+00:00,1,6.805031711172852,4.307503520706064,73.37239498722201,2026-02-16T15:48:27+00:00,7,gfs.20260216/12/atmos/gfs.t12z.pgrb2.0p25.f007,"""6d969a675917f026d9be2824c2ed5b02""",bilinear_uv_temperature,43.64515,78.535604
2,2026-02-16T18:00:00+00:00,2026-02-16T12:00:00+00:00,2026-02-16T19:00:00+00:00,1,6.74175256954681,4.28975218527944,73.67081306586229,2026-02-16T15:48:27+00:00,7,gfs.20260216/12/atmos/gfs.t12z.pgrb2.0p25.f007,"""6d969a675917f026d9be2824c2ed5b02""",bilinear_uv_temperature,43.643198,78.538828
1,2026-02-16T18:00:00+00:00,2026-02-16T12:00:00+00:00,2026-02-16T20:00:00+00:00,2,6.350755084488533,4.2719886755580205,81.51640707500108,2026-02-16T15:48:55+00:00,8,gfs.20260216/12/atmos/gfs.t12z.pgrb2.0p25.f008,"""99c19d9b11d8a043dfb002f9d64003a5""",bilinear_uv_temperature,43.64515,78.535604
2,2026-02-16T18:00:00+00:00,2026-02-16T12:00:00+00:00,2026-02-16T20:00:00+00:00,2,6.303756036079554,4.256645119863947,82.00771737843704,2026-02-16T15:48:55+00:00,8,gfs.20260216/12/atmos/gfs.t12z.pgrb2.0p25.f008,"""99c19d9b11d8a043dfb002f9d64003a5""",bilinear_uv_temperature,43.643198,78.538828
1,2026-02-16T18:00:00+00:00,2026-02-16T12:00:00+00:00,2026-02-16T21:00:00+00:00,3,5.982747126549978,4.11463191397803,81.28463700612667,2026-02-16T15:49:20+00:00,9,gfs.20260216/12/atmos/gfs.t12z.pgrb2.0p25.f009,"""0165ad3cec2b91e6a09dbe6778beaecf""",bilinear_uv_temperature,43.64515,78.535604
2,2026-02-16T18:00:00+00:00,2026-02-16T12:00:00+00:00,2026-02-16T21:00:00+00:00,3,5.911074902167903,4.093273226584756,81.89419026082135,2026-02-16T15:49:20+00:00,9,gfs.20260216/12/atmos/gfs.t12z.pgrb2.0p25.f009,"""0165ad3cec2b91e6a09dbe6778beaecf""",bilinear_uv_temperature,43.643198,78.538828
1,2026-02-16T18:00:00+00:00,2026-02-16T12:00:00+00:00,2026-02-16T22:00:00+00:00,4,5.151149577325504,4.089738899226006,70.78939388033278,2026-02-16T15:49:37+00:00,10,gfs.20260216/12/atmos/gfs.t12z.pgrb2.0p25.f010,"""d7d60238a69275419cf47d7008b05fb9""",bilinear_uv_temperature,43.64515,78.535604
2,2026-02-16T18:00:00+00:00,2026-02-16T12:00:00+00:00,2026-02-16T22:00:00+00:00,4,5.072134777524902,4.062777186724247,71.4002452386465,2026-02-16T15:49:37+00:00,10,gfs.20260216/12/atmos/gfs.t12z.pgrb2.0p25.f010,"""d7d60238a69275419cf47d7008b05fb9""",bilinear_uv_temperature,43.643198,78.538828
1,2026-02-16T18:00:00+00:00,2026-02-16T12:00:00+00:00,2026-02-16T23:00:00+00:00,5,4.762041606318555,3.7851136649120463,61.24762800907311,2026-02-16T15:35:30+00:00,11,gfs.20260216/12/atmos/gfs.t12z.pgrb2.0p25.f011,"""39a37797b3029c05b2e86230df871cdb""",bilinear_uv_temperature,43.64515,78.535604
2,2026-02-16T18:00:00+00:00,2026-02-16T12:00:00+00:00,2026-02-16T23:00:00+00:00,5,4.695791053293305,3.7559359802989434,61.569576711754976,2026-02-16T15:35:30+00:00,11,gfs.20260216/12/atmos/gfs.t12z.pgrb2.0p25.f011,"""39a37797b3029c05b2e86230df871cdb""",bilinear_uv_temperature,43.643198,78.538828
1,2026-02-16T18:00:00+00:00,2026-02-16T12:00:00+00:00,2026-02-17T00:00:00+00:00,6,4.918452721533747,3.528741290753999,60.95955053859438,2026-02-16T15:50:17+00:00,12,gfs.20260216/12/atmos/gfs.t12z.pgrb2.0p25.f012,"""74a701bc3c2cec2a0d8183c3ef68264e""",bilinear_uv_temperature,43.64515,78.535604
2,2026-02-16T18:00:00+00:00,2026-02-16T12:00:00+00:00,2026-02-17T00:00:00+00:00,6,4.856521322440081,3.4975108609709764,61.08140271673814,2026-02-16T15:50:17+00:00,12,gfs.20260216/12/atmos/gfs.t12z.pgrb2.0p25.f012,"""74a701bc3c2cec2a0d8183c3ef68264e""",bilinear_uv_temperature,43.643198,78.538828
1,2026-02-16T18:00:00+00:00,2026-02-16T12:00:00+00:00,2026-02-17T01:00:00+00:00,7,3.0894726517620485,3.564544549860045,63.02880565015901,2026-02-16T15:35:44+00:00,13,gfs.20260216/12/atmos/gfs.t12z.pgrb2.0p25.f013,"""9f28c5c2f163f49119b4a2b80a9394f0""",bilinear_uv_temperature,43.64515,78.535604
2,2026-02-16T18:00:00+00:00,2026-02-16T12:00:00+00:00,2026-02-17T01:00:00+00:00,7,3.058199329536909,3.534376136266417,63.003114088896794,2026-02-16T15:35:44+00:00,13,gfs.20260216/12/atmos/gfs.t12z.pgrb2.0p25.f013,"""9f28c5c2f163f49119b4a2b80a9394f0""",bilinear_uv_temperature,43.643198,78.538828
1,2026-02-16T18:00:00+00:00,2026-02-16T12:00:00+00:00,2026-02-17T02:00:00+00:00,8,2.149479139662392,3.4583190391180096,87.67960440783294,2026-02-16T15:50:31+00:00,14,gfs.20260216/12/atmos/gfs.t12z.pgrb2.0p25.f014,"""b1dee9652c0798a3372cc09ed6d3d812""",bilinear_uv_temperature,43.64515,78.535604
2,2026-02-16T18:00:00+00:00,2026-02-16T12:00:00+00:00,2026-02-17T02:00:00+00:00,8,2.1144832330350347,3.4330606053183033,87.70131856019832,2026-02-16T15:50:31+00:00,14,gfs.20260216/12/atmos/gfs.t12z.pgrb2.0p25.f014,"""b1dee9652c0798a3372cc09ed6d3d812""",bilinear_uv_temperature,43.643198,78.538828
1,2026-02-16T18:00:00+00:00,2026-02-16T12:00:00+00:00,2026-02-17T03:00:00+00:00,9,2.5903126049588243,3.882637761028036,65.89280488367145,2026-02-16T15:51:05+00:00,15,gfs.20260216/12/atmos/gfs.t12z.pgrb2.0p25.f015,"""5bc9d8c9f463f28f554bcc3cec419d81""",bilinear_uv_temperature,43.64515,78.535604
2,2026-02-16T18:00:00+00:00,2026-02-16T12:00:00+00:00,2026-02-17T03:00:00+00:00,9,2.5676550811173118,3.8587190306267303,66.31524443024752,2026-02-16T15:51:05+00:00,15,gfs.20260216/12/atmos/gfs.t12z.pgrb2.0p25.f015,"""5bc9d8c9f463f28f554bcc3cec419d81""",bilinear_uv_temperature,43.643198,78.538828
1,2026-02-16T18:00:00+00:00,2026-02-16T12:00:00+00:00,2026-02-17T04:00:00+00:00,10,4.161637802048401,4.08753536561602,77.20359925425542,2026-02-16T15:51:55+00:00,16,gfs.20260216/12/atmos/gfs.t12z.pgrb2.0p25.f016,"""4fa15734aab2b5ba636f7c28480c2a30""",bilinear_uv_temperature,43.64515,78.535604
2,2026-02-16T18:00:00+00:00,2026-02-16T12:00:00+00:00,2026-02-17T04:00:00+00:00,10,4.126400742126764,4.0655628667078645,77.37608029444496,2026-02-16T15:51:55+00:00,16,gfs.20260216/12/atmos/gfs.t12z.pgrb2.0p25.f016,"""4fa15734aab2b5ba636f7c28480c2a30""",bilinear_uv_temperature,43.643198,78.538828
1,2026-02-16T18:00:00+00:00,2026-02-16T12:00:00+00:00,2026-02-17T05:00:00+00:00,11,3.9925707778909585,4.076927799700002,81.24399579922189,2026-02-16T15:37:10+00:00,17,gfs.20260216/12/atmos/gfs.t12z.pgrb2.0p25.f017,"""a46031d9ea4643b955d2fe3a185a295d""",bilinear_uv_temperature,43.64515,78.535604
2,2026-02-16T18:00:00+00:00,2026-02-16T12:00:00+00:00,2026-02-17T05:00:00+00:00,11,3.9493652158852153,4.063183615827995,81.5266543585407,2026-02-16T15:37:10+00:00,17,gfs.20260216/12/atmos/gfs.t12z.pgrb2.0p25.f017,"""a46031d9ea4643b955d2fe3a185a295d""",bilinear_uv_temperature,43.643198,78.538828
1,2026-02-16T18:00:00+00:00,2026-02-16T12:00:00+00:00,2026-02-17T06:00:00+00:00,12,3.5341403372913884,4.431052673602039,78.73244803038828,2026-02-16T15:51:54+00:00,18,gfs.20260216/12/atmos/gfs.t12z.pgrb2.0p25.f018,"""e4b2369ba6a0fcd0c07708f948869609""",bilinear_uv_temperature,43.64515,78.535604
2,2026-02-16T18:00:00+00:00,2026-02-16T12:00:00+00:00,2026-02-17T06:00:00+00:00,12,3.492230844186891,4.4196150133344645,79.13594670560514,2026-02-16T15:51:54+00:00,18,gfs.20260216/12/atmos/gfs.t12z.pgrb2.0p25.f018,"""e4b2369ba6a0fcd0c07708f948869609""",bilinear_uv_temperature,43.643198,78.538828
1,2026-02-16T18:00:00+00:00,2026-02-16T12:00:00+00:00,2026-02-17T07:00:00+00:00,13,3.583996721418088,4.560366980772017,72.26896220769771,2026-02-16T15:52:05+00:00,19,gfs.20260216/12/atmos/gfs.t12z.pgrb2.0p25.f019,"""393a1f6f0e8535e3fc1038a4c0037708""",bilinear_uv_temperature,43.64515,78.535604
2,2026-02-16T18:00:00+00:00,2026-02-16T12:00:00+00:00,2026-02-17T07:00:00+00:00,13,3.5401132045309405,4.545843468805344,72.63662877272594,2026-02-16T15:52:05+00:00,19,gfs.20260216/12/atmos/gfs.t12z.pgrb2.0p25.f019,"""393a1f6f0e8535e3fc1038a4c0037708""",bilinear_uv_temperature,43.643198,78.538828
1,2026-02-16T18:00:00+00:00,2026-02-16T12:00:00+00:00,2026-02-17T08:00:00+00:00,14,4.071266151479035,4.669350667408025,71.9687111414501,2026-02-16T15:37:25+00:00,20,gfs.20260216/12/atmos/gfs.t12z.pgrb2.0p25.f020,"""9716a17690fbe4e5ed1e58bef0e79bbe""",bilinear_uv_temperature,43.64515,78.535604
2,2026-02-16T18:00:00+00:00,2026-02-16T12:00:00+00:00,2026-02-17T08:00:00+00:00,14,4.018337384602895,4.651878199457997,72.26203304645358,2026-02-16T15:37:25+00:00,20,gfs.20260216/12/atmos/gfs.t12z.pgrb2.0p25.f020,"""9716a17690fbe4e5ed1e58bef0e79bbe""",bilinear_uv_temperature,43.643198,78.538828
1,2026-02-16T18:00:00+00:00,2026-02-16T12:00:00+00:00,2026-02-17T09:00:00+00:00,15,4.544461362506542,4.928254124755995,69.40024082307302,2026-02-16T15:52:47+00:00,21,gfs.20260216/12/atmos/gfs.t12z.pgrb2.0p25.f021,"""0ea73b7f5f239d616fe8fe8bb1385228""",bilinear_uv_temperature,43.64515,78.535604
2,2026-02-16T18:00:00+00:00,2026-02-16T12:00:00+00:00,2026-02-17T09:00:00+00:00,15,4.492062007708904,4.90927609320147,69.64698807480005,2026-02-16T15:52:47+00:00,21,gfs.20260216/12/atmos/gfs.t12z.pgrb2.0p25.f021,"""0ea73b7f5f239d616fe8fe8bb1385228""",bilinear_uv_temperature,43.643198,78.538828
1,2026-02-16T18:00:00+00:00,2026-02-16T12:00:00+00:00,2026-02-17T10:00:00+00:00,16,5.279077801793099,5.20770880993399,71.52165068121779,2026-02-16T15:38:02+00:00,22,gfs.20260216/12/atmos/gfs.t12z.pgrb2.0p25.f022,"""11f038f024c999fdcc8aa96561814e97""",bilinear_uv_temperature,43.64515,78.535604
2,2026-02-16T18:00:00+00:00,2026-02-16T12:00:00+00:00,2026-02-17T10:00:00+00:00,16,5.2238711218855105,5.190674266474218,71.77645943317336,2026-02-16T15:38:02+00:00,22,gfs.20260216/12/atmos/gfs.t12z.pgrb2.0p25.f022,"""11f038f024c999fdcc8aa96561814e97""",bilinear_uv_temperature,43.643198,78.538828
1,2026-02-16T18:00:00+00:00,2026-02-16T12:00:00+00:00,2026-02-17T11:00:00+00:00,17,6.022927398096255,5.194909396414005,67.4570131615565,2026-02-16T15:52:58+00:00,23,gfs.20260216/12/atmos/gfs.t12z.pgrb2.0p25.f023,"""bfd98e2be1485e672380529b5154e078""",bilinear_uv_temperature,43.64515,78.535604
2,2026-02-16T18:00:00+00:00,2026-02-16T12:00:00+00:00,2026-02-17T11:00:00+00:00,17,5.958480859184434,5.179359790029366,67.70906922670056,2026-02-16T15:52:58+00:00,23,gfs.20260216/12/atmos/gfs.t12z.pgrb2.0p25.f023,"""bfd98e2be1485e672380529b5154e078""",bilinear_uv_temperature,43.643198,78.538828
1,2026-02-16T18:00:00+00:00,2026-02-16T12:00:00+00:00,2026-02-17T12:00:00+00:00,18,6.551991302238546,4.75676488067603,67.9605392689,2026-02-16T15:53:37+00:00,24,gfs.20260216/12/atmos/gfs.t12z.pgrb2.0p25.f024,"""63dfb42b3c1829d598ab0e772e762910""",bilinear_uv_temperature,43.64515,78.535604
2,2026-02-16T18:00:00+00:00,2026-02-16T12:00:00+00:00,2026-02-17T12:00:00+00:00,18,6.47757703601362,4.74088851742232,68.28770926121797,2026-02-16T15:53:37+00:00,24,gfs.20260216/12/atmos/gfs.t12z.pgrb2.0p25.f024,"""63dfb42b3c1829d598ab0e772e762910""",bilinear_uv_temperature,43.643198,78.538828
1,2026-02-16T18:00:00+00:00,2026-02-16T12:00:00+00:00,2026-02-17T13:00:00+00:00,19,7.403961880958506,4.485436443614049,69.28885633378682,2026-02-16T15:53:36+00:00,25,gfs.20260216/12/atmos/gfs.t12z.pgrb2.0p25.f025,"""ffc6d06bc0cac6af31a8327a87045a19""",bilinear_uv_temperature,43.64515,78.535604
2,2026-02-16T18:00:00+00:00,2026-02-16T12:00:00+00:00,2026-02-17T13:00:00+00:00,19,7.313883193091585,4.468535293357434,69.63730515419438,2026-02-16T15:53:36+00:00,25,gfs.20260216/12/atmos/gfs.t12z.pgrb2.0p25.f025,"""ffc6d06bc0cac6af31a8327a87045a19""",bilinear_uv_temperature,43.643198,78.538828
1,2026-02-16T18:00:00+00:00,2026-02-16T12:00:00+00:00,2026-02-17T14:00:00+00:00,20,7.871823028681695,4.386135824842029,71.97839422433394,2026-02-16T15:53:47+00:00,26,gfs.20260216/12/atmos/gfs.t12z.pgrb2.0p25.f026,"""7e46c05b15e9182b90db7b23262bf897""",bilinear_uv_temperature,43.64515,78.535604
2,2026-02-16T18:00:00+00:00,2026-02-16T12:00:00+00:00,2026-02-17T14:00:00+00:00,20,7.771355586756537,4.364663693432135,72.36276372370946,2026-02-16T15:53:47+00:00,26,gfs.20260216/12/atmos/gfs.t12z.pgrb2.0p25.f026,"""7e46c05b15e9182b90db7b23262bf897""",bilinear_uv_temperature,43.643198,78.538828
1,2026-02-16T18:00:00+00:00,2026-02-16T12:00:00+00:00,2026-02-17T15:00:00+00:00,21,8.144514758840488,4.206984128925967,71.7466745982163,2026-02-16T15:39:48+00:00,27,gfs.20260216/12/atmos/gfs.t12z.pgrb2.0p25.f027,"""9ad6cfd0af766ce17d94502d15fb5f85""",bilinear_uv_temperature,43.64515,78.535604
2,2026-02-16T18:00:00+00:00,2026-02-16T12:00:00+00:00,2026-02-17T15:00:00+00:00,21,8.033670834900118,4.182651352552284,72.1810120620482,2026-02-16T15:39:48+00:00,27,gfs.20260216/12/atmos/gfs.t12z.pgrb2.0p25.f027,"""9ad6cfd0af766ce17d94502d15fb5f85""",bilinear_uv_temperature,43.643198,78.538828
1,2026-02-16T18:00:00+00:00,2026-02-16T12:00:00+00:00,2026-02-17T16:00:00+00:00,22,8.577240937365495,3.623481612580008,74.20331540785334,2026-02-16T15:54:37+00:00,28,gfs.20260216/12/atmos/gfs.t12z.pgrb2.0p25.f028,"""831013e0deee4587d3aff2478fae61da""",bilinear_uv_temperature,43.64515,78.535604
2,2026-02-16T18:00:00+00:00,2026-02-16T12:00:00+00:00,2026-02-17T16:00:00+00:00,22,8.460630036140182,3.6024350249192025,74.61279154061896,2026-02-16T15:54:37+00:00,28,gfs.20260216/12/atmos/gfs.t12z.pgrb2.0p25.f028,"""831013e0deee4587d3aff2478fae61da""",bilinear_uv_temperature,43.643198,78.538828
1,2026-02-16T18:00:00+00:00,2026-02-16T12:00:00+00:00,2026-02-17T17:00:00+00:00,23,7.976353292638116,3.466132005770021,75.94626669419034,2026-02-16T15:39:58+00:00,29,gfs.20260216/12/atmos/gfs.t12z.pgrb2.0p25.f029,"""70b20753b80f4655e312de2d8883ac76""",bilinear_uv_temperature,43.64515,78.535604
2,2026-02-16T18:00:00+00:00,2026-02-16T12:00:00+00:00,2026-02-17T17:00:00+00:00,23,7.871897479449127,3.4382029493348796,76.47372492658376,2026-02-16T15:39:58+00:00,29,gfs.20260216/12/atmos/gfs.t12z.pgrb2.0p25.f029,"""70b20753b80f4655e312de2d8883ac76""",bilinear_uv_temperature,43.643198,78.538828
1,2026-02-16T18:00:00+00:00,2026-02-16T12:00:00+00:00,2026-02-17T18:00:00+00:00,24,7.894003409563608,2.801576636152504,74.34315305830256,2026-02-16T15:55:19+00:00,30,gfs.20260216/12/atmos/gfs.t12z.pgrb2.0p25.f030,"""48a2debf2e61965b04c4cf8532686a9b""",bilinear_uv_temperature,43.64515,78.535604
2,2026-02-16T18:00:00+00:00,2026-02-16T12:00:00+00:00,2026-02-17T18:00:00+00:00,24,7.796087701473284,2.7748037865140986,74.86078535400785,2026-02-16T15:55:19+00:00,30,gfs.20260216/12/atmos/gfs.t12z.pgrb2.0p25.f030,"""48a2debf2e61965b04c4cf8532686a9b""",bilinear_uv_temperature,43.643198,78.538828
1,2026-02-16T18:00:00+00:00,2026-02-16T12:00:00+00:00,2026-02-17T19:00:00+00:00,25,7.732990753562002,2.438976698392537,71.21456396206366,2026-02-16T15:55:05+00:00,31,gfs.20260216/12/atmos/gfs.t12z.pgrb2.0p25.f031,"""e62bde05ddca5206fd1a102b4885139a""",bilinear_uv_temperature,43.64515,78.535604
2,2026-02-16T18:00:00+00:00,2026-02-16T12:00:00+00:00,2026-02-17T19:00:00+00:00,25,7.64081820412506,2.4161766038517385,71.7387050891777,2026-02-16T15:55:05+00:00,31,gfs.20260216/12/atmos/gfs.t12z.pgrb2.0p25.f031,"""e62bde05ddca5206fd1a102b4885139a""",bilinear_uv_temperature,43.643198,78.538828
1,2026-02-16T18:00:00+00:00,2026-02-16T12:00:00+00:00,2026-02-17T20:00:00+00:00,26,8.234621345496139,2.2239541904500015,73.10495497964624,2026-02-16T15:56:02+00:00,32,gfs.20260216/12/atmos/gfs.t12z.pgrb2.0p25.f032,"""8775a7e3c1c8052707d87537efe5e24f""",bilinear_uv_temperature,43.64515,78.535604
2,2026-02-16T18:00:00+00:00,2026-02-16T12:00:00+00:00,2026-02-17T20:00:00+00:00,26,8.143972848225971,2.2047020734580087,73.6015220121035,2026-02-16T15:56:02+00:00,32,gfs.20260216/12/atmos/gfs.t12z.pgrb2.0p25.f032,"""8775a7e3c1c8052707d87537efe5e24f""",bilinear_uv_temperature,43.643198,78.538828
1,2026-02-16T18:00:00+00:00,2026-02-16T12:00:00+00:00,2026-02-17T21:00:00+00:00,27,8.367313988429448,2.0855599589400526,75.2871837491275,2026-02-16T15:41:12+00:00,33,gfs.20260216/12/atmos/gfs.t12z.pgrb2.0p25.f033,"""ec0983ab6ff75085a0e5ab23015c1757""",bilinear_uv_temperature,43.64515,78.535604
2,2026-02-16T18:00:00+00:00,2026-02-16T12:00:00+00:00,2026-02-17T21:00:00+00:00,27,8.275696969261295,2.0669205970456233,75.7258969243018,2026-02-16T15:41:12+00:00,33,gfs.20260216/12/atmos/gfs.t12z.pgrb2.0p25.f033,"""ec0983ab6ff75085a0e5ab23015c1757""",bilinear_uv_temperature,43.643198,78.538828
1,2026-02-16T18:00:00+00:00,2026-02-16T12:00:00+00:00,2026-02-17T22:00:00+00:00,28,8.149639723399094,1.9973226493480638,76.31922938564742,2026-02-16T15:55:42+00:00,34,gfs.20260216/12/atmos/gfs.t12z.pgrb2.0p25.f034,"""b57723e531d4ba762cb70fc006626572""",bilinear_uv_temperature,43.64515,78.535604
2,2026-02-16T18:00:00+00:00,2026-02-16T12:00:00+00:00,2026-02-17T22:00:00+00:00,28,8.050602123922507,1.9788121926235362,76.84707303258324,2026-02-16T15:55:42+00:00,34,gfs.20260216/12/atmos/gfs.t12z.pgrb2.0p25.f034,"""b57723e531d4ba762cb70fc006626572""",bilinear_uv_temperature,43.643198,78.538828
1,2026-02-16T18:00:00+00:00,2026-02-16T12:00:00+00:00,2026-02-17T23:00:00+00:00,29,7.638871025627281,1.8542070744000512,70.80528246679762,2026-02-16T15:55:58+00:00,35,gfs.20260216/12/atmos/gfs.t12z.pgrb2.0p25.f035,"""7d20307c8298c3a91e9a9d1c4c221c74""",bilinear_uv_temperature,43.64515,78.535604
2,2026-02-16T18:00:00+00:00,2026-02-16T12:00:00+00:00,2026-02-17T23:00:00+00:00,29,7.550659546000052,1.837969906656042,71.27113443576621,2026-02-16T15:55:58+00:00,35,gfs.20260216/12/atmos/gfs.t12z.pgrb2.0p25.f035,"""7d20307c8298c3a91e9a9d1c4c221c74""",bilinear_uv_temperature,43.643198,78.538828
1,2026-02-16T18:00:00+00:00,2026-02-16T12:00:00+00:00,2026-02-18T00:00:00+00:00,30,7.717393114346329,1.9629308878460279,80.76741387977926,2026-02-16T15:42:34+00:00,36,gfs.20260216/12/atmos/gfs.t12z.pgrb2.0p25.f036,"""8c3c5cc38e947ec7f41dac1ed4075226""",bilinear_uv_temperature,43.64515,78.535604
2,2026-02-16T18:00:00+00:00,2026-02-16T12:00:00+00:00,2026-02-18T00:00:00+00:00,30,7.63687952884456,1.9484445128930474,81.33108415734611,2026-02-16T15:42:34+00:00,36,gfs.20260216/12/atmos/gfs.t12z.pgrb2.0p25.f036,"""8c3c5cc38e947ec7f41dac1ed4075226""",bilinear_uv_temperature,43.643198,78.538828
1,2026-02-16T18:00:00+00:00,2026-02-16T12:00:00+00:00,2026-02-18T01:00:00+00:00,31,7.172667626408916,1.8334093296560354,78.61381092526662,2026-02-16T15:42:44+00:00,37,gfs.20260216/12/atmos/gfs.t12z.pgrb2.0p25.f037,"""eb9f1ff7b8f4b451101382526855a507""",bilinear_uv_temperature,43.64515,78.535604
2,2026-02-16T18:00:00+00:00,2026-02-16T12:00:00+00:00,2026-02-18T01:00:00+00:00,31,7.091140438205755,1.8205443034775044,79.22793533108312,2026-02-16T15:42:44+00:00,37,gfs.20260216/12/atmos/gfs.t12z.pgrb2.0p25.f037,"""eb9f1ff7b8f4b451101382526855a507""",bilinear_uv_temperature,43.643198,78.538828
1,2026-02-16T18:00:00+00:00,2026-02-16T12:00:00+00:00,2026-02-18T02:00:00+00:00,32,7.928633608149112,1.7817680078200056,72.89403469894057,2026-02-16T15:42:48+00:00,38,gfs.20260216/12/atmos/gfs.t12z.pgrb2.0p25.f038,"""95aba7c51a8f5dfe72cc03927848b3e3""",bilinear_uv_temperature,43.64515,78.535604
2,2026-02-16T18:00:00+00:00,2026-02-16T12:00:00+00:00,2026-02-18T02:00:00+00:00,32,7.838503271233629,1.7668008283768017,73.4363056384687,2026-02-16T15:42:48+00:00,38,gfs.20260216/12/atmos/gfs.t12z.pgrb2.0p25.f038,"""95aba7c51a8f5dfe72cc03927848b3e3""",bilinear_uv_temperature,43.643198,78.538828
1,2026-02-16T18:00:00+00:00,2026-02-16T12:00:00+00:00,2026-02-18T03:00:00+00:00,33,7.862319374774929,2.95642268851401,68.38135183709937,2026-02-16T15:57:53+00:00,39,gfs.20260216/12/atmos/gfs.t12z.pgrb2.0p25.f039,"""7d40d0151f111f610da0dd337daa434b""",bilinear_uv_temperature,43.64515,78.535604
2,2026-02-16T18:00:00+00:00,2026-02-16T12:00:00+00:00,2026-02-18T03:00:00+00:00,33,7.777912496122721,2.945150383633404,68.8872241327911,2026-02-16T15:57:53+00:00,39,gfs.20260216/12/atmos/gfs.t12z.pgrb2.0p25.f039,"""7d40d0151f111f610da0dd337daa434b""",bilinear_uv_temperature,43.643198,78.538828
1,2026-02-16T18:00:00+00:00,2026-02-16T12:00:00+00:00,2026-02-18T04:00:00+00:00,34,8.341247729861978,4.854688660484044,71.8832738697879,2026-02-16T15:57:55+00:00,40,gfs.20260216/12/atmos/gfs.t12z.pgrb2.0p25.f040,"""2fbd26fa8de6808faf6e7ebb08af8ffc""",bilinear_uv_temperature,43.64515,78.535604
2,2026-02-16T18:00:00+00:00,2026-02-16T12:00:00+00:00,2026-02-18T04:00:00+00:00,34,8.253459050676922,4.849968674656225,72.31329859382147,2026-02-16T15:57:55+00:00,40,gfs.20260216/12/atmos/gfs.t12z.pgrb2.0p25.f040,"""2fbd26fa8de6808faf6e7ebb08af8ffc""",bilinear_uv_temperature,43.643198,78.538828
1,2026-02-16T18:00:00+00:00,2026-02-16T12:00:00+00:00,2026-02-18T05:00:00+00:00,35,9.006050380068567,6.884332571329992,75.11328520963316,2026-02-16T15:57:45+00:00,41,gfs.20260216/12/atmos/gfs.t12z.pgrb2.0p25.f041,"""12e79e907b4c312e6f894113d1d5e2bd""",bilinear_uv_temperature,43.64515,78.535604
2,2026-02-16T18:00:00+00:00,2026-02-16T12:00:00+00:00,2026-02-18T05:00:00+00:00,35,8.907067890771376,6.877138463669212,75.54248118884355,2026-02-16T15:57:45+00:00,41,gfs.20260216/12/atmos/gfs.t12z.pgrb2.0p25.f041,"""12e79e907b4c312e6f894113d1d5e2bd""",bilinear_uv_temperature,43.643198,78.538828
1,2026-02-16T18:00:00+00:00,2026-02-16T12:00:00+00:00,2026-02-18T06:00:00+00:00,36,9.357138850993882,8.634806903700053,76.5057719742083,2026-02-16T15:58:22+00:00,42,gfs.20260216/12/atmos/gfs.t12z.pgrb2.0p25.f042,"""cc162f343737248135831b4035af7ca8""",bilinear_uv_temperature,43.64515,78.535604
2,2026-02-16T18:00:00+00:00,2026-02-16T12:00:00+00:00,2026-02-18T06:00:00+00:00,36,9.259106343291435,8.616205573588047,76.92475268347027,2026-02-16T15:58:22+00:00,42,gfs.20260216/12/atmos/gfs.t12z.pgrb2.0p25.f042,"""cc162f343737248135831b4035af7ca8""",bilinear_uv_temperature,43.643198,78.538828
1,2026-02-16T18:00:00+00:00,2026-02-16T12:00:00+00:00,2026-02-18T07:00:00+00:00,37,9.486805869727512,9.86828947926,78.81075143973268,2026-02-16T15:58:08+00:00,43,gfs.20260216/12/atmos/gfs.t12z.pgrb2.0p25.f043,"""c9fde5809877842899f85cf224972376""",bilinear_uv_temperature,43.64515,78.535604
2,2026-02-16T18:00:00+00:00,2026-02-16T12:00:00+00:00,2026-02-18T07:00:00+00:00,37,9.39056131529668,9.841689977922442,79.15553377151811,2026-02-16T15:58:08+00:00,43,gfs.20260216/12/atmos/gfs.t12z.pgrb2.0p25.f043,"""c9fde5809877842899f85cf224972376""",bilinear_uv_temperature,43.643198,78.538828
1,2026-02-16T18:00:00+00:00,2026-02-16T12:00:00+00:00,2026-02-18T08:00:00+00:00,38,9.396185926888123,10.771542768365975,85.11621674693706,2026-02-16T15:58:30+00:00,44,gfs.20260216/12/atmos/gfs.t12z.pgrb2.0p25.f044,"""04508e8a63a74388e985fe46c28ab103""",bilinear_uv_temperature,43.64515,78.535604
2,2026-02-16T18:00:00+00:00,2026-02-16T12:00:00+00:00,2026-02-18T08:00:00+00:00,38,9.306693795005973,10.73738768321789,85.43775992994156,2026-02-16T15:58:30+00:00,44,gfs.20260216/12/atmos/gfs.t12z.pgrb2.0p25.f044,"""04508e8a63a74388e985fe46c28ab103""",bilinear_uv_temperature,43.643198,78.538828
1,2026-02-16T18:00:00+00:00,2026-02-16T12:00:00+00:00,2026-02-18T09:00:00+00:00,39,9.26117436389239,10.905856987928018,85.96330215959651,2026-02-16T15:44:24+00:00,45,gfs.20260216/12/atmos/gfs.t12z.pgrb2.0p25.f045,"""bde22967f9d359b6e83a545486938f89""",bilinear_uv_temperature,43.64515,78.535604
2,2026-02-16T18:00:00+00:00,2026-02-16T12:00:00+00:00,2026-02-18T09:00:00+00:00,39,9.17240111219999,10.872498529782774,86.3216845230104,2026-02-16T15:44:24+00:00,45,gfs.20260216/12/atmos/gfs.t12z.pgrb2.0p25.f045,"""bde22967f9d359b6e83a545486938f89""",bilinear_uv_temperature,43.643198,78.538828
1,2026-02-16T18:00:00+00:00,2026-02-16T12:00:00+00:00,2026-02-18T10:00:00+00:00,40,9.076554013218185,10.940074719151994,85.57483083622,2026-02-16T15:44:16+00:00,46,gfs.20260216/12/atmos/gfs.t12z.pgrb2.0p25.f046,"""d039f2d5ec98636bd3eebad951f61810""",bilinear_uv_temperature,43.64515,78.535604
2,2026-02-16T18:00:00+00:00,2026-02-16T12:00:00+00:00,2026-02-18T10:00:00+00:00,40,8.983702043421223,10.903070976516517,85.94973644970388,2026-02-16T15:44:16+00:00,46,gfs.20260216/12/atmos/gfs.t12z.pgrb2.0p25.f046,"""d039f2d5ec98636bd3eebad951f61810""",bilinear_uv_temperature,43.643198,78.538828
1,2026-02-16T18:00:00+00:00,2026-02-16T12:00:00+00:00,2026-02-18T11:00:00+00:00,41,8.681880310257597,10.041791037697976,80.39299204448193,2026-02-16T15:59:16+00:00,47,gfs.20260216/12/atmos/gfs.t12z.pgrb2.0p25.f047,"""524d87fde73167e79420d280d41459ea""",bilinear_uv_temperature,43.64515,78.535604
2,2026-02-16T18:00:00+00:00,2026-02-16T12:00:00+00:00,2026-02-18T11:00:00+00:00,41,8.585343296672042,10.007981882477509,80.91217487470527,2026-02-16T15:59:16+00:00,47,gfs.20260216/12/atmos/gfs.t12z.pgrb2.0p25.f047,"""524d87fde73167e79420d280d41459ea""",bilinear_uv_temperature,43.643198,78.538828
1,2026-02-16T18:00:00+00:00,2026-02-16T12:00:00+00:00,2026-02-18T12:00:00+00:00,42,9.124308993789153,8.584898612211987,77.39017279058115,2026-02-16T15:59:45+00:00,48,gfs.20260216/12/atmos/gfs.t12z.pgrb2.0p25.f048,"""c359102584f55ab3de027a0ac3a881aa""",bilinear_uv_temperature,43.64515,78.535604
2,2026-02-16T18:00:00+00:00,2026-02-16T12:00:00+00:00,2026-02-18T12:00:00+00:00,42,9.018884775879638,8.550617978350886,77.67884883074463,2026-02-16T15:59:45+00:00,48,gfs.20260216/12/atmos/gfs.t12z.pgrb2.0p25.f048,"""c359102584f55ab3de027a0ac3a881aa""",bilinear_uv_temperature,43.643198,78.538828
1,2026-02-16T18:00:00+00:00,2026-02-16T12:00:00+00:00,2026-02-18T13:00:00+00:00,43,7.803797201236558,7.720193655020012,86.73605642060231,2026-02-16T15:45:20+00:00,49,gfs.20260216/12/atmos/gfs.t12z.pgrb2.0p25.f049,"""3f4f51710bda4a544d86e0574f392f08""",bilinear_uv_temperature,43.64515,78.535604
2,2026-02-16T18:00:00+00:00,2026-02-16T12:00:00+00:00,2026-02-18T13:00:00+00:00,43,7.721572088955805,7.685833331704828,87.23991620479345,2026-02-16T15:45:20+00:00,49,gfs.20260216/12/atmos/gfs.t12z.pgrb2.0p25.f049,"""3f4f51710bda4a544d86e0574f392f08""",bilinear_uv_temperature,43.643198,78.538828
1,2026-02-16T18:00:00+00:00,2026-02-16T12:00:00+00:00,2026-02-18T14:00:00+00:00,44,7.4926565437706145,7.139143696985968,76.79759322822207,2026-02-16T16:00:23+00:00,50,gfs.20260216/12/atmos/gfs.t12z.pgrb2.0p25.f050,"""46caf137cd7801f2c5f30da137f563a7""",bilinear_uv_temperature,43.64515,78.535604
2,2026-02-16T18:00:00+00:00,2026-02-16T12:00:00+00:00,2026-02-18T14:00:00+00:00,44,7.398399314111796,7.106209869386703,77.32342160667866,2026-02-16T16:00:23+00:00,50,gfs.20260216/12/atmos/gfs.t12z.pgrb2.0p25.f050,"""46caf137cd7801f2c5f30da137f563a7""",bilinear_uv_temperature,43.643198,78.538828
1,2026-02-16T18:00:00+00:00,2026-02-16T12:00:00+00:00,2026-02-18T15:00:00+00:00,45,7.3032803085702165,6.660101336959997,80.88165667469606,2026-02-16T16:00:36+00:00,51,gfs.20260216/12/atmos/gfs.t12z.pgrb2.0p25.f051,"""c0d1440ef54ecc5ffa072d76765f2b0f""",bilinear_uv_temperature,43.64515,78.535604
2,2026-02-16T18:00:00+00:00,2026-02-16T12:00:00+00:00,2026-02-18T15:00:00+00:00,45,7.220698400596679,6.629992304870427,81.36762168987602,2026-02-16T16:00:36+00:00,51,gfs.20260216/12/atmos/gfs.t12z.pgrb2.0p25.f051,"""c0d1440ef54ecc5ffa072d76765f2b0f""",bilinear_uv_temperature,43.643198,78.538828
1,2026-02-16T18:00:00+00:00,2026-02-16T12:00:00+00:00,2026-02-18T16:00:00+00:00,46,7.120029262233067,6.124759000558015,73.83137015930542,2026-02-16T16:00:35+00:00,52,gfs.20260216/12/atmos/gfs.t12z.pgrb2.0p25.f052,"""095ba3cbe7433a7f282c299a26b0667c""",bilinear_uv_temperature,43.64515,78.535604
2,2026-02-16T18:00:00+00:00,2026-02-16T12:00:00+00:00,2026-02-18T16:00:00+00:00,46,7.029356287201581,6.101073364863964,74.38260085680659,2026-02-16T16:00:35+00:00,52,gfs.20260216/12/atmos/gfs.t12z.pgrb2.0p25.f052,"""095ba3cbe7433a7f282c299a26b0667c""",bilinear_uv_temperature,43.643198,78.538828
1,2026-02-16T18:00:00+00:00,2026-02-16T12:00:00+00:00,2026-02-18T17:00:00+00:00,47,7.146136794752903,5.609019742620035,72.26876176978178,2026-02-16T16:00:50+00:00,53,gfs.20260216/12/atmos/gfs.t12z.pgrb2.0p25.f053,"""1e42be73a04862e4fca69a672313bcdf""",bilinear_uv_temperature,43.64515,78.535604
2,2026-02-16T18:00:00+00:00,2026-02-16T12:00:00+00:00,2026-02-18T17:00:00+00:00,47,7.05831606723219,5.5907857739288715,72.82770754837351,2026-02-16T16:00:50+00:00,53,gfs.20260216/12/atmos/gfs.t12z.pgrb2.0p25.f053,"""1e42be73a04862e4fca69a672313bcdf""",bilinear_uv_temperature,43.643198,78.538828
1,2026-02-16T18:00:00+00:00,2026-02-16T12:00:00+00:00,2026-02-18T18:00:00+00:00,48,7.371748293524541,5.236119186717531,72.60793766260846,2026-02-16T16:01:08+00:00,54,gfs.20260216/12/atmos/gfs.t12z.pgrb2.0p25.f054,"""60dcce0002a99daac1c074daa0f5ea7d""",bilinear_uv_temperature,43.64515,78.535604
2,2026-02-16T18:00:00+00:00,2026-02-16T12:00:00+00:00,2026-02-18T18:00:00+00:00,48,7.288627687921503,5.2208057214247106,73.05491164345523,2026-02-16T16:01:08+00:00,54,gfs.20260216/12/atmos/gfs.t12z.pgrb2.0p25.f054,"""60dcce0002a99daac1c074daa0f5ea7d""",bilinear_uv_temperature,43.643198,78.538828
1,2026-02-17T18:00:00+00:00,2026-02-17T12:00:00+00:00,2026-02-17T19:00:00+00:00,1,7.634350410798323,3.4442854521250297,72.15793622382593,2026-02-17T15:49:32+00:00,7,gfs.20260217/12/atmos/gfs.t12z.pgrb2.0p25.f007,"""607d0be81d954c8712f77fc1c3982299""",bilinear_uv_temperature,43.64515,78.535604
2,2026-02-17T18:00:00+00:00,2026-02-17T12:00:00+00:00,2026-02-17T19:00:00+00:00,1,7.5399473815154305,3.419108305885061,72.64810420594263,2026-02-17T15:49:32+00:00,7,gfs.20260217/12/atmos/gfs.t12z.pgrb2.0p25.f007,"""607d0be81d954c8712f77fc1c3982299""",bilinear_uv_temperature,43.643198,78.538828
1,2026-02-17T18:00:00+00:00,2026-02-17T12:00:00+00:00,2026-02-17T20:00:00+00:00,2,7.497820792320386,3.0658917321600256,71.1825154586009,2026-02-17T15:49:47+00:00,8,gfs.20260217/12/atmos/gfs.t12z.pgrb2.0p25.f008,"""b51bf88a45cf7a0bf060daabf40adeff""",bilinear_uv_temperature,43.64515,78.535604
2,2026-02-17T18:00:00+00:00,2026-02-17T12:00:00+00:00,2026-02-17T20:00:00+00:00,2,7.412117835923701,3.0436350893184567,71.6062726642907,2026-02-17T15:49:47+00:00,8,gfs.20260217/12/atmos/gfs.t12z.pgrb2.0p25.f008,"""b51bf88a45cf7a0bf060daabf40adeff""",bilinear_uv_temperature,43.643198,78.538828
1,2026-02-17T18:00:00+00:00,2026-02-17T12:00:00+00:00,2026-02-17T21:00:00+00:00,3,7.717657111885929,2.8041668339400303,75.09761072624578,2026-02-17T15:50:02+00:00,9,gfs.20260217/12/atmos/gfs.t12z.pgrb2.0p25.f009,"""4f626a12e367aa117dc3b5265caacc0e""",bilinear_uv_temperature,43.64515,78.535604
2,2026-02-17T18:00:00+00:00,2026-02-17T12:00:00+00:00,2026-02-17T21:00:00+00:00,3,7.626755796889687,2.784746672045628,75.56950914160305,2026-02-17T15:50:02+00:00,9,gfs.20260217/12/atmos/gfs.t12z.pgrb2.0p25.f009,"""4f626a12e367aa117dc3b5265caacc0e""",bilinear_uv_temperature,43.643198,78.538828
1,2026-02-17T18:00:00+00:00,2026-02-17T12:00:00+00:00,2026-02-17T22:00:00+00:00,4,7.5683498494064585,2.663876519374014,71.75094647499891,2026-02-17T15:50:14+00:00,10,gfs.20260217/12/atmos/gfs.t12z.pgrb2.0p25.f010,"""0541b69d09f32b2667a510566dcc4451""",bilinear_uv_temperature,43.64515,78.535604
2,2026-02-17T18:00:00+00:00,2026-02-17T12:00:00+00:00,2026-02-17T22:00:00+00:00,4,7.4776983729379465,2.6484884671398277,72.26764557722592,2026-02-17T15:50:14+00:00,10,gfs.20260217/12/atmos/gfs.t12z.pgrb2.0p25.f010,"""0541b69d09f32b2667a510566dcc4451""",bilinear_uv_temperature,43.643198,78.538828
1,2026-02-17T18:00:00+00:00,2026-02-17T12:00:00+00:00,2026-02-17T23:00:00+00:00,5,8.240736619943524,2.566157150238041,72.96640657846729,2026-02-17T15:50:40+00:00,11,gfs.20260217/12/atmos/gfs.t12z.pgrb2.0p25.f011,"""8d234c61f259d827eed531297b553889""",bilinear_uv_temperature,43.64515,78.535604
2,2026-02-17T18:00:00+00:00,2026-02-17T12:00:00+00:00,2026-02-17T23:00:00+00:00,5,8.149403837881774,2.5481078139871443,73.3786750572034,2026-02-17T15:50:40+00:00,11,gfs.20260217/12/atmos/gfs.t12z.pgrb2.0p25.f011,"""8d234c61f259d827eed531297b553889""",bilinear_uv_temperature,43.643198,78.538828
1,2026-02-17T18:00:00+00:00,2026-02-17T12:00:00+00:00,2026-02-18T00:00:00+00:00,6,7.889333901137615,2.90793878876201,74.0945182369286,2026-02-17T15:50:55+00:00,12,gfs.20260217/12/atmos/gfs.t12z.pgrb2.0p25.f012,"""aa069c6da283f9bb2d9a43aa85d57f64""",bilinear_uv_temperature,43.64515,78.535604
2,2026-02-17T18:00:00+00:00,2026-02-17T12:00:00+00:00,2026-02-18T00:00:00+00:00,6,7.7990458780047005,2.888675298772853,74.59110688272239,2026-02-17T15:50:55+00:00,12,gfs.20260217/12/atmos/gfs.t12z.pgrb2.0p25.f012,"""aa069c6da283f9bb2d9a43aa85d57f64""",bilinear_uv_temperature,43.643198,78.538828
1,2026-02-17T18:00:00+00:00,2026-02-17T12:00:00+00:00,2026-02-18T01:00:00+00:00,7,8.002604318440646,3.021898725806011,76.11681827710956,2026-02-17T15:51:00+00:00,13,gfs.20260217/12/atmos/gfs.t12z.pgrb2.0p25.f013,"""7162b09f25d3e6c65460b57ea048ed14""",bilinear_uv_temperature,43.64515,78.535604
2,2026-02-17T18:00:00+00:00,2026-02-17T12:00:00+00:00,2026-02-18T01:00:00+00:00,7,7.906052296393826,3.0025031850034907,76.61263092236835,2026-02-17T15:51:00+00:00,13,gfs.20260217/12/atmos/gfs.t12z.pgrb2.0p25.f013,"""7162b09f25d3e6c65460b57ea048ed14""",bilinear_uv_temperature,43.643198,78.538828
1,2026-02-17T18:00:00+00:00,2026-02-17T12:00:00+00:00,2026-02-18T02:00:00+00:00,8,8.171946281332701,2.9219068575899882,73.30403091038235,2026-02-17T15:51:17+00:00,14,gfs.20260217/12/atmos/gfs.t12z.pgrb2.0p25.f014,"""9c2576f687379d11be2ab2b128e9cdc8""",bilinear_uv_temperature,43.64515,78.535604
2,2026-02-17T18:00:00+00:00,2026-02-17T12:00:00+00:00,2026-02-18T02:00:00+00:00,8,8.073594452102828,2.8981872210716233,73.81130903606966,2026-02-17T15:51:17+00:00,14,gfs.20260217/12/atmos/gfs.t12z.pgrb2.0p25.f014,"""9c2576f687379d11be2ab2b128e9cdc8""",bilinear_uv_temperature,43.643198,78.538828
1,2026-02-17T18:00:00+00:00,2026-02-17T12:00:00+00:00,2026-02-18T03:00:00+00:00,9,7.849560817991955,3.633895852798048,66.07687647870696,2026-02-17T15:51:33+00:00,15,gfs.20260217/12/atmos/gfs.t12z.pgrb2.0p25.f015,"""d58f610eec45ab14d835252e1b5a3fa5""",bilinear_uv_temperature,43.64515,78.535604
2,2026-02-17T18:00:00+00:00,2026-02-17T12:00:00+00:00,2026-02-18T03:00:00+00:00,9,7.750513779381225,3.6194213722015434,66.599587026528,2026-02-17T15:51:33+00:00,15,gfs.20260217/12/atmos/gfs.t12z.pgrb2.0p25.f015,"""d58f610eec45ab14d835252e1b5a3fa5""",bilinear_uv_temperature,43.643198,78.538828
1,2026-02-17T18:00:00+00:00,2026-02-17T12:00:00+00:00,2026-02-18T04:00:00+00:00,10,8.765367993576799,4.894281738613984,68.29883634259816,2026-02-17T15:51:43+00:00,16,gfs.20260217/12/atmos/gfs.t12z.pgrb2.0p25.f016,"""23060fc17cb262a6f341a4c677e7bc06""",bilinear_uv_temperature,43.64515,78.535604
2,2026-02-17T18:00:00+00:00,2026-02-17T12:00:00+00:00,2026-02-18T04:00:00+00:00,10,8.664040558960039,4.887438828357347,68.67616885174807,2026-02-17T15:51:43+00:00,16,gfs.20260217/12/atmos/gfs.t12z.pgrb2.0p25.f016,"""23060fc17cb262a6f341a4c677e7bc06""",bilinear_uv_temperature,43.643198,78.538828
1,2026-02-17T18:00:00+00:00,2026-02-17T12:00:00+00:00,2026-02-18T05:00:00+00:00,11,9.23185674213764,6.918631138083981,73.6982888535163,2026-02-17T15:51:59+00:00,17,gfs.20260217/12/atmos/gfs.t12z.pgrb2.0p25.f017,"""cef3369e7fbf6555bdf3d676007718ed""",bilinear_uv_temperature,43.64515,78.535604
2,2026-02-17T18:00:00+00:00,2026-02-17T12:00:00+00:00,2026-02-18T05:00:00+00:00,11,9.125906934441304,6.913252226880218,74.0780332823387,2026-02-17T15:51:59+00:00,17,gfs.20260217/12/atmos/gfs.t12z.pgrb2.0p25.f017,"""cef3369e7fbf6555bdf3d676007718ed""",bilinear_uv_temperature,43.643198,78.538828
1,2026-02-17T18:00:00+00:00,2026-02-17T12:00:00+00:00,2026-02-18T06:00:00+00:00,12,9.291186646641533,8.856542785692,75.19887130837854,2026-02-17T15:37:35+00:00,18,gfs.20260217/12/atmos/gfs.t12z.pgrb2.0p25.f018,"""764ed4d9d0ae18682cf4b8f759e10dd4""",bilinear_uv_temperature,43.64515,78.535604
2,2026-02-17T18:00:00+00:00,2026-02-17T12:00:00+00:00,2026-02-18T06:00:00+00:00,12,9.193237311191833,8.83958475578612,75.61433821007999,2026-02-17T15:37:35+00:00,18,gfs.20260217/12/atmos/gfs.t12z.pgrb2.0p25.f018,"""764ed4d9d0ae18682cf4b8f759e10dd4""",bilinear_uv_temperature,43.643198,78.538828
1,2026-02-17T18:00:00+00:00,2026-02-17T12:00:00+00:00,2026-02-18T07:00:00+00:00,13,9.321242005947632,10.199525978162,83.34645804028108,2026-02-17T15:52:41+00:00,19,gfs.20260217/12/atmos/gfs.t12z.pgrb2.0p25.f019,"""caeaf872db7b2d088df087c4518f4b0c""",bilinear_uv_temperature,43.64515,78.535604
2,2026-02-17T18:00:00+00:00,2026-02-17T12:00:00+00:00,2026-02-18T07:00:00+00:00,13,9.233251757407913,10.166153000428892,83.72357827336593,2026-02-17T15:52:41+00:00,19,gfs.20260217/12/atmos/gfs.t12z.pgrb2.0p25.f019,"""caeaf872db7b2d088df087c4518f4b0c""",bilinear_uv_temperature,43.643198,78.538828
1,2026-02-17T18:00:00+00:00,2026-02-17T12:00:00+00:00,2026-02-18T08:00:00+00:00,14,9.163344751412275,11.000003158566017,86.98939127637557,2026-02-17T15:52:46+00:00,20,gfs.20260217/12/atmos/gfs.t12z.pgrb2.0p25.f020,"""5b2322d1f8af4d8041304a1749279820""",bilinear_uv_temperature,43.64515,78.535604
2,2026-02-17T18:00:00+00:00,2026-02-17T12:00:00+00:00,2026-02-18T08:00:00+00:00,14,9.077714119851818,10.960213742665871,87.41459514352772,2026-02-17T15:52:46+00:00,20,gfs.20260217/12/atmos/gfs.t12z.pgrb2.0p25.f020,"""5b2322d1f8af4d8041304a1749279820""",bilinear_uv_temperature,43.643198,78.538828
1,2026-02-17T18:00:00+00:00,2026-02-17T12:00:00+00:00,2026-02-18T09:00:00+00:00,15,9.25450743278124,11.381749438413976,85.07301320386333,2026-02-17T15:53:38+00:00,21,gfs.20260217/12/atmos/gfs.t12z.pgrb2.0p25.f021,"""4a9b19c5604a1c10a8eb317f4b4f18dd""",bilinear_uv_temperature,43.64515,78.535604
2,2026-02-17T18:00:00+00:00,2026-02-17T12:00:00+00:00,2026-02-18T09:00:00+00:00,15,9.161141516925309,11.342029178909343,85.43362811342024,2026-02-17T15:53:38+00:00,21,gfs.20260217/12/atmos/gfs.t12z.pgrb2.0p25.f021,"""4a9b19c5604a1c10a8eb317f4b4f18dd""",bilinear_uv_temperature,43.643198,78.538828
1,2026-02-17T18:00:00+00:00,2026-02-17T12:00:00+00:00,2026-02-18T10:00:00+00:00,16,9.277205023296329,11.304784200068013,86.27165559566826,2026-02-17T15:53:48+00:00,22,gfs.20260217/12/atmos/gfs.t12z.pgrb2.0p25.f022,"""251dd8d35328f747d1ebe4dcb4869ef1""",bilinear_uv_temperature,43.64515,78.535604
2,2026-02-17T18:00:00+00:00,2026-02-17T12:00:00+00:00,2026-02-18T10:00:00+00:00,16,9.183618200525217,11.262705102396296,86.59978365328219,2026-02-17T15:53:48+00:00,22,gfs.20260217/12/atmos/gfs.t12z.pgrb2.0p25.f022,"""251dd8d35328f747d1ebe4dcb4869ef1""",bilinear_uv_temperature,43.643198,78.538828
1,2026-02-17T18:00:00+00:00,2026-02-17T12:00:00+00:00,2026-02-18T11:00:00+00:00,17,8.897076757068149,10.313921580836052,85.30888825614488,2026-02-17T15:53:32+00:00,23,gfs.20260217/12/atmos/gfs.t12z.pgrb2.0p25.f023,"""7751999b6679f4de356db19665c2f5e6""",bilinear_uv_temperature,43.64515,78.535604
2,2026-02-17T18:00:00+00:00,2026-02-17T12:00:00+00:00,2026-02-18T11:00:00+00:00,17,8.804537603798234,10.274550907860714,85.72833668343326,2026-02-17T15:53:32+00:00,23,gfs.20260217/12/atmos/gfs.t12z.pgrb2.0p25.f023,"""7751999b6679f4de356db19665c2f5e6""",bilinear_uv_temperature,43.643198,78.538828
1,2026-02-17T18:00:00+00:00,2026-02-17T12:00:00+00:00,2026-02-18T12:00:00+00:00,18,8.281728138466974,8.805061297902057,85.3747894892721,2026-02-17T15:39:42+00:00,24,gfs.20260217/12/atmos/gfs.t12z.pgrb2.0p25.f024,"""d7269ec6b176be8fcfce785ff33746ee""",bilinear_uv_temperature,43.64515,78.535604
2,2026-02-17T18:00:00+00:00,2026-02-17T12:00:00+00:00,2026-02-18T12:00:00+00:00,18,8.187208224736837,8.762567315266494,85.75668466907199,2026-02-17T15:39:42+00:00,24,gfs.20260217/12/atmos/gfs.t12z.pgrb2.0p25.f024,"""d7269ec6b176be8fcfce785ff33746ee""",bilinear_uv_temperature,43.643198,78.538828
1,2026-02-17T18:00:00+00:00,2026-02-17T12:00:00+00:00,2026-02-18T13:00:00+00:00,19,7.150459575457904,7.86794524096598,87.7072407486837,2026-02-17T15:54:19+00:00,25,gfs.20260217/12/atmos/gfs.t12z.pgrb2.0p25.f025,"""51a41b2bfd5a860a2f3a759e3d3e6e00""",bilinear_uv_temperature,43.64515,78.535604
2,2026-02-17T18:00:00+00:00,2026-02-17T12:00:00+00:00,2026-02-18T13:00:00+00:00,19,7.0781338147418635,7.828301470441886,88.31169975274392,2026-02-17T15:54:19+00:00,25,gfs.20260217/12/atmos/gfs.t12z.pgrb2.0p25.f025,"""51a41b2bfd5a860a2f3a759e3d3e6e00""",bilinear_uv_temperature,43.643198,78.538828
1,2026-02-17T18:00:00+00:00,2026-02-17T12:00:00+00:00,2026-02-18T14:00:00+00:00,20,7.697742561424059,7.354023549998033,78.25158647856321,2026-02-17T15:54:54+00:00,26,gfs.20260217/12/atmos/gfs.t12z.pgrb2.0p25.f026,"""36cc44c0f4040b4f9696a2b7e3023738""",bilinear_uv_temperature,43.64515,78.535604
2,2026-02-17T18:00:00+00:00,2026-02-17T12:00:00+00:00,2026-02-18T14:00:00+00:00,20,7.607550450870193,7.31887144552951,78.68229430379168,2026-02-17T15:54:54+00:00,26,gfs.20260217/12/atmos/gfs.t12z.pgrb2.0p25.f026,"""36cc44c0f4040b4f9696a2b7e3023738""",bilinear_uv_temperature,43.643198,78.538828
1,2026-02-17T18:00:00+00:00,2026-02-17T12:00:00+00:00,2026-02-18T15:00:00+00:00,21,7.486330513514136,6.729741098258046,75.53155411965405,2026-02-17T15:55:09+00:00,27,gfs.20260217/12/atmos/gfs.t12z.pgrb2.0p25.f027,"""e77fe6bb52b2b84e24cdc3bda9ccdf9c""",bilinear_uv_temperature,43.64515,78.535604
2,2026-02-17T18:00:00+00:00,2026-02-17T12:00:00+00:00,2026-02-18T15:00:00+00:00,21,7.391511530333365,6.698684171811976,76.01219590676315,2026-02-17T15:55:09+00:00,27,gfs.20260217/12/atmos/gfs.t12z.pgrb2.0p25.f027,"""e77fe6bb52b2b84e24cdc3bda9ccdf9c""",bilinear_uv_temperature,43.643198,78.538828
1,2026-02-17T18:00:00+00:00,2026-02-17T12:00:00+00:00,2026-02-18T16:00:00+00:00,22,7.5944303838610745,6.3380098803500005,70.28216354659797,2026-02-17T15:55:02+00:00,28,gfs.20260217/12/atmos/gfs.t12z.pgrb2.0p25.f028,"""a040b43959606278d77dfba388805c2b""",bilinear_uv_temperature,43.64515,78.535604
2,2026-02-17T18:00:00+00:00,2026-02-17T12:00:00+00:00,2026-02-18T16:00:00+00:00,22,7.500891485311159,6.314627568734011,70.68293696265876,2026-02-17T15:55:02+00:00,28,gfs.20260217/12/atmos/gfs.t12z.pgrb2.0p25.f028,"""a040b43959606278d77dfba388805c2b""",bilinear_uv_temperature,43.643198,78.538828
1,2026-02-17T18:00:00+00:00,2026-02-17T12:00:00+00:00,2026-02-18T17:00:00+00:00,23,7.13420827898376,6.034069078080051,72.5958008093416,2026-02-17T15:55:39+00:00,29,gfs.20260217/12/atmos/gfs.t12z.pgrb2.0p25.f029,"""8b67444458721bacabff0be5eb70bf33""",bilinear_uv_temperature,43.64515,78.535604
2,2026-02-17T18:00:00+00:00,2026-02-17T12:00:00+00:00,2026-02-18T17:00:00+00:00,23,7.0428857715563975,6.017752183539244,73.14332428594729,2026-02-17T15:55:39+00:00,29,gfs.20260217/12/atmos/gfs.t12z.pgrb2.0p25.f029,"""8b67444458721bacabff0be5eb70bf33""",bilinear_uv_temperature,43.643198,78.538828
1,2026-02-17T18:00:00+00:00,2026-02-17T12:00:00+00:00,2026-02-18T18:00:00+00:00,24,7.806488538840243,5.796658139017552,76.23618743930719,2026-02-17T15:55:58+00:00,30,gfs.20260217/12/atmos/gfs.t12z.pgrb2.0p25.f030,"""1e5dd224bf34e4438640bda40a2951b6""",bilinear_uv_temperature,43.64515,78.535604
2,2026-02-17T18:00:00+00:00,2026-02-17T12:00:00+00:00,2026-02-18T18:00:00+00:00,24,7.711951100673705,5.785534844476729,76.70898284115476,2026-02-17T15:55:58+00:00,30,gfs.20260217/12/atmos/gfs.t12z.pgrb2.0p25.f030,"""1e5dd224bf34e4438640bda40a2951b6""",bilinear_uv_temperature,43.643198,78.538828
1,2026-02-17T18:00:00+00:00,2026-02-17T12:00:00+00:00,2026-02-18T19:00:00+00:00,25,7.662239455269977,5.301332113280068,70.34174221644015,2026-02-17T15:55:42+00:00,31,gfs.20260217/12/atmos/gfs.t12z.pgrb2.0p25.f031,"""9f5c31eb699941eeed041fabd2bf8534""",bilinear_uv_temperature,43.64515,78.535604
2,2026-02-17T18:00:00+00:00,2026-02-17T12:00:00+00:00,2026-02-18T19:00:00+00:00,25,7.560816488575204,5.2917210479872665,70.83962288823913,2026-02-17T15:55:42+00:00,31,gfs.20260217/12/atmos/gfs.t12z.pgrb2.0p25.f031,"""9f5c31eb699941eeed041fabd2bf8534""",bilinear_uv_temperature,43.643198,78.538828
1,2026-02-17T18:00:00+00:00,2026-02-17T12:00:00+00:00,2026-02-18T20:00:00+00:00,26,7.580582379588946,4.9930786003025105,71.88708330483183,2026-02-17T15:55:54+00:00,32,gfs.20260217/12/atmos/gfs.t12z.pgrb2.0p25.f032,"""8f4567ceae5efbc9ee8fc3c283079f8d""",bilinear_uv_temperature,43.64515,78.535604
2,2026-02-17T18:00:00+00:00,2026-02-17T12:00:00+00:00,2026-02-18T20:00:00+00:00,26,7.489205326128029,4.985147809160139,72.35674559734987,2026-02-17T15:55:54+00:00,32,gfs.20260217/12/atmos/gfs.t12z.pgrb2.0p25.f032,"""8f4567ceae5efbc9ee8fc3c283079f8d""",bilinear_uv_temperature,43.643198,78.538828
1,2026-02-17T18:00:00+00:00,2026-02-17T12:00:00+00:00,2026-02-18T21:00:00+00:00,27,8.106174268320954,4.922931483939976,75.52934145374857,2026-02-17T15:57:04+00:00,33,gfs.20260217/12/atmos/gfs.t12z.pgrb2.0p25.f033,"""28c0f2d7ef85e5674370e779d64bdd86""",bilinear_uv_temperature,43.64515,78.535604
2,2026-02-17T18:00:00+00:00,2026-02-17T12:00:00+00:00,2026-02-18T21:00:00+00:00,27,8.00407181979068,4.913933722045613,75.92444914168262,2026-02-17T15:57:04+00:00,33,gfs.20260217/12/atmos/gfs.t12z.pgrb2.0p25.f033,"""28c0f2d7ef85e5674370e779d64bdd86""",bilinear_uv_temperature,43.643198,78.538828
1,2026-02-17T18:00:00+00:00,2026-02-17T12:00:00+00:00,2026-02-18T22:00:00+00:00,28,7.714862118088853,4.752967182855059,70.11736250381567,2026-02-17T15:56:34+00:00,34,gfs.20260217/12/atmos/gfs.t12z.pgrb2.0p25.f034,"""00272bee375ff2b8c005108465fe178c""",bilinear_uv_temperature,43.64515,78.535604
2,2026-02-17T18:00:00+00:00,2026-02-17T12:00:00+00:00,2026-02-18T22:00:00+00:00,28,7.610481779222995,4.744359546810244,70.54908070340686,2026-02-17T15:56:34+00:00,34,gfs.20260217/12/atmos/gfs.t12z.pgrb2.0p25.f034,"""00272bee375ff2b8c005108465fe178c""",bilinear_uv_temperature,43.643198,78.538828
1,2026-02-17T18:00:00+00:00,2026-02-17T12:00:00+00:00,2026-02-18T23:00:00+00:00,29,7.618717836241292,4.9263545973340115,75.52051332400153,2026-02-17T15:56:40+00:00,35,gfs.20260217/12/atmos/gfs.t12z.pgrb2.0p25.f035,"""9fa0b5bd5fa6b0fee4351ced437dbebd""",bilinear_uv_temperature,43.64515,78.535604
2,2026-02-17T18:00:00+00:00,2026-02-17T12:00:00+00:00,2026-02-18T23:00:00+00:00,29,7.514894129763907,4.922519139250198,76.00678644037077,2026-02-17T15:56:40+00:00,35,gfs.20260217/12/atmos/gfs.t12z.pgrb2.0p25.f035,"""9fa0b5bd5fa6b0fee4351ced437dbebd""",bilinear_uv_temperature,43.643198,78.538828
1,2026-02-17T18:00:00+00:00,2026-02-17T12:00:00+00:00,2026-02-19T00:00:00+00:00,30,7.719211851110388,4.994513900802019,71.74966177795879,2026-02-17T15:57:29+00:00,36,gfs.20260217/12/atmos/gfs.t12z.pgrb2.0p25.f036,"""555f364268f4a7934f483ef693c3170e""",bilinear_uv_temperature,43.64515,78.535604
2,2026-02-17T18:00:00+00:00,2026-02-17T12:00:00+00:00,2026-02-19T00:00:00+00:00,30,7.612189650960519,4.98964245666258,72.16582241527634,2026-02-17T15:57:29+00:00,36,gfs.20260217/12/atmos/gfs.t12z.pgrb2.0p25.f036,"""555f364268f4a7934f483ef693c3170e""",bilinear_uv_temperature,43.643198,78.538828
1,2026-02-17T18:00:00+00:00,2026-02-17T12:00:00+00:00,2026-02-19T01:00:00+00:00,31,7.159594602389039,4.986543604448059,72.69809784064506,2026-02-17T15:57:15+00:00,37,gfs.20260217/12/atmos/gfs.t12z.pgrb2.0p25.f037,"""2536dd39fbd1ab62289891442678e63a""",bilinear_uv_temperature,43.64515,78.535604
2,2026-02-17T18:00:00+00:00,2026-02-17T12:00:00+00:00,2026-02-19T01:00:00+00:00,31,7.062017830407668,4.984191182347558,73.1404279091592,2026-02-17T15:57:15+00:00,37,gfs.20260217/12/atmos/gfs.t12z.pgrb2.0p25.f037,"""2536dd39fbd1ab62289891442678e63a""",bilinear_uv_temperature,43.643198,78.538828
1,2026-02-17T18:00:00+00:00,2026-02-17T12:00:00+00:00,2026-02-19T02:00:00+00:00,32,7.043802201861823,4.907448889878026,71.52880997099366,2026-02-17T15:57:38+00:00,38,gfs.20260217/12/atmos/gfs.t12z.pgrb2.0p25.f038,"""8af3eda7ee7cf35da9c5ee55e8381acc""",bilinear_uv_temperature,43.64515,78.535604
2,2026-02-17T18:00:00+00:00,2026-02-17T12:00:00+00:00,2026-02-19T02:00:00+00:00,32,6.941770565467607,4.9068302741007415,71.94485534339533,2026-02-17T15:57:38+00:00,38,gfs.20260217/12/atmos/gfs.t12z.pgrb2.0p25.f038,"""8af3eda7ee7cf35da9c5ee55e8381acc""",bilinear_uv_temperature,43.643198,78.538828
1,2026-02-17T18:00:00+00:00,2026-02-17T12:00:00+00:00,2026-02-19T03:00:00+00:00,33,6.637515270611626,6.145759942511972,76.64206860341733,2026-02-17T15:57:52+00:00,39,gfs.20260217/12/atmos/gfs.t12z.pgrb2.0p25.f039,"""36d6fbd41ae5ee51861db2ec86d1923a""",bilinear_uv_temperature,43.64515,78.535604
2,2026-02-17T18:00:00+00:00,2026-02-17T12:00:00+00:00,2026-02-19T03:00:00+00:00,33,6.544173709988125,6.152296132522906,77.11981975671458,2026-02-17T15:57:52+00:00,39,gfs.20260217/12/atmos/gfs.t12z.pgrb2.0p25.f039,"""36d6fbd41ae5ee51861db2ec86d1923a""",bilinear_uv_temperature,43.643198,78.538828
1,2026-02-17T18:00:00+00:00,2026-02-17T12:00:00+00:00,2026-02-19T04:00:00+00:00,34,6.789879018966993,7.654886266469987,72.65836478876123,2026-02-17T15:58:04+00:00,40,gfs.20260217/12/atmos/gfs.t12z.pgrb2.0p25.f040,"""6f39b5fbc9cc21fa26bb8d498545071e""",bilinear_uv_temperature,43.64515,78.535604
2,2026-02-17T18:00:00+00:00,2026-02-17T12:00:00+00:00,2026-02-19T04:00:00+00:00,34,6.692987675464622,7.663414172402781,73.06787786428204,2026-02-17T15:58:04+00:00,40,gfs.20260217/12/atmos/gfs.t12z.pgrb2.0p25.f040,"""6f39b5fbc9cc21fa26bb8d498545071e""",bilinear_uv_temperature,43.643198,78.538828
1,2026-02-17T18:00:00+00:00,2026-02-17T12:00:00+00:00,2026-02-19T05:00:00+00:00,35,6.984947370612934,9.232679658791994,72.1380547725392,2026-02-17T15:58:18+00:00,41,gfs.20260217/12/atmos/gfs.t12z.pgrb2.0p25.f041,"""30c627b79035a8a47a91fdecdd606cb4""",bilinear_uv_temperature,43.64515,78.535604
2,2026-02-17T18:00:00+00:00,2026-02-17T12:00:00+00:00,2026-02-19T05:00:00+00:00,35,6.891300006494292,9.244620876630165,72.42065682586222,2026-02-17T15:58:18+00:00,41,gfs.20260217/12/atmos/gfs.t12z.pgrb2.0p25.f041,"""30c627b79035a8a47a91fdecdd606cb4""",bilinear_uv_temperature,43.643198,78.538828
1,2026-02-17T18:00:00+00:00,2026-02-17T12:00:00+00:00,2026-02-19T06:00:00+00:00,36,6.791606047779947,11.038480336392013,69.93088411692973,2026-02-17T15:58:38+00:00,42,gfs.20260217/12/atmos/gfs.t12z.pgrb2.0p25.f042,"""2114f2513a912d2fc08e258e5a0d46c2""",bilinear_uv_temperature,43.64515,78.535604
2,2026-02-17T18:00:00+00:00,2026-02-17T12:00:00+00:00,2026-02-19T06:00:00+00:00,36,6.700917212473387,11.050367108854118,70.1076534648784,2026-02-17T15:58:38+00:00,42,gfs.20260217/12/atmos/gfs.t12z.pgrb2.0p25.f042,"""2114f2513a912d2fc08e258e5a0d46c2""",bilinear_uv_temperature,43.643198,78.538828
1,2026-02-17T18:00:00+00:00,2026-02-17T12:00:00+00:00,2026-02-19T07:00:00+00:00,37,6.195801108856988,12.631166110163974,72.4339925232292,2026-02-17T15:58:47+00:00,43,gfs.20260217/12/atmos/gfs.t12z.pgrb2.0p25.f043,"""e5fa70949ef5d7ff09ee02f77b978e93""",bilinear_uv_temperature,43.64515,78.535604
2,2026-02-17T18:00:00+00:00,2026-02-17T12:00:00+00:00,2026-02-19T07:00:00+00:00,37,6.1150416239545935,12.63728850377936,72.59367573640878,2026-02-17T15:58:47+00:00,43,gfs.20260217/12/atmos/gfs.t12z.pgrb2.0p25.f043,"""e5fa70949ef5d7ff09ee02f77b978e93""",bilinear_uv_temperature,43.643198,78.538828
1,2026-02-17T18:00:00+00:00,2026-02-17T12:00:00+00:00,2026-02-19T08:00:00+00:00,38,5.647786927388392,13.574420242073984,65.38518882482909,2026-02-17T15:58:56+00:00,44,gfs.20260217/12/atmos/gfs.t12z.pgrb2.0p25.f044,"""f5198d41c89efcae797f4c63a347d5dc""",bilinear_uv_temperature,43.64515,78.535604
2,2026-02-17T18:00:00+00:00,2026-02-17T12:00:00+00:00,2026-02-19T08:00:00+00:00,38,5.577182577613287,13.577739619087765,65.39219009644229,2026-02-17T15:58:56+00:00,44,gfs.20260217/12/atmos/gfs.t12z.pgrb2.0p25.f044,"""f5198d41c89efcae797f4c63a347d5dc""",bilinear_uv_temperature,43.643198,78.538828
1,2026-02-17T18:00:00+00:00,2026-02-17T12:00:00+00:00,2026-02-19T09:00:00+00:00,39,5.245967496031035,13.930291277963988,65.66664877521939,2026-02-17T16:00:00+00:00,45,gfs.20260217/12/atmos/gfs.t12z.pgrb2.0p25.f045,"""bcd9688a58f884af1da86ab08af8e581""",bilinear_uv_temperature,43.64515,78.535604
2,2026-02-17T18:00:00+00:00,2026-02-17T12:00:00+00:00,2026-02-19T09:00:00+00:00,39,5.181448964546376,13.933208415451418,65.67378366816756,2026-02-17T16:00:00+00:00,45,gfs.20260217/12/atmos/gfs.t12z.pgrb2.0p25.f045,"""bcd9688a58f884af1da86ab08af8e581""",bilinear_uv_temperature,43.643198,78.538828
1,2026-02-17T18:00:00+00:00,2026-02-17T12:00:00+00:00,2026-02-19T10:00:00+00:00,40,5.166670072809014,13.905811869288016,66.420402382704,2026-02-17T15:59:44+00:00,46,gfs.20260217/12/atmos/gfs.t12z.pgrb2.0p25.f046,"""fc9c4e7a6cde1c1528d9899813fe17fc""",bilinear_uv_temperature,43.64515,78.535604
2,2026-02-17T18:00:00+00:00,2026-02-17T12:00:00+00:00,2026-02-19T10:00:00+00:00,40,5.103245555477043,13.90408079690917,66.24515046977007,2026-02-17T15:59:44+00:00,46,gfs.20260217/12/atmos/gfs.t12z.pgrb2.0p25.f046,"""fc9c4e7a6cde1c1528d9899813fe17fc""",bilinear_uv_temperature,43.643198,78.538828
1,2026-02-17T18:00:00+00:00,2026-02-17T12:00:00+00:00,2026-02-19T11:00:00+00:00,41,4.533418692193534,13.314437586362033,72.31108933857374,2026-02-17T15:59:45+00:00,47,gfs.20260217/12/atmos/gfs.t12z.pgrb2.0p25.f047,"""86abcf070225b741e913ec8d0140a9cb""",bilinear_uv_temperature,43.64515,78.535604
2,2026-02-17T18:00:00+00:00,2026-02-17T12:00:00+00:00,2026-02-19T11:00:00+00:00,41,4.474196968943785,13.307031650996919,72.48675150782812,2026-02-17T15:59:45+00:00,47,gfs.20260217/12/atmos/gfs.t12z.pgrb2.0p25.f047,"""86abcf070225b741e913ec8d0140a9cb""",bilinear_uv_temperature,43.643198,78.538828
1,2026-02-17T18:00:00+00:00,2026-02-17T12:00:00+00:00,2026-02-19T12:00:00+00:00,42,4.753155247360615,11.43004760996405,70.18975869163417,2026-02-17T16:00:58+00:00,48,gfs.20260217/12/atmos/gfs.t12z.pgrb2.0p25.f048,"""590fbb5a7ab4ad234faebad553a4568b""",bilinear_uv_temperature,43.64515,78.535604
2,2026-02-17T18:00:00+00:00,2026-02-17T12:00:00+00:00,2026-02-19T12:00:00+00:00,42,4.686908888258372,11.417412654331372,70.37270794367693,2026-02-17T16:00:58+00:00,48,gfs.20260217/12/atmos/gfs.t12z.pgrb2.0p25.f048,"""590fbb5a7ab4ad234faebad553a4568b""",bilinear_uv_temperature,43.643198,78.538828
1,2026-02-17T18:00:00+00:00,2026-02-17T12:00:00+00:00,2026-02-19T13:00:00+00:00,43,4.753285566538626,10.147912189964018,70.17561671167164,2026-02-17T16:00:41+00:00,49,gfs.20260217/12/atmos/gfs.t12z.pgrb2.0p25.f049,"""c20b70ede505c5cecf2c45907edbc740""",bilinear_uv_temperature,43.64515,78.535604
2,2026-02-17T18:00:00+00:00,2026-02-17T12:00:00+00:00,2026-02-19T13:00:00+00:00,43,4.676313393430784,10.14491787433144,70.45798668463522,2026-02-17T16:00:41+00:00,49,gfs.20260217/12/atmos/gfs.t12z.pgrb2.0p25.f049,"""c20b70ede505c5cecf2c45907edbc740""",bilinear_uv_temperature,43.643198,78.538828
1,2026-02-17T18:00:00+00:00,2026-02-17T12:00:00+00:00,2026-02-19T14:00:00+00:00,44,4.742752691192172,9.426269425572002,74.09522872135004,2026-02-17T16:00:26+00:00,50,gfs.20260217/12/atmos/gfs.t12z.pgrb2.0p25.f050,"""965336dd915a8f9ba0f10ce0ddab5abb""",bilinear_uv_temperature,43.64515,78.535604
2,2026-02-17T18:00:00+00:00,2026-02-17T12:00:00+00:00,2026-02-19T14:00:00+00:00,44,4.658467485063433,9.426664724357352,74.39629563004203,2026-02-17T16:00:26+00:00,50,gfs.20260217/12/atmos/gfs.t12z.pgrb2.0p25.f050,"""965336dd915a8f9ba0f10ce0ddab5abb""",bilinear_uv_temperature,43.643198,78.538828
1,2026-02-17T18:00:00+00:00,2026-02-17T12:00:00+00:00,2026-02-19T15:00:00+00:00,45,4.129942034877106,8.850210487000027,80.89075271743124,2026-02-17T16:01:15+00:00,51,gfs.20260217/12/atmos/gfs.t12z.pgrb2.0p25.f051,"""05e434e5cc53f303760fae5316111185""",bilinear_uv_temperature,43.64515,78.535604
2,2026-02-17T18:00:00+00:00,2026-02-17T12:00:00+00:00,2026-02-19T15:00:00+00:00,45,4.043958679793827,8.857630553880028,81.37048858776657,2026-02-17T16:01:15+00:00,51,gfs.20260217/12/atmos/gfs.t12z.pgrb2.0p25.f051,"""05e434e5cc53f303760fae5316111185""",bilinear_uv_temperature,43.643198,78.538828
1,2026-02-17T18:00:00+00:00,2026-02-17T12:00:00+00:00,2026-02-19T16:00:00+00:00,46,3.367319908832,8.443464070645973,74.52863564144121,2026-02-17T16:01:12+00:00,52,gfs.20260217/12/atmos/gfs.t12z.pgrb2.0p25.f052,"""c561041cbde814f35763e02811321e39""",bilinear_uv_temperature,43.64515,78.535604
2,2026-02-17T18:00:00+00:00,2026-02-17T12:00:00+00:00,2026-02-19T16:00:00+00:00,46,3.2834150758147636,8.446364759565085,74.88588762113376,2026-02-17T16:01:12+00:00,52,gfs.20260217/12/atmos/gfs.t12z.pgrb2.0p25.f052,"""c561041cbde814f35763e02811321e39""",bilinear_uv_temperature,43.643198,78.538828
1,2026-02-17T18:00:00+00:00,2026-02-17T12:00:00+00:00,2026-02-19T17:00:00+00:00,47,2.9976641818935934,8.063468226210034,75.6870669300436,2026-02-17T16:01:26+00:00,53,gfs.20260217/12/atmos/gfs.t12z.pgrb2.0p25.f053,"""21417fb373cc499f4163845c3984f0cf""",bilinear_uv_temperature,43.64515,78.535604
2,2026-02-17T18:00:00+00:00,2026-02-17T12:00:00+00:00,2026-02-19T17:00:00+00:00,47,2.9053056082057447,8.069178807240462,75.90686115070702,2026-02-17T16:01:26+00:00,53,gfs.20260217/12/atmos/gfs.t12z.pgrb2.0p25.f053,"""21417fb373cc499f4163845c3984f0cf""",bilinear_uv_temperature,43.643198,78.538828
1,2026-02-17T18:00:00+00:00,2026-02-17T12:00:00+00:00,2026-02-19T18:00:00+00:00,48,2.306754556561631,7.798184721917551,71.7765376144452,2026-02-17T16:01:59+00:00,54,gfs.20260217/12/atmos/gfs.t12z.pgrb2.0p25.f054,"""208a4a0f410ffb3edaef417296429e99""",bilinear_uv_temperature,43.64515,78.535604
2,2026-02-17T18:00:00+00:00,2026-02-17T12:00:00+00:00,2026-02-19T18:00:00+00:00,48,2.2133426498712696,7.805973885872731,71.70706322406498,2026-02-17T16:01:59+00:00,54,gfs.20260217/12/atmos/gfs.t12z.pgrb2.0p25.f054,"""208a4a0f410ffb3edaef417296429e99""",bilinear_uv_temperature,43.643198,78.538828
1,2026-02-18T18:00:00+00:00,2026-02-18T12:00:00+00:00,2026-02-18T19:00:00+00:00,1,7.078076228981554,5.3997774589400365,75.49736839892361,2026-02-18T15:32:26+00:00,7,gfs.20260218/12/atmos/gfs.t12z.pgrb2.0p25.f007,"""5af3704cb2771417e7ef418c5273dc11""",bilinear_uv_temperature,43.64515,78.535604
2,2026-02-18T18:00:00+00:00,2026-02-18T12:00:00+00:00,2026-02-18T19:00:00+00:00,1,6.984535102503661,5.390507697045678,75.8543863922974,2026-02-18T15:32:26+00:00,7,gfs.20260218/12/atmos/gfs.t12z.pgrb2.0p25.f007,"""5af3704cb2771417e7ef418c5273dc11""",bilinear_uv_temperature,43.643198,78.538828
1,2026-02-18T18:00:00+00:00,2026-02-18T12:00:00+00:00,2026-02-18T20:00:00+00:00,2,6.706063156036583,5.31282324967799,74.35334378161991,2026-02-18T15:47:57+00:00,8,gfs.20260218/12/atmos/gfs.t12z.pgrb2.0p25.f008,"""3fa22812209fbfd28e3ab3eb9a1a5214""",bilinear_uv_temperature,43.64515,78.535604
2,2026-02-18T18:00:00+00:00,2026-02-18T12:00:00+00:00,2026-02-18T20:00:00+00:00,2,6.6143465433198845,5.3072200846527835,74.82124559676716,2026-02-18T15:47:57+00:00,8,gfs.20260218/12/atmos/gfs.t12z.pgrb2.0p25.f008,"""3fa22812209fbfd28e3ab3eb9a1a5214""",bilinear_uv_temperature,43.643198,78.538828
1,2026-02-18T18:00:00+00:00,2026-02-18T12:00:00+00:00,2026-02-18T21:00:00+00:00,3,7.031022536195114,5.046315655684964,72.98438964526149,2026-02-18T15:33:22+00:00,9,gfs.20260218/12/atmos/gfs.t12z.pgrb2.0p25.f009,"""de9af57c961aeb2f406c05177c38de41""",bilinear_uv_temperature,43.64515,78.535604
2,2026-02-18T18:00:00+00:00,2026-02-18T12:00:00+00:00,2026-02-18T21:00:00+00:00,3,6.9357006806753665,5.040085071339433,73.33072499754353,2026-02-18T15:33:22+00:00,9,gfs.20260218/12/atmos/gfs.t12z.pgrb2.0p25.f009,"""de9af57c961aeb2f406c05177c38de41""",bilinear_uv_temperature,43.643198,78.538828
1,2026-02-18T18:00:00+00:00,2026-02-18T12:00:00+00:00,2026-02-18T22:00:00+00:00,4,6.3376078163858,4.913095898324002,73.25043069569845,2026-02-18T15:33:06+00:00,10,gfs.20260218/12/atmos/gfs.t12z.pgrb2.0p25.f010,"""5bf306961ba5b511f749c3e3f3aa1d7f""",bilinear_uv_temperature,43.64515,78.535604
2,2026-02-18T18:00:00+00:00,2026-02-18T12:00:00+00:00,2026-02-18T22:00:00+00:00,4,6.250649604148167,4.907592235337802,73.64931096513892,2026-02-18T15:33:06+00:00,10,gfs.20260218/12/atmos/gfs.t12z.pgrb2.0p25.f010,"""5bf306961ba5b511f749c3e3f3aa1d7f""",bilinear_uv_temperature,43.643198,78.538828
1,2026-02-18T18:00:00+00:00,2026-02-18T12:00:00+00:00,2026-02-18T23:00:00+00:00,5,6.392123725750806,4.773674037122021,77.57944114989125,2026-02-18T15:49:00+00:00,11,gfs.20260218/12/atmos/gfs.t12z.pgrb2.0p25.f011,"""d9042bc3e925b705ba05b694afb4cd79""",bilinear_uv_temperature,43.64515,78.535604
2,2026-02-18T18:00:00+00:00,2026-02-18T12:00:00+00:00,2026-02-18T23:00:00+00:00,5,6.3026531856336225,4.76757959977931,77.91368775094332,2026-02-18T15:49:00+00:00,11,gfs.20260218/12/atmos/gfs.t12z.pgrb2.0p25.f011,"""d9042bc3e925b705ba05b694afb4cd79""",bilinear_uv_temperature,43.643198,78.538828
1,2026-02-18T18:00:00+00:00,2026-02-18T12:00:00+00:00,2026-02-19T00:00:00+00:00,6,5.606338019987685,4.950009839500012,76.94639290066844,2026-02-18T15:49:03+00:00,12,gfs.20260218/12/atmos/gfs.t12z.pgrb2.0p25.f012,"""d7878ac598df2ce5754232e450dd12e2""",bilinear_uv_temperature,43.64515,78.535604
2,2026-02-18T18:00:00+00:00,2026-02-18T12:00:00+00:00,2026-02-19T00:00:00+00:00,6,5.519449560321718,4.950465106380079,77.4079302229745,2026-02-18T15:49:03+00:00,12,gfs.20260218/12/atmos/gfs.t12z.pgrb2.0p25.f012,"""d7878ac598df2ce5754232e450dd12e2""",bilinear_uv_temperature,43.643198,78.538828
1,2026-02-18T18:00:00+00:00,2026-02-18T12:00:00+00:00,2026-02-19T01:00:00+00:00,7,5.723639512499017,4.972712242867999,76.48068492883247,2026-02-18T15:33:54+00:00,13,gfs.20260218/12/atmos/gfs.t12z.pgrb2.0p25.f013,"""2cb11c4a21a4a375bbe62dd57f982193""",bilinear_uv_temperature,43.64515,78.535604
2,2026-02-18T18:00:00+00:00,2026-02-18T12:00:00+00:00,2026-02-19T01:00:00+00:00,7,5.6388440981296855,4.9742432490683655,76.88958267234199,2026-02-18T15:33:54+00:00,13,gfs.20260218/12/atmos/gfs.t12z.pgrb2.0p25.f013,"""2cb11c4a21a4a375bbe62dd57f982193""",bilinear_uv_temperature,43.643198,78.538828
1,2026-02-18T18:00:00+00:00,2026-02-18T12:00:00+00:00,2026-02-19T02:00:00+00:00,8,5.6613204983080525,5.255444495212032,76.67957801835243,2026-02-18T15:49:14+00:00,14,gfs.20260218/12/atmos/gfs.t12z.pgrb2.0p25.f014,"""8b398f23e883d4b92a3c5b8064beea84""",bilinear_uv_temperature,43.64515,78.535604
2,2026-02-18T18:00:00+00:00,2026-02-18T12:00:00+00:00,2026-02-19T02:00:00+00:00,8,5.576642242258656,5.257512434470925,77.1510924006597,2026-02-18T15:49:14+00:00,14,gfs.20260218/12/atmos/gfs.t12z.pgrb2.0p25.f014,"""8b398f23e883d4b92a3c5b8064beea84""",bilinear_uv_temperature,43.643198,78.538828
1,2026-02-18T18:00:00+00:00,2026-02-18T12:00:00+00:00,2026-02-19T03:00:00+00:00,9,5.563900180332454,6.30275644444805,73.05177042582251,2026-02-18T15:50:05+00:00,15,gfs.20260218/12/atmos/gfs.t12z.pgrb2.0p25.f015,"""a8380b8a2f7d8103c600e6c2644cf687""",bilinear_uv_temperature,43.64515,78.535604
2,2026-02-18T18:00:00+00:00,2026-02-18T12:00:00+00:00,2026-02-19T03:00:00+00:00,9,5.484277432058492,6.3099016223475815,73.55384569775441,2026-02-18T15:50:05+00:00,15,gfs.20260218/12/atmos/gfs.t12z.pgrb2.0p25.f015,"""a8380b8a2f7d8103c600e6c2644cf687""",bilinear_uv_temperature,43.643198,78.538828
1,2026-02-18T18:00:00+00:00,2026-02-18T12:00:00+00:00,2026-02-19T04:00:00+00:00,10,5.9482635745428745,7.861928908072002,73.13990334780723,2026-02-18T15:49:48+00:00,16,gfs.20260218/12/atmos/gfs.t12z.pgrb2.0p25.f016,"""01ebc1f0efa99301c161e160dc8d9d52""",bilinear_uv_temperature,43.64515,78.535604
2,2026-02-18T18:00:00+00:00,2026-02-18T12:00:00+00:00,2026-02-19T04:00:00+00:00,10,5.868723710316282,7.869493486857323,73.51565054003628,2026-02-18T15:49:48+00:00,16,gfs.20260218/12/atmos/gfs.t12z.pgrb2.0p25.f016,"""01ebc1f0efa99301c161e160dc8d9d52""",bilinear_uv_temperature,43.643198,78.538828
1,2026-02-18T18:00:00+00:00,2026-02-18T12:00:00+00:00,2026-02-19T05:00:00+00:00,11,6.158495341137009,9.612586628787994,71.63637383712387,2026-02-18T15:35:31+00:00,17,gfs.20260218/12/atmos/gfs.t12z.pgrb2.0p25.f017,"""180df99b1f5361a5e5ce64a036a3f835""",bilinear_uv_temperature,43.64515,78.535604
2,2026-02-18T18:00:00+00:00,2026-02-18T12:00:00+00:00,2026-02-19T05:00:00+00:00,11,6.079075499714886,9.62266378328917,71.89675689954652,2026-02-18T15:35:31+00:00,17,gfs.20260218/12/atmos/gfs.t12z.pgrb2.0p25.f017,"""180df99b1f5361a5e5ce64a036a3f835""",bilinear_uv_temperature,43.643198,78.538828
1,2026-02-18T18:00:00+00:00,2026-02-18T12:00:00+00:00,2026-02-19T06:00:00+00:00,12,6.104399668150847,11.22024048702599,69.62154719450766,2026-02-18T15:35:29+00:00,18,gfs.20260218/12/atmos/gfs.t12z.pgrb2.0p25.f018,"""4dce27d381c2709b85fc3bd9f6595996""",bilinear_uv_temperature,43.64515,78.535604
2,2026-02-18T18:00:00+00:00,2026-02-18T12:00:00+00:00,2026-02-19T06:00:00+00:00,12,6.029171382718159,11.230348718396272,69.68390236237303,2026-02-18T15:35:29+00:00,18,gfs.20260218/12/atmos/gfs.t12z.pgrb2.0p25.f018,"""4dce27d381c2709b85fc3bd9f6595996""",bilinear_uv_temperature,43.643198,78.538828
1,2026-02-18T18:00:00+00:00,2026-02-18T12:00:00+00:00,2026-02-19T07:00:00+00:00,13,5.418171116294477,12.570210498198037,70.62214170547628,2026-02-18T15:36:16+00:00,19,gfs.20260218/12/atmos/gfs.t12z.pgrb2.0p25.f019,"""3a19be8cbad4a74b28b24e19b0d83e2e""",bilinear_uv_temperature,43.64515,78.535604
2,2026-02-18T18:00:00+00:00,2026-02-18T12:00:00+00:00,2026-02-19T07:00:00+00:00,13,5.345834544569157,12.576333596097527,70.74288645099081,2026-02-18T15:36:16+00:00,19,gfs.20260218/12/atmos/gfs.t12z.pgrb2.0p25.f019,"""3a19be8cbad4a74b28b24e19b0d83e2e""",bilinear_uv_temperature,43.643198,78.538828
1,2026-02-18T18:00:00+00:00,2026-02-18T12:00:00+00:00,2026-02-19T08:00:00+00:00,14,5.294149515500422,13.45903830615805,61.233723634819846,2026-02-18T15:51:07+00:00,20,gfs.20260218/12/atmos/gfs.t12z.pgrb2.0p25.f020,"""147e295b0c73e8bdcead3c503c3fd916""",bilinear_uv_temperature,43.64515,78.535604
2,2026-02-18T18:00:00+00:00,2026-02-18T12:00:00+00:00,2026-02-19T08:00:00+00:00,14,5.2323481596030925,13.464139598207964,61.285384444532205,2026-02-18T15:51:07+00:00,20,gfs.20260218/12/atmos/gfs.t12z.pgrb2.0p25.f020,"""147e295b0c73e8bdcead3c503c3fd916""",bilinear_uv_temperature,43.643198,78.538828
1,2026-02-18T18:00:00+00:00,2026-02-18T12:00:00+00:00,2026-02-19T09:00:00+00:00,15,5.453115360001156,13.414756567530048,66.04510791448878,2026-02-18T15:36:50+00:00,21,gfs.20260218/12/atmos/gfs.t12z.pgrb2.0p25.f021,"""14c7b98de6905db47c716ce63ded10e6""",bilinear_uv_temperature,43.64515,78.535604
2,2026-02-18T18:00:00+00:00,2026-02-18T12:00:00+00:00,2026-02-19T09:00:00+00:00,15,5.392693668831048,13.418545595357273,65.93604647451147,2026-02-18T15:36:50+00:00,21,gfs.20260218/12/atmos/gfs.t12z.pgrb2.0p25.f021,"""14c7b98de6905db47c716ce63ded10e6""",bilinear_uv_temperature,43.643198,78.538828
1,2026-02-18T18:00:00+00:00,2026-02-18T12:00:00+00:00,2026-02-19T10:00:00+00:00,16,4.359375895014567,13.48863777709596,68.03977336110485,2026-02-18T15:51:32+00:00,22,gfs.20260218/12/atmos/gfs.t12z.pgrb2.0p25.f022,"""add0f00c945a47f53d3293e32c707d14""",bilinear_uv_temperature,43.64515,78.535604
2,2026-02-18T18:00:00+00:00,2026-02-18T12:00:00+00:00,2026-02-19T10:00:00+00:00,16,4.307703403532893,13.489279815263046,67.87875333209556,2026-02-18T15:51:32+00:00,22,gfs.20260218/12/atmos/gfs.t12z.pgrb2.0p25.f022,"""add0f00c945a47f53d3293e32c707d14""",bilinear_uv_temperature,43.643198,78.538828
1,2026-02-18T18:00:00+00:00,2026-02-18T12:00:00+00:00,2026-02-19T11:00:00+00:00,17,3.698954604084532,12.961494770238062,71.91792355611322,2026-02-18T15:36:58+00:00,23,gfs.20260218/12/atmos/gfs.t12z.pgrb2.0p25.f023,"""d81342e5d03262acade33da512ad17eb""",bilinear_uv_temperature,43.64515,78.535604
2,2026-02-18T18:00:00+00:00,2026-02-18T12:00:00+00:00,2026-02-19T11:00:00+00:00,17,3.649838081943744,12.954030073987212,71.9104023030881,2026-02-18T15:36:58+00:00,23,gfs.20260218/12/atmos/gfs.t12z.pgrb2.0p25.f023,"""d81342e5d03262acade33da512ad17eb""",bilinear_uv_temperature,43.643198,78.538828
1,2026-02-18T18:00:00+00:00,2026-02-18T12:00:00+00:00,2026-02-19T12:00:00+00:00,18,3.437097491067381,10.972491347000016,70.19830197791282,2026-02-18T15:52:30+00:00,24,gfs.20260218/12/atmos/gfs.t12z.pgrb2.0p25.f024,"""1038cb83cb9730abc04dd2bd8e63ef02""",bilinear_uv_temperature,43.64515,78.535604
2,2026-02-18T18:00:00+00:00,2026-02-18T12:00:00+00:00,2026-02-19T12:00:00+00:00,18,3.381101483284173,10.962608373880016,70.42331611677969,2026-02-18T15:52:30+00:00,24,gfs.20260218/12/atmos/gfs.t12z.pgrb2.0p25.f024,"""1038cb83cb9730abc04dd2bd8e63ef02""",bilinear_uv_temperature,43.643198,78.538828
1,2026-02-18T18:00:00+00:00,2026-02-18T12:00:00+00:00,2026-02-19T13:00:00+00:00,19,3.5465380755719957,9.857738899725973,69.16667991004287,2026-02-18T15:52:14+00:00,25,gfs.20260218/12/atmos/gfs.t12z.pgrb2.0p25.f025,"""7774464fbb116b9b9a94139b77ae78fb""",bilinear_uv_temperature,43.64515,78.535604
2,2026-02-18T18:00:00+00:00,2026-02-18T12:00:00+00:00,2026-02-19T13:00:00+00:00,19,3.4748126989500863,9.85445312034426,69.3492185479766,2026-02-18T15:52:14+00:00,25,gfs.20260218/12/atmos/gfs.t12z.pgrb2.0p25.f025,"""7774464fbb116b9b9a94139b77ae78fb""",bilinear_uv_temperature,43.643198,78.538828
1,2026-02-18T18:00:00+00:00,2026-02-18T12:00:00+00:00,2026-02-19T14:00:00+00:00,20,3.4610907910717437,9.27526120406202,71.81644680115649,2026-02-18T15:53:00+00:00,26,gfs.20260218/12/atmos/gfs.t12z.pgrb2.0p25.f026,"""3639ebc857c81d7832cbb1b6f758caa7""",bilinear_uv_temperature,43.64515,78.535604
2,2026-02-18T18:00:00+00:00,2026-02-18T12:00:00+00:00,2026-02-19T14:00:00+00:00,20,3.3791846258745784,9.2762042979449,72.0639188388066,2026-02-18T15:53:00+00:00,26,gfs.20260218/12/atmos/gfs.t12z.pgrb2.0p25.f026,"""3639ebc857c81d7832cbb1b6f758caa7""",bilinear_uv_temperature,43.643198,78.538828
1,2026-02-18T18:00:00+00:00,2026-02-18T12:00:00+00:00,2026-02-19T15:00:00+00:00,21,2.5051465431783195,8.96500365024201,90.91645128962207,2026-02-18T15:53:15+00:00,27,gfs.20260218/12/atmos/gfs.t12z.pgrb2.0p25.f027,"""6ca1bb87a5bfc21986f204dfef3cc83f""",bilinear_uv_temperature,43.64515,78.535604
2,2026-02-18T18:00:00+00:00,2026-02-18T12:00:00+00:00,2026-02-19T15:00:00+00:00,21,2.416856125228207,8.972170377328155,91.5313877689127,2026-02-18T15:53:15+00:00,27,gfs.20260218/12/atmos/gfs.t12z.pgrb2.0p25.f027,"""6ca1bb87a5bfc21986f204dfef3cc83f""",bilinear_uv_temperature,43.643198,78.538828
1,2026-02-18T18:00:00+00:00,2026-02-18T12:00:00+00:00,2026-02-19T16:00:00+00:00,22,1.0072508545690704,9.029338227364008,70.4158148912604,2026-02-18T15:52:51+00:00,28,gfs.20260218/12/atmos/gfs.t12z.pgrb2.0p25.f028,"""d330d51a9f9bec85e34832d76385d6fb""",bilinear_uv_temperature,43.64515,78.535604
2,2026-02-18T18:00:00+00:00,2026-02-18T12:00:00+00:00,2026-02-19T16:00:00+00:00,22,0.912743025943942,9.03332923710741,70.28352569454913,2026-02-18T15:52:51+00:00,28,gfs.20260218/12/atmos/gfs.t12z.pgrb2.0p25.f028,"""d330d51a9f9bec85e34832d76385d6fb""",bilinear_uv_temperature,43.643198,78.538828
1,2026-02-18T18:00:00+00:00,2026-02-18T12:00:00+00:00,2026-02-19T17:00:00+00:00,23,0.88826903677325,8.315803653557964,53.25516637383951,2026-02-18T15:53:22+00:00,29,gfs.20260218/12/atmos/gfs.t12z.pgrb2.0p25.f029,"""673d790f379af749e7d12fbeff4fa8ca""",bilinear_uv_temperature,43.64515,78.535604
2,2026-02-18T18:00:00+00:00,2026-02-18T12:00:00+00:00,2026-02-19T17:00:00+00:00,23,0.799642583241862,8.321007070983967,51.04282951971865,2026-02-18T15:53:22+00:00,29,gfs.20260218/12/atmos/gfs.t12z.pgrb2.0p25.f029,"""673d790f379af749e7d12fbeff4fa8ca""",bilinear_uv_temperature,43.643198,78.538828
1,2026-02-18T18:00:00+00:00,2026-02-18T12:00:00+00:00,2026-02-19T18:00:00+00:00,24,0.6347623665261422,7.616715162772039,119.07625886607998,2026-02-18T15:54:13+00:00,30,gfs.20260218/12/atmos/gfs.t12z.pgrb2.0p25.f030,"""8875cd4f844becacec7ebf9ef8296757""",bilinear_uv_temperature,43.64515,78.535604
2,2026-02-18T18:00:00+00:00,2026-02-18T12:00:00+00:00,2026-02-19T18:00:00+00:00,24,0.5648996107312102,7.629021957685325,124.88561138475947,2026-02-18T15:54:13+00:00,30,gfs.20260218/12/atmos/gfs.t12z.pgrb2.0p25.f030,"""8875cd4f844becacec7ebf9ef8296757""",bilinear_uv_temperature,43.643198,78.538828
1,2026-02-18T18:00:00+00:00,2026-02-18T12:00:00+00:00,2026-02-19T19:00:00+00:00,25,0.3631597979575087,7.616239820745022,259.28034451927545,2026-02-18T15:38:59+00:00,31,gfs.20260218/12/atmos/gfs.t12z.pgrb2.0p25.f031,"""3516c76d119f2af2cc1b7a24110f022a""",bilinear_uv_temperature,43.64515,78.535604
2,2026-02-18T18:00:00+00:00,2026-02-18T12:00:00+00:00,2026-02-19T19:00:00+00:00,25,0.4397996715183717,7.622210652053866,260.6500147556791,2026-02-18T15:38:59+00:00,31,gfs.20260218/12/atmos/gfs.t12z.pgrb2.0p25.f031,"""3516c76d119f2af2cc1b7a24110f022a""",bilinear_uv_temperature,43.643198,78.538828
1,2026-02-18T18:00:00+00:00,2026-02-18T12:00:00+00:00,2026-02-19T20:00:00+00:00,26,1.1716084944979384,7.511599021439963,264.30794179994103,2026-02-18T15:54:07+00:00,32,gfs.20260218/12/atmos/gfs.t12z.pgrb2.0p25.f032,"""7a2ad91d67a954fb9d1076b39aefbc90""",bilinear_uv_temperature,43.64515,78.535604
2,2026-02-18T18:00:00+00:00,2026-02-18T12:00:00+00:00,2026-02-19T20:00:00+00:00,26,1.2242764208905024,7.512479659545647,264.78236253443254,2026-02-18T15:54:07+00:00,32,gfs.20260218/12/atmos/gfs.t12z.pgrb2.0p25.f032,"""7a2ad91d67a954fb9d1076b39aefbc90""",bilinear_uv_temperature,43.643198,78.538828
1,2026-02-18T18:00:00+00:00,2026-02-18T12:00:00+00:00,2026-02-19T21:00:00+00:00,27,1.8547132215682183,7.107296012064978,262.16188736653635,2026-02-18T15:39:23+00:00,33,gfs.20260218/12/atmos/gfs.t12z.pgrb2.0p25.f033,"""7edaa5408a7717b1b79079fe4d81597a""",bilinear_uv_temperature,43.64515,78.535604
2,2026-02-18T18:00:00+00:00,2026-02-18T12:00:00+00:00,2026-02-19T21:00:00+00:00,27,1.8942191820890315,7.1071238501706375,262.1403077609478,2026-02-18T15:39:23+00:00,33,gfs.20260218/12/atmos/gfs.t12z.pgrb2.0p25.f033,"""7edaa5408a7717b1b79079fe4d81597a""",bilinear_uv_temperature,43.643198,78.538828
1,2026-02-18T18:00:00+00:00,2026-02-18T12:00:00+00:00,2026-02-19T22:00:00+00:00,28,2.160102881683423,6.715688505815024,268.5008261439588,2026-02-18T15:54:30+00:00,34,gfs.20260218/12/atmos/gfs.t12z.pgrb2.0p25.f034,"""bdba767ea0e9e62352d5c80018661f97""",bilinear_uv_temperature,43.64515,78.535604
2,2026-02-18T18:00:00+00:00,2026-02-18T12:00:00+00:00,2026-02-19T22:00:00+00:00,28,2.1913695146331347,6.718332343920622,268.278337938541,2026-02-18T15:54:30+00:00,34,gfs.20260218/12/atmos/gfs.t12z.pgrb2.0p25.f034,"""bdba767ea0e9e62352d5c80018661f97""",bilinear_uv_temperature,43.643198,78.538828
1,2026-02-18T18:00:00+00:00,2026-02-18T12:00:00+00:00,2026-02-19T23:00:00+00:00,29,2.9722827287036884,6.566205442538035,260.6349023846942,2026-02-18T15:40:01+00:00,35,gfs.20260218/12/atmos/gfs.t12z.pgrb2.0p25.f035,"""e3f0081bfd862f989bf0286b508b0c6f""",bilinear_uv_temperature,43.64515,78.535604
2,2026-02-18T18:00:00+00:00,2026-02-18T12:00:00+00:00,2026-02-19T23:00:00+00:00,29,2.993545810061261,6.568604197039122,260.63152733429644,2026-02-18T15:40:01+00:00,35,gfs.20260218/12/atmos/gfs.t12z.pgrb2.0p25.f035,"""e3f0081bfd862f989bf0286b508b0c6f""",bilinear_uv_temperature,43.643198,78.538828
1,2026-02-18T18:00:00+00:00,2026-02-18T12:00:00+00:00,2026-02-20T00:00:00+00:00,30,3.9744241182079483,6.853479205746055,258.7944295515571,2026-02-18T15:55:50+00:00,36,gfs.20260218/12/atmos/gfs.t12z.pgrb2.0p25.f036,"""93cc555c42946dfea0c2cf1ca69d4f1f""",bilinear_uv_temperature,43.64515,78.535604
2,2026-02-18T18:00:00+00:00,2026-02-18T12:00:00+00:00,2026-02-20T00:00:00+00:00,30,3.9795132816130185,6.8446297692890425,258.76001854504057,2026-02-18T15:55:50+00:00,36,gfs.20260218/12/atmos/gfs.t12z.pgrb2.0p25.f036,"""93cc555c42946dfea0c2cf1ca69d4f1f""",bilinear_uv_temperature,43.643198,78.538828
1,2026-02-18T18:00:00+00:00,2026-02-18T12:00:00+00:00,2026-02-20T01:00:00+00:00,31,4.480725218893068,6.540744333654061,259.2240154088821,2026-02-18T15:55:55+00:00,37,gfs.20260218/12/atmos/gfs.t12z.pgrb2.0p25.f037,"""d096d7534177ad865df704c523567281""",bilinear_uv_temperature,43.64515,78.535604
2,2026-02-18T18:00:00+00:00,2026-02-18T12:00:00+00:00,2026-02-20T01:00:00+00:00,31,4.476033507769051,6.533273082366975,259.16802687544026,2026-02-18T15:55:55+00:00,37,gfs.20260218/12/atmos/gfs.t12z.pgrb2.0p25.f037,"""d096d7534177ad865df704c523567281""",bilinear_uv_temperature,43.643198,78.538828
1,2026-02-18T18:00:00+00:00,2026-02-18T12:00:00+00:00,2026-02-20T02:00:00+00:00,32,4.659599780963673,6.47300022822003,260.15533688959545,2026-02-18T15:55:58+00:00,38,gfs.20260218/12/atmos/gfs.t12z.pgrb2.0p25.f038,"""ef4886c102726874c604b4abb1a5a725""",bilinear_uv_temperature,43.64515,78.535604
2,2026-02-18T18:00:00+00:00,2026-02-18T12:00:00+00:00,2026-02-20T02:00:00+00:00,32,4.64900082453599,6.465593827272812,260.18024963977473,2026-02-18T15:55:58+00:00,38,gfs.20260218/12/atmos/gfs.t12z.pgrb2.0p25.f038,"""ef4886c102726874c604b4abb1a5a725""",bilinear_uv_temperature,43.643198,78.538828
1,2026-02-18T18:00:00+00:00,2026-02-18T12:00:00+00:00,2026-02-20T03:00:00+00:00,33,4.8943004258833875,7.63687862919204,257.4371559187585,2026-02-18T15:56:24+00:00,39,gfs.20260218/12/atmos/gfs.t12z.pgrb2.0p25.f039,"""84b1926f17aa728dd3d7748cccd3d238""",bilinear_uv_temperature,43.64515,78.535604
2,2026-02-18T18:00:00+00:00,2026-02-18T12:00:00+00:00,2026-02-20T03:00:00+00:00,33,4.875564517665391,7.628382545526108,257.4814812307348,2026-02-18T15:56:24+00:00,39,gfs.20260218/12/atmos/gfs.t12z.pgrb2.0p25.f039,"""84b1926f17aa728dd3d7748cccd3d238""",bilinear_uv_temperature,43.643198,78.538828
1,2026-02-18T18:00:00+00:00,2026-02-18T12:00:00+00:00,2026-02-20T04:00:00+00:00,34,4.304512873086622,9.33887505825004,258.13200106559043,2026-02-18T15:41:34+00:00,40,gfs.20260218/12/atmos/gfs.t12z.pgrb2.0p25.f040,"""6c930589e1309b565b796064852adb1a""",bilinear_uv_temperature,43.64515,78.535604
2,2026-02-18T18:00:00+00:00,2026-02-18T12:00:00+00:00,2026-02-20T04:00:00+00:00,34,4.287284965322379,9.326782165130055,258.2102206982849,2026-02-18T15:41:34+00:00,40,gfs.20260218/12/atmos/gfs.t12z.pgrb2.0p25.f040,"""6c930589e1309b565b796064852adb1a""",bilinear_uv_temperature,43.643198,78.538828
1,2026-02-18T18:00:00+00:00,2026-02-18T12:00:00+00:00,2026-02-20T05:00:00+00:00,35,4.153267552793475,10.687744980698085,261.580040794276,2026-02-18T15:56:43+00:00,41,gfs.20260218/12/atmos/gfs.t12z.pgrb2.0p25.f041,"""f7ac5a701897c2c3bcaff4528eac1c48""",bilinear_uv_temperature,43.64515,78.535604
2,2026-02-18T18:00:00+00:00,2026-02-18T12:00:00+00:00,2026-02-20T05:00:00+00:00,35,4.127902238149966,10.669782638597553,261.7257344388374,2026-02-18T15:56:43+00:00,41,gfs.20260218/12/atmos/gfs.t12z.pgrb2.0p25.f041,"""f7ac5a701897c2c3bcaff4528eac1c48""",bilinear_uv_temperature,43.643198,78.538828
1,2026-02-18T18:00:00+00:00,2026-02-18T12:00:00+00:00,2026-02-20T06:00:00+00:00,36,3.8826853771796417,11.960498191206057,260.5389185750744,2026-02-18T15:57:01+00:00,42,gfs.20260218/12/atmos/gfs.t12z.pgrb2.0p25.f042,"""d54526892b95953f4e4f11a3216162f3""",bilinear_uv_temperature,43.64515,78.535604
2,2026-02-18T18:00:00+00:00,2026-02-18T12:00:00+00:00,2026-02-20T06:00:00+00:00,36,3.857988312702211,11.936224388899461,260.58261344911455,2026-02-18T15:57:01+00:00,42,gfs.20260218/12/atmos/gfs.t12z.pgrb2.0p25.f042,"""d54526892b95953f4e4f11a3216162f3""",bilinear_uv_temperature,43.643198,78.538828
1,2026-02-18T18:00:00+00:00,2026-02-18T12:00:00+00:00,2026-02-20T07:00:00+00:00,37,3.4084152090330124,12.979380819652022,272.5276598144386,2026-02-18T15:57:03+00:00,43,gfs.20260218/12/atmos/gfs.t12z.pgrb2.0p25.f043,"""de7cf253309698f4c603ab65a27f455f""",bilinear_uv_temperature,43.64515,78.535604
2,2026-02-18T18:00:00+00:00,2026-02-18T12:00:00+00:00,2026-02-20T07:00:00+00:00,37,3.3843403200725106,12.956300690136516,272.49689543108417,2026-02-18T15:57:03+00:00,43,gfs.20260218/12/atmos/gfs.t12z.pgrb2.0p25.f043,"""de7cf253309698f4c603ab65a27f455f""",bilinear_uv_temperature,43.643198,78.538828
1,2026-02-18T18:00:00+00:00,2026-02-18T12:00:00+00:00,2026-02-20T08:00:00+00:00,38,2.8722360767928294,13.564055931388054,281.7903311793757,2026-02-18T15:57:32+00:00,44,gfs.20260218/12/atmos/gfs.t12z.pgrb2.0p25.f044,"""434203f763d7cfff8da3f1d392f2abd9""",bilinear_uv_temperature,43.64515,78.535604
2,2026-02-18T18:00:00+00:00,2026-02-18T12:00:00+00:00,2026-02-20T08:00:00+00:00,38,2.8506461623992188,13.541854320513153,281.7902700536075,2026-02-18T15:57:32+00:00,44,gfs.20260218/12/atmos/gfs.t12z.pgrb2.0p25.f044,"""434203f763d7cfff8da3f1d392f2abd9""",bilinear_uv_temperature,43.643198,78.538828
1,2026-02-18T18:00:00+00:00,2026-02-18T12:00:00+00:00,2026-02-20T09:00:00+00:00,39,2.1264815883281085,13.828874023762012,284.95558328374284,2026-02-18T15:57:44+00:00,45,gfs.20260218/12/atmos/gfs.t12z.pgrb2.0p25.f045,"""3a146d83e3f1c78c7d10597ec4ea6c54""",bilinear_uv_temperature,43.64515,78.535604
2,2026-02-18T18:00:00+00:00,2026-02-18T12:00:00+00:00,2026-02-20T09:00:00+00:00,39,2.1085673279203494,13.808336613772838,284.78820425261495,2026-02-18T15:57:44+00:00,45,gfs.20260218/12/atmos/gfs.t12z.pgrb2.0p25.f045,"""3a146d83e3f1c78c7d10597ec4ea6c54""",bilinear_uv_temperature,43.643198,78.538828
1,2026-02-18T18:00:00+00:00,2026-02-18T12:00:00+00:00,2026-02-20T10:00:00+00:00,40,1.2312753682988264,13.974626982360064,305.445320314849,2026-02-18T15:58:11+00:00,46,gfs.20260218/12/atmos/gfs.t12z.pgrb2.0p25.f046,"""efe0201a789b951b2f85d1c77e49885e""",bilinear_uv_temperature,43.64515,78.535604
2,2026-02-18T18:00:00+00:00,2026-02-18T12:00:00+00:00,2026-02-20T10:00:00+00:00,40,1.2109935855452885,13.958836488766451,304.9874050812162,2026-02-18T15:58:11+00:00,46,gfs.20260218/12/atmos/gfs.t12z.pgrb2.0p25.f046,"""efe0201a789b951b2f85d1c77e49885e""",bilinear_uv_temperature,43.643198,78.538828
1,2026-02-18T18:00:00+00:00,2026-02-18T12:00:00+00:00,2026-02-20T11:00:00+00:00,41,1.637722734493417,13.688677943940093,12.599090989369202,2026-02-18T15:43:15+00:00,47,gfs.20260218/12/atmos/gfs.t12z.pgrb2.0p25.f047,"""d4d62f674f41b643dccc2c4344ae1ca2""",bilinear_uv_temperature,43.64515,78.535604
2,2026-02-18T18:00:00+00:00,2026-02-18T12:00:00+00:00,2026-02-20T11:00:00+00:00,41,1.6165895191311959,13.67903858204562,12.981524485611157,2026-02-18T15:43:15+00:00,47,gfs.20260218/12/atmos/gfs.t12z.pgrb2.0p25.f047,"""d4d62f674f41b643dccc2c4344ae1ca2""",bilinear_uv_temperature,43.643198,78.538828
1,2026-02-18T18:00:00+00:00,2026-02-18T12:00:00+00:00,2026-02-20T12:00:00+00:00,42,3.2067296366681433,12.090270455160066,59.474759024600274,2026-02-18T15:43:44+00:00,48,gfs.20260218/12/atmos/gfs.t12z.pgrb2.0p25.f048,"""6186634a4b6de443a34a519a7af8b06a""",bilinear_uv_temperature,43.64515,78.535604
2,2026-02-18T18:00:00+00:00,2026-02-18T12:00:00+00:00,2026-02-20T12:00:00+00:00,42,3.2277547314045445,12.075233105438429,59.8996111414832,2026-02-18T15:43:44+00:00,48,gfs.20260218/12/atmos/gfs.t12z.pgrb2.0p25.f048,"""6186634a4b6de443a34a519a7af8b06a""",bilinear_uv_temperature,43.643198,78.538828
1,2026-02-18T18:00:00+00:00,2026-02-18T12:00:00+00:00,2026-02-20T13:00:00+00:00,43,7.287155390126831,10.429975393320035,77.38855359694364,2026-02-18T15:58:40+00:00,49,gfs.20260218/12/atmos/gfs.t12z.pgrb2.0p25.f049,"""153cae869dbf6f670d8b53a799774772""",bilinear_uv_temperature,43.64515,78.535604
2,2026-02-18T18:00:00+00:00,2026-02-18T12:00:00+00:00,2026-02-20T13:00:00+00:00,43,7.2285531806195715,10.405210866996867,77.53981215258908,2026-02-18T15:58:40+00:00,49,gfs.20260218/12/atmos/gfs.t12z.pgrb2.0p25.f049,"""153cae869dbf6f670d8b53a799774772""",bilinear_uv_temperature,43.643198,78.538828
1,2026-02-18T18:00:00+00:00,2026-02-18T12:00:00+00:00,2026-02-20T14:00:00+00:00,44,8.468456340102104,9.399125864581947,76.87407535889375,2026-02-18T15:44:02+00:00,50,gfs.20260218/12/atmos/gfs.t12z.pgrb2.0p25.f050,"""51e5b9637e9f173dac64fe71055aa151""",bilinear_uv_temperature,43.64515,78.535604
2,2026-02-18T18:00:00+00:00,2026-02-18T12:00:00+00:00,2026-02-20T14:00:00+00:00,44,8.368859711480999,9.370734968269744,77.2488837156918,2026-02-18T15:44:02+00:00,50,gfs.20260218/12/atmos/gfs.t12z.pgrb2.0p25.f050,"""51e5b9637e9f173dac64fe71055aa151""",bilinear_uv_temperature,43.643198,78.538828
1,2026-02-18T18:00:00+00:00,2026-02-18T12:00:00+00:00,2026-02-20T15:00:00+00:00,45,8.715208830254872,8.469550302267976,77.07968452962476,2026-02-18T15:59:25+00:00,51,gfs.20260218/12/atmos/gfs.t12z.pgrb2.0p25.f051,"""beb552b4a305e22427508f69fcd7d4e6""",bilinear_uv_temperature,43.64515,78.535604
2,2026-02-18T18:00:00+00:00,2026-02-18T12:00:00+00:00,2026-02-20T15:00:00+00:00,45,8.607671075008977,8.446341420724366,77.47100368527069,2026-02-18T15:59:25+00:00,51,gfs.20260218/12/atmos/gfs.t12z.pgrb2.0p25.f051,"""beb552b4a305e22427508f69fcd7d4e6""",bilinear_uv_temperature,43.643198,78.538828
1,2026-02-18T18:00:00+00:00,2026-02-18T12:00:00+00:00,2026-02-20T16:00:00+00:00,46,9.029825140930805,7.730430611191991,79.14869535436587,2026-02-18T15:59:15+00:00,52,gfs.20260218/12/atmos/gfs.t12z.pgrb2.0p25.f052,"""44a7073af970c5b05c7fc88dbe592303""",bilinear_uv_temperature,43.64515,78.535604
2,2026-02-18T18:00:00+00:00,2026-02-18T12:00:00+00:00,2026-02-20T16:00:00+00:00,46,8.919851670662885,7.704969314406128,79.54082644114777,2026-02-18T15:59:15+00:00,52,gfs.20260218/12/atmos/gfs.t12z.pgrb2.0p25.f052,"""44a7073af970c5b05c7fc88dbe592303""",bilinear_uv_temperature,43.643198,78.538828
1,2026-02-18T18:00:00+00:00,2026-02-18T12:00:00+00:00,2026-02-20T17:00:00+00:00,47,8.812809939325923,6.960038454556013,78.6310143761475,2026-02-18T15:59:50+00:00,53,gfs.20260218/12/atmos/gfs.t12z.pgrb2.0p25.f053,"""d4df08970425f58d18fb67d44a301b5a""",bilinear_uv_temperature,43.64515,78.535604
2,2026-02-18T18:00:00+00:00,2026-02-18T12:00:00+00:00,2026-02-20T17:00:00+00:00,47,8.708420321372586,6.936059233753497,79.0589177396763,2026-02-18T15:59:50+00:00,53,gfs.20260218/12/atmos/gfs.t12z.pgrb2.0p25.f053,"""d4df08970425f58d18fb67d44a301b5a""",bilinear_uv_temperature,43.643198,78.538828
1,2026-02-18T18:00:00+00:00,2026-02-18T12:00:00+00:00,2026-02-20T18:00:00+00:00,48,8.67450718883736,6.370012828765994,78.76941278810467,2026-02-18T16:00:27+00:00,54,gfs.20260218/12/atmos/gfs.t12z.pgrb2.0p25.f054,"""fe98b009e035e33a50618cfd62614448""",bilinear_uv_temperature,43.64515,78.535604
2,2026-02-18T18:00:00+00:00,2026-02-18T12:00:00+00:00,2026-02-20T18:00:00+00:00,48,8.577373317338242,6.348989402113887,79.23969410342579,2026-02-18T16:00:27+00:00,54,gfs.20260218/12/atmos/gfs.t12z.pgrb2.0p25.f054,"""fe98b009e035e33a50618cfd62614448""",bilinear_uv_temperature,43.643198,78.538828
1,2026-02-19T18:00:00+00:00,2026-02-19T12:00:00+00:00,2026-02-19T19:00:00+00:00,1,5.837609788535376,9.22739319874006,267.2607149636147,2026-02-19T15:33:12+00:00,7,gfs.20260219/12/atmos/gfs.t12z.pgrb2.0p25.f007,"""2a62f3d61403022334d408c7c066b61e""",bilinear_uv_temperature,43.64515,78.535604
2,2026-02-19T18:00:00+00:00,2026-02-19T12:00:00+00:00,2026-02-19T19:00:00+00:00,1,5.8813935187039865,9.23317440759763,267.52677376783447,2026-02-19T15:33:12+00:00,7,gfs.20260219/12/atmos/gfs.t12z.pgrb2.0p25.f007,"""2a62f3d61403022334d408c7c066b61e""",bilinear_uv_temperature,43.643198,78.538828
1,2026-02-19T18:00:00+00:00,2026-02-19T12:00:00+00:00,2026-02-19T20:00:00+00:00,2,5.854958496074067,8.926581754860024,260.9315084198824,2026-02-19T15:47:43+00:00,8,gfs.20260219/12/atmos/gfs.t12z.pgrb2.0p25.f008,"""81e2baa11d5f09cf8088933c1f6c79cb""",bilinear_uv_temperature,43.64515,78.535604
2,2026-02-19T18:00:00+00:00,2026-02-19T12:00:00+00:00,2026-02-19T20:00:00+00:00,2,5.869613418353157,8.921926941266463,261.06656727947114,2026-02-19T15:47:43+00:00,8,gfs.20260219/12/atmos/gfs.t12z.pgrb2.0p25.f008,"""81e2baa11d5f09cf8088933c1f6c79cb""",bilinear_uv_temperature,43.643198,78.538828
1,2026-02-19T18:00:00+00:00,2026-02-19T12:00:00+00:00,2026-02-19T21:00:00+00:00,3,5.9536638119889185,8.512716166405028,258.8352614713417,2026-02-19T15:48:26+00:00,9,gfs.20260219/12/atmos/gfs.t12z.pgrb2.0p25.f009,"""515173caec661df9d04bed192e2cd9b9""",bilinear_uv_temperature,43.64515,78.535604
2,2026-02-19T18:00:00+00:00,2026-02-19T12:00:00+00:00,2026-02-19T21:00:00+00:00,3,5.946368279449176,8.509281101112265,258.9490092382055,2026-02-19T15:48:26+00:00,9,gfs.20260219/12/atmos/gfs.t12z.pgrb2.0p25.f009,"""515173caec661df9d04bed192e2cd9b9""",bilinear_uv_temperature,43.643198,78.538828
1,2026-02-19T18:00:00+00:00,2026-02-19T12:00:00+00:00,2026-02-19T22:00:00+00:00,4,6.862181549666186,8.074985146570043,255.78246110498924,2026-02-19T15:48:39+00:00,10,gfs.20260219/12/atmos/gfs.t12z.pgrb2.0p25.f010,"""bfaae8fbb086da286282239d3e05e952""",bilinear_uv_temperature,43.64515,78.535604
2,2026-02-19T18:00:00+00:00,2026-02-19T12:00:00+00:00,2026-02-19T22:00:00+00:00,4,6.837779196213179,8.070378607126827,255.9050879551861,2026-02-19T15:48:39+00:00,10,gfs.20260219/12/atmos/gfs.t12z.pgrb2.0p25.f010,"""bfaae8fbb086da286282239d3e05e952""",bilinear_uv_temperature,43.643198,78.538828
1,2026-02-19T18:00:00+00:00,2026-02-19T12:00:00+00:00,2026-02-19T23:00:00+00:00,5,7.366848355246234,7.478006066288003,254.71856260788013,2026-02-19T15:48:41+00:00,11,gfs.20260219/12/atmos/gfs.t12z.pgrb2.0p25.f011,"""bd49c846a09ccea457be51c795c788c2""",bilinear_uv_temperature,43.64515,78.535604
2,2026-02-19T18:00:00+00:00,2026-02-19T12:00:00+00:00,2026-02-19T23:00:00+00:00,5,7.334909782373885,7.471263380789139,254.84232963858943,2026-02-19T15:48:41+00:00,11,gfs.20260219/12/atmos/gfs.t12z.pgrb2.0p25.f011,"""bd49c846a09ccea457be51c795c788c2""",bilinear_uv_temperature,43.643198,78.538828
1,2026-02-19T18:00:00+00:00,2026-02-19T12:00:00+00:00,2026-02-20T00:00:00+00:00,6,7.193108022367116,7.203903926466069,253.4247534694195,2026-02-19T15:49:06+00:00,12,gfs.20260219/12/atmos/gfs.t12z.pgrb2.0p25.f012,"""0b327f065760764967e2293703bff82c""",bilinear_uv_temperature,43.64515,78.535604
2,2026-02-19T18:00:00+00:00,2026-02-19T12:00:00+00:00,2026-02-20T00:00:00+00:00,6,7.1526755886626034,7.192074969061878,253.52786893712818,2026-02-19T15:49:06+00:00,12,gfs.20260219/12/atmos/gfs.t12z.pgrb2.0p25.f012,"""0b327f065760764967e2293703bff82c""",bilinear_uv_temperature,43.643198,78.538828
1,2026-02-19T18:00:00+00:00,2026-02-19T12:00:00+00:00,2026-02-20T01:00:00+00:00,7,6.832557208670432,6.962392034196057,254.3580923834029,2026-02-19T15:49:06+00:00,13,gfs.20260219/12/atmos/gfs.t12z.pgrb2.0p25.f013,"""bda90b0cf9493cd989bcd11ac7b4d3c6""",bilinear_uv_temperature,43.64515,78.535604
2,2026-02-19T18:00:00+00:00,2026-02-19T12:00:00+00:00,2026-02-20T01:00:00+00:00,7,6.793521426430002,6.949458253867078,254.42314112555053,2026-02-19T15:49:06+00:00,13,gfs.20260219/12/atmos/gfs.t12z.pgrb2.0p25.f013,"""bda90b0cf9493cd989bcd11ac7b4d3c6""",bilinear_uv_temperature,43.643198,78.538828
1,2026-02-19T18:00:00+00:00,2026-02-19T12:00:00+00:00,2026-02-20T02:00:00+00:00,8,6.87815886976723,6.81676339036801,253.53693806987388,2026-02-19T15:35:01+00:00,14,gfs.20260219/12/atmos/gfs.t12z.pgrb2.0p25.f014,"""d91dc9713a7644e66ed50014bf486f10""",bilinear_uv_temperature,43.64515,78.535604
2,2026-02-19T18:00:00+00:00,2026-02-19T12:00:00+00:00,2026-02-20T02:00:00+00:00,8,6.837599971354403,6.805918076568332,253.62820028826005,2026-02-19T15:35:01+00:00,14,gfs.20260219/12/atmos/gfs.t12z.pgrb2.0p25.f014,"""d91dc9713a7644e66ed50014bf486f10""",bilinear_uv_temperature,43.643198,78.538828
1,2026-02-19T18:00:00+00:00,2026-02-19T12:00:00+00:00,2026-02-20T03:00:00+00:00,9,6.432935551784091,8.080451481284001,251.0157651255542,2026-02-19T15:50:02+00:00,15,gfs.20260219/12/atmos/gfs.t12z.pgrb2.0p25.f015,"""4ec509ee0283da52e568920c6896794b""",bilinear_uv_temperature,43.64515,78.535604
2,2026-02-19T18:00:00+00:00,2026-02-19T12:00:00+00:00,2026-02-20T03:00:00+00:00,9,6.3956299409454616,8.06799705244822,251.09192509155736,2026-02-19T15:50:02+00:00,15,gfs.20260219/12/atmos/gfs.t12z.pgrb2.0p25.f015,"""4ec509ee0283da52e568920c6896794b""",bilinear_uv_temperature,43.643198,78.538828
1,2026-02-19T18:00:00+00:00,2026-02-19T12:00:00+00:00,2026-02-20T04:00:00+00:00,10,5.880017181013811,9.586178236184026,251.76942822590047,2026-02-19T15:50:22+00:00,16,gfs.20260219/12/atmos/gfs.t12z.pgrb2.0p25.f016,"""a745d026c833633ccdf63d22bf0b019e""",bilinear_uv_temperature,43.64515,78.535604
2,2026-02-19T18:00:00+00:00,2026-02-19T12:00:00+00:00,2026-02-20T04:00:00+00:00,10,5.846122844629779,9.576789132724173,251.76213824395995,2026-02-19T15:50:22+00:00,16,gfs.20260219/12/atmos/gfs.t12z.pgrb2.0p25.f016,"""a745d026c833633ccdf63d22bf0b019e""",bilinear_uv_temperature,43.643198,78.538828
1,2026-02-19T18:00:00+00:00,2026-02-19T12:00:00+00:00,2026-02-20T05:00:00+00:00,11,5.282631037133889,10.866702564625996,262.33539458784963,2026-02-19T15:35:51+00:00,17,gfs.20260219/12/atmos/gfs.t12z.pgrb2.0p25.f017,"""8bb28d1e44ceee18e1ea942d9f252078""",bilinear_uv_temperature,43.64515,78.535604
2,2026-02-19T18:00:00+00:00,2026-02-19T12:00:00+00:00,2026-02-20T05:00:00+00:00,11,5.249753894105634,10.854977150620243,262.28616475833905,2026-02-19T15:35:51+00:00,17,gfs.20260219/12/atmos/gfs.t12z.pgrb2.0p25.f017,"""8bb28d1e44ceee18e1ea942d9f252078""",bilinear_uv_temperature,43.643198,78.538828
1,2026-02-19T18:00:00+00:00,2026-02-19T12:00:00+00:00,2026-02-20T06:00:00+00:00,12,4.887543262012899,11.620467012404049,271.0949593488966,2026-02-19T15:50:52+00:00,18,gfs.20260219/12/atmos/gfs.t12z.pgrb2.0p25.f018,"""3f76b2aad3eefb4ab249d5e83cac8107""",bilinear_uv_temperature,43.64515,78.535604
2,2026-02-19T18:00:00+00:00,2026-02-19T12:00:00+00:00,2026-02-20T06:00:00+00:00,12,4.857496409087189,11.609006641116991,271.2293276101515,2026-02-19T15:50:52+00:00,18,gfs.20260219/12/atmos/gfs.t12z.pgrb2.0p25.f018,"""3f76b2aad3eefb4ab249d5e83cac8107""",bilinear_uv_temperature,43.643198,78.538828
1,2026-02-19T18:00:00+00:00,2026-02-19T12:00:00+00:00,2026-02-20T07:00:00+00:00,13,4.804456922980209,12.291921885694023,267.9631120063059,2026-02-19T15:50:36+00:00,19,gfs.20260219/12/atmos/gfs.t12z.pgrb2.0p25.f019,"""1c8ca8886cf9f7eb65d6e2cf7dc7495a""",bilinear_uv_temperature,43.64515,78.535604
2,2026-02-19T18:00:00+00:00,2026-02-19T12:00:00+00:00,2026-02-20T07:00:00+00:00,13,4.775933752121296,12.273869240256545,268.0665783373709,2026-02-19T15:50:36+00:00,19,gfs.20260219/12/atmos/gfs.t12z.pgrb2.0p25.f019,"""1c8ca8886cf9f7eb65d6e2cf7dc7495a""",bilinear_uv_temperature,43.643198,78.538828
1,2026-02-19T18:00:00+00:00,2026-02-19T12:00:00+00:00,2026-02-20T08:00:00+00:00,14,4.151311714027894,12.802584358554043,272.9222027061675,2026-02-19T15:50:58+00:00,20,gfs.20260219/12/atmos/gfs.t12z.pgrb2.0p25.f020,"""ab961722dc98cf6b2efdf1c5f264d8be""",bilinear_uv_temperature,43.64515,78.535604
2,2026-02-19T18:00:00+00:00,2026-02-19T12:00:00+00:00,2026-02-20T08:00:00+00:00,14,4.126882633112582,12.78355827264295,272.958941229924,2026-02-19T15:50:58+00:00,20,gfs.20260219/12/atmos/gfs.t12z.pgrb2.0p25.f020,"""ab961722dc98cf6b2efdf1c5f264d8be""",bilinear_uv_temperature,43.643198,78.538828
1,2026-02-19T18:00:00+00:00,2026-02-19T12:00:00+00:00,2026-02-20T09:00:00+00:00,15,3.326757688699062,13.115686670698096,281.85822552455227,2026-02-19T15:51:36+00:00,21,gfs.20260219/12/atmos/gfs.t12z.pgrb2.0p25.f021,"""e426d383fadc24dd0f8c6700307e3ab3""",bilinear_uv_temperature,43.64515,78.535604
2,2026-02-19T18:00:00+00:00,2026-02-19T12:00:00+00:00,2026-02-20T09:00:00+00:00,15,3.3032634213668,13.09672144859752,281.83273196525795,2026-02-19T15:51:36+00:00,21,gfs.20260219/12/atmos/gfs.t12z.pgrb2.0p25.f021,"""e426d383fadc24dd0f8c6700307e3ab3""",bilinear_uv_temperature,43.643198,78.538828
1,2026-02-19T18:00:00+00:00,2026-02-19T12:00:00+00:00,2026-02-20T10:00:00+00:00,16,2.676636701265719,13.111209260724024,286.79900012906603,2026-02-19T15:51:56+00:00,22,gfs.20260219/12/atmos/gfs.t12z.pgrb2.0p25.f022,"""531d3e7fd8c6afdea6770678886b3e50""",bilinear_uv_temperature,43.64515,78.535604
2,2026-02-19T18:00:00+00:00,2026-02-19T12:00:00+00:00,2026-02-20T10:00:00+00:00,16,2.6530346104806375,13.094178603113733,286.74221047152537,2026-02-19T15:51:56+00:00,22,gfs.20260219/12/atmos/gfs.t12z.pgrb2.0p25.f022,"""531d3e7fd8c6afdea6770678886b3e50""",bilinear_uv_temperature,43.643198,78.538828
1,2026-02-19T18:00:00+00:00,2026-02-19T12:00:00+00:00,2026-02-20T11:00:00+00:00,17,2.0959661686386704,12.531459328914025,309.1976829691657,2026-02-19T15:37:10+00:00,23,gfs.20260219/12/atmos/gfs.t12z.pgrb2.0p25.f023,"""d12601142042612a9414472975df9f99""",bilinear_uv_temperature,43.64515,78.535604
2,2026-02-19T18:00:00+00:00,2026-02-19T12:00:00+00:00,2026-02-20T11:00:00+00:00,17,2.0695982875023726,12.5240866825294,309.19798476488944,2026-02-19T15:37:10+00:00,23,gfs.20260219/12/atmos/gfs.t12z.pgrb2.0p25.f023,"""d12601142042612a9414472975df9f99""",bilinear_uv_temperature,43.643198,78.538828
1,2026-02-19T18:00:00+00:00,2026-02-19T12:00:00+00:00,2026-02-20T12:00:00+00:00,18,1.6263622839687983,10.875862361392024,343.555125156218,2026-02-19T15:52:30+00:00,24,gfs.20260219/12/atmos/gfs.t12z.pgrb2.0p25.f024,"""2a020ba4ab796d805ed5097e7f1c23ae""",bilinear_uv_temperature,43.64515,78.535604
2,2026-02-19T18:00:00+00:00,2026-02-19T12:00:00+00:00,2026-02-20T12:00:00+00:00,18,1.6040275213183088,10.879334413854053,344.04414154728175,2026-02-19T15:52:30+00:00,24,gfs.20260219/12/atmos/gfs.t12z.pgrb2.0p25.f024,"""2a020ba4ab796d805ed5097e7f1c23ae""",bilinear_uv_temperature,43.643198,78.538828
1,2026-02-19T18:00:00+00:00,2026-02-19T12:00:00+00:00,2026-02-20T13:00:00+00:00,19,2.404469279285831,9.604194297160063,52.914840709310056,2026-02-19T15:37:56+00:00,25,gfs.20260219/12/atmos/gfs.t12z.pgrb2.0p25.f025,"""4de7bcd5c3e48b7190859f756315b986""",bilinear_uv_temperature,43.64515,78.535604
2,2026-02-19T18:00:00+00:00,2026-02-19T12:00:00+00:00,2026-02-20T13:00:00+00:00,19,2.4336308890667415,9.610819574318384,53.774850040542944,2026-02-19T15:37:56+00:00,25,gfs.20260219/12/atmos/gfs.t12z.pgrb2.0p25.f025,"""4de7bcd5c3e48b7190859f756315b986""",bilinear_uv_temperature,43.643198,78.538828
1,2026-02-19T18:00:00+00:00,2026-02-19T12:00:00+00:00,2026-02-20T14:00:00+00:00,20,6.093766893164315,9.185934572521944,76.44549086419191,2026-02-19T15:52:44+00:00,26,gfs.20260219/12/atmos/gfs.t12z.pgrb2.0p25.f026,"""3b5e872daef2ab1d2e00bd4c10fda199""",bilinear_uv_temperature,43.64515,78.535604
2,2026-02-19T18:00:00+00:00,2026-02-19T12:00:00+00:00,2026-02-20T14:00:00+00:00,20,6.044297612875071,9.161611153675267,76.73546996897026,2026-02-19T15:52:44+00:00,26,gfs.20260219/12/atmos/gfs.t12z.pgrb2.0p25.f026,"""3b5e872daef2ab1d2e00bd4c10fda199""",bilinear_uv_temperature,43.643198,78.538828
1,2026-02-19T18:00:00+00:00,2026-02-19T12:00:00+00:00,2026-02-20T15:00:00+00:00,21,7.096792107105656,8.16522411388803,70.16742566260407,2026-02-19T15:38:33+00:00,27,gfs.20260219/12/atmos/gfs.t12z.pgrb2.0p25.f027,"""11e68e8ef8446c4fd8292ba32073e9d9""",bilinear_uv_temperature,43.64515,78.535604
2,2026-02-19T18:00:00+00:00,2026-02-19T12:00:00+00:00,2026-02-20T15:00:00+00:00,21,7.015419676240017,8.152881703013122,70.51140291898933,2026-02-19T15:38:33+00:00,27,gfs.20260219/12/atmos/gfs.t12z.pgrb2.0p25.f027,"""11e68e8ef8446c4fd8292ba32073e9d9""",bilinear_uv_temperature,43.643198,78.538828
1,2026-02-19T18:00:00+00:00,2026-02-19T12:00:00+00:00,2026-02-20T16:00:00+00:00,22,8.087749398172393,7.63998627736396,72.84463926468374,2026-02-19T15:53:18+00:00,28,gfs.20260219/12/atmos/gfs.t12z.pgrb2.0p25.f028,"""ce32695dad96f2a6826967f65ffc3626""",bilinear_uv_temperature,43.64515,78.535604
2,2026-02-19T18:00:00+00:00,2026-02-19T12:00:00+00:00,2026-02-20T16:00:00+00:00,22,7.989722944991251,7.627779527107407,73.23461798733517,2026-02-19T15:53:18+00:00,28,gfs.20260219/12/atmos/gfs.t12z.pgrb2.0p25.f028,"""ce32695dad96f2a6826967f65ffc3626""",bilinear_uv_temperature,43.643198,78.538828
1,2026-02-19T18:00:00+00:00,2026-02-19T12:00:00+00:00,2026-02-20T17:00:00+00:00,23,8.62809156609008,7.254841625528002,75.60135620880692,2026-02-19T15:53:24+00:00,29,gfs.20260219/12/atmos/gfs.t12z.pgrb2.0p25.f029,"""0f3d4d28052bb287f072442c3485f854""",bilinear_uv_temperature,43.64515,78.535604
2,2026-02-19T18:00:00+00:00,2026-02-19T12:00:00+00:00,2026-02-20T17:00:00+00:00,23,8.521799031292511,7.236357682006712,76.01552934862389,2026-02-19T15:53:24+00:00,29,gfs.20260219/12/atmos/gfs.t12z.pgrb2.0p25.f029,"""0f3d4d28052bb287f072442c3485f854""",bilinear_uv_temperature,43.643198,78.538828
1,2026-02-19T18:00:00+00:00,2026-02-19T12:00:00+00:00,2026-02-20T18:00:00+00:00,24,8.689971317812649,6.733959719482016,77.63621271052695,2026-02-19T15:53:49+00:00,30,gfs.20260219/12/atmos/gfs.t12z.pgrb2.0p25.f030,"""9391fe074b6f01b4d8b46b2b6edda736""",bilinear_uv_temperature,43.64515,78.535604
2,2026-02-19T18:00:00+00:00,2026-02-19T12:00:00+00:00,2026-02-20T18:00:00+00:00,24,8.585273382908388,6.712812708545698,78.06163648810382,2026-02-19T15:53:49+00:00,30,gfs.20260219/12/atmos/gfs.t12z.pgrb2.0p25.f030,"""9391fe074b6f01b4d8b46b2b6edda736""",bilinear_uv_temperature,43.643198,78.538828
1,2026-02-19T18:00:00+00:00,2026-02-19T12:00:00+00:00,2026-02-20T19:00:00+00:00,25,8.801748258517684,6.217193873358042,78.03812228375746,2026-02-19T15:54:06+00:00,31,gfs.20260219/12/atmos/gfs.t12z.pgrb2.0p25.f031,"""fe995967edf4ef6e0884efb9a1c83e7f""",bilinear_uv_temperature,43.64515,78.535604
2,2026-02-19T18:00:00+00:00,2026-02-19T12:00:00+00:00,2026-02-20T19:00:00+00:00,25,8.699795424781964,6.197399621535965,78.46601322804595,2026-02-19T15:54:06+00:00,31,gfs.20260219/12/atmos/gfs.t12z.pgrb2.0p25.f031,"""fe995967edf4ef6e0884efb9a1c83e7f""",bilinear_uv_temperature,43.643198,78.538828
1,2026-02-19T18:00:00+00:00,2026-02-19T12:00:00+00:00,2026-02-20T20:00:00+00:00,26,8.514704665718735,5.886599013535999,78.375133565271,2026-02-19T15:54:34+00:00,32,gfs.20260219/12/atmos/gfs.t12z.pgrb2.0p25.f032,"""14c3c39802a8910c4b3f68c5392ce62e""",bilinear_uv_temperature,43.64515,78.535604
2,2026-02-19T18:00:00+00:00,2026-02-19T12:00:00+00:00,2026-02-20T20:00:00+00:00,26,8.418333840939793,5.869097369808685,78.82914328625264,2026-02-19T15:54:34+00:00,32,gfs.20260219/12/atmos/gfs.t12z.pgrb2.0p25.f032,"""14c3c39802a8910c4b3f68c5392ce62e""",bilinear_uv_temperature,43.643198,78.538828
1,2026-02-19T18:00:00+00:00,2026-02-19T12:00:00+00:00,2026-02-20T21:00:00+00:00,27,8.115071737528275,5.521412452694051,75.69719387338719,2026-02-19T15:54:54+00:00,33,gfs.20260219/12/atmos/gfs.t12z.pgrb2.0p25.f033,"""abac2660ac8de815691258ad3905f1ff""",bilinear_uv_temperature,43.64515,78.535604
2,2026-02-19T18:00:00+00:00,2026-02-19T12:00:00+00:00,2026-02-20T21:00:00+00:00,27,8.020417345214177,5.505696034136577,76.18196379772125,2026-02-19T15:54:54+00:00,33,gfs.20260219/12/atmos/gfs.t12z.pgrb2.0p25.f033,"""abac2660ac8de815691258ad3905f1ff""",bilinear_uv_temperature,43.643198,78.538828
1,2026-02-19T18:00:00+00:00,2026-02-19T12:00:00+00:00,2026-02-20T22:00:00+00:00,28,7.650109284271279,5.207036847846041,73.48680345478256,2026-02-19T15:54:52+00:00,34,gfs.20260219/12/atmos/gfs.t12z.pgrb2.0p25.f034,"""a76c745f4ff64f73cef005e2179c7825""",bilinear_uv_temperature,43.64515,78.535604
2,2026-02-19T18:00:00+00:00,2026-02-19T12:00:00+00:00,2026-02-20T22:00:00+00:00,28,7.561144756016811,5.192833032893077,73.98329340515653,2026-02-19T15:54:52+00:00,34,gfs.20260219/12/atmos/gfs.t12z.pgrb2.0p25.f034,"""a76c745f4ff64f73cef005e2179c7825""",bilinear_uv_temperature,43.643198,78.538828
1,2026-02-19T18:00:00+00:00,2026-02-19T12:00:00+00:00,2026-02-20T23:00:00+00:00,29,7.099007787392034,5.037526182208012,71.94877018925966,2026-02-19T15:55:11+00:00,35,gfs.20260219/12/atmos/gfs.t12z.pgrb2.0p25.f035,"""ef17e06dae2fd7ed443ba97c8621422e""",bilinear_uv_temperature,43.64515,78.535604
2,2026-02-19T18:00:00+00:00,2026-02-19T12:00:00+00:00,2026-02-20T23:00:00+00:00,29,7.019858101356477,5.025415085009911,72.48980886468152,2026-02-19T15:55:11+00:00,35,gfs.20260219/12/atmos/gfs.t12z.pgrb2.0p25.f035,"""ef17e06dae2fd7ed443ba97c8621422e""",bilinear_uv_temperature,43.643198,78.538828
1,2026-02-19T18:00:00+00:00,2026-02-19T12:00:00+00:00,2026-02-21T00:00:00+00:00,30,6.930002306148344,4.9455613445040285,70.88016763137972,2026-02-19T15:56:10+00:00,36,gfs.20260219/12/atmos/gfs.t12z.pgrb2.0p25.f036,"""bff62724f7ca12b7a36562abd0cf574a""",bilinear_uv_temperature,43.64515,78.535604
2,2026-02-19T18:00:00+00:00,2026-02-19T12:00:00+00:00,2026-02-21T00:00:00+00:00,30,6.850275150934545,4.935919394720997,71.39137524526038,2026-02-19T15:56:10+00:00,36,gfs.20260219/12/atmos/gfs.t12z.pgrb2.0p25.f036,"""bff62724f7ca12b7a36562abd0cf574a""",bilinear_uv_temperature,43.643198,78.538828
1,2026-02-19T18:00:00+00:00,2026-02-19T12:00:00+00:00,2026-02-21T01:00:00+00:00,31,6.695196127431358,4.920673971825977,72.93763765522361,2026-02-19T15:55:27+00:00,37,gfs.20260219/12/atmos/gfs.t12z.pgrb2.0p25.f037,"""7b92ea1f7d4f13493a6d8f71eb025dd3""",bilinear_uv_temperature,43.64515,78.535604
2,2026-02-19T18:00:00+00:00,2026-02-19T12:00:00+00:00,2026-02-21T01:00:00+00:00,31,6.61589891426285,4.912055573948294,73.4377582340391,2026-02-19T15:55:27+00:00,37,gfs.20260219/12/atmos/gfs.t12z.pgrb2.0p25.f037,"""7b92ea1f7d4f13493a6d8f71eb025dd3""",bilinear_uv_temperature,43.643198,78.538828
1,2026-02-19T18:00:00+00:00,2026-02-19T12:00:00+00:00,2026-02-21T02:00:00+00:00,32,6.194119215439495,5.05529933065003,72.70714261470518,2026-02-19T15:56:27+00:00,38,gfs.20260219/12/atmos/gfs.t12z.pgrb2.0p25.f038,"""84625c5318ab0fdf925a697640ddfd14""",bilinear_uv_temperature,43.64515,78.535604
2,2026-02-19T18:00:00+00:00,2026-02-19T12:00:00+00:00,2026-02-21T02:00:00+00:00,32,6.118142160927873,5.047144722906069,73.18759057952049,2026-02-19T15:56:27+00:00,38,gfs.20260219/12/atmos/gfs.t12z.pgrb2.0p25.f038,"""84625c5318ab0fdf925a697640ddfd14""",bilinear_uv_temperature,43.643198,78.538828
1,2026-02-19T18:00:00+00:00,2026-02-19T12:00:00+00:00,2026-02-21T03:00:00+00:00,33,6.515143107661019,6.455039541214035,72.6912342412223,2026-02-19T15:41:33+00:00,39,gfs.20260219/12/atmos/gfs.t12z.pgrb2.0p25.f039,"""651ea6f306d275e99fd7a3ee753299f8""",bilinear_uv_temperature,43.64515,78.535604
2,2026-02-19T18:00:00+00:00,2026-02-19T12:00:00+00:00,2026-02-21T03:00:00+00:00,33,6.428627450825767,6.451388905581382,73.14601526347596,2026-02-19T15:41:33+00:00,39,gfs.20260219/12/atmos/gfs.t12z.pgrb2.0p25.f039,"""651ea6f306d275e99fd7a3ee753299f8""",bilinear_uv_temperature,43.643198,78.538828
1,2026-02-19T18:00:00+00:00,2026-02-19T12:00:00+00:00,2026-02-21T04:00:00+00:00,34,5.600591318002931,7.843255252790016,59.81489117981494,2026-02-19T15:56:20+00:00,40,gfs.20260219/12/atmos/gfs.t12z.pgrb2.0p25.f040,"""3bbd26e240c049a9d10160149f4c2a25""",bilinear_uv_temperature,43.64515,78.535604
2,2026-02-19T18:00:00+00:00,2026-02-19T12:00:00+00:00,2026-02-21T04:00:00+00:00,34,5.522212441419263,7.843573285519653,60.05926050009685,2026-02-19T15:56:20+00:00,40,gfs.20260219/12/atmos/gfs.t12z.pgrb2.0p25.f040,"""3bbd26e240c049a9d10160149f4c2a25""",bilinear_uv_temperature,43.643198,78.538828
1,2026-02-19T18:00:00+00:00,2026-02-19T12:00:00+00:00,2026-02-21T05:00:00+00:00,35,3.388920264427708,8.63895231611599,42.38831532694119,2026-02-19T15:56:53+00:00,41,gfs.20260219/12/atmos/gfs.t12z.pgrb2.0p25.f041,"""a4bf2030051653bb8cb5372e662f1f96""",bilinear_uv_temperature,43.64515,78.535604
2,2026-02-19T18:00:00+00:00,2026-02-19T12:00:00+00:00,2026-02-21T05:00:00+00:00,35,3.3401913549603384,8.634278470327843,41.80280800033294,2026-02-19T15:56:53+00:00,41,gfs.20260219/12/atmos/gfs.t12z.pgrb2.0p25.f041,"""a4bf2030051653bb8cb5372e662f1f96""",bilinear_uv_temperature,43.643198,78.538828
1,2026-02-19T18:00:00+00:00,2026-02-19T12:00:00+00:00,2026-02-21T06:00:00+00:00,36,4.911576490791738,9.528378733653994,273.1712980740298,2026-02-19T15:57:10+00:00,42,gfs.20260219/12/atmos/gfs.t12z.pgrb2.0p25.f042,"""43cff2f2eed75c89866544202cd5cdc2""",bilinear_uv_temperature,43.64515,78.535604
2,2026-02-19T18:00:00+00:00,2026-02-19T12:00:00+00:00,2026-02-21T06:00:00+00:00,36,4.976719935064394,9.506198042367032,273.75966779099963,2026-02-19T15:57:10+00:00,42,gfs.20260219/12/atmos/gfs.t12z.pgrb2.0p25.f042,"""43cff2f2eed75c89866544202cd5cdc2""",bilinear_uv_temperature,43.643198,78.538828
1,2026-02-19T18:00:00+00:00,2026-02-19T12:00:00+00:00,2026-02-21T07:00:00+00:00,37,14.889742265377793,8.80885839340607,277.76059662827845,2026-02-19T15:56:55+00:00,43,gfs.20260219/12/atmos/gfs.t12z.pgrb2.0p25.f043,"""6c0717305e41265dfc550b317f54f415""",bilinear_uv_temperature,43.64515,78.535604
2,2026-02-19T18:00:00+00:00,2026-02-19T12:00:00+00:00,2026-02-21T07:00:00+00:00,37,14.866631314519955,8.778197207227436,277.918687401211,2026-02-19T15:56:55+00:00,43,gfs.20260219/12/atmos/gfs.t12z.pgrb2.0p25.f043,"""6c0717305e41265dfc550b317f54f415""",bilinear_uv_temperature,43.643198,78.538828
1,2026-02-19T18:00:00+00:00,2026-02-19T12:00:00+00:00,2026-02-21T08:00:00+00:00,38,12.734051836332531,7.293074827612031,275.6545173359544,2026-02-19T15:58:25+00:00,44,gfs.20260219/12/atmos/gfs.t12z.pgrb2.0p25.f044,"""cec3c1b37374d91b3d7df0a66ef31f73""",bilinear_uv_temperature,43.64515,78.535604
2,2026-02-19T18:00:00+00:00,2026-02-19T12:00:00+00:00,2026-02-21T08:00:00+00:00,38,12.713801638622373,7.256437212246908,275.90726706997225,2026-02-19T15:58:25+00:00,44,gfs.20260219/12/atmos/gfs.t12z.pgrb2.0p25.f044,"""cec3c1b37374d91b3d7df0a66ef31f73""",bilinear_uv_temperature,43.643198,78.538828
1,2026-02-19T18:00:00+00:00,2026-02-19T12:00:00+00:00,2026-02-21T09:00:00+00:00,39,11.747242930049701,6.344537115984053,276.261137175529,2026-02-19T15:57:59+00:00,45,gfs.20260219/12/atmos/gfs.t12z.pgrb2.0p25.f045,"""fb5168d3fefb674d35bc75c3fce7ab9b""",bilinear_uv_temperature,43.64515,78.535604
2,2026-02-19T18:00:00+00:00,2026-02-19T12:00:00+00:00,2026-02-21T09:00:00+00:00,39,11.738222406609841,6.3123973832761635,276.2664214823486,2026-02-19T15:57:59+00:00,45,gfs.20260219/12/atmos/gfs.t12z.pgrb2.0p25.f045,"""fb5168d3fefb674d35bc75c3fce7ab9b""",bilinear_uv_temperature,43.643198,78.538828
1,2026-02-19T18:00:00+00:00,2026-02-19T12:00:00+00:00,2026-02-21T10:00:00+00:00,40,10.136963397905376,5.8506049149600585,287.0778699294788,2026-02-19T15:57:57+00:00,46,gfs.20260219/12/atmos/gfs.t12z.pgrb2.0p25.f046,"""2b7f46942bfc6eb25889761415858fd3""",bilinear_uv_temperature,43.64515,78.535604
2,2026-02-19T18:00:00+00:00,2026-02-19T12:00:00+00:00,2026-02-21T10:00:00+00:00,40,10.130395388037032,5.822011815990436,287.14262074212684,2026-02-19T15:57:57+00:00,46,gfs.20260219/12/atmos/gfs.t12z.pgrb2.0p25.f046,"""2b7f46942bfc6eb25889761415858fd3""",bilinear_uv_temperature,43.643198,78.538828
1,2026-02-19T18:00:00+00:00,2026-02-19T12:00:00+00:00,2026-02-21T11:00:00+00:00,41,8.69022354994574,5.244213781596045,285.7154390241169,2026-02-19T15:58:15+00:00,47,gfs.20260219/12/atmos/gfs.t12z.pgrb2.0p25.f047,"""e88f60cc63ede8b76df594510c8b2161""",bilinear_uv_temperature,43.64515,78.535604
2,2026-02-19T18:00:00+00:00,2026-02-19T12:00:00+00:00,2026-02-21T11:00:00+00:00,41,8.680282525687609,5.206089326643053,285.9135008359506,2026-02-19T15:58:15+00:00,47,gfs.20260219/12/atmos/gfs.t12z.pgrb2.0p25.f047,"""e88f60cc63ede8b76df594510c8b2161""",bilinear_uv_temperature,43.643198,78.538828
1,2026-02-19T18:00:00+00:00,2026-02-19T12:00:00+00:00,2026-02-21T12:00:00+00:00,42,6.989967061785615,4.320010401822003,263.6080328583576,2026-02-19T15:58:35+00:00,48,gfs.20260219/12/atmos/gfs.t12z.pgrb2.0p25.f048,"""19a246950aebb9a132f3a184dddc464b""",bilinear_uv_temperature,43.64515,78.535604
2,2026-02-19T18:00:00+00:00,2026-02-19T12:00:00+00:00,2026-02-21T12:00:00+00:00,42,6.957319837177599,4.283943300607291,263.83490805448884,2026-02-19T15:58:35+00:00,48,gfs.20260219/12/atmos/gfs.t12z.pgrb2.0p25.f048,"""19a246950aebb9a132f3a184dddc464b""",bilinear_uv_temperature,43.643198,78.538828
1,2026-02-19T18:00:00+00:00,2026-02-19T12:00:00+00:00,2026-02-21T13:00:00+00:00,43,6.766428455971043,4.46311894605401,253.5558218271393,2026-02-19T15:58:40+00:00,49,gfs.20260219/12/atmos/gfs.t12z.pgrb2.0p25.f049,"""c05793caf8fc1819f05cc5ebedba3a03""",bilinear_uv_temperature,43.64515,78.535604
2,2026-02-19T18:00:00+00:00,2026-02-19T12:00:00+00:00,2026-02-21T13:00:00+00:00,43,6.743906012490546,4.426025980142981,253.64377105561564,2026-02-19T15:58:40+00:00,49,gfs.20260219/12/atmos/gfs.t12z.pgrb2.0p25.f049,"""c05793caf8fc1819f05cc5ebedba3a03""",bilinear_uv_temperature,43.643198,78.538828
1,2026-02-19T18:00:00+00:00,2026-02-19T12:00:00+00:00,2026-02-21T14:00:00+00:00,44,5.847867505267777,4.489467065268002,261.72492232257605,2026-02-19T15:59:02+00:00,50,gfs.20260219/12/atmos/gfs.t12z.pgrb2.0p25.f050,"""60557a0ffad00b30547f9c242d7b423b""",bilinear_uv_temperature,43.64515,78.535604
2,2026-02-19T18:00:00+00:00,2026-02-19T12:00:00+00:00,2026-02-21T14:00:00+00:00,44,5.8346361431421565,4.453707556844336,261.72230083640875,2026-02-19T15:59:02+00:00,50,gfs.20260219/12/atmos/gfs.t12z.pgrb2.0p25.f050,"""60557a0ffad00b30547f9c242d7b423b""",bilinear_uv_temperature,43.643198,78.538828
1,2026-02-19T18:00:00+00:00,2026-02-19T12:00:00+00:00,2026-02-21T15:00:00+00:00,45,6.297888193020222,4.472244174600007,270.4884254437188,2026-02-19T15:59:31+00:00,51,gfs.20260219/12/atmos/gfs.t12z.pgrb2.0p25.f051,"""c2f2e7079256f26bc78fd2a3064da3ad""",bilinear_uv_temperature,43.64515,78.535604
2,2026-02-19T18:00:00+00:00,2026-02-19T12:00:00+00:00,2026-02-21T15:00:00+00:00,45,6.260433828743142,4.4336891561040375,270.5256830409321,2026-02-19T15:59:31+00:00,51,gfs.20260219/12/atmos/gfs.t12z.pgrb2.0p25.f051,"""c2f2e7079256f26bc78fd2a3064da3ad""",bilinear_uv_temperature,43.643198,78.538828
1,2026-02-19T18:00:00+00:00,2026-02-19T12:00:00+00:00,2026-02-21T16:00:00+00:00,46,5.439245460285039,4.256940340112067,274.90854296692726,2026-02-19T15:59:35+00:00,52,gfs.20260219/12/atmos/gfs.t12z.pgrb2.0p25.f052,"""da3a7939f8778eb44573f3055087f16a""",bilinear_uv_temperature,43.64515,78.535604
2,2026-02-19T18:00:00+00:00,2026-02-19T12:00:00+00:00,2026-02-21T16:00:00+00:00,46,5.403147809549369,4.216869764746889,274.8890335792802,2026-02-19T15:59:35+00:00,52,gfs.20260219/12/atmos/gfs.t12z.pgrb2.0p25.f052,"""da3a7939f8778eb44573f3055087f16a""",bilinear_uv_temperature,43.643198,78.538828
1,2026-02-19T18:00:00+00:00,2026-02-19T12:00:00+00:00,2026-02-21T17:00:00+00:00,47,4.96954210757978,4.006888815494051,271.74048508651947,2026-02-19T15:59:34+00:00,53,gfs.20260219/12/atmos/gfs.t12z.pgrb2.0p25.f053,"""2110319740e720b017eb0e3bad1561fa""",bilinear_uv_temperature,43.64515,78.535604
2,2026-02-19T18:00:00+00:00,2026-02-19T12:00:00+00:00,2026-02-21T17:00:00+00:00,47,4.9436134873797375,3.962725540808549,271.75767501087154,2026-02-19T15:59:34+00:00,53,gfs.20260219/12/atmos/gfs.t12z.pgrb2.0p25.f053,"""2110319740e720b017eb0e3bad1561fa""",bilinear_uv_temperature,43.643198,78.538828
1,2026-02-19T18:00:00+00:00,2026-02-19T12:00:00+00:00,2026-02-21T18:00:00+00:00,48,4.340233581153105,3.957863548146065,266.1161904357346,2026-02-19T16:00:17+00:00,54,gfs.20260219/12/atmos/gfs.t12z.pgrb2.0p25.f054,"""4d1aa8e321daecf02ec34c8d8049060c""",bilinear_uv_temperature,43.64515,78.535604
2,2026-02-19T18:00:00+00:00,2026-02-19T12:00:00+00:00,2026-02-21T18:00:00+00:00,48,4.333636531438755,3.9197239170650846,266.00817974486586,2026-02-19T16:00:17+00:00,54,gfs.20260219/12/atmos/gfs.t12z.pgrb2.0p25.f054,"""4d1aa8e321daecf02ec34c8d8049060c""",bilinear_uv_temperature,43.643198,78.538828
1,2026-02-20T18:00:00+00:00,2026-02-20T12:00:00+00:00,2026-02-20T19:00:00+00:00,1,8.102740384824326,5.9003145789000655,73.09589288774697,2026-02-20T15:49:30+00:00,7,gfs.20260220/12/atmos/gfs.t12z.pgrb2.0p25.f007,"""c6b82476b78f29aceebf35d1b9cbd1ea""",bilinear_uv_temperature,43.64515,78.535604
2,2026-02-20T18:00:00+00:00,2026-02-20T12:00:00+00:00,2026-02-20T19:00:00+00:00,1,8.010988498977376,5.890262278036062,73.51340578010276,2026-02-20T15:49:30+00:00,7,gfs.20260220/12/atmos/gfs.t12z.pgrb2.0p25.f007,"""c6b82476b78f29aceebf35d1b9cbd1ea""",bilinear_uv_temperature,43.643198,78.538828
1,2026-02-20T18:00:00+00:00,2026-02-20T12:00:00+00:00,2026-02-20T20:00:00+00:00,2,7.832405179421042,5.518632574867979,72.64309584024065,2026-02-20T15:50:06+00:00,8,gfs.20260220/12/atmos/gfs.t12z.pgrb2.0p25.f008,"""088b0a283b694877bf019a9b7c2a24f2""",bilinear_uv_temperature,43.64515,78.535604
2,2026-02-20T18:00:00+00:00,2026-02-20T12:00:00+00:00,2026-02-20T20:00:00+00:00,2,7.73706160297807,5.507054687948369,73.0915331414377,2026-02-20T15:50:06+00:00,8,gfs.20260220/12/atmos/gfs.t12z.pgrb2.0p25.f008,"""088b0a283b694877bf019a9b7c2a24f2""",bilinear_uv_temperature,43.643198,78.538828
1,2026-02-20T18:00:00+00:00,2026-02-20T12:00:00+00:00,2026-02-20T21:00:00+00:00,3,7.6472308313214965,5.185938082850043,72.34870955886765,2026-02-20T15:50:17+00:00,9,gfs.20260220/12/atmos/gfs.t12z.pgrb2.0p25.f009,"""0384f34b3441893d759beb8d7b17393a""",bilinear_uv_temperature,43.64515,78.535604
2,2026-02-20T18:00:00+00:00,2026-02-20T12:00:00+00:00,2026-02-20T21:00:00+00:00,3,7.554983217037006,5.174393211234019,72.8028729785051,2026-02-20T15:50:17+00:00,9,gfs.20260220/12/atmos/gfs.t12z.pgrb2.0p25.f009,"""0384f34b3441893d759beb8d7b17393a""",bilinear_uv_temperature,43.643198,78.538828
1,2026-02-20T18:00:00+00:00,2026-02-20T12:00:00+00:00,2026-02-20T22:00:00+00:00,4,7.326155794386723,5.015239901929988,72.15551515027869,2026-02-20T15:50:31+00:00,10,gfs.20260220/12/atmos/gfs.t12z.pgrb2.0p25.f010,"""63e0409a55b43932c427ce79dc57dd4a""",bilinear_uv_temperature,43.64515,78.535604
2,2026-02-20T18:00:00+00:00,2026-02-20T12:00:00+00:00,2026-02-20T22:00:00+00:00,4,7.236637886801527,5.003562962013234,72.63557786571708,2026-02-20T15:50:31+00:00,10,gfs.20260220/12/atmos/gfs.t12z.pgrb2.0p25.f010,"""63e0409a55b43932c427ce79dc57dd4a""",bilinear_uv_temperature,43.643198,78.538828
1,2026-02-20T18:00:00+00:00,2026-02-20T12:00:00+00:00,2026-02-20T23:00:00+00:00,5,6.899066258814694,4.926223566978024,70.25863415458153,2026-02-20T15:50:53+00:00,11,gfs.20260220/12/atmos/gfs.t12z.pgrb2.0p25.f011,"""eb1efab42c93ccb72d53e495ac1b71ee""",bilinear_uv_temperature,43.64515,78.535604
2,2026-02-20T18:00:00+00:00,2026-02-20T12:00:00+00:00,2026-02-20T23:00:00+00:00,5,6.8114787162008295,4.913296972704757,70.71554713887996,2026-02-20T15:50:53+00:00,11,gfs.20260220/12/atmos/gfs.t12z.pgrb2.0p25.f011,"""eb1efab42c93ccb72d53e495ac1b71ee""",bilinear_uv_temperature,43.643198,78.538828
1,2026-02-20T18:00:00+00:00,2026-02-20T12:00:00+00:00,2026-02-21T00:00:00+00:00,6,5.934599047342517,4.806640458758011,66.32898187352832,2026-02-20T15:51:26+00:00,12,gfs.20260220/12/atmos/gfs.t12z.pgrb2.0p25.f012,"""e1efdd7ee0ff09dd02e277e8047389ed""",bilinear_uv_temperature,43.64515,78.535604
2,2026-02-20T18:00:00+00:00,2026-02-20T12:00:00+00:00,2026-02-21T00:00:00+00:00,6,5.856833047881958,4.791638345431977,66.72967342410125,2026-02-20T15:51:26+00:00,12,gfs.20260220/12/atmos/gfs.t12z.pgrb2.0p25.f012,"""e1efdd7ee0ff09dd02e277e8047389ed""",bilinear_uv_temperature,43.643198,78.538828
1,2026-02-20T18:00:00+00:00,2026-02-20T12:00:00+00:00,2026-02-21T01:00:00+00:00,7,6.420705588814088,4.818202207282013,72.53239033645686,2026-02-20T15:51:09+00:00,13,gfs.20260220/12/atmos/gfs.t12z.pgrb2.0p25.f013,"""7888ff6b2b1fc2908a6df1950cdec22e""",bilinear_uv_temperature,43.64515,78.535604
2,2026-02-20T18:00:00+00:00,2026-02-20T12:00:00+00:00,2026-02-21T01:00:00+00:00,7,6.342096394043324,4.809824660217714,72.95015371634952,2026-02-20T15:51:09+00:00,13,gfs.20260220/12/atmos/gfs.t12z.pgrb2.0p25.f013,"""7888ff6b2b1fc2908a6df1950cdec22e""",bilinear_uv_temperature,43.643198,78.538828
1,2026-02-20T18:00:00+00:00,2026-02-20T12:00:00+00:00,2026-02-21T02:00:00+00:00,8,6.4981902984020765,4.998594711544001,69.03606309533468,2026-02-20T15:51:23+00:00,14,gfs.20260220/12/atmos/gfs.t12z.pgrb2.0p25.f014,"""18fff354fde81b1ca36d2a7109b613ae""",bilinear_uv_temperature,43.64515,78.535604
2,2026-02-20T18:00:00+00:00,2026-02-20T12:00:00+00:00,2026-02-21T02:00:00+00:00,8,6.41114248583657,4.99247056761061,69.45343400064075,2026-02-20T15:51:23+00:00,14,gfs.20260220/12/atmos/gfs.t12z.pgrb2.0p25.f014,"""18fff354fde81b1ca36d2a7109b613ae""",bilinear_uv_temperature,43.643198,78.538828
1,2026-02-20T18:00:00+00:00,2026-02-20T12:00:00+00:00,2026-02-21T03:00:00+00:00,9,7.1455185733729225,6.36377682157007,83.21794338582468,2026-02-20T15:52:32+00:00,15,gfs.20260220/12/atmos/gfs.t12z.pgrb2.0p25.f015,"""8b0e63a4c1106a4eabee9b348b191058""",bilinear_uv_temperature,43.64515,78.535604
2,2026-02-20T18:00:00+00:00,2026-02-20T12:00:00+00:00,2026-02-21T03:00:00+00:00,9,7.062510561537586,6.359411882126835,83.5607435028194,2026-02-20T15:52:32+00:00,15,gfs.20260220/12/atmos/gfs.t12z.pgrb2.0p25.f015,"""8b0e63a4c1106a4eabee9b348b191058""",bilinear_uv_temperature,43.643198,78.538828
1,2026-02-20T18:00:00+00:00,2026-02-20T12:00:00+00:00,2026-02-21T04:00:00+00:00,10,6.618507553590082,7.884999396417982,71.34035800286021,2026-02-20T15:52:08+00:00,16,gfs.20260220/12/atmos/gfs.t12z.pgrb2.0p25.f016,"""4cc2fb6266e753b1c2021a62bd98f6fc""",bilinear_uv_temperature,43.64515,78.535604
2,2026-02-20T18:00:00+00:00,2026-02-20T12:00:00+00:00,2026-02-21T04:00:00+00:00,10,6.5264011015650505,7.884827773370375,71.65777591899142,2026-02-20T15:52:08+00:00,16,gfs.20260220/12/atmos/gfs.t12z.pgrb2.0p25.f016,"""4cc2fb6266e753b1c2021a62bd98f6fc""",bilinear_uv_temperature,43.643198,78.538828
1,2026-02-20T18:00:00+00:00,2026-02-20T12:00:00+00:00,2026-02-21T05:00:00+00:00,11,3.7639964402143495,9.391262809908028,35.60458221452129,2026-02-20T15:37:25+00:00,17,gfs.20260220/12/atmos/gfs.t12z.pgrb2.0p25.f017,"""165c16d70c5c765de3c28d45ffa2f3ac""",bilinear_uv_temperature,43.64515,78.535604
2,2026-02-20T18:00:00+00:00,2026-02-20T12:00:00+00:00,2026-02-21T05:00:00+00:00,11,3.7027859820579248,9.388037701957899,34.991100774539156,2026-02-20T15:37:25+00:00,17,gfs.20260220/12/atmos/gfs.t12z.pgrb2.0p25.f017,"""165c16d70c5c765de3c28d45ffa2f3ac""",bilinear_uv_temperature,43.643198,78.538828
1,2026-02-20T18:00:00+00:00,2026-02-20T12:00:00+00:00,2026-02-21T06:00:00+00:00,12,6.694484797211501,8.254308717244044,271.3334458266182,2026-02-20T15:37:55+00:00,18,gfs.20260220/12/atmos/gfs.t12z.pgrb2.0p25.f018,"""ee729500e5bea61533fab2b9e5bc1571""",bilinear_uv_temperature,43.64515,78.535604
2,2026-02-20T18:00:00+00:00,2026-02-20T12:00:00+00:00,2026-02-21T06:00:00+00:00,12,6.7375663456083865,8.23474681567859,271.8070714570926,2026-02-20T15:37:55+00:00,18,gfs.20260220/12/atmos/gfs.t12z.pgrb2.0p25.f018,"""ee729500e5bea61533fab2b9e5bc1571""",bilinear_uv_temperature,43.643198,78.538828
1,2026-02-20T18:00:00+00:00,2026-02-20T12:00:00+00:00,2026-02-21T07:00:00+00:00,13,14.059865865032213,7.482250113120017,270.42019527157305,2026-02-20T15:52:34+00:00,19,gfs.20260220/12/atmos/gfs.t12z.pgrb2.0p25.f019,"""b01590504911101dcd694c24d67733da""",bilinear_uv_temperature,43.64515,78.535604
2,2026-02-20T18:00:00+00:00,2026-02-20T12:00:00+00:00,2026-02-21T07:00:00+00:00,13,14.057868545823764,7.4510936775487835,270.6562811934309,2026-02-20T15:52:34+00:00,19,gfs.20260220/12/atmos/gfs.t12z.pgrb2.0p25.f019,"""b01590504911101dcd694c24d67733da""",bilinear_uv_temperature,43.643198,78.538828
1,2026-02-20T18:00:00+00:00,2026-02-20T12:00:00+00:00,2026-02-21T08:00:00+00:00,14,14.789750117874101,7.349039851696034,264.3408413077481,2026-02-20T15:53:07+00:00,20,gfs.20260220/12/atmos/gfs.t12z.pgrb2.0p25.f020,"""05d047b64b8dc15fd2f6231ae146b305""",bilinear_uv_temperature,43.64515,78.535604
2,2026-02-20T18:00:00+00:00,2026-02-20T12:00:00+00:00,2026-02-21T08:00:00+00:00,14,14.775795342863526,7.31163311136703,264.592666614996,2026-02-20T15:53:07+00:00,20,gfs.20260220/12/atmos/gfs.t12z.pgrb2.0p25.f020,"""05d047b64b8dc15fd2f6231ae146b305""",bilinear_uv_temperature,43.643198,78.538828
1,2026-02-20T18:00:00+00:00,2026-02-20T12:00:00+00:00,2026-02-21T09:00:00+00:00,15,14.695754246544874,6.836069210624032,264.08390903370855,2026-02-20T15:53:19+00:00,21,gfs.20260220/12/atmos/gfs.t12z.pgrb2.0p25.f021,"""32485936b248c24bfd0d51f623b4f233""",bilinear_uv_temperature,43.64515,78.535604
2,2026-02-20T18:00:00+00:00,2026-02-20T12:00:00+00:00,2026-02-21T09:00:00+00:00,15,14.70176092028464,6.7970510783898135,264.31780222596524,2026-02-20T15:53:19+00:00,21,gfs.20260220/12/atmos/gfs.t12z.pgrb2.0p25.f021,"""32485936b248c24bfd0d51f623b4f233""",bilinear_uv_temperature,43.643198,78.538828
1,2026-02-20T18:00:00+00:00,2026-02-20T12:00:00+00:00,2026-02-21T10:00:00+00:00,16,12.226106878955205,5.662475637490047,277.6997375508925,2026-02-20T15:53:35+00:00,22,gfs.20260220/12/atmos/gfs.t12z.pgrb2.0p25.f022,"""2f3edb6003c4b5ef4f1eb01e93db7a49""",bilinear_uv_temperature,43.64515,78.535604
2,2026-02-20T18:00:00+00:00,2026-02-20T12:00:00+00:00,2026-02-21T10:00:00+00:00,16,12.304994796529861,5.6305602063476385,277.723162327217,2026-02-20T15:53:35+00:00,22,gfs.20260220/12/atmos/gfs.t12z.pgrb2.0p25.f022,"""2f3edb6003c4b5ef4f1eb01e93db7a49""",bilinear_uv_temperature,43.643198,78.538828
1,2026-02-20T18:00:00+00:00,2026-02-20T12:00:00+00:00,2026-02-21T11:00:00+00:00,17,10.38420697271338,5.34197455294202,272.11991162612367,2026-02-20T15:53:23+00:00,23,gfs.20260220/12/atmos/gfs.t12z.pgrb2.0p25.f023,"""82634ea79ce363c20c83cded25d3b488""",bilinear_uv_temperature,43.64515,78.535604
2,2026-02-20T18:00:00+00:00,2026-02-20T12:00:00+00:00,2026-02-21T11:00:00+00:00,17,10.406012228255678,5.3033309492761305,272.24833512664446,2026-02-20T15:53:23+00:00,23,gfs.20260220/12/atmos/gfs.t12z.pgrb2.0p25.f023,"""82634ea79ce363c20c83cded25d3b488""",bilinear_uv_temperature,43.643198,78.538828
1,2026-02-20T18:00:00+00:00,2026-02-20T12:00:00+00:00,2026-02-21T12:00:00+00:00,18,9.333420948696613,5.497354812004062,281.85008448721777,2026-02-20T15:40:34+00:00,24,gfs.20260220/12/atmos/gfs.t12z.pgrb2.0p25.f024,"""23f031ad65da915a12037a1b24641a7f""",bilinear_uv_temperature,43.64515,78.535604
2,2026-02-20T18:00:00+00:00,2026-02-20T12:00:00+00:00,2026-02-21T12:00:00+00:00,18,9.36546679851776,5.454132382220962,281.9760356375105,2026-02-20T15:40:34+00:00,24,gfs.20260220/12/atmos/gfs.t12z.pgrb2.0p25.f024,"""23f031ad65da915a12037a1b24641a7f""",bilinear_uv_temperature,43.643198,78.538828
1,2026-02-20T18:00:00+00:00,2026-02-20T12:00:00+00:00,2026-02-21T13:00:00+00:00,19,8.817817687154923,4.845590393153998,268.7150468303464,2026-02-20T15:40:40+00:00,25,gfs.20260220/12/atmos/gfs.t12z.pgrb2.0p25.f025,"""4faa37c74b9bd109cd6c7a43f421f778""",bilinear_uv_temperature,43.64515,78.535604
2,2026-02-20T18:00:00+00:00,2026-02-20T12:00:00+00:00,2026-02-21T13:00:00+00:00,19,8.80192319250357,4.80773888874694,269.0219321712963,2026-02-20T15:40:40+00:00,25,gfs.20260220/12/atmos/gfs.t12z.pgrb2.0p25.f025,"""4faa37c74b9bd109cd6c7a43f421f778""",bilinear_uv_temperature,43.643198,78.538828
1,2026-02-20T18:00:00+00:00,2026-02-20T12:00:00+00:00,2026-02-21T14:00:00+00:00,20,9.348615687702978,4.4768527192660486,254.05956295050677,2026-02-20T15:40:34+00:00,26,gfs.20260220/12/atmos/gfs.t12z.pgrb2.0p25.f026,"""8249a9f3f46ddf2bb3970d7122271d18""",bilinear_uv_temperature,43.64515,78.535604
2,2026-02-20T18:00:00+00:00,2026-02-20T12:00:00+00:00,2026-02-21T14:00:00+00:00,20,9.322965211923552,4.438850185733884,254.235027608291,2026-02-20T15:40:34+00:00,26,gfs.20260220/12/atmos/gfs.t12z.pgrb2.0p25.f026,"""8249a9f3f46ddf2bb3970d7122271d18""",bilinear_uv_temperature,43.643198,78.538828
1,2026-02-20T18:00:00+00:00,2026-02-20T12:00:00+00:00,2026-02-21T15:00:00+00:00,21,8.731996774445479,4.884221629678052,260.10529245952335,2026-02-20T15:40:46+00:00,27,gfs.20260220/12/atmos/gfs.t12z.pgrb2.0p25.f027,"""b1d51e4ec311651d7efbdd20fd5fc706""",bilinear_uv_temperature,43.64515,78.535604
2,2026-02-20T18:00:00+00:00,2026-02-20T12:00:00+00:00,2026-02-21T15:00:00+00:00,21,8.730599571905875,4.844118624652765,260.19602407265904,2026-02-20T15:40:46+00:00,27,gfs.20260220/12/atmos/gfs.t12z.pgrb2.0p25.f027,"""b1d51e4ec311651d7efbdd20fd5fc706""",bilinear_uv_temperature,43.643198,78.538828
1,2026-02-20T18:00:00+00:00,2026-02-20T12:00:00+00:00,2026-02-21T16:00:00+00:00,22,6.3364991184054125,4.682557888688052,268.13165333613733,2026-02-20T15:55:20+00:00,28,gfs.20260220/12/atmos/gfs.t12z.pgrb2.0p25.f028,"""5a524136a3cf565eb4f84a21d4c74ee9""",bilinear_uv_temperature,43.64515,78.535604
2,2026-02-20T18:00:00+00:00,2026-02-20T12:00:00+00:00,2026-02-21T16:00:00+00:00,22,6.3370186854243356,4.641423568565131,267.9917662793363,2026-02-20T15:55:20+00:00,28,gfs.20260220/12/atmos/gfs.t12z.pgrb2.0p25.f028,"""5a524136a3cf565eb4f84a21d4c74ee9""",bilinear_uv_temperature,43.643198,78.538828
1,2026-02-20T18:00:00+00:00,2026-02-20T12:00:00+00:00,2026-02-21T17:00:00+00:00,23,4.861563173102465,4.235907160128022,259.5092333088606,2026-02-20T15:41:19+00:00,29,gfs.20260220/12/atmos/gfs.t12z.pgrb2.0p25.f029,"""6f96044ed617dadabb441607f630c583""",bilinear_uv_temperature,43.64515,78.535604
2,2026-02-20T18:00:00+00:00,2026-02-20T12:00:00+00:00,2026-02-21T17:00:00+00:00,23,4.8619008958384855,4.209463718110726,259.3463671363931,2026-02-20T15:41:19+00:00,29,gfs.20260220/12/atmos/gfs.t12z.pgrb2.0p25.f029,"""6f96044ed617dadabb441607f630c583""",bilinear_uv_temperature,43.643198,78.538828
1,2026-02-20T18:00:00+00:00,2026-02-20T12:00:00+00:00,2026-02-21T18:00:00+00:00,24,4.38770755864478,3.9602499026460123,253.70076689416436,2026-02-20T15:55:48+00:00,30,gfs.20260220/12/atmos/gfs.t12z.pgrb2.0p25.f030,"""e93a8f7d73c955c0b36596400ac75b48""",bilinear_uv_temperature,43.64515,78.535604
2,2026-02-20T18:00:00+00:00,2026-02-20T12:00:00+00:00,2026-02-21T18:00:00+00:00,24,4.383318348323083,3.9373600984450263,253.66022014840777,2026-02-20T15:55:48+00:00,30,gfs.20260220/12/atmos/gfs.t12z.pgrb2.0p25.f030,"""e93a8f7d73c955c0b36596400ac75b48""",bilinear_uv_temperature,43.643198,78.538828
1,2026-02-20T18:00:00+00:00,2026-02-20T12:00:00+00:00,2026-02-21T19:00:00+00:00,25,3.6678840194699758,3.4758687570040365,256.25984569093714,2026-02-20T15:55:54+00:00,31,gfs.20260220/12/atmos/gfs.t12z.pgrb2.0p25.f031,"""e910c77ce3eb29b377abe36b5e94be71""",bilinear_uv_temperature,43.64515,78.535604
2,2026-02-20T18:00:00+00:00,2026-02-20T12:00:00+00:00,2026-02-21T19:00:00+00:00,25,3.6576233314686446,3.452446967220965,256.2565874542371,2026-02-20T15:55:54+00:00,31,gfs.20260220/12/atmos/gfs.t12z.pgrb2.0p25.f031,"""e910c77ce3eb29b377abe36b5e94be71""",bilinear_uv_temperature,43.643198,78.538828
1,2026-02-20T18:00:00+00:00,2026-02-20T12:00:00+00:00,2026-02-21T20:00:00+00:00,26,2.819425308411502,2.9113835126159984,270.3214643663231,2026-02-20T15:56:09+00:00,32,gfs.20260220/12/atmos/gfs.t12z.pgrb2.0p25.f032,"""5972f66feb972a7d4925c0a5f56073e1""",bilinear_uv_temperature,43.64515,78.535604
2,2026-02-20T18:00:00+00:00,2026-02-20T12:00:00+00:00,2026-02-21T20:00:00+00:00,26,2.80539881720835,2.883676520587869,270.19761512492664,2026-02-20T15:56:09+00:00,32,gfs.20260220/12/atmos/gfs.t12z.pgrb2.0p25.f032,"""5972f66feb972a7d4925c0a5f56073e1""",bilinear_uv_temperature,43.643198,78.538828
1,2026-02-20T18:00:00+00:00,2026-02-20T12:00:00+00:00,2026-02-21T21:00:00+00:00,27,2.0380445868034953,2.347954064144062,285.6465250300814,2026-02-20T15:57:10+00:00,33,gfs.20260220/12/atmos/gfs.t12z.pgrb2.0p25.f033,"""37fd696f7f65663e767eb64428b5ddca""",bilinear_uv_temperature,43.64515,78.535604
2,2026-02-20T18:00:00+00:00,2026-02-20T12:00:00+00:00,2026-02-21T21:00:00+00:00,27,2.0272858700247753,2.3220641148346317,285.3858177675794,2026-02-20T15:57:10+00:00,33,gfs.20260220/12/atmos/gfs.t12z.pgrb2.0p25.f033,"""37fd696f7f65663e767eb64428b5ddca""",bilinear_uv_temperature,43.643198,78.538828
1,2026-02-20T18:00:00+00:00,2026-02-20T12:00:00+00:00,2026-02-21T22:00:00+00:00,28,0.3203974890734208,2.0139695962620294,333.0161477471316,2026-02-20T15:56:57+00:00,34,gfs.20260220/12/atmos/gfs.t12z.pgrb2.0p25.f034,"""0bd96f3e91af751dfa2587ee7648f611""",bilinear_uv_temperature,43.64515,78.535604
2,2026-02-20T18:00:00+00:00,2026-02-20T12:00:00+00:00,2026-02-21T22:00:00+00:00,28,0.3018108534489747,1.9899643462729273,330.1609998122967,2026-02-20T15:56:57+00:00,34,gfs.20260220/12/atmos/gfs.t12z.pgrb2.0p25.f034,"""0bd96f3e91af751dfa2587ee7648f611""",bilinear_uv_temperature,43.643198,78.538828
1,2026-02-20T18:00:00+00:00,2026-02-20T12:00:00+00:00,2026-02-21T23:00:00+00:00,29,1.0171422065718627,1.979229260750003,90.19296064798162,2026-02-20T15:56:45+00:00,35,gfs.20260220/12/atmos/gfs.t12z.pgrb2.0p25.f035,"""14dc334fad9832a793652e8ac7dd66b6""",bilinear_uv_temperature,43.64515,78.535604
2,2026-02-20T18:00:00+00:00,2026-02-20T12:00:00+00:00,2026-02-21T23:00:00+00:00,29,0.998789075717433,1.9558394076299805,91.38870770336104,2026-02-20T15:56:45+00:00,35,gfs.20260220/12/atmos/gfs.t12z.pgrb2.0p25.f035,"""14dc334fad9832a793652e8ac7dd66b6""",bilinear_uv_temperature,43.643198,78.538828
1,2026-02-20T18:00:00+00:00,2026-02-20T12:00:00+00:00,2026-02-22T00:00:00+00:00,30,1.7756027322147945,2.1293286634760307,107.1641675186289,2026-02-20T15:57:41+00:00,36,gfs.20260220/12/atmos/gfs.t12z.pgrb2.0p25.f036,"""cc8265c4c7883e1ee84312441c279822""",bilinear_uv_temperature,43.64515,78.535604
2,2026-02-20T18:00:00+00:00,2026-02-20T12:00:00+00:00,2026-02-22T00:00:00+00:00,30,1.7622214238948122,2.105292164094294,107.98692870341115,2026-02-20T15:57:41+00:00,36,gfs.20260220/12/atmos/gfs.t12z.pgrb2.0p25.f036,"""cc8265c4c7883e1ee84312441c279822""",bilinear_uv_temperature,43.643198,78.538828
1,2026-02-20T18:00:00+00:00,2026-02-20T12:00:00+00:00,2026-02-22T01:00:00+00:00,31,2.8983736765950106,2.4959821391180412,90.77591626726817,2026-02-20T15:57:28+00:00,37,gfs.20260220/12/atmos/gfs.t12z.pgrb2.0p25.f037,"""235bb822445fc44f4c409dfc7b77f73e""",bilinear_uv_temperature,43.64515,78.535604
2,2026-02-20T18:00:00+00:00,2026-02-20T12:00:00+00:00,2026-02-22T01:00:00+00:00,31,2.8766344557273613,2.4728494653182906,91.2390002357245,2026-02-20T15:57:28+00:00,37,gfs.20260220/12/atmos/gfs.t12z.pgrb2.0p25.f037,"""235bb822445fc44f4c409dfc7b77f73e""",bilinear_uv_temperature,43.643198,78.538828
1,2026-02-20T18:00:00+00:00,2026-02-20T12:00:00+00:00,2026-02-22T02:00:00+00:00,32,5.492611798514665,2.4719562381720266,81.35326976354435,2026-02-20T15:57:43+00:00,38,gfs.20260220/12/atmos/gfs.t12z.pgrb2.0p25.f038,"""6f268b693678bd0ce6803bf8c82373ef""",bilinear_uv_temperature,43.64515,78.535604
2,2026-02-20T18:00:00+00:00,2026-02-20T12:00:00+00:00,2026-02-22T02:00:00+00:00,32,5.453036502521671,2.451775171581289,81.63994959446033,2026-02-20T15:57:43+00:00,38,gfs.20260220/12/atmos/gfs.t12z.pgrb2.0p25.f038,"""6f268b693678bd0ce6803bf8c82373ef""",bilinear_uv_temperature,43.643198,78.538828
1,2026-02-20T18:00:00+00:00,2026-02-20T12:00:00+00:00,2026-02-22T03:00:00+00:00,33,7.65832421672233,2.9444683078639855,78.71508224065006,2026-02-20T15:58:07+00:00,39,gfs.20260220/12/atmos/gfs.t12z.pgrb2.0p25.f039,"""c32f4b45d419542e114ff33439a87f69""",bilinear_uv_temperature,43.64515,78.535604
2,2026-02-20T18:00:00+00:00,2026-02-20T12:00:00+00:00,2026-02-22T03:00:00+00:00,33,7.580454271977631,2.929963410727396,78.98775045658297,2026-02-20T15:58:07+00:00,39,gfs.20260220/12/atmos/gfs.t12z.pgrb2.0p25.f039,"""c32f4b45d419542e114ff33439a87f69""",bilinear_uv_temperature,43.643198,78.538828
1,2026-02-20T18:00:00+00:00,2026-02-20T12:00:00+00:00,2026-02-22T04:00:00+00:00,34,8.605064194554965,4.263151458992013,76.39296976772546,2026-02-20T15:58:12+00:00,40,gfs.20260220/12/atmos/gfs.t12z.pgrb2.0p25.f040,"""5c397bbf3f9e0a2db8dcc27c2e62250c""",bilinear_uv_temperature,43.64515,78.535604
2,2026-02-20T18:00:00+00:00,2026-02-20T12:00:00+00:00,2026-02-22T04:00:00+00:00,34,8.506059642707493,4.25382506607815,76.59389464613379,2026-02-20T15:58:12+00:00,40,gfs.20260220/12/atmos/gfs.t12z.pgrb2.0p25.f040,"""5c397bbf3f9e0a2db8dcc27c2e62250c""",bilinear_uv_temperature,43.643198,78.538828
1,2026-02-20T18:00:00+00:00,2026-02-20T12:00:00+00:00,2026-02-22T05:00:00+00:00,35,9.184720749867905,5.662824352546011,77.90747126210631,2026-02-20T15:43:54+00:00,41,gfs.20260220/12/atmos/gfs.t12z.pgrb2.0p25.f041,"""ae4e94303b5d1b2c33dcdb0e2ab19d00""",bilinear_uv_temperature,43.64515,78.535604
2,2026-02-20T18:00:00+00:00,2026-02-20T12:00:00+00:00,2026-02-22T05:00:00+00:00,35,9.084336227997596,5.649803713721099,78.22043189022803,2026-02-20T15:43:54+00:00,41,gfs.20260220/12/atmos/gfs.t12z.pgrb2.0p25.f041,"""ae4e94303b5d1b2c33dcdb0e2ab19d00""",bilinear_uv_temperature,43.643198,78.538828
1,2026-02-20T18:00:00+00:00,2026-02-20T12:00:00+00:00,2026-02-22T06:00:00+00:00,36,9.2664970786191,6.877574589367953,77.86609803737083,2026-02-20T15:44:12+00:00,42,gfs.20260220/12/atmos/gfs.t12z.pgrb2.0p25.f042,"""1836809597a0688dd7a5b4ca50329303""",bilinear_uv_temperature,43.64515,78.535604
2,2026-02-20T18:00:00+00:00,2026-02-20T12:00:00+00:00,2026-02-22T06:00:00+00:00,36,9.164616191655954,6.854034689328387,78.20928181144316,2026-02-20T15:44:12+00:00,42,gfs.20260220/12/atmos/gfs.t12z.pgrb2.0p25.f042,"""1836809597a0688dd7a5b4ca50329303""",bilinear_uv_temperature,43.643198,78.538828
1,2026-02-20T18:00:00+00:00,2026-02-20T12:00:00+00:00,2026-02-22T07:00:00+00:00,37,9.020174686539475,7.706606375796014,81.772368990052,2026-02-20T15:58:52+00:00,43,gfs.20260220/12/atmos/gfs.t12z.pgrb2.0p25.f043,"""b6fc6ab38c390142a2689609083685cb""",bilinear_uv_temperature,43.64515,78.535604
2,2026-02-20T18:00:00+00:00,2026-02-20T12:00:00+00:00,2026-02-22T07:00:00+00:00,37,8.929838036489123,7.67839684385109,82.13719401816459,2026-02-20T15:58:52+00:00,43,gfs.20260220/12/atmos/gfs.t12z.pgrb2.0p25.f043,"""b6fc6ab38c390142a2689609083685cb""",bilinear_uv_temperature,43.643198,78.538828
1,2026-02-20T18:00:00+00:00,2026-02-20T12:00:00+00:00,2026-02-22T08:00:00+00:00,38,8.663464612250406,8.138656263800044,84.90257451787636,2026-02-20T15:59:08+00:00,44,gfs.20260220/12/atmos/gfs.t12z.pgrb2.0p25.f044,"""b64c9374ba77e933e7cde6a8526b6417""",bilinear_uv_temperature,43.64515,78.535604
2,2026-02-20T18:00:00+00:00,2026-02-20T12:00:00+00:00,2026-02-22T08:00:00+00:00,38,8.586106711601506,8.108153448312066,85.29751710898202,2026-02-20T15:59:08+00:00,44,gfs.20260220/12/atmos/gfs.t12z.pgrb2.0p25.f044,"""b64c9374ba77e933e7cde6a8526b6417""",bilinear_uv_temperature,43.643198,78.538828
1,2026-02-20T18:00:00+00:00,2026-02-20T12:00:00+00:00,2026-02-22T09:00:00+00:00,39,8.65703061054944,8.552733957854002,82.8007673972349,2026-02-20T15:59:38+00:00,45,gfs.20260220/12/atmos/gfs.t12z.pgrb2.0p25.f045,"""d20f1379b72c6c35ef0a653ef11e130c""",bilinear_uv_temperature,43.64515,78.535604
2,2026-02-20T18:00:00+00:00,2026-02-20T12:00:00+00:00,2026-02-22T09:00:00+00:00,39,8.574807903888807,8.520269789575025,83.1822654414311,2026-02-20T15:59:38+00:00,45,gfs.20260220/12/atmos/gfs.t12z.pgrb2.0p25.f045,"""d20f1379b72c6c35ef0a653ef11e130c""",bilinear_uv_temperature,43.643198,78.538828
1,2026-02-20T18:00:00+00:00,2026-02-20T12:00:00+00:00,2026-02-22T10:00:00+00:00,40,8.7160850749902,8.656730278518069,83.09008690224282,2026-02-20T15:59:45+00:00,46,gfs.20260220/12/atmos/gfs.t12z.pgrb2.0p25.f046,"""00b1b401d8cdd2c5d8d2e2e34cf16994""",bilinear_uv_temperature,43.64515,78.535604
2,2026-02-20T18:00:00+00:00,2026-02-20T12:00:00+00:00,2026-02-22T10:00:00+00:00,40,8.636644237597174,8.626830196974367,83.48564717760115,2026-02-20T15:59:45+00:00,46,gfs.20260220/12/atmos/gfs.t12z.pgrb2.0p25.f046,"""00b1b401d8cdd2c5d8d2e2e34cf16994""",bilinear_uv_temperature,43.643198,78.538828
1,2026-02-20T18:00:00+00:00,2026-02-20T12:00:00+00:00,2026-02-22T11:00:00+00:00,41,8.70702607045979,8.36446424831405,79.04031598717333,2026-02-20T15:59:56+00:00,47,gfs.20260220/12/atmos/gfs.t12z.pgrb2.0p25.f047,"""7bd2057eb1e0ce11a57419518191e65c""",bilinear_uv_temperature,43.64515,78.535604
2,2026-02-20T18:00:00+00:00,2026-02-20T12:00:00+00:00,2026-02-22T11:00:00+00:00,41,8.627093236581933,8.33205731418542,79.44849739847376,2026-02-20T15:59:56+00:00,47,gfs.20260220/12/atmos/gfs.t12z.pgrb2.0p25.f047,"""7bd2057eb1e0ce11a57419518191e65c""",bilinear_uv_temperature,43.643198,78.538828
1,2026-02-20T18:00:00+00:00,2026-02-20T12:00:00+00:00,2026-02-22T12:00:00+00:00,42,8.56737984828761,7.349802536326024,80.66928130134275,2026-02-20T15:45:46+00:00,48,gfs.20260220/12/atmos/gfs.t12z.pgrb2.0p25.f048,"""29f0a04792e2e43bf2307b007f3da2f2""",bilinear_uv_temperature,43.64515,78.535604
2,2026-02-20T18:00:00+00:00,2026-02-20T12:00:00+00:00,2026-02-22T12:00:00+00:00,42,8.49185617161465,7.315265965328251,81.07223110503688,2026-02-20T15:45:46+00:00,48,gfs.20260220/12/atmos/gfs.t12z.pgrb2.0p25.f048,"""29f0a04792e2e43bf2307b007f3da2f2""",bilinear_uv_temperature,43.643198,78.538828
1,2026-02-20T18:00:00+00:00,2026-02-20T12:00:00+00:00,2026-02-22T13:00:00+00:00,43,7.876031239589919,6.098127892828074,83.2531625174783,2026-02-20T15:45:57+00:00,49,gfs.20260220/12/atmos/gfs.t12z.pgrb2.0p25.f049,"""3aa9d2706e281cf1ee9ef4f30e7897b5""",bilinear_uv_temperature,43.64515,78.535604
2,2026-02-20T18:00:00+00:00,2026-02-20T12:00:00+00:00,2026-02-22T13:00:00+00:00,43,7.802725708691855,6.062094600058742,83.70834757925981,2026-02-20T15:45:57+00:00,49,gfs.20260220/12/atmos/gfs.t12z.pgrb2.0p25.f049,"""3aa9d2706e281cf1ee9ef4f30e7897b5""",bilinear_uv_temperature,43.643198,78.538828
1,2026-02-20T18:00:00+00:00,2026-02-20T12:00:00+00:00,2026-02-22T14:00:00+00:00,44,6.860090768696447,5.353608974764029,86.14131720044308,2026-02-20T16:01:19+00:00,50,gfs.20260220/12/atmos/gfs.t12z.pgrb2.0p25.f050,"""95d1bb18d9d1c158781c973760a522f8""",bilinear_uv_temperature,43.64515,78.535604
2,2026-02-20T18:00:00+00:00,2026-02-20T12:00:00+00:00,2026-02-22T14:00:00+00:00,44,6.794836776713518,5.3165037098834205,86.69371474269407,2026-02-20T16:01:19+00:00,50,gfs.20260220/12/atmos/gfs.t12z.pgrb2.0p25.f050,"""95d1bb18d9d1c158781c973760a522f8""",bilinear_uv_temperature,43.643198,78.538828
1,2026-02-20T18:00:00+00:00,2026-02-20T12:00:00+00:00,2026-02-22T15:00:00+00:00,45,6.270324470119871,4.922232521166052,87.6440095822152,2026-02-20T16:01:20+00:00,51,gfs.20260220/12/atmos/gfs.t12z.pgrb2.0p25.f051,"""498e7475241f4d6b2f7deba3d4338628""",bilinear_uv_temperature,43.64515,78.535604
2,2026-02-20T18:00:00+00:00,2026-02-20T12:00:00+00:00,2026-02-22T15:00:00+00:00,45,6.206186506398769,4.886917939889827,88.26497865205164,2026-02-20T16:01:20+00:00,51,gfs.20260220/12/atmos/gfs.t12z.pgrb2.0p25.f051,"""498e7475241f4d6b2f7deba3d4338628""",bilinear_uv_temperature,43.643198,78.538828
1,2026-02-20T18:00:00+00:00,2026-02-20T12:00:00+00:00,2026-02-22T16:00:00+00:00,46,5.947514129879915,4.791487249126021,85.79548492566167,2026-02-20T16:02:08+00:00,52,gfs.20260220/12/atmos/gfs.t12z.pgrb2.0p25.f052,"""90b664e3e750767e52d09f44af3df937""",bilinear_uv_temperature,43.64515,78.535604
2,2026-02-20T18:00:00+00:00,2026-02-20T12:00:00+00:00,2026-02-22T16:00:00+00:00,46,5.884553433555148,4.758494222000309,86.42296905501871,2026-02-20T16:02:08+00:00,52,gfs.20260220/12/atmos/gfs.t12z.pgrb2.0p25.f052,"""90b664e3e750767e52d09f44af3df937""",bilinear_uv_temperature,43.643198,78.538828
1,2026-02-20T18:00:00+00:00,2026-02-20T12:00:00+00:00,2026-02-22T17:00:00+00:00,47,5.668945533296016,4.708464792368034,80.57437476291985,2026-02-20T16:01:51+00:00,53,gfs.20260220/12/atmos/gfs.t12z.pgrb2.0p25.f053,"""a4985c67b5c346414e2667ab67cd87b9""",bilinear_uv_temperature,43.64515,78.535604
2,2026-02-20T18:00:00+00:00,2026-02-20T12:00:00+00:00,2026-02-22T17:00:00+00:00,47,5.5978973767272935,4.675408825448358,81.1818559808149,2026-02-20T16:01:51+00:00,53,gfs.20260220/12/atmos/gfs.t12z.pgrb2.0p25.f053,"""a4985c67b5c346414e2667ab67cd87b9""",bilinear_uv_temperature,43.643198,78.538828
1,2026-02-20T18:00:00+00:00,2026-02-20T12:00:00+00:00,2026-02-22T18:00:00+00:00,48,5.4085635121992,4.561698209742019,77.35384832996802,2026-02-20T15:48:28+00:00,54,gfs.20260220/12/atmos/gfs.t12z.pgrb2.0p25.f054,"""7fcbafdd09057e44beff166297ade8da""",bilinear_uv_temperature,43.64515,78.535604
2,2026-02-20T18:00:00+00:00,2026-02-20T12:00:00+00:00,2026-02-22T18:00:00+00:00,48,5.338469578383219,4.532160203708145,77.9313653423917,2026-02-20T15:48:28+00:00,54,gfs.20260220/12/atmos/gfs.t12z.pgrb2.0p25.f054,"""7fcbafdd09057e44beff166297ade8da""",bilinear_uv_temperature,43.643198,78.538828
1,2026-02-21T18:00:00+00:00,2026-02-21T12:00:00+00:00,2026-02-21T19:00:00+00:00,1,3.4392346129933276,4.105422175406034,264.0246981594917,2026-02-21T15:34:44+00:00,7,gfs.20260221/12/atmos/gfs.t12z.pgrb2.0p25.f007,"""f12e61150ca1b1f7ee57b6dadc5654f1""",bilinear_uv_temperature,43.64515,78.535604
2,2026-02-21T18:00:00+00:00,2026-02-21T12:00:00+00:00,2026-02-21T19:00:00+00:00,1,3.4371607225595406,4.083048576107444,264.004451479237,2026-02-21T15:34:44+00:00,7,gfs.20260221/12/atmos/gfs.t12z.pgrb2.0p25.f007,"""f12e61150ca1b1f7ee57b6dadc5654f1""",bilinear_uv_temperature,43.643198,78.538828
1,2026-02-21T18:00:00+00:00,2026-02-21T12:00:00+00:00,2026-02-21T20:00:00+00:00,2,2.6427696062965755,3.449122559760042,267.00716868725874,2026-02-21T15:35:27+00:00,8,gfs.20260221/12/atmos/gfs.t12z.pgrb2.0p25.f008,"""5fac1d07fb0e642c4b78968e3bdc7e22""",bilinear_uv_temperature,43.64515,78.535604
2,2026-02-21T18:00:00+00:00,2026-02-21T12:00:00+00:00,2026-02-21T20:00:00+00:00,2,2.6409300273851515,3.4206482715424045,266.74081559320877,2026-02-21T15:35:27+00:00,8,gfs.20260221/12/atmos/gfs.t12z.pgrb2.0p25.f008,"""5fac1d07fb0e642c4b78968e3bdc7e22""",bilinear_uv_temperature,43.643198,78.538828
1,2026-02-21T18:00:00+00:00,2026-02-21T12:00:00+00:00,2026-02-21T21:00:00+00:00,3,1.534522142672768,2.6719377836360536,260.82117961483743,2026-02-21T15:35:38+00:00,9,gfs.20260221/12/atmos/gfs.t12z.pgrb2.0p25.f009,"""24594e4eb38a6e5bc524eb8ff8c00ed9""",bilinear_uv_temperature,43.64515,78.535604
2,2026-02-21T18:00:00+00:00,2026-02-21T12:00:00+00:00,2026-02-21T21:00:00+00:00,3,1.5342147949367269,2.647494654532693,260.2760655886489,2026-02-21T15:35:38+00:00,9,gfs.20260221/12/atmos/gfs.t12z.pgrb2.0p25.f009,"""24594e4eb38a6e5bc524eb8ff8c00ed9""",bilinear_uv_temperature,43.643198,78.538828
1,2026-02-21T18:00:00+00:00,2026-02-21T12:00:00+00:00,2026-02-21T22:00:00+00:00,4,0.8563441627630523,2.3495384840960583,244.06395825695128,2026-02-21T15:35:32+00:00,10,gfs.20260221/12/atmos/gfs.t12z.pgrb2.0p25.f010,"""949f066072b605246493176d04289953""",bilinear_uv_temperature,43.64515,78.535604
2,2026-02-21T18:00:00+00:00,2026-02-21T12:00:00+00:00,2026-02-21T22:00:00+00:00,4,0.8598655455353638,2.328014349143075,243.04803019222575,2026-02-21T15:35:32+00:00,10,gfs.20260221/12/atmos/gfs.t12z.pgrb2.0p25.f010,"""949f066072b605246493176d04289953""",bilinear_uv_temperature,43.643198,78.538828
1,2026-02-21T18:00:00+00:00,2026-02-21T12:00:00+00:00,2026-02-21T23:00:00+00:00,5,0.5089297088694243,2.1044198190440397,166.41909728450113,2026-02-21T15:35:47+00:00,11,gfs.20260221/12/atmos/gfs.t12z.pgrb2.0p25.f011,"""6713a33ee5592285936622fee8697d78""",bilinear_uv_temperature,43.64515,78.535604
2,2026-02-21T18:00:00+00:00,2026-02-21T12:00:00+00:00,2026-02-21T23:00:00+00:00,5,0.5227599811084622,2.0839929551106025,167.1857996777341,2026-02-21T15:35:47+00:00,11,gfs.20260221/12/atmos/gfs.t12z.pgrb2.0p25.f011,"""6713a33ee5592285936622fee8697d78""",bilinear_uv_temperature,43.643198,78.538828
1,2026-02-21T18:00:00+00:00,2026-02-21T12:00:00+00:00,2026-02-22T00:00:00+00:00,6,0.9966670903149241,2.285334384295993,105.64289515528833,2026-02-21T15:37:03+00:00,12,gfs.20260221/12/atmos/gfs.t12z.pgrb2.0p25.f012,"""829266609dc3f631e5adc9cf92c3bb2c""",bilinear_uv_temperature,43.64515,78.535604
2,2026-02-21T18:00:00+00:00,2026-02-21T12:00:00+00:00,2026-02-22T00:00:00+00:00,6,0.9912450694764174,2.2618133585910414,106.88113669161176,2026-02-21T15:37:03+00:00,12,gfs.20260221/12/atmos/gfs.t12z.pgrb2.0p25.f012,"""829266609dc3f631e5adc9cf92c3bb2c""",bilinear_uv_temperature,43.643198,78.538828
1,2026-02-21T18:00:00+00:00,2026-02-21T12:00:00+00:00,2026-02-22T01:00:00+00:00,7,1.8662541743180248,2.640291332482036,96.9051432130389,2026-02-21T15:36:54+00:00,13,gfs.20260221/12/atmos/gfs.t12z.pgrb2.0p25.f013,"""294127b953727316f323f6277dd8a82f""",bilinear_uv_temperature,43.64515,78.535604
2,2026-02-21T18:00:00+00:00,2026-02-21T12:00:00+00:00,2026-02-22T01:00:00+00:00,7,1.853834677044027,2.615122014665701,97.55173037463173,2026-02-21T15:36:54+00:00,13,gfs.20260221/12/atmos/gfs.t12z.pgrb2.0p25.f013,"""294127b953727316f323f6277dd8a82f""",bilinear_uv_temperature,43.643198,78.538828
1,2026-02-21T18:00:00+00:00,2026-02-21T12:00:00+00:00,2026-02-22T02:00:00+00:00,8,3.4837543217205456,2.8724741697520244,85.84537970604241,2026-02-21T15:37:02+00:00,14,gfs.20260221/12/atmos/gfs.t12z.pgrb2.0p25.f014,"""40a617a43cfcea95b2135df18429e788""",bilinear_uv_temperature,43.64515,78.535604
2,2026-02-21T18:00:00+00:00,2026-02-21T12:00:00+00:00,2026-02-22T02:00:00+00:00,8,3.4702339657071017,2.850853834860459,86.05779072257953,2026-02-21T15:37:02+00:00,14,gfs.20260221/12/atmos/gfs.t12z.pgrb2.0p25.f014,"""40a617a43cfcea95b2135df18429e788""",bilinear_uv_temperature,43.643198,78.538828
1,2026-02-21T18:00:00+00:00,2026-02-21T12:00:00+00:00,2026-02-22T03:00:00+00:00,9,6.324212018260818,3.3361868099519825,82.7797844212003,2026-02-21T15:52:01+00:00,15,gfs.20260221/12/atmos/gfs.t12z.pgrb2.0p25.f015,"""aa651167ee01aba6bb4d129c2779e8e0""",bilinear_uv_temperature,43.64515,78.535604
2,2026-02-21T18:00:00+00:00,2026-02-21T12:00:00+00:00,2026-02-22T03:00:00+00:00,9,6.265711872555208,3.315422704308503,83.00620352680721,2026-02-21T15:52:01+00:00,15,gfs.20260221/12/atmos/gfs.t12z.pgrb2.0p25.f015,"""aa651167ee01aba6bb4d129c2779e8e0""",bilinear_uv_temperature,43.643198,78.538828
1,2026-02-21T18:00:00+00:00,2026-02-21T12:00:00+00:00,2026-02-22T04:00:00+00:00,10,7.244063072772295,4.447398875776003,75.74148697394504,2026-02-21T15:37:00+00:00,16,gfs.20260221/12/atmos/gfs.t12z.pgrb2.0p25.f016,"""72631c4ffcfd6ad8ab0b3bb0891ff02e""",bilinear_uv_temperature,43.64515,78.535604
2,2026-02-21T18:00:00+00:00,2026-02-21T12:00:00+00:00,2026-02-22T04:00:00+00:00,10,7.169595439974493,4.439645347146268,75.97139360005761,2026-02-21T15:37:00+00:00,16,gfs.20260221/12/atmos/gfs.t12z.pgrb2.0p25.f016,"""72631c4ffcfd6ad8ab0b3bb0891ff02e""",bilinear_uv_temperature,43.643198,78.538828
1,2026-02-21T18:00:00+00:00,2026-02-21T12:00:00+00:00,2026-02-22T05:00:00+00:00,11,8.095478145740229,5.7137619346819974,75.19474696027446,2026-02-21T15:37:40+00:00,17,gfs.20260221/12/atmos/gfs.t12z.pgrb2.0p25.f017,"""5397aea586a00d6993e14030aedce1c8""",bilinear_uv_temperature,43.64515,78.535604
2,2026-02-21T18:00:00+00:00,2026-02-21T12:00:00+00:00,2026-02-22T05:00:00+00:00,11,8.009795572424652,5.704941552993773,75.42661879138659,2026-02-21T15:37:40+00:00,17,gfs.20260221/12/atmos/gfs.t12z.pgrb2.0p25.f017,"""5397aea586a00d6993e14030aedce1c8""",bilinear_uv_temperature,43.643198,78.538828
1,2026-02-21T18:00:00+00:00,2026-02-21T12:00:00+00:00,2026-02-22T06:00:00+00:00,12,8.64902050864943,7.0830989144079695,77.98580811044819,2026-02-21T15:38:04+00:00,18,gfs.20260221/12/atmos/gfs.t12z.pgrb2.0p25.f018,"""d341caa9ad1b54dbcaf2dea5f2196f81""",bilinear_uv_temperature,43.64515,78.535604
2,2026-02-21T18:00:00+00:00,2026-02-21T12:00:00+00:00,2026-02-22T06:00:00+00:00,12,8.556409853739677,7.0656973933379845,78.2618935981828,2026-02-21T15:38:04+00:00,18,gfs.20260221/12/atmos/gfs.t12z.pgrb2.0p25.f018,"""d341caa9ad1b54dbcaf2dea5f2196f81""",bilinear_uv_temperature,43.643198,78.538828
1,2026-02-21T18:00:00+00:00,2026-02-21T12:00:00+00:00,2026-02-22T07:00:00+00:00,13,8.774799398418027,7.922750249594003,78.29629021994565,2026-02-21T15:37:56+00:00,19,gfs.20260221/12/atmos/gfs.t12z.pgrb2.0p25.f019,"""f2216b7f07237a28a5a23222dfac22dc""",bilinear_uv_temperature,43.64515,78.535604
2,2026-02-21T18:00:00+00:00,2026-02-21T12:00:00+00:00,2026-02-22T07:00:00+00:00,13,8.676551196990493,7.900249783292679,78.58568145947571,2026-02-21T15:37:56+00:00,19,gfs.20260221/12/atmos/gfs.t12z.pgrb2.0p25.f019,"""f2216b7f07237a28a5a23222dfac22dc""",bilinear_uv_temperature,43.643198,78.538828
1,2026-02-21T18:00:00+00:00,2026-02-21T12:00:00+00:00,2026-02-22T08:00:00+00:00,14,8.335826776889279,8.446678375461943,81.1102307315232,2026-02-21T15:52:39+00:00,20,gfs.20260221/12/atmos/gfs.t12z.pgrb2.0p25.f020,"""a2c10a1dea07a8f2378015b57830fa2e""",bilinear_uv_temperature,43.64515,78.535604
2,2026-02-21T18:00:00+00:00,2026-02-21T12:00:00+00:00,2026-02-22T08:00:00+00:00,14,8.24587369446359,8.417551888480887,81.49124505713293,2026-02-21T15:52:39+00:00,20,gfs.20260221/12/atmos/gfs.t12z.pgrb2.0p25.f020,"""a2c10a1dea07a8f2378015b57830fa2e""",bilinear_uv_temperature,43.643198,78.538828
1,2026-02-21T18:00:00+00:00,2026-02-21T12:00:00+00:00,2026-02-22T09:00:00+00:00,15,8.392794635989048,8.758665247984027,82.54944559659702,2026-02-21T15:39:09+00:00,21,gfs.20260221/12/atmos/gfs.t12z.pgrb2.0p25.f021,"""9d5979c8a131d4c5a4eb6e7d7aed440f""",bilinear_uv_temperature,43.64515,78.535604
2,2026-02-21T18:00:00+00:00,2026-02-21T12:00:00+00:00,2026-02-22T09:00:00+00:00,15,8.307239783751044,8.731427822156206,82.90547499729254,2026-02-21T15:39:09+00:00,21,gfs.20260221/12/atmos/gfs.t12z.pgrb2.0p25.f021,"""9d5979c8a131d4c5a4eb6e7d7aed440f""",bilinear_uv_temperature,43.643198,78.538828
1,2026-02-21T18:00:00+00:00,2026-02-21T12:00:00+00:00,2026-02-22T10:00:00+00:00,16,7.954586402308032,8.966730048262036,83.63594166079685,2026-02-21T15:38:40+00:00,22,gfs.20260221/12/atmos/gfs.t12z.pgrb2.0p25.f022,"""a52b353731ed677b694cf953b40cefb1""",bilinear_uv_temperature,43.64515,78.535604
2,2026-02-21T18:00:00+00:00,2026-02-21T12:00:00+00:00,2026-02-22T10:00:00+00:00,16,7.8798583036444905,8.937031905152878,84.04166616295944,2026-02-21T15:38:40+00:00,22,gfs.20260221/12/atmos/gfs.t12z.pgrb2.0p25.f022,"""a52b353731ed677b694cf953b40cefb1""",bilinear_uv_temperature,43.643198,78.538828
1,2026-02-21T18:00:00+00:00,2026-02-21T12:00:00+00:00,2026-02-22T11:00:00+00:00,17,8.11173932683752,8.623910087650017,80.4690924798877,2026-02-21T15:38:56+00:00,23,gfs.20260221/12/atmos/gfs.t12z.pgrb2.0p25.f023,"""d673c511883309b54356b2870ba22e42""",bilinear_uv_temperature,43.64515,78.535604
2,2026-02-21T18:00:00+00:00,2026-02-21T12:00:00+00:00,2026-02-22T11:00:00+00:00,17,8.031413063389758,8.592760506786078,80.89993242417583,2026-02-21T15:38:56+00:00,23,gfs.20260221/12/atmos/gfs.t12z.pgrb2.0p25.f023,"""d673c511883309b54356b2870ba22e42""",bilinear_uv_temperature,43.643198,78.538828
1,2026-02-21T18:00:00+00:00,2026-02-21T12:00:00+00:00,2026-02-22T12:00:00+00:00,18,8.147503588309839,7.544182122906022,77.25613053282338,2026-02-21T15:40:23+00:00,24,gfs.20260221/12/atmos/gfs.t12z.pgrb2.0p25.f024,"""df06133e12a42a0b71644048103e43f4""",bilinear_uv_temperature,43.64515,78.535604
2,2026-02-21T18:00:00+00:00,2026-02-21T12:00:00+00:00,2026-02-22T12:00:00+00:00,18,8.067511939767742,7.512048843607431,77.69254126333495,2026-02-21T15:40:23+00:00,24,gfs.20260221/12/atmos/gfs.t12z.pgrb2.0p25.f024,"""df06133e12a42a0b71644048103e43f4""",bilinear_uv_temperature,43.643198,78.538828
1,2026-02-21T18:00:00+00:00,2026-02-21T12:00:00+00:00,2026-02-22T13:00:00+00:00,19,8.11279619813131,6.284882910071985,78.16532137979466,2026-02-21T15:40:00+00:00,25,gfs.20260221/12/atmos/gfs.t12z.pgrb2.0p25.f025,"""34fd3604aebe5260a6051b3025cda22f""",bilinear_uv_temperature,43.64515,78.535604
2,2026-02-21T18:00:00+00:00,2026-02-21T12:00:00+00:00,2026-02-22T13:00:00+00:00,19,8.032495447042209,6.249608675737306,78.61044713456843,2026-02-21T15:40:00+00:00,25,gfs.20260221/12/atmos/gfs.t12z.pgrb2.0p25.f025,"""34fd3604aebe5260a6051b3025cda22f""",bilinear_uv_temperature,43.643198,78.538828
1,2026-02-21T18:00:00+00:00,2026-02-21T12:00:00+00:00,2026-02-22T14:00:00+00:00,20,7.130461279325742,5.690529595019996,82.22708198338003,2026-02-21T15:40:14+00:00,26,gfs.20260221/12/atmos/gfs.t12z.pgrb2.0p25.f026,"""98fc58227263c85971c657e3a1b9d799""",bilinear_uv_temperature,43.64515,78.535604
2,2026-02-21T18:00:00+00:00,2026-02-21T12:00:00+00:00,2026-02-22T14:00:00+00:00,20,7.054202021150552,5.655299831704838,82.74821378472738,2026-02-21T15:40:14+00:00,26,gfs.20260221/12/atmos/gfs.t12z.pgrb2.0p25.f026,"""98fc58227263c85971c657e3a1b9d799""",bilinear_uv_temperature,43.643198,78.538828
1,2026-02-21T18:00:00+00:00,2026-02-21T12:00:00+00:00,2026-02-22T15:00:00+00:00,21,6.347522962389711,5.258067361014014,85.74497329633132,2026-02-21T15:40:17+00:00,27,gfs.20260221/12/atmos/gfs.t12z.pgrb2.0p25.f027,"""f81ac86228a98750052df07ebcbf4b2e""",bilinear_uv_temperature,43.64515,78.535604
2,2026-02-21T18:00:00+00:00,2026-02-21T12:00:00+00:00,2026-02-22T15:00:00+00:00,21,6.277551407437419,5.223535216133428,86.36488487792622,2026-02-21T15:40:17+00:00,27,gfs.20260221/12/atmos/gfs.t12z.pgrb2.0p25.f027,"""f81ac86228a98750052df07ebcbf4b2e""",bilinear_uv_temperature,43.643198,78.538828
1,2026-02-21T18:00:00+00:00,2026-02-21T12:00:00+00:00,2026-02-22T16:00:00+00:00,22,5.584682548916494,4.93583301769803,80.61082191322652,2026-02-21T15:54:58+00:00,28,gfs.20260221/12/atmos/gfs.t12z.pgrb2.0p25.f028,"""70dd7a9856d9e49b6163b294c9d6dc81""",bilinear_uv_temperature,43.64515,78.535604
2,2026-02-21T18:00:00+00:00,2026-02-21T12:00:00+00:00,2026-02-22T16:00:00+00:00,22,5.511336100646861,4.902644982477568,81.23766855536691,2026-02-21T15:54:58+00:00,28,gfs.20260221/12/atmos/gfs.t12z.pgrb2.0p25.f028,"""70dd7a9856d9e49b6163b294c9d6dc81""",bilinear_uv_temperature,43.643198,78.538828
1,2026-02-21T18:00:00+00:00,2026-02-21T12:00:00+00:00,2026-02-22T17:00:00+00:00,23,4.924498698603064,4.6828528167560535,78.36242466353349,2026-02-21T15:40:56+00:00,29,gfs.20260221/12/atmos/gfs.t12z.pgrb2.0p25.f029,"""cbcd874a33fe7f520adb02f8287efe07""",bilinear_uv_temperature,43.64515,78.535604
2,2026-02-21T18:00:00+00:00,2026-02-21T12:00:00+00:00,2026-02-22T17:00:00+00:00,23,4.85347083696966,4.650250052081503,78.9247997760369,2026-02-21T15:40:56+00:00,29,gfs.20260221/12/atmos/gfs.t12z.pgrb2.0p25.f029,"""cbcd874a33fe7f520adb02f8287efe07""",bilinear_uv_temperature,43.643198,78.538828
1,2026-02-21T18:00:00+00:00,2026-02-21T12:00:00+00:00,2026-02-22T18:00:00+00:00,24,4.072701943711542,4.464053091834046,73.4440974820157,2026-02-21T15:41:19+00:00,30,gfs.20260221/12/atmos/gfs.t12z.pgrb2.0p25.f030,"""f8be892d70829083862737c048caa0b4""",bilinear_uv_temperature,43.64515,78.535604
2,2026-02-21T18:00:00+00:00,2026-02-21T12:00:00+00:00,2026-02-22T18:00:00+00:00,24,4.009945381434012,4.435882820630184,74.00964749795821,2026-02-21T15:41:19+00:00,30,gfs.20260221/12/atmos/gfs.t12z.pgrb2.0p25.f030,"""f8be892d70829083862737c048caa0b4""",bilinear_uv_temperature,43.643198,78.538828
1,2026-02-21T18:00:00+00:00,2026-02-21T12:00:00+00:00,2026-02-22T19:00:00+00:00,25,3.6008656537809376,4.4285514765260245,68.32180076922602,2026-02-21T15:55:55+00:00,31,gfs.20260221/12/atmos/gfs.t12z.pgrb2.0p25.f031,"""60dd1d6e0bfd7262690fcc5c0cc4203a""",bilinear_uv_temperature,43.64515,78.535604
2,2026-02-21T18:00:00+00:00,2026-02-21T12:00:00+00:00,2026-02-22T19:00:00+00:00,25,3.539930641134705,4.402399774776256,68.74080462043496,2026-02-21T15:55:55+00:00,31,gfs.20260221/12/atmos/gfs.t12z.pgrb2.0p25.f031,"""60dd1d6e0bfd7262690fcc5c0cc4203a""",bilinear_uv_temperature,43.643198,78.538828
1,2026-02-21T18:00:00+00:00,2026-02-21T12:00:00+00:00,2026-02-22T20:00:00+00:00,26,3.495914690316956,4.393699593644044,70.69432397351419,2026-02-21T15:41:20+00:00,32,gfs.20260221/12/atmos/gfs.t12z.pgrb2.0p25.f032,"""5b78133e5a2150353ee5044760b7b767""",bilinear_uv_temperature,43.64515,78.535604
2,2026-02-21T18:00:00+00:00,2026-02-21T12:00:00+00:00,2026-02-22T20:00:00+00:00,26,3.4351764891265475,4.369292111214577,70.99330486120132,2026-02-21T15:41:20+00:00,32,gfs.20260221/12/atmos/gfs.t12z.pgrb2.0p25.f032,"""5b78133e5a2150353ee5044760b7b767""",bilinear_uv_temperature,43.643198,78.538828
1,2026-02-21T18:00:00+00:00,2026-02-21T12:00:00+00:00,2026-02-22T21:00:00+00:00,27,3.198047810120389,4.214591480093986,69.71581335862807,2026-02-21T15:42:02+00:00,33,gfs.20260221/12/atmos/gfs.t12z.pgrb2.0p25.f033,"""2a7365916d7deeae1f1cc52b0c0123ec""",bilinear_uv_temperature,43.64515,78.535604
2,2026-02-21T18:00:00+00:00,2026-02-21T12:00:00+00:00,2026-02-22T21:00:00+00:00,27,3.1403599190058396,4.192775266912577,69.89596342410698,2026-02-21T15:42:02+00:00,33,gfs.20260221/12/atmos/gfs.t12z.pgrb2.0p25.f033,"""2a7365916d7deeae1f1cc52b0c0123ec""",bilinear_uv_temperature,43.643198,78.538828
1,2026-02-21T18:00:00+00:00,2026-02-21T12:00:00+00:00,2026-02-22T22:00:00+00:00,28,2.5479111710150972,4.224515071418068,62.52991666309186,2026-02-21T15:42:16+00:00,34,gfs.20260221/12/atmos/gfs.t12z.pgrb2.0p25.f034,"""c6a658f98757852ddcc9999546c8c2aa""",bilinear_uv_temperature,43.64515,78.535604
2,2026-02-21T18:00:00+00:00,2026-02-21T12:00:00+00:00,2026-02-22T22:00:00+00:00,28,2.4943051798834652,4.202891608370351,62.606539044252955,2026-02-21T15:42:16+00:00,34,gfs.20260221/12/atmos/gfs.t12z.pgrb2.0p25.f034,"""c6a658f98757852ddcc9999546c8c2aa""",bilinear_uv_temperature,43.643198,78.538828
1,2026-02-21T18:00:00+00:00,2026-02-21T12:00:00+00:00,2026-02-22T23:00:00+00:00,29,2.4643106991166883,3.8998985408540534,67.20140962121751,2026-02-21T15:42:21+00:00,35,gfs.20260221/12/atmos/gfs.t12z.pgrb2.0p25.f035,"""98bedb777b6a4605858e5d1142aa3136""",bilinear_uv_temperature,43.64515,78.535604
2,2026-02-21T18:00:00+00:00,2026-02-21T12:00:00+00:00,2026-02-22T23:00:00+00:00,29,2.415075904698816,3.8784322256950077,67.11641603643717,2026-02-21T15:42:21+00:00,35,gfs.20260221/12/atmos/gfs.t12z.pgrb2.0p25.f035,"""98bedb777b6a4605858e5d1142aa3136""",bilinear_uv_temperature,43.643198,78.538828
1,2026-02-21T18:00:00+00:00,2026-02-21T12:00:00+00:00,2026-02-23T00:00:00+00:00,30,1.6330370707602473,3.7653286707239886,65.00810965336353,2026-02-21T15:43:23+00:00,36,gfs.20260221/12/atmos/gfs.t12z.pgrb2.0p25.f036,"""1a93b466557abb5df44a1ca7eeb13278""",bilinear_uv_temperature,43.64515,78.535604
2,2026-02-21T18:00:00+00:00,2026-02-21T12:00:00+00:00,2026-02-23T00:00:00+00:00,30,1.5867023101213833,3.744946013113804,64.75584429261045,2026-02-21T15:43:23+00:00,36,gfs.20260221/12/atmos/gfs.t12z.pgrb2.0p25.f036,"""1a93b466557abb5df44a1ca7eeb13278""",bilinear_uv_temperature,43.643198,78.538828
1,2026-02-21T18:00:00+00:00,2026-02-21T12:00:00+00:00,2026-02-23T01:00:00+00:00,31,0.795094667829768,3.683712978962035,63.632195748183634,2026-02-21T15:43:37+00:00,37,gfs.20260221/12/atmos/gfs.t12z.pgrb2.0p25.f037,"""3d747a26c3a2122a554dc53c2e17315f""",bilinear_uv_temperature,43.64515,78.535604
2,2026-02-21T18:00:00+00:00,2026-02-21T12:00:00+00:00,2026-02-23T01:00:00+00:00,31,0.7550909237115284,3.6650589982209,62.01855453147,2026-02-21T15:43:37+00:00,37,gfs.20260221/12/atmos/gfs.t12z.pgrb2.0p25.f037,"""3d747a26c3a2122a554dc53c2e17315f""",bilinear_uv_temperature,43.643198,78.538828
1,2026-02-21T18:00:00+00:00,2026-02-21T12:00:00+00:00,2026-02-23T02:00:00+00:00,32,0.28999550473151875,3.878287211006011,212.3726171960147,2026-02-21T15:58:14+00:00,38,gfs.20260221/12/atmos/gfs.t12z.pgrb2.0p25.f038,"""69bf610b98664b940aaa0f514ee55e81""",bilinear_uv_temperature,43.64515,78.535604
2,2026-02-21T18:00:00+00:00,2026-02-21T12:00:00+00:00,2026-02-23T02:00:00+00:00,32,0.30714277577469257,3.861806779451456,219.14226406575943,2026-02-21T15:58:14+00:00,38,gfs.20260221/12/atmos/gfs.t12z.pgrb2.0p25.f038,"""69bf610b98664b940aaa0f514ee55e81""",bilinear_uv_temperature,43.643198,78.538828
1,2026-02-21T18:00:00+00:00,2026-02-21T12:00:00+00:00,2026-02-23T03:00:00+00:00,33,1.0896665295646912,5.23622034654403,266.91337049953137,2026-02-21T15:43:27+00:00,39,gfs.20260221/12/atmos/gfs.t12z.pgrb2.0p25.f039,"""ea1bcb920acb81756c7075afb173f480""",bilinear_uv_temperature,43.64515,78.535604
2,2026-02-21T18:00:00+00:00,2026-02-21T12:00:00+00:00,2026-02-23T03:00:00+00:00,33,1.1242958376313303,5.21798420261058,267.136875579957,2026-02-21T15:43:27+00:00,39,gfs.20260221/12/atmos/gfs.t12z.pgrb2.0p25.f039,"""ea1bcb920acb81756c7075afb173f480""",bilinear_uv_temperature,43.643198,78.538828
1,2026-02-21T18:00:00+00:00,2026-02-21T12:00:00+00:00,2026-02-23T04:00:00+00:00,34,1.894988279225741,6.219008433175986,273.9502300633995,2026-02-21T15:43:34+00:00,40,gfs.20260221/12/atmos/gfs.t12z.pgrb2.0p25.f040,"""98d1a47b127154ef0f5779a2e9b87120""",bilinear_uv_temperature,43.64515,78.535604
2,2026-02-21T18:00:00+00:00,2026-02-21T12:00:00+00:00,2026-02-23T04:00:00+00:00,34,1.9173177791411848,6.2002527099222675,274.0669529885547,2026-02-21T15:43:34+00:00,40,gfs.20260221/12/atmos/gfs.t12z.pgrb2.0p25.f040,"""98d1a47b127154ef0f5779a2e9b87120""",bilinear_uv_temperature,43.643198,78.538828
1,2026-02-21T18:00:00+00:00,2026-02-21T12:00:00+00:00,2026-02-23T05:00:00+00:00,35,2.978833238504591,7.220112158228005,270.8897486534293,2026-02-21T15:58:15+00:00,41,gfs.20260221/12/atmos/gfs.t12z.pgrb2.0p25.f041,"""933be672781fdc2d2612ff75a388eb1d""",bilinear_uv_temperature,43.64515,78.535604
2,2026-02-21T18:00:00+00:00,2026-02-21T12:00:00+00:00,2026-02-23T05:00:00+00:00,35,2.98833151550468,7.195975323954713,270.99773065892964,2026-02-21T15:58:15+00:00,41,gfs.20260221/12/atmos/gfs.t12z.pgrb2.0p25.f041,"""933be672781fdc2d2612ff75a388eb1d""",bilinear_uv_temperature,43.643198,78.538828
1,2026-02-21T18:00:00+00:00,2026-02-21T12:00:00+00:00,2026-02-23T06:00:00+00:00,36,4.156679008328715,8.242477749092018,274.3628644501258,2026-02-21T15:44:32+00:00,42,gfs.20260221/12/atmos/gfs.t12z.pgrb2.0p25.f042,"""3b33f154c29e9f6ae03b95200b881e50""",bilinear_uv_temperature,43.64515,78.535604
2,2026-02-21T18:00:00+00:00,2026-02-21T12:00:00+00:00,2026-02-23T06:00:00+00:00,36,4.152668161498067,8.207451470802084,274.5084000072835,2026-02-21T15:44:32+00:00,42,gfs.20260221/12/atmos/gfs.t12z.pgrb2.0p25.f042,"""3b33f154c29e9f6ae03b95200b881e50""",bilinear_uv_temperature,43.643198,78.538828
1,2026-02-21T18:00:00+00:00,2026-02-21T12:00:00+00:00,2026-02-23T07:00:00+00:00,37,6.507955156952246,8.793993058761998,276.5232416119095,2026-02-21T15:44:47+00:00,43,gfs.20260221/12/atmos/gfs.t12z.pgrb2.0p25.f043,"""ad74e5c537c1cd0b3d919ff7f6bad10f""",bilinear_uv_temperature,43.64515,78.535604
2,2026-02-21T18:00:00+00:00,2026-02-21T12:00:00+00:00,2026-02-23T07:00:00+00:00,37,6.4669032622271905,8.753394528772901,276.65499008977395,2026-02-21T15:44:47+00:00,43,gfs.20260221/12/atmos/gfs.t12z.pgrb2.0p25.f043,"""ad74e5c537c1cd0b3d919ff7f6bad10f""",bilinear_uv_temperature,43.643198,78.538828
1,2026-02-21T18:00:00+00:00,2026-02-21T12:00:00+00:00,2026-02-23T08:00:00+00:00,38,8.273295356520219,8.57872018394005,276.5673921410994,2026-02-21T15:44:18+00:00,44,gfs.20260221/12/atmos/gfs.t12z.pgrb2.0p25.f044,"""b7798426b69338eb2318dfd7cabfe170""",bilinear_uv_temperature,43.64515,78.535604
2,2026-02-21T18:00:00+00:00,2026-02-21T12:00:00+00:00,2026-02-23T08:00:00+00:00,38,8.235041517697999,8.536931382045623,276.6738721527522,2026-02-21T15:44:18+00:00,44,gfs.20260221/12/atmos/gfs.t12z.pgrb2.0p25.f044,"""b7798426b69338eb2318dfd7cabfe170""",bilinear_uv_temperature,43.643198,78.538828
1,2026-02-21T18:00:00+00:00,2026-02-21T12:00:00+00:00,2026-02-23T09:00:00+00:00,39,8.647852702595378,7.793105912512033,274.9718893671229,2026-02-21T15:44:43+00:00,45,gfs.20260221/12/atmos/gfs.t12z.pgrb2.0p25.f045,"""940556b7d98cb8fee20b4305ffb1dd4a""",bilinear_uv_temperature,43.64515,78.535604
2,2026-02-21T18:00:00+00:00,2026-02-21T12:00:00+00:00,2026-02-23T09:00:00+00:00,39,8.61956524343846,7.752308982522891,275.01513492420213,2026-02-21T15:44:43+00:00,45,gfs.20260221/12/atmos/gfs.t12z.pgrb2.0p25.f045,"""940556b7d98cb8fee20b4305ffb1dd4a""",bilinear_uv_temperature,43.643198,78.538828
1,2026-02-21T18:00:00+00:00,2026-02-21T12:00:00+00:00,2026-02-23T10:00:00+00:00,40,8.770897260965345,6.864687648806012,271.69998037406253,2026-02-21T15:59:21+00:00,46,gfs.20260221/12/atmos/gfs.t12z.pgrb2.0p25.f046,"""8e2216905816f654bfc06768a6b5b020""",bilinear_uv_temperature,43.64515,78.535604
2,2026-02-21T18:00:00+00:00,2026-02-21T12:00:00+00:00,2026-02-23T10:00:00+00:00,40,8.746806518847476,6.818536361123449,271.739629904606,2026-02-21T15:59:21+00:00,46,gfs.20260221/12/atmos/gfs.t12z.pgrb2.0p25.f046,"""8e2216905816f654bfc06768a6b5b020""",bilinear_uv_temperature,43.643198,78.538828
1,2026-02-21T18:00:00+00:00,2026-02-21T12:00:00+00:00,2026-02-23T11:00:00+00:00,41,9.122601760322489,5.862857120876015,268.2702947160542,2026-02-21T15:45:43+00:00,47,gfs.20260221/12/atmos/gfs.t12z.pgrb2.0p25.f047,"""d3ae3f97da83f49452069d9633af74e2""",bilinear_uv_temperature,43.64515,78.535604
2,2026-02-21T18:00:00+00:00,2026-02-21T12:00:00+00:00,2026-02-23T11:00:00+00:00,41,9.098449717368187,5.816166906870251,268.29524438955684,2026-02-21T15:45:43+00:00,47,gfs.20260221/12/atmos/gfs.t12z.pgrb2.0p25.f047,"""d3ae3f97da83f49452069d9633af74e2""",bilinear_uv_temperature,43.643198,78.538828
1,2026-02-21T18:00:00+00:00,2026-02-21T12:00:00+00:00,2026-02-23T12:00:00+00:00,42,8.485999753920957,4.77005843651807,266.44023769487205,2026-02-21T15:45:54+00:00,48,gfs.20260221/12/atmos/gfs.t12z.pgrb2.0p25.f048,"""78b86a934d8674e05e4f48f4cd0ef4b1""",bilinear_uv_temperature,43.64515,78.535604
2,2026-02-21T18:00:00+00:00,2026-02-21T12:00:00+00:00,2026-02-23T12:00:00+00:00,42,8.465567619152862,4.727087408094349,266.4330023995273,2026-02-21T15:45:54+00:00,48,gfs.20260221/12/atmos/gfs.t12z.pgrb2.0p25.f048,"""78b86a934d8674e05e4f48f4cd0ef4b1""",bilinear_uv_temperature,43.643198,78.538828
1,2026-02-21T18:00:00+00:00,2026-02-21T12:00:00+00:00,2026-02-23T13:00:00+00:00,43,7.620763246049702,3.7305994422560502,268.9575829929961,2026-02-21T15:45:47+00:00,49,gfs.20260221/12/atmos/gfs.t12z.pgrb2.0p25.f049,"""501ac7070d0de5bec7bbb80835b581da""",bilinear_uv_temperature,43.64515,78.535604
2,2026-02-21T18:00:00+00:00,2026-02-21T12:00:00+00:00,2026-02-23T13:00:00+00:00,43,7.6161686725807165,3.6903852507014676,268.8848534141438,2026-02-21T15:45:47+00:00,49,gfs.20260221/12/atmos/gfs.t12z.pgrb2.0p25.f049,"""501ac7070d0de5bec7bbb80835b581da""",bilinear_uv_temperature,43.643198,78.538828
1,2026-02-21T18:00:00+00:00,2026-02-21T12:00:00+00:00,2026-02-23T14:00:00+00:00,44,7.205286472354304,2.928658724552008,265.52812563851114,2026-02-21T15:45:48+00:00,50,gfs.20260221/12/atmos/gfs.t12z.pgrb2.0p25.f050,"""8dc86a022ee80f4af7318f5f847aba54""",bilinear_uv_temperature,43.64515,78.535604
2,2026-02-21T18:00:00+00:00,2026-02-21T12:00:00+00:00,2026-02-23T14:00:00+00:00,44,7.207820371831021,2.8874992804124986,265.52774638164396,2026-02-21T15:45:48+00:00,50,gfs.20260221/12/atmos/gfs.t12z.pgrb2.0p25.f050,"""8dc86a022ee80f4af7318f5f847aba54""",bilinear_uv_temperature,43.643198,78.538828
1,2026-02-21T18:00:00+00:00,2026-02-21T12:00:00+00:00,2026-02-23T15:00:00+00:00,45,7.853330322343922,2.1669620383020174,261.5128573461884,2026-02-21T15:46:44+00:00,51,gfs.20260221/12/atmos/gfs.t12z.pgrb2.0p25.f051,"""a1aad7b299c78758d8e8edc1d11a07d4""",bilinear_uv_temperature,43.64515,78.535604
2,2026-02-21T18:00:00+00:00,2026-02-21T12:00:00+00:00,2026-02-23T15:00:00+00:00,45,7.840418182292419,2.1249270741624855,261.5452034084461,2026-02-21T15:46:44+00:00,51,gfs.20260221/12/atmos/gfs.t12z.pgrb2.0p25.f051,"""a1aad7b299c78758d8e8edc1d11a07d4""",bilinear_uv_temperature,43.643198,78.538828
1,2026-02-21T18:00:00+00:00,2026-02-21T12:00:00+00:00,2026-02-23T16:00:00+00:00,46,7.820191551354098,1.5194057657240592,263.86968397795636,2026-02-21T15:46:31+00:00,52,gfs.20260221/12/atmos/gfs.t12z.pgrb2.0p25.f052,"""e8d70844040973b1dea24f6b75bfce8d""",bilinear_uv_temperature,43.64515,78.535604
2,2026-02-21T18:00:00+00:00,2026-02-21T12:00:00+00:00,2026-02-23T16:00:00+00:00,46,7.816838571852214,1.476050948113766,263.8806648677956,2026-02-21T15:46:31+00:00,52,gfs.20260221/12/atmos/gfs.t12z.pgrb2.0p25.f052,"""e8d70844040973b1dea24f6b75bfce8d""",bilinear_uv_temperature,43.643198,78.538828
1,2026-02-21T18:00:00+00:00,2026-02-21T12:00:00+00:00,2026-02-23T17:00:00+00:00,47,8.734771051679342,0.49975974399205825,261.00080566295753,2026-02-21T15:46:33+00:00,53,gfs.20260221/12/atmos/gfs.t12z.pgrb2.0p25.f053,"""d05e4a4e553cb552c8b14e4a2a0f55b1""",bilinear_uv_temperature,43.64515,78.535604
2,2026-02-21T18:00:00+00:00,2026-02-21T12:00:00+00:00,2026-02-23T17:00:00+00:00,47,8.710273546725016,0.4632243910780858,261.05681541311804,2026-02-21T15:46:33+00:00,53,gfs.20260221/12/atmos/gfs.t12z.pgrb2.0p25.f053,"""d05e4a4e553cb552c8b14e4a2a0f55b1""",bilinear_uv_temperature,43.643198,78.538828
1,2026-02-21T18:00:00+00:00,2026-02-21T12:00:00+00:00,2026-02-23T18:00:00+00:00,48,9.002559666107011,-0.4508124088939667,257.384637979987,2026-02-21T15:48:10+00:00,54,gfs.20260221/12/atmos/gfs.t12z.pgrb2.0p25.f054,"""9590078b2a6a0fa7c131dbf0c1c02b28""",bilinear_uv_temperature,43.64515,78.535604
2,2026-02-21T18:00:00+00:00,2026-02-21T12:00:00+00:00,2026-02-23T18:00:00+00:00,48,8.967793300655073,-0.4897642458245741,257.48856577171165,2026-02-21T15:48:10+00:00,54,gfs.20260221/12/atmos/gfs.t12z.pgrb2.0p25.f054,"""9590078b2a6a0fa7c131dbf0c1c02b28""",bilinear_uv_temperature,43.643198,78.538828
1,2026-02-22T18:00:00+00:00,2026-02-22T12:00:00+00:00,2026-02-22T19:00:00+00:00,1,2.7022273861323063,5.22445309581002,76.46108550470656,2026-02-22T15:49:18+00:00,7,gfs.20260222/12/atmos/gfs.t12z.pgrb2.0p25.f007,"""18404febc71ef073f0e9371d8cb37f36""",bilinear_uv_temperature,43.64515,78.535604
2,2026-02-22T18:00:00+00:00,2026-02-22T12:00:00+00:00,2026-02-22T19:00:00+00:00,1,2.6434728008835386,5.204193298344478,76.79171287507927,2026-02-22T15:49:18+00:00,7,gfs.20260222/12/atmos/gfs.t12z.pgrb2.0p25.f007,"""18404febc71ef073f0e9371d8cb37f36""",bilinear_uv_temperature,43.643198,78.538828
1,2026-02-22T18:00:00+00:00,2026-02-22T12:00:00+00:00,2026-02-22T20:00:00+00:00,2,2.7024311082171626,5.286130013436036,68.90866137163356,2026-02-22T15:35:25+00:00,8,gfs.20260222/12/atmos/gfs.t12z.pgrb2.0p25.f008,"""6f15b62108f134f0b4250c47a450cf78""",bilinear_uv_temperature,43.64515,78.535604
2,2026-02-22T18:00:00+00:00,2026-02-22T12:00:00+00:00,2026-02-22T20:00:00+00:00,2,2.646661494425745,5.2669519350846485,69.23670556234842,2026-02-22T15:35:25+00:00,8,gfs.20260222/12/atmos/gfs.t12z.pgrb2.0p25.f008,"""6f15b62108f134f0b4250c47a450cf78""",bilinear_uv_temperature,43.643198,78.538828
1,2026-02-22T18:00:00+00:00,2026-02-22T12:00:00+00:00,2026-02-22T21:00:00+00:00,3,2.939227307064347,5.153694632950021,68.52360279257086,2026-02-22T15:50:06+00:00,9,gfs.20260222/12/atmos/gfs.t12z.pgrb2.0p25.f009,"""aa158312b7bd0883018116a009066c06""",bilinear_uv_temperature,43.64515,78.535604
2,2026-02-22T18:00:00+00:00,2026-02-22T12:00:00+00:00,2026-02-22T21:00:00+00:00,3,2.883153043621138,5.134086355958061,68.67535645623528,2026-02-22T15:50:06+00:00,9,gfs.20260222/12/atmos/gfs.t12z.pgrb2.0p25.f009,"""aa158312b7bd0883018116a009066c06""",bilinear_uv_temperature,43.643198,78.538828
1,2026-02-22T18:00:00+00:00,2026-02-22T12:00:00+00:00,2026-02-22T22:00:00+00:00,4,2.8945989424724603,4.911742121978023,70.08798563367691,2026-02-22T15:35:15+00:00,10,gfs.20260222/12/atmos/gfs.t12z.pgrb2.0p25.f010,"""18a3fd2acd06623514492014e70b5e96""",bilinear_uv_temperature,43.64515,78.535604
2,2026-02-22T18:00:00+00:00,2026-02-22T12:00:00+00:00,2026-02-22T22:00:00+00:00,4,2.8396455284375217,4.891140007704735,70.16498732440633,2026-02-22T15:35:15+00:00,10,gfs.20260222/12/atmos/gfs.t12z.pgrb2.0p25.f010,"""18a3fd2acd06623514492014e70b5e96""",bilinear_uv_temperature,43.643198,78.538828
1,2026-02-22T18:00:00+00:00,2026-02-22T12:00:00+00:00,2026-02-22T23:00:00+00:00,5,2.5548119775401257,4.584510986592022,65.61664181369228,2026-02-22T15:49:59+00:00,11,gfs.20260222/12/atmos/gfs.t12z.pgrb2.0p25.f011,"""f0580c76b3174b47eb89dae7d692664c""",bilinear_uv_temperature,43.64515,78.535604
2,2026-02-22T18:00:00+00:00,2026-02-22T12:00:00+00:00,2026-02-22T23:00:00+00:00,5,2.5043611767206975,4.564284708302125,65.48103637366225,2026-02-22T15:49:59+00:00,11,gfs.20260222/12/atmos/gfs.t12z.pgrb2.0p25.f011,"""f0580c76b3174b47eb89dae7d692664c""",bilinear_uv_temperature,43.643198,78.538828
1,2026-02-22T18:00:00+00:00,2026-02-22T12:00:00+00:00,2026-02-23T00:00:00+00:00,6,1.88721199991792,4.33647992375802,60.60783378664145,2026-02-22T15:36:34+00:00,12,gfs.20260222/12/atmos/gfs.t12z.pgrb2.0p25.f012,"""d1ebc2379097fd1bd76501279e6cb5d6""",bilinear_uv_temperature,43.64515,78.535604
2,2026-02-22T18:00:00+00:00,2026-02-22T12:00:00+00:00,2026-02-23T00:00:00+00:00,6,1.8434298575486001,4.318794930431977,60.0331535335687,2026-02-22T15:36:34+00:00,12,gfs.20260222/12/atmos/gfs.t12z.pgrb2.0p25.f012,"""d1ebc2379097fd1bd76501279e6cb5d6""",bilinear_uv_temperature,43.643198,78.538828
1,2026-02-22T18:00:00+00:00,2026-02-22T12:00:00+00:00,2026-02-23T01:00:00+00:00,7,1.164689437660628,4.0598283056980335,56.5296593125877,2026-02-22T15:36:19+00:00,13,gfs.20260222/12/atmos/gfs.t12z.pgrb2.0p25.f013,"""700844462c29241f0690dd4f58f25523""",bilinear_uv_temperature,43.64515,78.535604
2,2026-02-22T18:00:00+00:00,2026-02-22T12:00:00+00:00,2026-02-23T01:00:00+00:00,7,1.1282145374879584,4.043485483597578,54.97022975847084,2026-02-22T15:36:19+00:00,13,gfs.20260222/12/atmos/gfs.t12z.pgrb2.0p25.f013,"""700844462c29241f0690dd4f58f25523""",bilinear_uv_temperature,43.643198,78.538828
1,2026-02-22T18:00:00+00:00,2026-02-22T12:00:00+00:00,2026-02-23T02:00:00+00:00,8,0.17453982427619522,4.080662907360022,82.44948356667784,2026-02-22T15:36:12+00:00,14,gfs.20260222/12/atmos/gfs.t12z.pgrb2.0p25.f014,"""b96812e8bb2a9089a1eaab6d7c462ec1""",bilinear_uv_temperature,43.64515,78.535604
2,2026-02-22T18:00:00+00:00,2026-02-22T12:00:00+00:00,2026-02-23T02:00:00+00:00,8,0.13306150415346615,4.063363613766398,74.55189191524514,2026-02-22T15:36:12+00:00,14,gfs.20260222/12/atmos/gfs.t12z.pgrb2.0p25.f014,"""b96812e8bb2a9089a1eaab6d7c462ec1""",bilinear_uv_temperature,43.643198,78.538828
1,2026-02-22T18:00:00+00:00,2026-02-22T12:00:00+00:00,2026-02-23T03:00:00+00:00,9,0.53099045398932,5.1185453742220375,255.6634265245321,2026-02-22T15:37:56+00:00,15,gfs.20260222/12/atmos/gfs.t12z.pgrb2.0p25.f015,"""016a76c4142913a9cb82b7ff7d708e25""",bilinear_uv_temperature,43.64515,78.535604
2,2026-02-22T18:00:00+00:00,2026-02-22T12:00:00+00:00,2026-02-23T03:00:00+00:00,9,0.5682756140539567,5.097561838383285,257.6978284372219,2026-02-22T15:37:56+00:00,15,gfs.20260222/12/atmos/gfs.t12z.pgrb2.0p25.f015,"""016a76c4142913a9cb82b7ff7d708e25""",bilinear_uv_temperature,43.643198,78.538828
1,2026-02-22T18:00:00+00:00,2026-02-22T12:00:00+00:00,2026-02-23T04:00:00+00:00,10,1.119454654786439,6.1835792789399875,278.332012304651,2026-02-22T15:37:41+00:00,16,gfs.20260222/12/atmos/gfs.t12z.pgrb2.0p25.f016,"""0cc9199d7c5e3a0b4a771931e88a84a5""",bilinear_uv_temperature,43.64515,78.535604
2,2026-02-22T18:00:00+00:00,2026-02-22T12:00:00+00:00,2026-02-23T04:00:00+00:00,10,1.1507606004869042,6.160021837045633,278.4556597513144,2026-02-22T15:37:41+00:00,16,gfs.20260222/12/atmos/gfs.t12z.pgrb2.0p25.f016,"""0cc9199d7c5e3a0b4a771931e88a84a5""",bilinear_uv_temperature,43.643198,78.538828
1,2026-02-22T18:00:00+00:00,2026-02-22T12:00:00+00:00,2026-02-23T05:00:00+00:00,11,1.6405715340004707,7.1312824261839864,275.8785957767591,2026-02-22T15:37:48+00:00,17,gfs.20260222/12/atmos/gfs.t12z.pgrb2.0p25.f017,"""01eb943ebdeed6f893b3557fc7feeac3""",bilinear_uv_temperature,43.64515,78.535604
2,2026-02-22T18:00:00+00:00,2026-02-22T12:00:00+00:00,2026-02-23T05:00:00+00:00,11,1.6582477805727098,7.1032088427242,276.05325449130333,2026-02-22T15:37:48+00:00,17,gfs.20260222/12/atmos/gfs.t12z.pgrb2.0p25.f017,"""01eb943ebdeed6f893b3557fc7feeac3""",bilinear_uv_temperature,43.643198,78.538828
1,2026-02-22T18:00:00+00:00,2026-02-22T12:00:00+00:00,2026-02-23T06:00:00+00:00,12,2.8471306606979905,8.176116626336011,286.31792055446607,2026-02-22T15:52:43+00:00,18,gfs.20260222/12/atmos/gfs.t12z.pgrb2.0p25.f018,"""c5855d135c129c44401727a07ded1917""",bilinear_uv_temperature,43.64515,78.535604
2,2026-02-22T18:00:00+00:00,2026-02-22T12:00:00+00:00,2026-02-23T06:00:00+00:00,12,2.8500279828976143,8.143051326480702,286.3628220231092,2026-02-22T15:52:43+00:00,18,gfs.20260222/12/atmos/gfs.t12z.pgrb2.0p25.f018,"""c5855d135c129c44401727a07ded1917""",bilinear_uv_temperature,43.643198,78.538828
1,2026-02-22T18:00:00+00:00,2026-02-22T12:00:00+00:00,2026-02-23T07:00:00+00:00,13,4.4896686613391,8.905113314651999,281.9144731772708,2026-02-22T15:37:55+00:00,19,gfs.20260222/12/atmos/gfs.t12z.pgrb2.0p25.f019,"""ee728fa37739d613aec87740141ec1f8""",bilinear_uv_temperature,43.64515,78.535604
2,2026-02-22T18:00:00+00:00,2026-02-22T12:00:00+00:00,2026-02-23T07:00:00+00:00,13,4.468730696542171,8.866571745136525,282.093258155247,2026-02-22T15:37:55+00:00,19,gfs.20260222/12/atmos/gfs.t12z.pgrb2.0p25.f019,"""ee728fa37739d613aec87740141ec1f8""",bilinear_uv_temperature,43.643198,78.538828
1,2026-02-22T18:00:00+00:00,2026-02-22T12:00:00+00:00,2026-02-23T08:00:00+00:00,14,6.808684651781401,8.995578734066044,273.21079079583905,2026-02-22T15:38:20+00:00,20,gfs.20260222/12/atmos/gfs.t12z.pgrb2.0p25.f020,"""910dc38eb36af16d3e820781860b04b9""",bilinear_uv_temperature,43.64515,78.535604
2,2026-02-22T18:00:00+00:00,2026-02-22T12:00:00+00:00,2026-02-23T08:00:00+00:00,14,6.767173668180154,8.95528573128587,273.4179090745554,2026-02-22T15:38:20+00:00,20,gfs.20260222/12/atmos/gfs.t12z.pgrb2.0p25.f020,"""910dc38eb36af16d3e820781860b04b9""",bilinear_uv_temperature,43.643198,78.538828
1,2026-02-22T18:00:00+00:00,2026-02-22T12:00:00+00:00,2026-02-23T09:00:00+00:00,15,8.455765853397946,8.525983210034042,274.6219748867677,2026-02-22T15:38:36+00:00,21,gfs.20260222/12/atmos/gfs.t12z.pgrb2.0p25.f021,"""8e820916b3aa788f2c6658f19670f184""",bilinear_uv_temperature,43.64515,78.535604
2,2026-02-22T18:00:00+00:00,2026-02-22T12:00:00+00:00,2026-02-23T09:00:00+00:00,15,8.419231104240351,8.48306798119819,274.6939179763964,2026-02-22T15:38:36+00:00,21,gfs.20260222/12/atmos/gfs.t12z.pgrb2.0p25.f021,"""8e820916b3aa788f2c6658f19670f184""",bilinear_uv_temperature,43.643198,78.538828
1,2026-02-22T18:00:00+00:00,2026-02-22T12:00:00+00:00,2026-02-23T10:00:00+00:00,16,8.159946760837764,7.468852220416068,276.4746652755198,2026-02-22T15:38:26+00:00,22,gfs.20260222/12/atmos/gfs.t12z.pgrb2.0p25.f022,"""dfd42d3908039bfa4e552dfd0289afa9""",bilinear_uv_temperature,43.64515,78.535604
2,2026-02-22T18:00:00+00:00,2026-02-22T12:00:00+00:00,2026-02-23T10:00:00+00:00,16,8.144365888013851,7.423814532259826,276.47005182774785,2026-02-22T15:38:26+00:00,22,gfs.20260222/12/atmos/gfs.t12z.pgrb2.0p25.f022,"""dfd42d3908039bfa4e552dfd0289afa9""",bilinear_uv_temperature,43.643198,78.538828
1,2026-02-22T18:00:00+00:00,2026-02-22T12:00:00+00:00,2026-02-23T11:00:00+00:00,17,8.68227702881721,6.1814482573300324,266.2058176607852,2026-02-22T15:53:27+00:00,23,gfs.20260222/12/atmos/gfs.t12z.pgrb2.0p25.f023,"""7a9fee2080d375079256c2cdb1882485""",bilinear_uv_temperature,43.64515,78.535604
2,2026-02-22T18:00:00+00:00,2026-02-22T12:00:00+00:00,2026-02-23T11:00:00+00:00,17,8.65757296283568,6.1341442559091774,266.27416827012246,2026-02-22T15:53:27+00:00,23,gfs.20260222/12/atmos/gfs.t12z.pgrb2.0p25.f023,"""7a9fee2080d375079256c2cdb1882485""",bilinear_uv_temperature,43.643198,78.538828
1,2026-02-22T18:00:00+00:00,2026-02-22T12:00:00+00:00,2026-02-23T12:00:00+00:00,18,9.305948388902017,5.233422395498053,261.6234943939646,2026-02-22T15:54:47+00:00,24,gfs.20260222/12/atmos/gfs.t12z.pgrb2.0p25.f024,"""daf70a33fcabf180f707cec670153626""",bilinear_uv_temperature,43.64515,78.535604
2,2026-02-22T18:00:00+00:00,2026-02-22T12:00:00+00:00,2026-02-23T12:00:00+00:00,18,9.274819631587658,5.188199024149526,261.70343114836567,2026-02-22T15:54:47+00:00,24,gfs.20260222/12/atmos/gfs.t12z.pgrb2.0p25.f024,"""daf70a33fcabf180f707cec670153626""",bilinear_uv_temperature,43.643198,78.538828
1,2026-02-22T18:00:00+00:00,2026-02-22T12:00:00+00:00,2026-02-23T13:00:00+00:00,19,8.920361281680568,4.294881705498028,260.7909539296919,2026-02-22T15:39:48+00:00,25,gfs.20260222/12/atmos/gfs.t12z.pgrb2.0p25.f025,"""041f34f772f52ac731c4e0f0d6c8845d""",bilinear_uv_temperature,43.64515,78.535604
2,2026-02-22T18:00:00+00:00,2026-02-22T12:00:00+00:00,2026-02-23T13:00:00+00:00,19,8.891382090531119,4.254922974149508,260.82446443426846,2026-02-22T15:39:48+00:00,25,gfs.20260222/12/atmos/gfs.t12z.pgrb2.0p25.f025,"""041f34f772f52ac731c4e0f0d6c8845d""",bilinear_uv_temperature,43.643198,78.538828
1,2026-02-22T18:00:00+00:00,2026-02-22T12:00:00+00:00,2026-02-23T14:00:00+00:00,20,8.466873238320314,3.6572909630200456,263.4459197221269,2026-02-22T15:39:28+00:00,26,gfs.20260222/12/atmos/gfs.t12z.pgrb2.0p25.f026,"""6865073401a59731c3ccc2b0b4610ab3""",bilinear_uv_temperature,43.64515,78.535604
2,2026-02-22T18:00:00+00:00,2026-02-22T12:00:00+00:00,2026-02-23T14:00:00+00:00,20,8.446743730408555,3.6158315328248136,263.4583190103314,2026-02-22T15:39:28+00:00,26,gfs.20260222/12/atmos/gfs.t12z.pgrb2.0p25.f026,"""6865073401a59731c3ccc2b0b4610ab3""",bilinear_uv_temperature,43.643198,78.538828
1,2026-02-22T18:00:00+00:00,2026-02-22T12:00:00+00:00,2026-02-23T15:00:00+00:00,21,8.039459147889376,2.9944861261060396,266.26035864685866,2026-02-22T15:40:43+00:00,27,gfs.20260222/12/atmos/gfs.t12z.pgrb2.0p25.f027,"""7f9ce52ba995d0fed536fdb596d111d8""",bilinear_uv_temperature,43.64515,78.535604
2,2026-02-22T18:00:00+00:00,2026-02-22T12:00:00+00:00,2026-02-23T15:00:00+00:00,21,8.030650154351777,2.950588049175451,266.23815353150053,2026-02-22T15:40:43+00:00,27,gfs.20260222/12/atmos/gfs.t12z.pgrb2.0p25.f027,"""7f9ce52ba995d0fed536fdb596d111d8""",bilinear_uv_temperature,43.643198,78.538828
1,2026-02-22T18:00:00+00:00,2026-02-22T12:00:00+00:00,2026-02-23T16:00:00+00:00,22,7.325254905617571,2.30218093220401,266.82102081219494,2026-02-22T15:40:33+00:00,28,gfs.20260222/12/atmos/gfs.t12z.pgrb2.0p25.f028,"""e813e30d73e445bc8b6ea41df916b1b7""",bilinear_uv_temperature,43.64515,78.535604
2,2026-02-22T18:00:00+00:00,2026-02-22T12:00:00+00:00,2026-02-23T16:00:00+00:00,22,7.331614585483537,2.257458891668989,266.82150275292173,2026-02-22T15:40:33+00:00,28,gfs.20260222/12/atmos/gfs.t12z.pgrb2.0p25.f028,"""e813e30d73e445bc8b6ea41df916b1b7""",bilinear_uv_temperature,43.643198,78.538828
1,2026-02-22T18:00:00+00:00,2026-02-22T12:00:00+00:00,2026-02-23T17:00:00+00:00,23,8.401690953356967,1.1870966067220365,260.1624293914455,2026-02-22T15:40:58+00:00,29,gfs.20260222/12/atmos/gfs.t12z.pgrb2.0p25.f029,"""2cb0fb19ca1adb1e95715efdbf5e879f""",bilinear_uv_temperature,43.64515,78.535604
2,2026-02-22T18:00:00+00:00,2026-02-22T12:00:00+00:00,2026-02-23T17:00:00+00:00,23,8.382032398418112,1.1492791508832738,260.257300122436,2026-02-22T15:40:58+00:00,29,gfs.20260222/12/atmos/gfs.t12z.pgrb2.0p25.f029,"""2cb0fb19ca1adb1e95715efdbf5e879f""",bilinear_uv_temperature,43.643198,78.538828
1,2026-02-22T18:00:00+00:00,2026-02-22T12:00:00+00:00,2026-02-23T18:00:00+00:00,24,9.039575017461463,0.040059546080044584,258.73509497370964,2026-02-22T15:55:39+00:00,30,gfs.20260222/12/atmos/gfs.t12z.pgrb2.0p25.f030,"""0f5b914b94b8ee39b6cab70bfa62b640""",bilinear_uv_temperature,43.64515,78.535604
2,2026-02-22T18:00:00+00:00,2026-02-22T12:00:00+00:00,2026-02-23T18:00:00+00:00,24,8.99855105796185,0.001189144659235808,258.8016131020721,2026-02-22T15:55:39+00:00,30,gfs.20260222/12/atmos/gfs.t12z.pgrb2.0p25.f030,"""0f5b914b94b8ee39b6cab70bfa62b640""",bilinear_uv_temperature,43.643198,78.538828
1,2026-02-22T18:00:00+00:00,2026-02-22T12:00:00+00:00,2026-02-23T19:00:00+00:00,25,8.947420038267763,-0.4460347352219287,254.56119085394624,2026-02-22T15:42:03+00:00,31,gfs.20260222/12/atmos/gfs.t12z.pgrb2.0p25.f031,"""b22b3abab4848e87fa53916d10d86db1""",bilinear_uv_temperature,43.64515,78.535604
2,2026-02-22T18:00:00+00:00,2026-02-22T12:00:00+00:00,2026-02-23T19:00:00+00:00,25,8.904763267289862,-0.48708018562325606,254.62120484246253,2026-02-22T15:42:03+00:00,31,gfs.20260222/12/atmos/gfs.t12z.pgrb2.0p25.f031,"""b22b3abab4848e87fa53916d10d86db1""",bilinear_uv_temperature,43.643198,78.538828
1,2026-02-22T18:00:00+00:00,2026-02-22T12:00:00+00:00,2026-02-23T20:00:00+00:00,26,8.806393242885678,-0.41786700746598626,254.02785047175166,2026-02-22T15:42:07+00:00,32,gfs.20260222/12/atmos/gfs.t12z.pgrb2.0p25.f032,"""4e222887bdd97a29460f19d5fd928cf4""",bilinear_uv_temperature,43.64515,78.535604
2,2026-02-22T18:00:00+00:00,2026-02-22T12:00:00+00:00,2026-02-23T20:00:00+00:00,26,8.765415955501426,-0.4644913563018349,254.07305868177883,2026-02-22T15:42:07+00:00,32,gfs.20260222/12/atmos/gfs.t12z.pgrb2.0p25.f032,"""4e222887bdd97a29460f19d5fd928cf4""",bilinear_uv_temperature,43.643198,78.538828
1,2026-02-22T18:00:00+00:00,2026-02-22T12:00:00+00:00,2026-02-23T21:00:00+00:00,27,8.413959268570975,-0.5177549612159282,250.56039875582815,2026-02-22T15:41:49+00:00,33,gfs.20260222/12/atmos/gfs.t12z.pgrb2.0p25.f033,"""bf9f2fc87f9dbf324e506023da9a85ed""",bilinear_uv_temperature,43.64515,78.535604
2,2026-02-22T18:00:00+00:00,2026-02-22T12:00:00+00:00,2026-02-23T21:00:00+00:00,27,8.369538329330553,-0.5641757900518201,250.63361924250984,2026-02-22T15:41:49+00:00,33,gfs.20260222/12/atmos/gfs.t12z.pgrb2.0p25.f033,"""bf9f2fc87f9dbf324e506023da9a85ed""",bilinear_uv_temperature,43.643198,78.538828
1,2026-02-22T18:00:00+00:00,2026-02-22T12:00:00+00:00,2026-02-23T22:00:00+00:00,28,8.316359921076309,-0.6211927264719748,246.36778704172383,2026-02-22T15:41:53+00:00,34,gfs.20260222/12/atmos/gfs.t12z.pgrb2.0p25.f034,"""43477b2d1154b97e35137b80f2830e26""",bilinear_uv_temperature,43.64515,78.535604
2,2026-02-22T18:00:00+00:00,2026-02-22T12:00:00+00:00,2026-02-23T22:00:00+00:00,28,8.271629851201842,-0.6648858568732408,246.42133873916663,2026-02-22T15:41:53+00:00,34,gfs.20260222/12/atmos/gfs.t12z.pgrb2.0p25.f034,"""43477b2d1154b97e35137b80f2830e26""",bilinear_uv_temperature,43.643198,78.538828
1,2026-02-22T18:00:00+00:00,2026-02-22T12:00:00+00:00,2026-02-23T23:00:00+00:00,29,8.175273855170643,-0.7290511966019722,246.6608579969702,2026-02-22T15:42:05+00:00,35,gfs.20260222/12/atmos/gfs.t12z.pgrb2.0p25.f035,"""558d2cec3270253493325bf01cb8835e""",bilinear_uv_temperature,43.64515,78.535604
2,2026-02-22T18:00:00+00:00,2026-02-22T12:00:00+00:00,2026-02-23T23:00:00+00:00,29,8.131233976202,-0.7720133094544508,246.74321089164727,2026-02-22T15:42:05+00:00,35,gfs.20260222/12/atmos/gfs.t12z.pgrb2.0p25.f035,"""558d2cec3270253493325bf01cb8835e""",bilinear_uv_temperature,43.643198,78.538828
1,2026-02-22T18:00:00+00:00,2026-02-22T12:00:00+00:00,2026-02-24T00:00:00+00:00,30,8.887139417200434,-0.7557759830039572,248.65321230000853,2026-02-22T15:42:53+00:00,36,gfs.20260222/12/atmos/gfs.t12z.pgrb2.0p25.f036,"""6375fed48bea7800b8076a77fb6aa0f0""",bilinear_uv_temperature,43.64515,78.535604
2,2026-02-22T18:00:00+00:00,2026-02-22T12:00:00+00:00,2026-02-24T00:00:00+00:00,30,8.829197738759115,-0.7985636594609673,248.72648918980468,2026-02-22T15:42:53+00:00,36,gfs.20260222/12/atmos/gfs.t12z.pgrb2.0p25.f036,"""6375fed48bea7800b8076a77fb6aa0f0""",bilinear_uv_temperature,43.643198,78.538828
1,2026-02-22T18:00:00+00:00,2026-02-22T12:00:00+00:00,2026-02-24T01:00:00+00:00,31,8.90913806312538,-1.0672141846919772,248.91999366300973,2026-02-22T15:42:48+00:00,37,gfs.20260222/12/atmos/gfs.t12z.pgrb2.0p25.f037,"""d0074b6c8d648bee152a07529e5137c9""",bilinear_uv_temperature,43.64515,78.535604
2,2026-02-22T18:00:00+00:00,2026-02-22T12:00:00+00:00,2026-02-24T01:00:00+00:00,31,8.852555653695442,-1.1132573941461033,249.01474262303387,2026-02-22T15:42:48+00:00,37,gfs.20260222/12/atmos/gfs.t12z.pgrb2.0p25.f037,"""d0074b6c8d648bee152a07529e5137c9""",bilinear_uv_temperature,43.643198,78.538828
1,2026-02-22T18:00:00+00:00,2026-02-22T12:00:00+00:00,2026-02-24T02:00:00+00:00,32,8.808077157624634,-1.5543252685239963,245.05346228113717,2026-02-22T15:43:03+00:00,38,gfs.20260222/12/atmos/gfs.t12z.pgrb2.0p25.f038,"""c91a341761c8a9ac77ebb9f6af1f4301""",bilinear_uv_temperature,43.64515,78.535604
2,2026-02-22T18:00:00+00:00,2026-02-22T12:00:00+00:00,2026-02-24T02:00:00+00:00,32,8.74471667722861,-1.5952531947857551,245.1780926462976,2026-02-22T15:43:03+00:00,38,gfs.20260222/12/atmos/gfs.t12z.pgrb2.0p25.f038,"""c91a341761c8a9ac77ebb9f6af1f4301""",bilinear_uv_temperature,43.643198,78.538828
1,2026-02-22T18:00:00+00:00,2026-02-22T12:00:00+00:00,2026-02-24T03:00:00+00:00,33,8.509438181985674,-1.7986503357679453,240.26742273453846,2026-02-22T15:44:03+00:00,39,gfs.20260222/12/atmos/gfs.t12z.pgrb2.0p25.f039,"""ab291b4743e8439e3ef541bd74325eb5""",bilinear_uv_temperature,43.64515,78.535604
2,2026-02-22T18:00:00+00:00,2026-02-22T12:00:00+00:00,2026-02-24T03:00:00+00:00,33,8.443695024510202,-1.829013160464342,240.4105916097057,2026-02-22T15:44:03+00:00,39,gfs.20260222/12/atmos/gfs.t12z.pgrb2.0p25.f039,"""ab291b4743e8439e3ef541bd74325eb5""",bilinear_uv_temperature,43.643198,78.538828
1,2026-02-22T18:00:00+00:00,2026-02-22T12:00:00+00:00,2026-02-24T04:00:00+00:00,34,7.97087874544752,-1.459655812651988,246.62400070369745,2026-02-22T15:44:29+00:00,40,gfs.20260222/12/atmos/gfs.t12z.pgrb2.0p25.f040,"""ac4289db3dab17bd4789109556666ef9""",bilinear_uv_temperature,43.64515,78.535604
2,2026-02-22T18:00:00+00:00,2026-02-22T12:00:00+00:00,2026-02-24T04:00:00+00:00,34,7.909211864098778,-1.482402656256454,246.80588953081235,2026-02-22T15:44:29+00:00,40,gfs.20260222/12/atmos/gfs.t12z.pgrb2.0p25.f040,"""ac4289db3dab17bd4789109556666ef9""",bilinear_uv_temperature,43.643198,78.538828
1,2026-02-22T18:00:00+00:00,2026-02-22T12:00:00+00:00,2026-02-24T05:00:00+00:00,35,7.747324452129455,-0.8967725706599481,251.13699155485796,2026-02-22T15:44:01+00:00,41,gfs.20260222/12/atmos/gfs.t12z.pgrb2.0p25.f041,"""606465bfe1f379cef7625d787bb60d87""",bilinear_uv_temperature,43.64515,78.535604
2,2026-02-22T18:00:00+00:00,2026-02-22T12:00:00+00:00,2026-02-24T05:00:00+00:00,35,7.684431407997249,-0.9202658740583729,251.35530447576977,2026-02-22T15:44:01+00:00,41,gfs.20260222/12/atmos/gfs.t12z.pgrb2.0p25.f041,"""606465bfe1f379cef7625d787bb60d87""",bilinear_uv_temperature,43.643198,78.538828
1,2026-02-22T18:00:00+00:00,2026-02-22T12:00:00+00:00,2026-02-24T06:00:00+00:00,36,7.32104246657217,-0.4662875311199173,255.25517737809778,2026-02-22T15:44:29+00:00,42,gfs.20260222/12/atmos/gfs.t12z.pgrb2.0p25.f042,"""c86933f7a91203ad431e0f2bf6cff17b""",bilinear_uv_temperature,43.64515,78.535604
2,2026-02-22T18:00:00+00:00,2026-02-22T12:00:00+00:00,2026-02-24T06:00:00+00:00,36,7.2637094913440245,-0.49560190866878884,255.4772905967941,2026-02-22T15:44:29+00:00,42,gfs.20260222/12/atmos/gfs.t12z.pgrb2.0p25.f042,"""c86933f7a91203ad431e0f2bf6cff17b""",bilinear_uv_temperature,43.643198,78.538828
1,2026-02-22T18:00:00+00:00,2026-02-22T12:00:00+00:00,2026-02-24T07:00:00+00:00,37,6.814368961091569,-0.1396668606774938,255.76002861065734,2026-02-22T15:44:19+00:00,43,gfs.20260222/12/atmos/gfs.t12z.pgrb2.0p25.f043,"""b87d1a39cbea5a563d6cfe38318962db""",bilinear_uv_temperature,43.64515,78.535604
2,2026-02-22T18:00:00+00:00,2026-02-22T12:00:00+00:00,2026-02-24T07:00:00+00:00,37,6.759449223771378,-0.169678015775105,255.97924534553155,2026-02-22T15:44:19+00:00,43,gfs.20260222/12/atmos/gfs.t12z.pgrb2.0p25.f043,"""b87d1a39cbea5a563d6cfe38318962db""",bilinear_uv_temperature,43.643198,78.538828
1,2026-02-22T18:00:00+00:00,2026-02-22T12:00:00+00:00,2026-02-24T08:00:00+00:00,38,6.9765725872548225,0.08624603042505896,258.66276842647073,2026-02-22T15:44:15+00:00,44,gfs.20260222/12/atmos/gfs.t12z.pgrb2.0p25.f044,"""be78ba260acf97b58ec8322a12489e15""",bilinear_uv_temperature,43.64515,78.535604
2,2026-02-22T18:00:00+00:00,2026-02-22T12:00:00+00:00,2026-02-24T08:00:00+00:00,38,6.919030757896867,0.05197540117700328,258.9052875602541,2026-02-22T15:44:15+00:00,44,gfs.20260222/12/atmos/gfs.t12z.pgrb2.0p25.f044,"""be78ba260acf97b58ec8322a12489e15""",bilinear_uv_temperature,43.643198,78.538828
1,2026-02-22T18:00:00+00:00,2026-02-22T12:00:00+00:00,2026-02-24T09:00:00+00:00,39,6.988951860591105,-0.04725439817741517,255.4235777320626,2026-02-22T15:45:35+00:00,45,gfs.20260222/12/atmos/gfs.t12z.pgrb2.0p25.f045,"""a9ca7cdc7bdd3e6d9c98bfdc32d6dc01""",bilinear_uv_temperature,43.64515,78.535604
2,2026-02-22T18:00:00+00:00,2026-02-22T12:00:00+00:00,2026-02-24T09:00:00+00:00,39,6.9319195812691135,-0.08167835327509465,255.6510346674216,2026-02-22T15:45:35+00:00,45,gfs.20260222/12/atmos/gfs.t12z.pgrb2.0p25.f045,"""a9ca7cdc7bdd3e6d9c98bfdc32d6dc01""",bilinear_uv_temperature,43.643198,78.538828
1,2026-02-22T18:00:00+00:00,2026-02-22T12:00:00+00:00,2026-02-24T10:00:00+00:00,40,7.819406663686607,-0.04551878111993801,255.69010008012987,2026-02-22T15:45:50+00:00,46,gfs.20260222/12/atmos/gfs.t12z.pgrb2.0p25.f046,"""11699c6a3fd0e41309d24aab4393f4c6""",bilinear_uv_temperature,43.64515,78.535604
2,2026-02-22T18:00:00+00:00,2026-02-22T12:00:00+00:00,2026-02-24T10:00:00+00:00,40,7.758611499571213,-0.07873715866878683,255.89876301024248,2026-02-22T15:45:50+00:00,46,gfs.20260222/12/atmos/gfs.t12z.pgrb2.0p25.f046,"""11699c6a3fd0e41309d24aab4393f4c6""",bilinear_uv_temperature,43.643198,78.538828
1,2026-02-22T18:00:00+00:00,2026-02-22T12:00:00+00:00,2026-02-24T11:00:00+00:00,41,7.982191763095088,-0.3538067092449637,251.708811995186,2026-02-22T15:45:48+00:00,47,gfs.20260222/12/atmos/gfs.t12z.pgrb2.0p25.f047,"""2a3e7699dfcf8c6ff35bb5e91b833a9c""",bilinear_uv_temperature,43.64515,78.535604
2,2026-02-22T18:00:00+00:00,2026-02-22T12:00:00+00:00,2026-02-24T11:00:00+00:00,41,7.9245379252641355,-0.38753388679378986,251.88722307799708,2026-02-22T15:45:48+00:00,47,gfs.20260222/12/atmos/gfs.t12z.pgrb2.0p25.f047,"""2a3e7699dfcf8c6ff35bb5e91b833a9c""",bilinear_uv_temperature,43.643198,78.538828
1,2026-02-22T18:00:00+00:00,2026-02-22T12:00:00+00:00,2026-02-24T12:00:00+00:00,42,7.539688464878109,-0.6607880674049511,251.410939707914,2026-02-22T15:45:34+00:00,48,gfs.20260222/12/atmos/gfs.t12z.pgrb2.0p25.f048,"""b984dd4508253222634e79640e1a1a4e""",bilinear_uv_temperature,43.64515,78.535604
2,2026-02-22T18:00:00+00:00,2026-02-22T12:00:00+00:00,2026-02-24T12:00:00+00:00,42,7.489601354389563,-0.6919701483521976,251.56026086820367,2026-02-22T15:45:34+00:00,48,gfs.20260222/12/atmos/gfs.t12z.pgrb2.0p25.f048,"""b984dd4508253222634e79640e1a1a4e""",bilinear_uv_temperature,43.643198,78.538828
1,2026-02-22T18:00:00+00:00,2026-02-22T12:00:00+00:00,2026-02-24T13:00:00+00:00,43,7.307239788912722,-1.1975060703999816,247.89750095412762,2026-02-22T15:46:10+00:00,49,gfs.20260222/12/atmos/gfs.t12z.pgrb2.0p25.f049,"""4ffb228d8f760dafa685e0d965edc786""",bilinear_uv_temperature,43.64515,78.535604
2,2026-02-22T18:00:00+00:00,2026-02-22T12:00:00+00:00,2026-02-24T13:00:00+00:00,43,7.259784733026279,-1.2241913288959836,248.1199043485264,2026-02-22T15:46:10+00:00,49,gfs.20260222/12/atmos/gfs.t12z.pgrb2.0p25.f049,"""4ffb228d8f760dafa685e0d965edc786""",bilinear_uv_temperature,43.643198,78.538828
1,2026-02-22T18:00:00+00:00,2026-02-22T12:00:00+00:00,2026-02-24T14:00:00+00:00,44,6.532361717472228,-1.3009045443149603,245.93789705389676,2026-02-22T15:46:09+00:00,50,gfs.20260222/12/atmos/gfs.t12z.pgrb2.0p25.f050,"""a418704c81c84bafe967c27dd0e35d82""",bilinear_uv_temperature,43.64515,78.535604
2,2026-02-22T18:00:00+00:00,2026-02-22T12:00:00+00:00,2026-02-24T14:00:00+00:00,44,6.494861493506877,-1.3251287286606157,246.08849429038997,2026-02-22T15:46:09+00:00,50,gfs.20260222/12/atmos/gfs.t12z.pgrb2.0p25.f050,"""a418704c81c84bafe967c27dd0e35d82""",bilinear_uv_temperature,43.643198,78.538828
1,2026-02-22T18:00:00+00:00,2026-02-22T12:00:00+00:00,2026-02-24T15:00:00+00:00,45,5.6034354850879735,-1.2293847016499626,247.61369041190446,2026-02-22T15:47:16+00:00,51,gfs.20260222/12/atmos/gfs.t12z.pgrb2.0p25.f051,"""b0986fdb998b7aa9e533583de564eda5""",bilinear_uv_temperature,43.64515,78.535604
2,2026-02-22T18:00:00+00:00,2026-02-22T12:00:00+00:00,2026-02-24T15:00:00+00:00,45,5.567437959001891,-1.2550171601459397,247.80205435160048,2026-02-22T15:47:16+00:00,51,gfs.20260222/12/atmos/gfs.t12z.pgrb2.0p25.f051,"""b0986fdb998b7aa9e533583de564eda5""",bilinear_uv_temperature,43.643198,78.538828
1,2026-02-22T18:00:00+00:00,2026-02-22T12:00:00+00:00,2026-02-24T16:00:00+00:00,46,5.059477467039654,-1.3182175622399654,250.00197476966576,2026-02-22T16:01:10+00:00,52,gfs.20260222/12/atmos/gfs.t12z.pgrb2.0p25.f052,"""64079ca647553a8d02d0475e28d18750""",bilinear_uv_temperature,43.64515,78.535604
2,2026-02-22T18:00:00+00:00,2026-02-22T12:00:00+00:00,2026-02-24T16:00:00+00:00,46,5.0241309127429155,-1.3432719173375745,250.2182302601945,2026-02-22T16:01:10+00:00,52,gfs.20260222/12/atmos/gfs.t12z.pgrb2.0p25.f052,"""64079ca647553a8d02d0475e28d18750""",bilinear_uv_temperature,43.643198,78.538828
1,2026-02-22T18:00:00+00:00,2026-02-22T12:00:00+00:00,2026-02-24T17:00:00+00:00,47,3.78539006415438,-1.3617327639324799,243.67763268811166,2026-02-22T15:47:25+00:00,53,gfs.20260222/12/atmos/gfs.t12z.pgrb2.0p25.f053,"""3ce46676de0bf0add805d3aa7d2dec9a""",bilinear_uv_temperature,43.64515,78.535604
2,2026-02-22T18:00:00+00:00,2026-02-22T12:00:00+00:00,2026-02-24T17:00:00+00:00,47,3.755185567347385,-1.3860903414813492,243.93142352218956,2026-02-22T15:47:25+00:00,53,gfs.20260222/12/atmos/gfs.t12z.pgrb2.0p25.f053,"""3ce46676de0bf0add805d3aa7d2dec9a""",bilinear_uv_temperature,43.643198,78.538828
1,2026-02-22T18:00:00+00:00,2026-02-22T12:00:00+00:00,2026-02-24T18:00:00+00:00,48,2.3355151253854443,-1.5724775638024653,243.93468202631385,2026-02-22T15:47:21+00:00,54,gfs.20260222/12/atmos/gfs.t12z.pgrb2.0p25.f054,"""392f9d0cdf4051b5f4845d96d9ed6a48""",bilinear_uv_temperature,43.64515,78.535604
2,2026-02-22T18:00:00+00:00,2026-02-22T12:00:00+00:00,2026-02-24T18:00:00+00:00,48,2.314844022775157,-1.5915575189001174,244.29660413939683,2026-02-22T15:47:21+00:00,54,gfs.20260222/12/atmos/gfs.t12z.pgrb2.0p25.f054,"""392f9d0cdf4051b5f4845d96d9ed6a48""",bilinear_uv_temperature,43.643198,78.538828
1,2026-02-23T18:00:00+00:00,2026-02-23T12:00:00+00:00,2026-02-23T19:00:00+00:00,1,9.172287871788692,-1.1312864704259482,261.0457872213186,2026-02-23T15:50:38+00:00,7,gfs.20260223/12/atmos/gfs.t12z.pgrb2.0p25.f007,"""558e71fe92d30c545deaecead4a0ab47""",bilinear_uv_temperature,43.64515,78.535604
2,2026-02-23T18:00:00+00:00,2026-02-23T12:00:00+00:00,2026-02-23T19:00:00+00:00,1,9.147225615970862,-1.1744851734122221,261.0615258428623,2026-02-23T15:50:38+00:00,7,gfs.20260223/12/atmos/gfs.t12z.pgrb2.0p25.f007,"""558e71fe92d30c545deaecead4a0ab47""",bilinear_uv_temperature,43.643198,78.538828
1,2026-02-23T18:00:00+00:00,2026-02-23T12:00:00+00:00,2026-02-23T20:00:00+00:00,2,8.669229483286742,-1.0615640418539556,257.1465575519384,2026-02-23T15:36:35+00:00,8,gfs.20260223/12/atmos/gfs.t12z.pgrb2.0p25.f008,"""8cf7285e905558ca54ff62c3e22768e5""",bilinear_uv_temperature,43.64515,78.535604
2,2026-02-23T18:00:00+00:00,2026-02-23T12:00:00+00:00,2026-02-23T20:00:00+00:00,2,8.637134517325894,-1.1099039929349601,257.234042090316,2026-02-23T15:36:35+00:00,8,gfs.20260223/12/atmos/gfs.t12z.pgrb2.0p25.f008,"""8cf7285e905558ca54ff62c3e22768e5""",bilinear_uv_temperature,43.643198,78.538828
1,2026-02-23T18:00:00+00:00,2026-02-23T12:00:00+00:00,2026-02-23T21:00:00+00:00,3,8.681328101393174,-1.242057191623985,248.7165356880798,2026-02-23T15:36:45+00:00,9,gfs.20260223/12/atmos/gfs.t12z.pgrb2.0p25.f009,"""42c48a87534e084fc584263b390570ff""",bilinear_uv_temperature,43.64515,78.535604
2,2026-02-23T18:00:00+00:00,2026-02-23T12:00:00+00:00,2026-02-23T21:00:00+00:00,3,8.637461834770875,-1.2888482056297335,248.7832630543732,2026-02-23T15:36:45+00:00,9,gfs.20260223/12/atmos/gfs.t12z.pgrb2.0p25.f009,"""42c48a87534e084fc584263b390570ff""",bilinear_uv_temperature,43.643198,78.538828
1,2026-02-23T18:00:00+00:00,2026-02-23T12:00:00+00:00,2026-02-23T22:00:00+00:00,4,8.328081836376144,-1.3773895762679444,242.96127849109237,2026-02-23T15:36:47+00:00,10,gfs.20260223/12/atmos/gfs.t12z.pgrb2.0p25.f010,"""68b913c77192de629aea3441bb1322e8""",bilinear_uv_temperature,43.64515,78.535604
2,2026-02-23T18:00:00+00:00,2026-02-23T12:00:00+00:00,2026-02-23T22:00:00+00:00,4,8.282454579826767,-1.4218340940843177,243.01457480385224,2026-02-23T15:36:47+00:00,10,gfs.20260223/12/atmos/gfs.t12z.pgrb2.0p25.f010,"""68b913c77192de629aea3441bb1322e8""",bilinear_uv_temperature,43.643198,78.538828
1,2026-02-23T18:00:00+00:00,2026-02-23T12:00:00+00:00,2026-02-23T23:00:00+00:00,5,8.070914076133295,-1.3637651620099973,244.19074144619412,2026-02-23T15:37:11+00:00,11,gfs.20260223/12/atmos/gfs.t12z.pgrb2.0p25.f011,"""99f6d25f78e855cd795b8f786f136f6b""",bilinear_uv_temperature,43.64515,78.535604
2,2026-02-23T18:00:00+00:00,2026-02-23T12:00:00+00:00,2026-02-23T23:00:00+00:00,5,8.025241493911256,-1.4043173000324032,244.2696987409572,2026-02-23T15:37:11+00:00,11,gfs.20260223/12/atmos/gfs.t12z.pgrb2.0p25.f011,"""99f6d25f78e855cd795b8f786f136f6b""",bilinear_uv_temperature,43.643198,78.538828
1,2026-02-23T18:00:00+00:00,2026-02-23T12:00:00+00:00,2026-02-24T00:00:00+00:00,6,8.035728104303153,-1.7474194362239928,240.15448421571264,2026-02-23T15:37:42+00:00,12,gfs.20260223/12/atmos/gfs.t12z.pgrb2.0p25.f012,"""4ecbbc0154452a7b9e73bcf33cb1fdfd""",bilinear_uv_temperature,43.64515,78.535604
2,2026-02-23T18:00:00+00:00,2026-02-23T12:00:00+00:00,2026-02-24T00:00:00+00:00,6,7.980324890551812,-1.7875031117337699,240.22700926475295,2026-02-23T15:37:42+00:00,12,gfs.20260223/12/atmos/gfs.t12z.pgrb2.0p25.f012,"""4ecbbc0154452a7b9e73bcf33cb1fdfd""",bilinear_uv_temperature,43.643198,78.538828
1,2026-02-23T18:00:00+00:00,2026-02-23T12:00:00+00:00,2026-02-24T01:00:00+00:00,7,7.602354011366192,-1.9209600630859995,238.5184732726953,2026-02-23T15:38:11+00:00,13,gfs.20260223/12/atmos/gfs.t12z.pgrb2.0p25.f013,"""585850589d95bcfb8850d6a4704b1a9f""",bilinear_uv_temperature,43.64515,78.535604
2,2026-02-23T18:00:00+00:00,2026-02-23T12:00:00+00:00,2026-02-24T01:00:00+00:00,7,7.547163751230543,-1.95053933635063,238.64651435398306,2026-02-23T15:38:11+00:00,13,gfs.20260223/12/atmos/gfs.t12z.pgrb2.0p25.f013,"""585850589d95bcfb8850d6a4704b1a9f""",bilinear_uv_temperature,43.643198,78.538828
1,2026-02-23T18:00:00+00:00,2026-02-23T12:00:00+00:00,2026-02-24T02:00:00+00:00,8,7.746268113113392,-1.9680472461719773,241.5492031341941,2026-02-23T15:38:12+00:00,14,gfs.20260223/12/atmos/gfs.t12z.pgrb2.0p25.f014,"""08ab670adb0f014265254327c6ea27a9""",bilinear_uv_temperature,43.64515,78.535604
2,2026-02-23T18:00:00+00:00,2026-02-23T12:00:00+00:00,2026-02-24T02:00:00+00:00,8,7.683113725023931,-1.9915216327012786,241.77169118591473,2026-02-23T15:38:12+00:00,14,gfs.20260223/12/atmos/gfs.t12z.pgrb2.0p25.f014,"""08ab670adb0f014265254327c6ea27a9""",bilinear_uv_temperature,43.643198,78.538828
1,2026-02-23T18:00:00+00:00,2026-02-23T12:00:00+00:00,2026-02-24T03:00:00+00:00,9,7.566080764234789,-1.744807849843994,243.84337164914828,2026-02-23T15:53:12+00:00,15,gfs.20260223/12/atmos/gfs.t12z.pgrb2.0p25.f015,"""1659a41224997805be07e00f02178487""",bilinear_uv_temperature,43.64515,78.535604
2,2026-02-23T18:00:00+00:00,2026-02-23T12:00:00+00:00,2026-02-24T03:00:00+00:00,9,7.501936753311181,-1.7620267029025172,244.07871555602378,2026-02-23T15:53:12+00:00,15,gfs.20260223/12/atmos/gfs.t12z.pgrb2.0p25.f015,"""1659a41224997805be07e00f02178487""",bilinear_uv_temperature,43.643198,78.538828
1,2026-02-23T18:00:00+00:00,2026-02-23T12:00:00+00:00,2026-02-24T04:00:00+00:00,10,7.023498384919053,-1.3284608856774298,247.0423969867059,2026-02-23T15:39:15+00:00,16,gfs.20260223/12/atmos/gfs.t12z.pgrb2.0p25.f016,"""83879bbe8dbc23e4fc5450000a38f8de""",bilinear_uv_temperature,43.64515,78.535604
2,2026-02-23T18:00:00+00:00,2026-02-23T12:00:00+00:00,2026-02-24T04:00:00+00:00,10,6.962679982138366,-1.3439088407750432,247.27277100824938,2026-02-23T15:39:15+00:00,16,gfs.20260223/12/atmos/gfs.t12z.pgrb2.0p25.f016,"""83879bbe8dbc23e4fc5450000a38f8de""",bilinear_uv_temperature,43.643198,78.538828
1,2026-02-23T18:00:00+00:00,2026-02-23T12:00:00+00:00,2026-02-24T05:00:00+00:00,11,6.094905187631141,-0.729162847352427,253.14295480215148,2026-02-23T15:38:58+00:00,17,gfs.20260223/12/atmos/gfs.t12z.pgrb2.0p25.f017,"""12c0c33f3226729fdc1ce7390835edcd""",bilinear_uv_temperature,43.64515,78.535604
2,2026-02-23T18:00:00+00:00,2026-02-23T12:00:00+00:00,2026-02-24T05:00:00+00:00,11,6.039289981065912,-0.7451689732021123,253.4494024858466,2026-02-23T15:38:58+00:00,17,gfs.20260223/12/atmos/gfs.t12z.pgrb2.0p25.f017,"""12c0c33f3226729fdc1ce7390835edcd""",bilinear_uv_temperature,43.643198,78.538828
1,2026-02-23T18:00:00+00:00,2026-02-23T12:00:00+00:00,2026-02-24T06:00:00+00:00,12,5.570151870678523,-0.3462633509549846,256.50786897264624,2026-02-23T15:39:14+00:00,18,gfs.20260223/12/atmos/gfs.t12z.pgrb2.0p25.f018,"""76b0fc4d68d1fc81b9d5298a5da0062a""",bilinear_uv_temperature,43.64515,78.535604
2,2026-02-23T18:00:00+00:00,2026-02-23T12:00:00+00:00,2026-02-24T06:00:00+00:00,12,5.515027667368217,-0.3673444026541688,256.84989165822617,2026-02-23T15:39:14+00:00,18,gfs.20260223/12/atmos/gfs.t12z.pgrb2.0p25.f018,"""76b0fc4d68d1fc81b9d5298a5da0062a""",bilinear_uv_temperature,43.643198,78.538828
1,2026-02-23T18:00:00+00:00,2026-02-23T12:00:00+00:00,2026-02-24T07:00:00+00:00,13,5.315041483243804,-0.03894518953995885,258.9230982713385,2026-02-23T15:53:49+00:00,19,gfs.20260223/12/atmos/gfs.t12z.pgrb2.0p25.f019,"""438fa026a448470f399b501f56533029""",bilinear_uv_temperature,43.64515,78.535604
2,2026-02-23T18:00:00+00:00,2026-02-23T12:00:00+00:00,2026-02-24T07:00:00+00:00,13,5.263092668090196,-0.06561051538955098,259.3016824492224,2026-02-23T15:53:49+00:00,19,gfs.20260223/12/atmos/gfs.t12z.pgrb2.0p25.f019,"""438fa026a448470f399b501f56533029""",bilinear_uv_temperature,43.643198,78.538828
1,2026-02-23T18:00:00+00:00,2026-02-23T12:00:00+00:00,2026-02-24T08:00:00+00:00,14,5.198496881116473,0.20041140876753616,257.04619715492504,2026-02-23T15:39:26+00:00,20,gfs.20260223/12/atmos/gfs.t12z.pgrb2.0p25.f020,"""0cca52270412b9b5f0e264f8ecb7008d""",bilinear_uv_temperature,43.64515,78.535604
2,2026-02-23T18:00:00+00:00,2026-02-23T12:00:00+00:00,2026-02-24T08:00:00+00:00,14,5.152903868525239,0.16561726046671765,257.3758463514674,2026-02-23T15:39:26+00:00,20,gfs.20260223/12/atmos/gfs.t12z.pgrb2.0p25.f020,"""0cca52270412b9b5f0e264f8ecb7008d""",bilinear_uv_temperature,43.643198,78.538828
1,2026-02-23T18:00:00+00:00,2026-02-23T12:00:00+00:00,2026-02-24T09:00:00+00:00,15,5.315012055644196,0.4517681270400544,256.4227466685892,2026-02-23T15:40:02+00:00,21,gfs.20260223/12/atmos/gfs.t12z.pgrb2.0p25.f021,"""69faf42b9bfd310a30d34e0ac5265446""",bilinear_uv_temperature,43.64515,78.535604
2,2026-02-23T18:00:00+00:00,2026-02-23T12:00:00+00:00,2026-02-24T09:00:00+00:00,15,5.272861112975122,0.4157678528895872,256.6744764711983,2026-02-23T15:40:02+00:00,21,gfs.20260223/12/atmos/gfs.t12z.pgrb2.0p25.f021,"""69faf42b9bfd310a30d34e0ac5265446""",bilinear_uv_temperature,43.643198,78.538828
1,2026-02-23T18:00:00+00:00,2026-02-23T12:00:00+00:00,2026-02-24T10:00:00+00:00,16,5.808573902026817,0.3947966073350244,256.21536520876435,2026-02-23T15:40:19+00:00,22,gfs.20260223/12/atmos/gfs.t12z.pgrb2.0p25.f022,"""e72208bc09be2c62c2b944e891192c61""",bilinear_uv_temperature,43.64515,78.535604
2,2026-02-23T18:00:00+00:00,2026-02-23T12:00:00+00:00,2026-02-24T10:00:00+00:00,16,5.760872895720809,0.3564192814853868,256.4459335084291,2026-02-23T15:40:19+00:00,22,gfs.20260223/12/atmos/gfs.t12z.pgrb2.0p25.f022,"""e72208bc09be2c62c2b944e891192c61""",bilinear_uv_temperature,43.643198,78.538828
1,2026-02-23T18:00:00+00:00,2026-02-23T12:00:00+00:00,2026-02-24T11:00:00+00:00,17,6.08371438311163,0.11683743511258626,255.55159087741032,2026-02-23T15:40:55+00:00,23,gfs.20260223/12/atmos/gfs.t12z.pgrb2.0p25.f023,"""c1b6b0298da0b538a41603cdbb0d4868""",bilinear_uv_temperature,43.64515,78.535604
2,2026-02-23T18:00:00+00:00,2026-02-23T12:00:00+00:00,2026-02-24T11:00:00+00:00,17,6.034712175391636,0.0799524058645602,255.79192767162732,2026-02-23T15:40:55+00:00,23,gfs.20260223/12/atmos/gfs.t12z.pgrb2.0p25.f023,"""c1b6b0298da0b538a41603cdbb0d4868""",bilinear_uv_temperature,43.643198,78.538828
1,2026-02-23T18:00:00+00:00,2026-02-23T12:00:00+00:00,2026-02-24T12:00:00+00:00,18,5.726112692609268,-0.5622786174049565,251.1438065788122,2026-02-23T15:41:11+00:00,24,gfs.20260223/12/atmos/gfs.t12z.pgrb2.0p25.f024,"""e41a4ed7b7a3de696b301cae65fb0e90""",bilinear_uv_temperature,43.64515,78.535604
2,2026-02-23T18:00:00+00:00,2026-02-23T12:00:00+00:00,2026-02-24T12:00:00+00:00,18,5.680197417079733,-0.5924430983521916,251.32921260129825,2026-02-23T15:41:11+00:00,24,gfs.20260223/12/atmos/gfs.t12z.pgrb2.0p25.f024,"""e41a4ed7b7a3de696b301cae65fb0e90""",bilinear_uv_temperature,43.643198,78.538828
1,2026-02-23T18:00:00+00:00,2026-02-23T12:00:00+00:00,2026-02-24T13:00:00+00:00,19,5.26074572555168,-1.1018428361549581,248.49673499478865,2026-02-23T15:41:26+00:00,25,gfs.20260223/12/atmos/gfs.t12z.pgrb2.0p25.f025,"""9555f8667a4adb4c67225957f5fedc68""",bilinear_uv_temperature,43.64515,78.535604
2,2026-02-23T18:00:00+00:00,2026-02-23T12:00:00+00:00,2026-02-24T13:00:00+00:00,19,5.2246036823129405,-1.1288841171021886,248.66836725224778,2026-02-23T15:41:26+00:00,25,gfs.20260223/12/atmos/gfs.t12z.pgrb2.0p25.f025,"""9555f8667a4adb4c67225957f5fedc68""",bilinear_uv_temperature,43.643198,78.538828
1,2026-02-23T18:00:00+00:00,2026-02-23T12:00:00+00:00,2026-02-24T14:00:00+00:00,20,4.991762545019555,-1.2888646330299594,249.71601581672087,2026-02-23T15:41:12+00:00,26,gfs.20260223/12/atmos/gfs.t12z.pgrb2.0p25.f026,"""d0d31490e8bd8873aa0bb9d836b29955""",bilinear_uv_temperature,43.64515,78.535604
2,2026-02-23T18:00:00+00:00,2026-02-23T12:00:00+00:00,2026-02-24T14:00:00+00:00,20,4.958028247400121,-1.3135635139772148,249.9633161410544,2026-02-23T15:41:12+00:00,26,gfs.20260223/12/atmos/gfs.t12z.pgrb2.0p25.f026,"""d0d31490e8bd8873aa0bb9d836b29955""",bilinear_uv_temperature,43.643198,78.538828
1,2026-02-23T18:00:00+00:00,2026-02-23T12:00:00+00:00,2026-02-24T15:00:00+00:00,21,4.417952056727902,-1.2488127174049168,247.36938134877332,2026-02-23T15:42:22+00:00,27,gfs.20260223/12/atmos/gfs.t12z.pgrb2.0p25.f027,"""955452c1ffb2beda69197a2da0cd971f""",bilinear_uv_temperature,43.64515,78.535604
2,2026-02-23T18:00:00+00:00,2026-02-23T12:00:00+00:00,2026-02-24T15:00:00+00:00,21,4.38846627371927,-1.2740203983521496,247.63616791185888,2026-02-23T15:42:22+00:00,27,gfs.20260223/12/atmos/gfs.t12z.pgrb2.0p25.f027,"""955452c1ffb2beda69197a2da0cd971f""",bilinear_uv_temperature,43.643198,78.538828
1,2026-02-23T18:00:00+00:00,2026-02-23T12:00:00+00:00,2026-02-24T16:00:00+00:00,22,3.4095556935286737,-1.2050827966149313,242.81434641978956,2026-02-23T15:42:16+00:00,28,gfs.20260223/12/atmos/gfs.t12z.pgrb2.0p25.f028,"""b99b763ec23501357639254a6196330c""",bilinear_uv_temperature,43.64515,78.535604
2,2026-02-23T18:00:00+00:00,2026-02-23T12:00:00+00:00,2026-02-24T16:00:00+00:00,22,3.387710340360813,-1.2301371517125972,243.12079599264092,2026-02-23T15:42:16+00:00,28,gfs.20260223/12/atmos/gfs.t12z.pgrb2.0p25.f028,"""b99b763ec23501357639254a6196330c""",bilinear_uv_temperature,43.643198,78.538828
1,2026-02-23T18:00:00+00:00,2026-02-23T12:00:00+00:00,2026-02-24T17:00:00+00:00,23,2.8612673599143266,-1.3398931433599728,246.5390616281657,2026-02-23T15:42:32+00:00,29,gfs.20260223/12/atmos/gfs.t12z.pgrb2.0p25.f029,"""836434aec6155e40f40c52eddf9113e2""",bilinear_uv_temperature,43.64515,78.535604
2,2026-02-23T18:00:00+00:00,2026-02-23T12:00:00+00:00,2026-02-24T17:00:00+00:00,23,2.8409253053173837,-1.3612314760063668,246.90810971848407,2026-02-23T15:42:32+00:00,29,gfs.20260223/12/atmos/gfs.t12z.pgrb2.0p25.f029,"""836434aec6155e40f40c52eddf9113e2""",bilinear_uv_temperature,43.643198,78.538828
1,2026-02-23T18:00:00+00:00,2026-02-23T12:00:00+00:00,2026-02-24T18:00:00+00:00,24,1.640635434269112,-1.535798616319994,240.41202782656984,2026-02-23T15:57:12+00:00,30,gfs.20260223/12/atmos/gfs.t12z.pgrb2.0p25.f030,"""f5c0118cf5c614525064fea4dfc6bbc1""",bilinear_uv_temperature,43.64515,78.535604
2,2026-02-23T18:00:00+00:00,2026-02-23T12:00:00+00:00,2026-02-24T18:00:00+00:00,24,1.6231920766402888,-1.5536236231167777,240.85799986557925,2026-02-23T15:57:12+00:00,30,gfs.20260223/12/atmos/gfs.t12z.pgrb2.0p25.f030,"""f5c0118cf5c614525064fea4dfc6bbc1""",bilinear_uv_temperature,43.643198,78.538828
1,2026-02-23T18:00:00+00:00,2026-02-23T12:00:00+00:00,2026-02-24T19:00:00+00:00,25,0.25639145930479673,-1.8087119371099334,209.42653236597127,2026-02-23T15:42:29+00:00,31,gfs.20260223/12/atmos/gfs.t12z.pgrb2.0p25.f031,"""6ee597288ca14cdd1e84e1b96b5eaea0""",bilinear_uv_temperature,43.64515,78.535604
2,2026-02-23T18:00:00+00:00,2026-02-23T12:00:00+00:00,2026-02-24T19:00:00+00:00,25,0.24196422873553522,-1.8214966697564137,210.5270657349644,2026-02-23T15:42:29+00:00,31,gfs.20260223/12/atmos/gfs.t12z.pgrb2.0p25.f031,"""6ee597288ca14cdd1e84e1b96b5eaea0""",bilinear_uv_temperature,43.643198,78.538828
1,2026-02-23T18:00:00+00:00,2026-02-23T12:00:00+00:00,2026-02-24T20:00:00+00:00,26,0.8287813694549822,-1.8801360112849466,71.9870920020608,2026-02-23T15:43:39+00:00,32,gfs.20260223/12/atmos/gfs.t12z.pgrb2.0p25.f032,"""3588bff346e03f9620bccc2f0bcae9c0""",bilinear_uv_temperature,43.64515,78.535604
2,2026-02-23T18:00:00+00:00,2026-02-23T12:00:00+00:00,2026-02-24T20:00:00+00:00,26,0.8320586296943828,-1.8940229146833758,71.69336984914247,2026-02-23T15:43:39+00:00,32,gfs.20260223/12/atmos/gfs.t12z.pgrb2.0p25.f032,"""3588bff346e03f9620bccc2f0bcae9c0""",bilinear_uv_temperature,43.643198,78.538828
1,2026-02-23T18:00:00+00:00,2026-02-23T12:00:00+00:00,2026-02-24T21:00:00+00:00,27,1.2894843137973135,-1.5818329665799524,70.55162323003006,2026-02-23T15:43:46+00:00,33,gfs.20260223/12/atmos/gfs.t12z.pgrb2.0p25.f033,"""7072b12c4e63c6597feaace4b70b55ca""",bilinear_uv_temperature,43.64515,78.535604
2,2026-02-23T18:00:00+00:00,2026-02-23T12:00:00+00:00,2026-02-24T21:00:00+00:00,27,1.2936739893906994,-1.5961940182791636,70.91927595094201,2026-02-23T15:43:46+00:00,33,gfs.20260223/12/atmos/gfs.t12z.pgrb2.0p25.f033,"""7072b12c4e63c6597feaace4b70b55ca""",bilinear_uv_temperature,43.643198,78.538828
1,2026-02-23T18:00:00+00:00,2026-02-23T12:00:00+00:00,2026-02-24T22:00:00+00:00,28,1.423956939600432,-1.6036626492624464,58.289618397892575,2026-02-23T15:43:52+00:00,34,gfs.20260223/12/atmos/gfs.t12z.pgrb2.0p25.f034,"""f032170cf224809006b751231465d537""",bilinear_uv_temperature,43.64515,78.535604
2,2026-02-23T18:00:00+00:00,2026-02-23T12:00:00+00:00,2026-02-24T22:00:00+00:00,28,1.4285209342370175,-1.6182116785104768,58.4530652464675,2026-02-23T15:43:52+00:00,34,gfs.20260223/12/atmos/gfs.t12z.pgrb2.0p25.f034,"""f032170cf224809006b751231465d537""",bilinear_uv_temperature,43.643198,78.538828
1,2026-02-23T18:00:00+00:00,2026-02-23T12:00:00+00:00,2026-02-24T23:00:00+00:00,29,2.5382800942614665,-1.4325387811199448,73.03002289886037,2026-02-23T15:58:20+00:00,35,gfs.20260223/12/atmos/gfs.t12z.pgrb2.0p25.f035,"""8d575593a14cefe0d2efa3c72ae3226a""",bilinear_uv_temperature,43.64515,78.535604
2,2026-02-23T18:00:00+00:00,2026-02-23T12:00:00+00:00,2026-02-24T23:00:00+00:00,29,2.5415032796608883,-1.4524835586688027,73.24790711669776,2026-02-23T15:58:20+00:00,35,gfs.20260223/12/atmos/gfs.t12z.pgrb2.0p25.f035,"""8d575593a14cefe0d2efa3c72ae3226a""",bilinear_uv_temperature,43.643198,78.538828
1,2026-02-23T18:00:00+00:00,2026-02-23T12:00:00+00:00,2026-02-25T00:00:00+00:00,30,3.3638949223776007,-1.563780034374986,66.1757540547056,2026-02-23T15:44:29+00:00,36,gfs.20260223/12/atmos/gfs.t12z.pgrb2.0p25.f036,"""34bfea079a5074f00d49f0cadcb20cbf""",bilinear_uv_temperature,43.64515,78.535604
2,2026-02-23T18:00:00+00:00,2026-02-23T12:00:00+00:00,2026-02-25T00:00:00+00:00,30,3.359590716257045,-1.5879496343749793,66.42953996163052,2026-02-23T15:44:29+00:00,36,gfs.20260223/12/atmos/gfs.t12z.pgrb2.0p25.f036,"""34bfea079a5074f00d49f0cadcb20cbf""",bilinear_uv_temperature,43.643198,78.538828
1,2026-02-23T18:00:00+00:00,2026-02-23T12:00:00+00:00,2026-02-25T01:00:00+00:00,31,4.142316070464295,-1.6720050381074998,70.92831795347136,2026-02-23T15:44:43+00:00,37,gfs.20260223/12/atmos/gfs.t12z.pgrb2.0p25.f037,"""e5b78b57f2c8f4df901627d210c1004e""",bilinear_uv_temperature,43.64515,78.535604
2,2026-02-23T18:00:00+00:00,2026-02-23T12:00:00+00:00,2026-02-25T01:00:00+00:00,31,4.125432101331683,-1.6969207864082705,71.13873351063773,2026-02-23T15:44:43+00:00,37,gfs.20260223/12/atmos/gfs.t12z.pgrb2.0p25.f037,"""e5b78b57f2c8f4df901627d210c1004e""",bilinear_uv_temperature,43.643198,78.538828
1,2026-02-23T18:00:00+00:00,2026-02-23T12:00:00+00:00,2026-02-25T02:00:00+00:00,32,4.326994792510614,-1.598134638454951,70.24675826033749,2026-02-23T15:59:23+00:00,38,gfs.20260223/12/atmos/gfs.t12z.pgrb2.0p25.f038,"""e1b81eec5d46239e42474fc5b0b14074""",bilinear_uv_temperature,43.64515,78.535604
2,2026-02-23T18:00:00+00:00,2026-02-23T12:00:00+00:00,2026-02-25T02:00:00+00:00,32,4.294577803947753,-1.6244092901541762,70.55896193089373,2026-02-23T15:59:23+00:00,38,gfs.20260223/12/atmos/gfs.t12z.pgrb2.0p25.f038,"""e1b81eec5d46239e42474fc5b0b14074""",bilinear_uv_temperature,43.643198,78.538828
1,2026-02-23T18:00:00+00:00,2026-02-23T12:00:00+00:00,2026-02-25T03:00:00+00:00,33,4.960504697721363,-0.8365989953999815,70.34088489780343,2026-02-23T15:44:53+00:00,39,gfs.20260223/12/atmos/gfs.t12z.pgrb2.0p25.f039,"""12993838c11b1f38a0550571124dfe35""",bilinear_uv_temperature,43.64515,78.535604
2,2026-02-23T18:00:00+00:00,2026-02-23T12:00:00+00:00,2026-02-25T03:00:00+00:00,33,4.908918300131737,-0.8601258538959655,70.59381343297805,2026-02-23T15:44:53+00:00,39,gfs.20260223/12/atmos/gfs.t12z.pgrb2.0p25.f039,"""12993838c11b1f38a0550571124dfe35""",bilinear_uv_temperature,43.643198,78.538828
1,2026-02-23T18:00:00+00:00,2026-02-23T12:00:00+00:00,2026-02-25T04:00:00+00:00,34,5.279333166138252,-0.15187801510495547,66.91949914884671,2026-02-23T15:44:58+00:00,40,gfs.20260223/12/atmos/gfs.t12z.pgrb2.0p25.f040,"""d4a4b2dd82dc48ce5c1c6737efed75a6""",bilinear_uv_temperature,43.64515,78.535604
2,2026-02-23T18:00:00+00:00,2026-02-23T12:00:00+00:00,2026-02-25T04:00:00+00:00,34,5.2211511930318775,-0.1762203253001644,67.09369934644775,2026-02-23T15:44:58+00:00,40,gfs.20260223/12/atmos/gfs.t12z.pgrb2.0p25.f040,"""d4a4b2dd82dc48ce5c1c6737efed75a6""",bilinear_uv_temperature,43.643198,78.538828
1,2026-02-23T18:00:00+00:00,2026-02-23T12:00:00+00:00,2026-02-25T05:00:00+00:00,35,5.602266535053609,0.3906992858500189,69.13962407982245,2026-02-23T15:59:28+00:00,41,gfs.20260223/12/atmos/gfs.t12z.pgrb2.0p25.f041,"""ff9976925dcac703939c55723690c281""",bilinear_uv_temperature,43.64515,78.535604
2,2026-02-23T18:00:00+00:00,2026-02-23T12:00:00+00:00,2026-02-25T05:00:00+00:00,35,5.541671074734236,0.36639162735406217,69.29823661708555,2026-02-23T15:59:28+00:00,41,gfs.20260223/12/atmos/gfs.t12z.pgrb2.0p25.f041,"""ff9976925dcac703939c55723690c281""",bilinear_uv_temperature,43.643198,78.538828
1,2026-02-23T18:00:00+00:00,2026-02-23T12:00:00+00:00,2026-02-25T06:00:00+00:00,36,5.595282612198442,0.9058605839400116,62.82146013089545,2026-02-23T15:45:42+00:00,42,gfs.20260223/12/atmos/gfs.t12z.pgrb2.0p25.f042,"""241bb465a1aa3403f58add6712f0c5e6""",bilinear_uv_temperature,43.64515,78.535604
2,2026-02-23T18:00:00+00:00,2026-02-23T12:00:00+00:00,2026-02-25T06:00:00+00:00,36,5.5367833826370925,0.878632422045655,62.938428757265484,2026-02-23T15:45:42+00:00,42,gfs.20260223/12/atmos/gfs.t12z.pgrb2.0p25.f042,"""241bb465a1aa3403f58add6712f0c5e6""",bilinear_uv_temperature,43.643198,78.538828
1,2026-02-23T18:00:00+00:00,2026-02-23T12:00:00+00:00,2026-02-25T07:00:00+00:00,37,4.6466319294457605,1.4618540863275484,72.68005612072116,2026-02-23T15:45:28+00:00,43,gfs.20260223/12/atmos/gfs.t12z.pgrb2.0p25.f043,"""dd8a679867d6863b1a8dac87b80deffc""",bilinear_uv_temperature,43.64515,78.535604
2,2026-02-23T18:00:00+00:00,2026-02-23T12:00:00+00:00,2026-02-25T07:00:00+00:00,37,4.596730656546826,1.430909353681102,72.91111836823012,2026-02-23T15:45:28+00:00,43,gfs.20260223/12/atmos/gfs.t12z.pgrb2.0p25.f043,"""dd8a679867d6863b1a8dac87b80deffc""",bilinear_uv_temperature,43.643198,78.538828
1,2026-02-23T18:00:00+00:00,2026-02-23T12:00:00+00:00,2026-02-25T08:00:00+00:00,38,4.25403107411041,2.4587844564225634,69.53093920459817,2026-02-23T15:45:54+00:00,44,gfs.20260223/12/atmos/gfs.t12z.pgrb2.0p25.f044,"""ae25a3756e3d169a196ef40be235b16c""",bilinear_uv_temperature,43.64515,78.535604
2,2026-02-23T18:00:00+00:00,2026-02-23T12:00:00+00:00,2026-02-25T08:00:00+00:00,38,4.203806515590811,2.418520042828959,69.73472769914598,2026-02-23T15:45:54+00:00,44,gfs.20260223/12/atmos/gfs.t12z.pgrb2.0p25.f044,"""ae25a3756e3d169a196ef40be235b16c""",bilinear_uv_temperature,43.643198,78.538828
1,2026-02-23T18:00:00+00:00,2026-02-23T12:00:00+00:00,2026-02-25T09:00:00+00:00,39,5.015410230942606,2.8046321892350647,66.72563869879257,2026-02-23T15:46:42+00:00,45,gfs.20260223/12/atmos/gfs.t12z.pgrb2.0p25.f045,"""39f0c9231873610a4fb0c76376b22fe2""",bilinear_uv_temperature,43.64515,78.535604
2,2026-02-23T18:00:00+00:00,2026-02-23T12:00:00+00:00,2026-02-25T09:00:00+00:00,39,4.968417915947662,2.7679997756414423,66.82356338892939,2026-02-23T15:46:42+00:00,45,gfs.20260223/12/atmos/gfs.t12z.pgrb2.0p25.f045,"""39f0c9231873610a4fb0c76376b22fe2""",bilinear_uv_temperature,43.643198,78.538828
1,2026-02-23T18:00:00+00:00,2026-02-23T12:00:00+00:00,2026-02-25T10:00:00+00:00,40,4.5688238518389275,3.2614644253025062,73.0612919751118,2026-02-23T15:46:45+00:00,46,gfs.20260223/12/atmos/gfs.t12z.pgrb2.0p25.f046,"""a598fcd03f8d15b855d8700cb33ac984""",bilinear_uv_temperature,43.64515,78.535604
2,2026-02-23T18:00:00+00:00,2026-02-23T12:00:00+00:00,2026-02-25T10:00:00+00:00,40,4.521738510602149,3.220775234160101,73.45120691539074,2026-02-23T15:46:45+00:00,46,gfs.20260223/12/atmos/gfs.t12z.pgrb2.0p25.f046,"""a598fcd03f8d15b855d8700cb33ac984""",bilinear_uv_temperature,43.643198,78.538828
1,2026-02-23T18:00:00+00:00,2026-02-23T12:00:00+00:00,2026-02-25T11:00:00+00:00,41,5.092186251835894,3.138297367749999,69.57615722124277,2026-02-23T15:46:58+00:00,47,gfs.20260223/12/atmos/gfs.t12z.pgrb2.0p25.f047,"""6fa8c5ee91478d355487ab735265461e""",bilinear_uv_temperature,43.64515,78.535604
2,2026-02-23T18:00:00+00:00,2026-02-23T12:00:00+00:00,2026-02-25T11:00:00+00:00,41,5.032966768386774,3.1001186215100347,69.85143549555619,2026-02-23T15:46:58+00:00,47,gfs.20260223/12/atmos/gfs.t12z.pgrb2.0p25.f047,"""6fa8c5ee91478d355487ab735265461e""",bilinear_uv_temperature,43.643198,78.538828
1,2026-02-23T18:00:00+00:00,2026-02-23T12:00:00+00:00,2026-02-25T12:00:00+00:00,42,5.219595387456122,2.8481606490000217,65.0398137089915,2026-02-23T16:01:53+00:00,48,gfs.20260223/12/atmos/gfs.t12z.pgrb2.0p25.f048,"""b4754a0923e8df8a5c613f3cc5a2488d""",bilinear_uv_temperature,43.64515,78.535604
2,2026-02-23T18:00:00+00:00,2026-02-23T12:00:00+00:00,2026-02-25T12:00:00+00:00,42,5.151857548115384,2.8099819027600006,65.43748199457363,2026-02-23T16:01:53+00:00,48,gfs.20260223/12/atmos/gfs.t12z.pgrb2.0p25.f048,"""b4754a0923e8df8a5c613f3cc5a2488d""",bilinear_uv_temperature,43.643198,78.538828
1,2026-02-23T18:00:00+00:00,2026-02-23T12:00:00+00:00,2026-02-25T13:00:00+00:00,43,5.125351203426191,2.2689767696600143,66.80601747374415,2026-02-23T16:01:59+00:00,49,gfs.20260223/12/atmos/gfs.t12z.pgrb2.0p25.f049,"""43f9d8e4d7a9cc3989cf5916d3443c2a""",bilinear_uv_temperature,43.64515,78.535604
2,2026-02-23T18:00:00+00:00,2026-02-23T12:00:00+00:00,2026-02-25T13:00:00+00:00,43,5.058853305626948,2.2308321268184272,67.07787849215264,2026-02-23T16:01:59+00:00,49,gfs.20260223/12/atmos/gfs.t12z.pgrb2.0p25.f049,"""43f9d8e4d7a9cc3989cf5916d3443c2a""",bilinear_uv_temperature,43.643198,78.538828
1,2026-02-23T18:00:00+00:00,2026-02-23T12:00:00+00:00,2026-02-25T14:00:00+00:00,44,4.004620108553141,2.1302318809450753,71.43636682291522,2026-02-23T15:47:48+00:00,50,gfs.20260223/12/atmos/gfs.t12z.pgrb2.0p25.f050,"""7dbbed776ec4a9f783d017c04941206b""",bilinear_uv_temperature,43.64515,78.535604
2,2026-02-23T18:00:00+00:00,2026-02-23T12:00:00+00:00,2026-02-25T14:00:00+00:00,44,3.947783565979325,2.0885245415017835,71.83494209702742,2026-02-23T15:47:48+00:00,50,gfs.20260223/12/atmos/gfs.t12z.pgrb2.0p25.f050,"""7dbbed776ec4a9f783d017c04941206b""",bilinear_uv_temperature,43.643198,78.538828
1,2026-02-23T18:00:00+00:00,2026-02-23T12:00:00+00:00,2026-02-25T15:00:00+00:00,45,4.504060810227994,1.95357777083251,91.61724246162606,2026-02-23T15:48:08+00:00,51,gfs.20260223/12/atmos/gfs.t12z.pgrb2.0p25.f051,"""f3d06231272466e77be409e31f1dad7d""",bilinear_uv_temperature,43.64515,78.535604
2,2026-02-23T18:00:00+00:00,2026-02-23T12:00:00+00:00,2026-02-25T15:00:00+00:00,45,4.458492070083831,1.9113122606373167,92.05283367570266,2026-02-23T15:48:08+00:00,51,gfs.20260223/12/atmos/gfs.t12z.pgrb2.0p25.f051,"""f3d06231272466e77be409e31f1dad7d""",bilinear_uv_temperature,43.643198,78.538828
1,2026-02-23T18:00:00+00:00,2026-02-23T12:00:00+00:00,2026-02-25T16:00:00+00:00,46,5.10591051272542,1.9562139934450329,89.47816956687433,2026-02-23T15:47:51+00:00,52,gfs.20260223/12/atmos/gfs.t12z.pgrb2.0p25.f052,"""dde58442421657aa776a5568d056c2c8""",bilinear_uv_temperature,43.64515,78.535604
2,2026-02-23T18:00:00+00:00,2026-02-23T12:00:00+00:00,2026-02-25T16:00:00+00:00,46,5.056988013543915,1.9181738540017932,89.88305176368976,2026-02-23T15:47:51+00:00,52,gfs.20260223/12/atmos/gfs.t12z.pgrb2.0p25.f052,"""dde58442421657aa776a5568d056c2c8""",bilinear_uv_temperature,43.643198,78.538828
1,2026-02-23T18:00:00+00:00,2026-02-23T12:00:00+00:00,2026-02-25T17:00:00+00:00,47,5.44215843453564,1.7464776246950464,78.76431099657384,2026-02-23T16:02:58+00:00,53,gfs.20260223/12/atmos/gfs.t12z.pgrb2.0p25.f053,"""bac6bcf98ecd681a978248edda2ebb4c""",bilinear_uv_temperature,43.64515,78.535604
2,2026-02-23T18:00:00+00:00,2026-02-23T12:00:00+00:00,2026-02-25T17:00:00+00:00,47,5.37978023231843,1.7105078852517863,79.21861768473981,2026-02-23T16:02:58+00:00,53,gfs.20260223/12/atmos/gfs.t12z.pgrb2.0p25.f053,"""bac6bcf98ecd681a978248edda2ebb4c""",bilinear_uv_temperature,43.643198,78.538828
1,2026-02-23T18:00:00+00:00,2026-02-23T12:00:00+00:00,2026-02-25T18:00:00+00:00,48,6.1718536243774444,1.4699811799899862,81.65809398134971,2026-02-23T15:49:24+00:00,54,gfs.20260223/12/atmos/gfs.t12z.pgrb2.0p25.f054,"""ed4ec60c781d2ec6c01a7b2c12673eec""",bilinear_uv_temperature,43.64515,78.535604
2,2026-02-23T18:00:00+00:00,2026-02-23T12:00:00+00:00,2026-02-25T18:00:00+00:00,48,6.100208522774309,1.4365559888476582,82.10769776166823,2026-02-23T15:49:24+00:00,54,gfs.20260223/12/atmos/gfs.t12z.pgrb2.0p25.f054,"""ed4ec60c781d2ec6c01a7b2c12673eec""",bilinear_uv_temperature,43.643198,78.538828
1,2026-02-24T18:00:00+00:00,2026-02-24T12:00:00+00:00,2026-02-24T19:00:00+00:00,1,1.294445770043186,-1.0031801576824364,49.67756089644428,2026-02-24T15:35:39+00:00,7,gfs.20260224/12/atmos/gfs.t12z.pgrb2.0p25.f007,"""f377be788779b8d682294a5cd40a56aa""",bilinear_uv_temperature,43.64515,78.535604
2,2026-02-24T18:00:00+00:00,2026-02-24T12:00:00+00:00,2026-02-24T19:00:00+00:00,1,1.3073537837534959,-1.023976135231294,50.0236584729666,2026-02-24T15:35:39+00:00,7,gfs.20260224/12/atmos/gfs.t12z.pgrb2.0p25.f007,"""f377be788779b8d682294a5cd40a56aa""",bilinear_uv_temperature,43.643198,78.538828
1,2026-02-24T18:00:00+00:00,2026-02-24T12:00:00+00:00,2026-02-24T20:00:00+00:00,2,1.135527925847814,-0.9765566351999269,71.53794716226795,2026-02-24T15:36:05+00:00,8,gfs.20260224/12/atmos/gfs.t12z.pgrb2.0p25.f008,"""ef1cc4ae54133c3f54737559fcf6619a""",bilinear_uv_temperature,43.64515,78.535604
2,2026-02-24T18:00:00+00:00,2026-02-24T12:00:00+00:00,2026-02-24T20:00:00+00:00,2,1.1537206873814412,-1.0007472644479662,71.69449815428173,2026-02-24T15:36:05+00:00,8,gfs.20260224/12/atmos/gfs.t12z.pgrb2.0p25.f008,"""ef1cc4ae54133c3f54737559fcf6619a""",bilinear_uv_temperature,43.643198,78.538828
1,2026-02-24T18:00:00+00:00,2026-02-24T12:00:00+00:00,2026-02-24T21:00:00+00:00,3,1.1319736499314743,-0.9288982689674299,64.72356526161883,2026-02-24T15:36:50+00:00,9,gfs.20260224/12/atmos/gfs.t12z.pgrb2.0p25.f009,"""6e39347f9a70e8b296e863abed4bd368""",bilinear_uv_temperature,43.64515,78.535604
2,2026-02-24T18:00:00+00:00,2026-02-24T12:00:00+00:00,2026-02-24T21:00:00+00:00,3,1.1573827970852164,-0.9541411499146761,65.85513572821607,2026-02-24T15:36:50+00:00,9,gfs.20260224/12/atmos/gfs.t12z.pgrb2.0p25.f009,"""6e39347f9a70e8b296e863abed4bd368""",bilinear_uv_temperature,43.643198,78.538828
1,2026-02-24T18:00:00+00:00,2026-02-24T12:00:00+00:00,2026-02-24T22:00:00+00:00,4,0.8655814503739171,-1.0890084167974692,60.49000776151655,2026-02-24T15:50:23+00:00,10,gfs.20260224/12/atmos/gfs.t12z.pgrb2.0p25.f010,"""a95ffa3ad5572bec68d80ef168af836b""",bilinear_uv_temperature,43.64515,78.535604
2,2026-02-24T18:00:00+00:00,2026-02-24T12:00:00+00:00,2026-02-24T22:00:00+00:00,4,0.8849386701000654,-1.117373949443902,61.890819415043694,2026-02-24T15:50:23+00:00,10,gfs.20260224/12/atmos/gfs.t12z.pgrb2.0p25.f010,"""a95ffa3ad5572bec68d80ef168af836b""",bilinear_uv_temperature,43.643198,78.538828
1,2026-02-24T18:00:00+00:00,2026-02-24T12:00:00+00:00,2026-02-24T23:00:00+00:00,5,1.3772564000077245,-1.1273681449224,63.612197828809116,2026-02-24T15:36:36+00:00,11,gfs.20260224/12/atmos/gfs.t12z.pgrb2.0p25.f011,"""be9faca72cda32231584f9d96f76de61""",bilinear_uv_temperature,43.64515,78.535604
2,2026-02-24T18:00:00+00:00,2026-02-24T12:00:00+00:00,2026-02-24T23:00:00+00:00,5,1.391216674820092,-1.1513208775688781,64.46507627361378,2026-02-24T15:36:36+00:00,11,gfs.20260224/12/atmos/gfs.t12z.pgrb2.0p25.f011,"""be9faca72cda32231584f9d96f76de61""",bilinear_uv_temperature,43.643198,78.538828
1,2026-02-24T18:00:00+00:00,2026-02-24T12:00:00+00:00,2026-02-25T00:00:00+00:00,6,1.64690043115648,-0.9604910805124973,55.06964508233617,2026-02-24T15:51:46+00:00,12,gfs.20260224/12/atmos/gfs.t12z.pgrb2.0p25.f012,"""3693849e1e5460f2509f5eeed26e8715""",bilinear_uv_temperature,43.64515,78.535604
2,2026-02-24T18:00:00+00:00,2026-02-24T12:00:00+00:00,2026-02-25T00:00:00+00:00,6,1.65742481972413,-0.989568109760512,55.76197711223725,2026-02-24T15:51:46+00:00,12,gfs.20260224/12/atmos/gfs.t12z.pgrb2.0p25.f012,"""3693849e1e5460f2509f5eeed26e8715""",bilinear_uv_temperature,43.643198,78.538828
1,2026-02-24T18:00:00+00:00,2026-02-24T12:00:00+00:00,2026-02-25T01:00:00+00:00,7,2.1540724033953422,-0.845354133289959,63.717373244045135,2026-02-24T15:36:47+00:00,13,gfs.20260224/12/atmos/gfs.t12z.pgrb2.0p25.f013,"""ebfea7dc6b5927b854dfebe8c2d21e0f""",bilinear_uv_temperature,43.64515,78.535604
2,2026-02-24T18:00:00+00:00,2026-02-24T12:00:00+00:00,2026-02-25T01:00:00+00:00,7,2.162858731308672,-0.8779938591395648,64.02571273672368,2026-02-24T15:36:47+00:00,13,gfs.20260224/12/atmos/gfs.t12z.pgrb2.0p25.f013,"""ebfea7dc6b5927b854dfebe8c2d21e0f""",bilinear_uv_temperature,43.643198,78.538828
1,2026-02-24T18:00:00+00:00,2026-02-24T12:00:00+00:00,2026-02-25T02:00:00+00:00,8,3.8591822074868327,-0.6279207323349851,71.71127825470973,2026-02-24T15:36:45+00:00,14,gfs.20260224/12/atmos/gfs.t12z.pgrb2.0p25.f014,"""256308c9bc154930dede46f3fe4b1d14""",bilinear_uv_temperature,43.64515,78.535604
2,2026-02-24T18:00:00+00:00,2026-02-24T12:00:00+00:00,2026-02-25T02:00:00+00:00,8,3.842583301898803,-0.6625610064853618,71.92775619169191,2026-02-24T15:36:45+00:00,14,gfs.20260224/12/atmos/gfs.t12z.pgrb2.0p25.f014,"""256308c9bc154930dede46f3fe4b1d14""",bilinear_uv_temperature,43.643198,78.538828
1,2026-02-24T18:00:00+00:00,2026-02-24T12:00:00+00:00,2026-02-25T03:00:00+00:00,9,4.159351649652024,-0.520392988324943,71.74660424227628,2026-02-24T15:37:42+00:00,15,gfs.20260224/12/atmos/gfs.t12z.pgrb2.0p25.f015,"""38e477e14cc15766d308bc8ca9d60604""",bilinear_uv_temperature,43.64515,78.535604
2,2026-02-24T18:00:00+00:00,2026-02-24T12:00:00+00:00,2026-02-25T03:00:00+00:00,9,4.129214822368634,-0.5476012175729466,71.96473013420346,2026-02-24T15:37:42+00:00,15,gfs.20260224/12/atmos/gfs.t12z.pgrb2.0p25.f015,"""38e477e14cc15766d308bc8ca9d60604""",bilinear_uv_temperature,43.643198,78.538828
1,2026-02-24T18:00:00+00:00,2026-02-24T12:00:00+00:00,2026-02-25T04:00:00+00:00,10,3.8199273009624455,-0.39674256874997127,58.00365770881863,2026-02-24T15:37:51+00:00,16,gfs.20260224/12/atmos/gfs.t12z.pgrb2.0p25.f016,"""700510dbaf28d1f37076f1e51726373f""",bilinear_uv_temperature,43.64515,78.535604
2,2026-02-24T18:00:00+00:00,2026-02-24T12:00:00+00:00,2026-02-25T04:00:00+00:00,10,3.7833453496843843,-0.42400016875001256,58.080902190419394,2026-02-24T15:37:51+00:00,16,gfs.20260224/12/atmos/gfs.t12z.pgrb2.0p25.f016,"""700510dbaf28d1f37076f1e51726373f""",bilinear_uv_temperature,43.643198,78.538828
1,2026-02-24T18:00:00+00:00,2026-02-24T12:00:00+00:00,2026-02-25T05:00:00+00:00,11,4.557523466236383,0.030292000000031294,61.27281068453671,2026-02-24T15:37:43+00:00,17,gfs.20260224/12/atmos/gfs.t12z.pgrb2.0p25.f017,"""7b79e05814d6600adcb1ec31a36b568e""",bilinear_uv_temperature,43.64515,78.535604
2,2026-02-24T18:00:00+00:00,2026-02-24T12:00:00+00:00,2026-02-25T05:00:00+00:00,11,4.5222492745983525,0.004323999999996886,61.28504226634158,2026-02-24T15:37:43+00:00,17,gfs.20260224/12/atmos/gfs.t12z.pgrb2.0p25.f017,"""7b79e05814d6600adcb1ec31a36b568e""",bilinear_uv_temperature,43.643198,78.538828
1,2026-02-24T18:00:00+00:00,2026-02-24T12:00:00+00:00,2026-02-25T06:00:00+00:00,12,3.459269839571059,0.2885806007375322,65.01234495252095,2026-02-24T15:52:34+00:00,18,gfs.20260224/12/atmos/gfs.t12z.pgrb2.0p25.f018,"""d792be936bc554f061e15d4d1c4516ed""",bilinear_uv_temperature,43.64515,78.535604
2,2026-02-24T18:00:00+00:00,2026-02-24T12:00:00+00:00,2026-02-25T06:00:00+00:00,12,3.4285444931932827,0.26211797148954474,65.04821710701957,2026-02-24T15:52:34+00:00,18,gfs.20260224/12/atmos/gfs.t12z.pgrb2.0p25.f018,"""d792be936bc554f061e15d4d1c4516ed""",bilinear_uv_temperature,43.643198,78.538828
1,2026-02-24T18:00:00+00:00,2026-02-24T12:00:00+00:00,2026-02-25T07:00:00+00:00,13,3.302380386787114,0.6859565836800243,63.24849058889,2026-02-24T15:38:46+00:00,19,gfs.20260224/12/atmos/gfs.t12z.pgrb2.0p25.f019,"""08f371971c3ce7890e207f7aea8ba9ad""",bilinear_uv_temperature,43.64515,78.535604
2,2026-02-24T18:00:00+00:00,2026-02-24T12:00:00+00:00,2026-02-25T07:00:00+00:00,13,3.279967191211829,0.6580163768832108,63.300047972502725,2026-02-24T15:38:46+00:00,19,gfs.20260224/12/atmos/gfs.t12z.pgrb2.0p25.f019,"""08f371971c3ce7890e207f7aea8ba9ad""",bilinear_uv_temperature,43.643198,78.538828
1,2026-02-24T18:00:00+00:00,2026-02-24T12:00:00+00:00,2026-02-25T08:00:00+00:00,14,2.825081790158137,0.7062685384975111,65.45938249093672,2026-02-24T15:38:58+00:00,20,gfs.20260224/12/atmos/gfs.t12z.pgrb2.0p25.f020,"""aaea4ab63d91566d57462739b2ddca89""",bilinear_uv_temperature,43.64515,78.535604
2,2026-02-24T18:00:00+00:00,2026-02-24T12:00:00+00:00,2026-02-25T08:00:00+00:00,14,2.8026910472596476,0.6838427541518968,65.57917072529403,2026-02-24T15:38:58+00:00,20,gfs.20260224/12/atmos/gfs.t12z.pgrb2.0p25.f020,"""aaea4ab63d91566d57462739b2ddca89""",bilinear_uv_temperature,43.643198,78.538828
1,2026-02-24T18:00:00+00:00,2026-02-24T12:00:00+00:00,2026-02-25T09:00:00+00:00,15,2.818078080652541,1.0896361598950648,62.69497748953477,2026-02-24T15:38:50+00:00,21,gfs.20260224/12/atmos/gfs.t12z.pgrb2.0p25.f021,"""e4a150a153cbeae7d8eab2d5e4e843cb""",bilinear_uv_temperature,43.64515,78.535604
2,2026-02-24T18:00:00+00:00,2026-02-24T12:00:00+00:00,2026-02-25T09:00:00+00:00,15,2.7972598113972205,1.0668202496997878,62.874060679938694,2026-02-24T15:38:50+00:00,21,gfs.20260224/12/atmos/gfs.t12z.pgrb2.0p25.f021,"""e4a150a153cbeae7d8eab2d5e4e843cb""",bilinear_uv_temperature,43.643198,78.538828
1,2026-02-24T18:00:00+00:00,2026-02-24T12:00:00+00:00,2026-02-25T10:00:00+00:00,16,3.5435349503812597,1.5100049033850382,70.15077747325607,2026-02-24T15:40:07+00:00,22,gfs.20260224/12/atmos/gfs.t12z.pgrb2.0p25.f022,"""f824cca8042ba74c313f2cf9425c2a1d""",bilinear_uv_temperature,43.64515,78.535604
2,2026-02-24T18:00:00+00:00,2026-02-24T12:00:00+00:00,2026-02-25T10:00:00+00:00,16,3.518712746883344,1.4810817482874086,70.26597005916896,2026-02-24T15:40:07+00:00,22,gfs.20260224/12/atmos/gfs.t12z.pgrb2.0p25.f022,"""f824cca8042ba74c313f2cf9425c2a1d""",bilinear_uv_temperature,43.643198,78.538828
1,2026-02-24T18:00:00+00:00,2026-02-24T12:00:00+00:00,2026-02-25T11:00:00+00:00,17,3.8463646029874603,1.8191861507375506,62.568197679018944,2026-02-24T15:39:58+00:00,23,gfs.20260224/12/atmos/gfs.t12z.pgrb2.0p25.f023,"""abd183554c15d5e0f3e9db12f3d8d3d8""",bilinear_uv_temperature,43.64515,78.535604
2,2026-02-24T18:00:00+00:00,2026-02-24T12:00:00+00:00,2026-02-25T11:00:00+00:00,17,3.8139194303341597,1.7885827214894903,62.60003418912474,2026-02-24T15:39:58+00:00,23,gfs.20260224/12/atmos/gfs.t12z.pgrb2.0p25.f023,"""abd183554c15d5e0f3e9db12f3d8d3d8""",bilinear_uv_temperature,43.643198,78.538828
1,2026-02-24T18:00:00+00:00,2026-02-24T12:00:00+00:00,2026-02-25T12:00:00+00:00,18,3.7360098026537063,1.6082235779075518,63.78678721180538,2026-02-24T15:39:51+00:00,24,gfs.20260224/12/atmos/gfs.t12z.pgrb2.0p25.f024,"""8169172f0b7c3567f5fdf2b13bb1c36b""",bilinear_uv_temperature,43.64515,78.535604
2,2026-02-24T18:00:00+00:00,2026-02-24T12:00:00+00:00,2026-02-25T12:00:00+00:00,18,3.708271749024786,1.5747342969603437,63.95674889894663,2026-02-24T15:39:51+00:00,24,gfs.20260224/12/atmos/gfs.t12z.pgrb2.0p25.f024,"""8169172f0b7c3567f5fdf2b13bb1c36b""",bilinear_uv_temperature,43.643198,78.538828
1,2026-02-24T18:00:00+00:00,2026-02-24T12:00:00+00:00,2026-02-25T13:00:00+00:00,19,4.007380443939689,1.347884551822517,72.74048919204331,2026-02-24T15:39:53+00:00,25,gfs.20260224/12/atmos/gfs.t12z.pgrb2.0p25.f025,"""3d06a832d320e87778a1db5af9e85d51""",bilinear_uv_temperature,43.64515,78.535604
2,2026-02-24T18:00:00+00:00,2026-02-24T12:00:00+00:00,2026-02-25T13:00:00+00:00,19,3.977587944946134,1.3158381967249397,72.76650232981068,2026-02-24T15:39:53+00:00,25,gfs.20260224/12/atmos/gfs.t12z.pgrb2.0p25.f025,"""3d06a832d320e87778a1db5af9e85d51""",bilinear_uv_temperature,43.643198,78.538828
1,2026-02-24T18:00:00+00:00,2026-02-24T12:00:00+00:00,2026-02-25T14:00:00+00:00,20,4.84407772147945,1.3661942858500424,76.85614543578326,2026-02-24T15:40:59+00:00,26,gfs.20260224/12/atmos/gfs.t12z.pgrb2.0p25.f026,"""265e58b4a9c3a9b49cab9f45775f7b4a""",bilinear_uv_temperature,43.64515,78.535604
2,2026-02-24T18:00:00+00:00,2026-02-24T12:00:00+00:00,2026-02-25T14:00:00+00:00,20,4.797117971863134,1.3403250273540266,77.276736626297,2026-02-24T15:40:59+00:00,26,gfs.20260224/12/atmos/gfs.t12z.pgrb2.0p25.f026,"""265e58b4a9c3a9b49cab9f45775f7b4a""",bilinear_uv_temperature,43.643198,78.538828
1,2026-02-24T18:00:00+00:00,2026-02-24T12:00:00+00:00,2026-02-25T15:00:00+00:00,21,6.384105303600665,1.2329283878900696,71.02936228187359,2026-02-24T15:41:20+00:00,27,gfs.20260224/12/atmos/gfs.t12z.pgrb2.0p25.f027,"""0578b687d1cc24abbbbe53e097bcc8e4""",bilinear_uv_temperature,43.64515,78.535604
2,2026-02-24T18:00:00+00:00,2026-02-24T12:00:00+00:00,2026-02-25T15:00:00+00:00,21,6.322700934412413,1.2082652552436457,71.32346133825111,2026-02-24T15:41:20+00:00,27,gfs.20260224/12/atmos/gfs.t12z.pgrb2.0p25.f027,"""0578b687d1cc24abbbbe53e097bcc8e4""",bilinear_uv_temperature,43.643198,78.538828
1,2026-02-24T18:00:00+00:00,2026-02-24T12:00:00+00:00,2026-02-25T16:00:00+00:00,22,5.622517467637165,0.6308544637150817,64.04408566245532,2026-02-24T15:40:47+00:00,28,gfs.20260224/12/atmos/gfs.t12z.pgrb2.0p25.f028,"""4492156f1edcd43271904b81faf3aac7""",bilinear_uv_temperature,43.64515,78.535604
2,2026-02-24T18:00:00+00:00,2026-02-24T12:00:00+00:00,2026-02-25T16:00:00+00:00,22,5.553516775989809,0.6032203603166408,64.46618686753986,2026-02-24T15:40:47+00:00,28,gfs.20260224/12/atmos/gfs.t12z.pgrb2.0p25.f028,"""4492156f1edcd43271904b81faf3aac7""",bilinear_uv_temperature,43.643198,78.538828
1,2026-02-24T18:00:00+00:00,2026-02-24T12:00:00+00:00,2026-02-25T17:00:00+00:00,23,6.49099074998484,0.03917055902752509,69.95218480567537,2026-02-24T15:41:04+00:00,29,gfs.20260224/12/atmos/gfs.t12z.pgrb2.0p25.f029,"""4582ccec573c75a341e1cbfd40d83719""",bilinear_uv_temperature,43.64515,78.535604
2,2026-02-24T18:00:00+00:00,2026-02-24T12:00:00+00:00,2026-02-25T17:00:00+00:00,23,6.411366965787465,0.004781255629097814,70.29968603484116,2026-02-24T15:41:04+00:00,29,gfs.20260224/12/atmos/gfs.t12z.pgrb2.0p25.f029,"""4582ccec573c75a341e1cbfd40d83719""",bilinear_uv_temperature,43.643198,78.538828
1,2026-02-24T18:00:00+00:00,2026-02-24T12:00:00+00:00,2026-02-25T18:00:00+00:00,24,7.278637103724829,-0.0021532088549633954,73.93444735189223,2026-02-24T15:41:56+00:00,30,gfs.20260224/12/atmos/gfs.t12z.pgrb2.0p25.f030,"""3294fd909e1ade9c92890e74000a6a18""",bilinear_uv_temperature,43.64515,78.535604
2,2026-02-24T18:00:00+00:00,2026-02-24T12:00:00+00:00,2026-02-25T18:00:00+00:00,24,7.185845777390496,-0.03949711905022468,74.40238193684998,2026-02-24T15:41:56+00:00,30,gfs.20260224/12/atmos/gfs.t12z.pgrb2.0p25.f030,"""3294fd909e1ade9c92890e74000a6a18""",bilinear_uv_temperature,43.643198,78.538828
1,2026-02-24T18:00:00+00:00,2026-02-24T12:00:00+00:00,2026-02-25T19:00:00+00:00,25,7.47010000942995,0.03975525338501029,76.56036274421292,2026-02-24T15:42:54+00:00,31,gfs.20260224/12/atmos/gfs.t12z.pgrb2.0p25.f031,"""53c73e24d1a75b4ddd62701f3abacb88""",bilinear_uv_temperature,43.64515,78.535604
2,2026-02-24T18:00:00+00:00,2026-02-24T12:00:00+00:00,2026-02-25T19:00:00+00:00,25,7.375996772713933,0.005094498287405713,77.06294814945294,2026-02-24T15:42:54+00:00,31,gfs.20260224/12/atmos/gfs.t12z.pgrb2.0p25.f031,"""53c73e24d1a75b4ddd62701f3abacb88""",bilinear_uv_temperature,43.643198,78.538828
1,2026-02-24T18:00:00+00:00,2026-02-24T12:00:00+00:00,2026-02-25T20:00:00+00:00,26,7.951361661229099,0.02412920086754866,82.26399424032165,2026-02-24T15:41:57+00:00,32,gfs.20260224/12/atmos/gfs.t12z.pgrb2.0p25.f032,"""63176257b3619dce943b4aa569aea524""",bilinear_uv_temperature,43.64515,78.535604
2,2026-02-24T18:00:00+00:00,2026-02-24T12:00:00+00:00,2026-02-25T20:00:00+00:00,26,7.860590731012258,-0.006934205929212567,82.75374671385104,2026-02-24T15:41:57+00:00,32,gfs.20260224/12/atmos/gfs.t12z.pgrb2.0p25.f032,"""63176257b3619dce943b4aa569aea524""",bilinear_uv_temperature,43.643198,78.538828
1,2026-02-24T18:00:00+00:00,2026-02-24T12:00:00+00:00,2026-02-25T21:00:00+00:00,27,7.762915750434931,0.0521027090275652,77.45981817306856,2026-02-24T15:44:03+00:00,33,gfs.20260224/12/atmos/gfs.t12z.pgrb2.0p25.f033,"""f33ce9a21f57d2b03d17e80ec8b73d2d""",bilinear_uv_temperature,43.64515,78.535604
2,2026-02-24T18:00:00+00:00,2026-02-24T12:00:00+00:00,2026-02-25T21:00:00+00:00,27,7.673869115353972,0.02188940562911057,77.97561223849645,2026-02-24T15:44:03+00:00,33,gfs.20260224/12/atmos/gfs.t12z.pgrb2.0p25.f033,"""f33ce9a21f57d2b03d17e80ec8b73d2d""",bilinear_uv_temperature,43.643198,78.538828
1,2026-02-24T18:00:00+00:00,2026-02-24T12:00:00+00:00,2026-02-25T22:00:00+00:00,28,7.034649708176953,-0.17186861801246778,76.23255696244182,2026-02-24T15:43:05+00:00,34,gfs.20260224/12/atmos/gfs.t12z.pgrb2.0p25.f034,"""4503a65578f2c97a5854202d06e28c3f""",bilinear_uv_temperature,43.64515,78.535604
2,2026-02-24T18:00:00+00:00,2026-02-24T12:00:00+00:00,2026-02-25T22:00:00+00:00,28,6.952199599371974,-0.19833124726045526,76.6841529618675,2026-02-24T15:43:05+00:00,34,gfs.20260224/12/atmos/gfs.t12z.pgrb2.0p25.f034,"""4503a65578f2c97a5854202d06e28c3f""",bilinear_uv_temperature,43.643198,78.538828
1,2026-02-24T18:00:00+00:00,2026-02-24T12:00:00+00:00,2026-02-25T23:00:00+00:00,29,6.56237252352969,-0.4337211365449889,76.89500102974353,2026-02-24T15:43:14+00:00,35,gfs.20260224/12/atmos/gfs.t12z.pgrb2.0p25.f035,"""7ed65b732ab61cfaa7325e2c9b04d9e8""",bilinear_uv_temperature,43.64515,78.535604
2,2026-02-24T18:00:00+00:00,2026-02-24T12:00:00+00:00,2026-02-25T23:00:00+00:00,29,6.48631364555579,-0.4610144848458049,77.35986766951082,2026-02-24T15:43:14+00:00,35,gfs.20260224/12/atmos/gfs.t12z.pgrb2.0p25.f035,"""7ed65b732ab61cfaa7325e2c9b04d9e8""",bilinear_uv_temperature,43.643198,78.538828
1,2026-02-24T18:00:00+00:00,2026-02-24T12:00:00+00:00,2026-02-26T00:00:00+00:00,30,6.0399290173832725,-0.6109202787324648,80.60314230202705,2026-02-24T15:44:34+00:00,36,gfs.20260224/12/atmos/gfs.t12z.pgrb2.0p25.f036,"""286a2fcd4d641b5035aaa91f34e86b1e""",bilinear_uv_temperature,43.64515,78.535604
2,2026-02-24T18:00:00+00:00,2026-02-24T12:00:00+00:00,2026-02-26T00:00:00+00:00,30,5.978296950545758,-0.6345816270332989,81.17141825569146,2026-02-24T15:44:34+00:00,36,gfs.20260224/12/atmos/gfs.t12z.pgrb2.0p25.f036,"""286a2fcd4d641b5035aaa91f34e86b1e""",bilinear_uv_temperature,43.643198,78.538828
1,2026-02-24T18:00:00+00:00,2026-02-24T12:00:00+00:00,2026-02-26T01:00:00+00:00,31,6.627565058261133,-0.48111194036494,79.3671668250791,2026-02-24T15:44:06+00:00,37,gfs.20260224/12/atmos/gfs.t12z.pgrb2.0p25.f037,"""bbe1dff84d41cc25b5f90d368c8931c6""",bilinear_uv_temperature,43.64515,78.535604
2,2026-02-24T18:00:00+00:00,2026-02-24T12:00:00+00:00,2026-02-26T01:00:00+00:00,31,6.552255251803244,-0.49890229546258524,79.96363990530156,2026-02-24T15:44:06+00:00,37,gfs.20260224/12/atmos/gfs.t12z.pgrb2.0p25.f037,"""bbe1dff84d41cc25b5f90d368c8931c6""",bilinear_uv_temperature,43.643198,78.538828
1,2026-02-24T18:00:00+00:00,2026-02-24T12:00:00+00:00,2026-02-26T02:00:00+00:00,32,6.202132089964788,-0.25848692556496644,68.68528434436051,2026-02-24T15:44:21+00:00,38,gfs.20260224/12/atmos/gfs.t12z.pgrb2.0p25.f038,"""907094a160776ff6e612c8f4c8859697""",bilinear_uv_temperature,43.64515,78.535604
2,2026-02-24T18:00:00+00:00,2026-02-24T12:00:00+00:00,2026-02-26T02:00:00+00:00,32,6.1269252855540906,-0.27697350991053327,69.14831475520462,2026-02-24T15:44:21+00:00,38,gfs.20260224/12/atmos/gfs.t12z.pgrb2.0p25.f038,"""907094a160776ff6e612c8f4c8859697""",bilinear_uv_temperature,43.643198,78.538828
1,2026-02-24T18:00:00+00:00,2026-02-24T12:00:00+00:00,2026-02-26T03:00:00+00:00,33,6.517021356321966,0.5669005053375713,67.83668599828327,2026-02-24T15:46:26+00:00,39,gfs.20260224/12/atmos/gfs.t12z.pgrb2.0p25.f039,"""1caf5bc22fa8b1d4744be877f02a44c3""",bilinear_uv_temperature,43.64515,78.535604
2,2026-02-24T18:00:00+00:00,2026-02-24T12:00:00+00:00,2026-02-26T03:00:00+00:00,33,6.446270485733766,0.5462742175935773,68.17358795137594,2026-02-24T15:46:26+00:00,39,gfs.20260224/12/atmos/gfs.t12z.pgrb2.0p25.f039,"""1caf5bc22fa8b1d4744be877f02a44c3""",bilinear_uv_temperature,43.643198,78.538828
1,2026-02-24T18:00:00+00:00,2026-02-24T12:00:00+00:00,2026-02-26T04:00:00+00:00,34,6.7364057271608555,1.7254567975249984,82.57823606537401,2026-02-24T15:44:18+00:00,40,gfs.20260224/12/atmos/gfs.t12z.pgrb2.0p25.f040,"""c060df20b2bf2c19110a00a67c6d856e""",bilinear_uv_temperature,43.64515,78.535604
2,2026-02-24T18:00:00+00:00,2026-02-24T12:00:00+00:00,2026-02-26T04:00:00+00:00,34,6.667382067937765,1.7014705097810179,82.9516503960541,2026-02-24T15:44:18+00:00,40,gfs.20260224/12/atmos/gfs.t12z.pgrb2.0p25.f040,"""c060df20b2bf2c19110a00a67c6d856e""",bilinear_uv_temperature,43.643198,78.538828
1,2026-02-24T18:00:00+00:00,2026-02-24T12:00:00+00:00,2026-02-26T05:00:00+00:00,35,4.788127612426097,2.8869914539050683,73.63694056008174,2026-02-24T15:46:06+00:00,41,gfs.20260224/12/atmos/gfs.t12z.pgrb2.0p25.f041,"""7d78e1703a959994cd914d7137b7771e""",bilinear_uv_temperature,43.64515,78.535604
2,2026-02-24T18:00:00+00:00,2026-02-24T12:00:00+00:00,2026-02-26T05:00:00+00:00,35,4.727402525246115,2.8586763886122526,74.19002805215969,2026-02-24T15:46:06+00:00,41,gfs.20260224/12/atmos/gfs.t12z.pgrb2.0p25.f041,"""7d78e1703a959994cd914d7137b7771e""",bilinear_uv_temperature,43.643198,78.538828
1,2026-02-24T18:00:00+00:00,2026-02-24T12:00:00+00:00,2026-02-26T06:00:00+00:00,36,2.434426480534719,3.7515890240875365,47.69610277126244,2026-02-24T15:45:45+00:00,42,gfs.20260224/12/atmos/gfs.t12z.pgrb2.0p25.f042,"""3578f987aa2ceb90f4497a8257aa0d10""",bilinear_uv_temperature,43.64515,78.535604
2,2026-02-24T18:00:00+00:00,2026-02-24T12:00:00+00:00,2026-02-26T06:00:00+00:00,36,2.3923761965171857,3.7197947363435446,47.61000778764576,2026-02-24T15:45:45+00:00,42,gfs.20260224/12/atmos/gfs.t12z.pgrb2.0p25.f042,"""3578f987aa2ceb90f4497a8257aa0d10""",bilinear_uv_temperature,43.643198,78.538828
1,2026-02-24T18:00:00+00:00,2026-02-24T12:00:00+00:00,2026-02-26T07:00:00+00:00,37,4.032913663037662,3.7104783091151035,269.94323071207464,2026-02-24T15:44:10+00:00,43,gfs.20260224/12/atmos/gfs.t12z.pgrb2.0p25.f043,"""56478fdc5c5abbda3a673e26d9ff3c1b""",bilinear_uv_temperature,43.64515,78.535604
2,2026-02-24T18:00:00+00:00,2026-02-24T12:00:00+00:00,2026-02-26T07:00:00+00:00,37,4.032831472163584,3.669199864212601,270.5245843241817,2026-02-24T15:44:10+00:00,43,gfs.20260224/12/atmos/gfs.t12z.pgrb2.0p25.f043,"""56478fdc5c5abbda3a673e26d9ff3c1b""",bilinear_uv_temperature,43.643198,78.538828
1,2026-02-24T18:00:00+00:00,2026-02-24T12:00:00+00:00,2026-02-26T08:00:00+00:00,38,7.616303342817171,3.1652695391925363,253.9178016712284,2026-02-24T15:45:59+00:00,44,gfs.20260224/12/atmos/gfs.t12z.pgrb2.0p25.f044,"""e79dcb60377f6bbc4dc4b6f2c978bd68""",bilinear_uv_temperature,43.64515,78.535604
2,2026-02-24T18:00:00+00:00,2026-02-24T12:00:00+00:00,2026-02-26T08:00:00+00:00,38,7.581401265381499,3.115654361643692,253.91079221632782,2026-02-24T15:45:59+00:00,44,gfs.20260224/12/atmos/gfs.t12z.pgrb2.0p25.f044,"""e79dcb60377f6bbc4dc4b6f2c978bd68""",bilinear_uv_temperature,43.643198,78.538828
1,2026-02-24T18:00:00+00:00,2026-02-24T12:00:00+00:00,2026-02-26T09:00:00+00:00,39,7.897862411296764,3.030580575997533,265.7548737208847,2026-02-24T15:46:09+00:00,45,gfs.20260224/12/atmos/gfs.t12z.pgrb2.0p25.f045,"""cb01ee660214d2b057d295316e396697""",bilinear_uv_temperature,43.64515,78.535604
2,2026-02-24T18:00:00+00:00,2026-02-24T12:00:00+00:00,2026-02-26T09:00:00+00:00,39,7.855080963702274,2.985037991651893,265.6848160867103,2026-02-24T15:46:09+00:00,45,gfs.20260224/12/atmos/gfs.t12z.pgrb2.0p25.f045,"""cb01ee660214d2b057d295316e396697""",bilinear_uv_temperature,43.643198,78.538828
1,2026-02-24T18:00:00+00:00,2026-02-24T12:00:00+00:00,2026-02-26T10:00:00+00:00,40,6.753369417765966,2.082585580337536,275.86633371808034,2026-02-24T15:45:51+00:00,46,gfs.20260224/12/atmos/gfs.t12z.pgrb2.0p25.f046,"""b2aef9d2bcfd6d7d1fdfaee8653a6f6e""",bilinear_uv_temperature,43.64515,78.535604
2,2026-02-24T18:00:00+00:00,2026-02-24T12:00:00+00:00,2026-02-26T10:00:00+00:00,40,6.719178328452778,2.0543880925935696,275.77309659342603,2026-02-24T15:45:51+00:00,46,gfs.20260224/12/atmos/gfs.t12z.pgrb2.0p25.f046,"""b2aef9d2bcfd6d7d1fdfaee8653a6f6e""",bilinear_uv_temperature,43.643198,78.538828
1,2026-02-24T18:00:00+00:00,2026-02-24T12:00:00+00:00,2026-02-26T11:00:00+00:00,41,6.67368857736468,1.0599118861975398,273.6142809844772,2026-02-24T15:45:50+00:00,47,gfs.20260224/12/atmos/gfs.t12z.pgrb2.0p25.f047,"""3933eb5e02a13a71e48e6d0fce60ea8e""",bilinear_uv_temperature,43.64515,78.535604
2,2026-02-24T18:00:00+00:00,2026-02-24T12:00:00+00:00,2026-02-26T11:00:00+00:00,41,6.6559209173661795,1.0434111310999015,273.5323875953677,2026-02-24T15:45:50+00:00,47,gfs.20260224/12/atmos/gfs.t12z.pgrb2.0p25.f047,"""3933eb5e02a13a71e48e6d0fce60ea8e""",bilinear_uv_temperature,43.643198,78.538828
1,2026-02-24T18:00:00+00:00,2026-02-24T12:00:00+00:00,2026-02-26T12:00:00+00:00,42,7.359077270080089,1.4032086031250515,261.64931429887093,2026-02-24T15:46:15+00:00,48,gfs.20260224/12/atmos/gfs.t12z.pgrb2.0p25.f048,"""32698f69d13a9e94eb0702048a783432""",bilinear_uv_temperature,43.64515,78.535604
2,2026-02-24T18:00:00+00:00,2026-02-24T12:00:00+00:00,2026-02-26T12:00:00+00:00,42,7.36948383894728,1.3759510031250102,261.6155142029012,2026-02-24T15:46:15+00:00,48,gfs.20260224/12/atmos/gfs.t12z.pgrb2.0p25.f048,"""32698f69d13a9e94eb0702048a783432""",bilinear_uv_temperature,43.643198,78.538828
1,2026-02-24T18:00:00+00:00,2026-02-24T12:00:00+00:00,2026-02-26T13:00:00+00:00,43,6.749562388922576,2.040802175390013,254.88142779566877,2026-02-24T15:46:03+00:00,49,gfs.20260224/12/atmos/gfs.t12z.pgrb2.0p25.f049,"""965b8262d8526541a79516be03e76732""",bilinear_uv_temperature,43.64515,78.535604
2,2026-02-24T18:00:00+00:00,2026-02-24T12:00:00+00:00,2026-02-26T13:00:00+00:00,43,6.785615041979348,2.0221134427436027,254.97937445192912,2026-02-24T15:46:03+00:00,49,gfs.20260224/12/atmos/gfs.t12z.pgrb2.0p25.f049,"""965b8262d8526541a79516be03e76732""",bilinear_uv_temperature,43.643198,78.538828
1,2026-02-24T18:00:00+00:00,2026-02-24T12:00:00+00:00,2026-02-26T14:00:00+00:00,44,6.702497585277565,2.3707709459200714,272.03863434559366,2026-02-24T15:46:54+00:00,50,gfs.20260224/12/atmos/gfs.t12z.pgrb2.0p25.f050,"""4cb1ea51495eb8d000f663b7e7a491d1""",bilinear_uv_temperature,43.64515,78.535604
2,2026-02-24T18:00:00+00:00,2026-02-24T12:00:00+00:00,2026-02-26T14:00:00+00:00,44,6.7151026992744915,2.3512514942208327,271.90520281533577,2026-02-24T15:46:54+00:00,50,gfs.20260224/12/atmos/gfs.t12z.pgrb2.0p25.f050,"""4cb1ea51495eb8d000f663b7e7a491d1""",bilinear_uv_temperature,43.643198,78.538828
1,2026-02-24T18:00:00+00:00,2026-02-24T12:00:00+00:00,2026-02-26T15:00:00+00:00,45,9.10180979359737,2.861984966580053,262.64082032954934,2026-02-24T15:46:57+00:00,51,gfs.20260224/12/atmos/gfs.t12z.pgrb2.0p25.f051,"""a97712e3b85c5a54859ba362a46568f5""",bilinear_uv_temperature,43.64515,78.535604
2,2026-02-24T18:00:00+00:00,2026-02-24T12:00:00+00:00,2026-02-26T15:00:00+00:00,45,9.068711078284185,2.826173218279223,262.7612409118527,2026-02-24T15:46:57+00:00,51,gfs.20260224/12/atmos/gfs.t12z.pgrb2.0p25.f051,"""a97712e3b85c5a54859ba362a46568f5""",bilinear_uv_temperature,43.643198,78.538828
1,2026-02-24T18:00:00+00:00,2026-02-24T12:00:00+00:00,2026-02-26T16:00:00+00:00,46,10.021818644105107,2.7915682078125883,263.5669374850109,2026-02-24T15:47:12+00:00,52,gfs.20260224/12/atmos/gfs.t12z.pgrb2.0p25.f052,"""35c3033c893d99c49877e81c29a457e8""",bilinear_uv_temperature,43.64515,78.535604
2,2026-02-24T18:00:00+00:00,2026-02-24T12:00:00+00:00,2026-02-26T16:00:00+00:00,46,9.978078454441588,2.7556866078124926,263.7310457409182,2026-02-24T15:47:12+00:00,52,gfs.20260224/12/atmos/gfs.t12z.pgrb2.0p25.f052,"""35c3033c893d99c49877e81c29a457e8""",bilinear_uv_temperature,43.643198,78.538828
1,2026-02-24T18:00:00+00:00,2026-02-24T12:00:00+00:00,2026-02-26T17:00:00+00:00,47,9.153291374917393,2.373646243792507,275.64407951096314,2026-02-24T15:47:05+00:00,53,gfs.20260224/12/atmos/gfs.t12z.pgrb2.0p25.f053,"""8588cd4d76954b2d4247c0e0f767e2bf""",bilinear_uv_temperature,43.64515,78.535604
2,2026-02-24T18:00:00+00:00,2026-02-24T12:00:00+00:00,2026-02-26T17:00:00+00:00,47,9.11704623721997,2.3397810077477175,275.7591091123028,2026-02-24T15:47:05+00:00,53,gfs.20260224/12/atmos/gfs.t12z.pgrb2.0p25.f053,"""8588cd4d76954b2d4247c0e0f767e2bf""",bilinear_uv_temperature,43.643198,78.538828
1,2026-02-24T18:00:00+00:00,2026-02-24T12:00:00+00:00,2026-02-26T18:00:00+00:00,48,9.784449922140514,2.366838219965018,267.1697108665662,2026-02-24T15:48:13+00:00,54,gfs.20260224/12/atmos/gfs.t12z.pgrb2.0p25.f054,"""8da3387027cf34c192e5696b10771757""",bilinear_uv_temperature,43.64515,78.535604
2,2026-02-24T18:00:00+00:00,2026-02-24T12:00:00+00:00,2026-02-26T18:00:00+00:00,48,9.728899307666085,2.327018516566625,267.39086808840256,2026-02-24T15:48:13+00:00,54,gfs.20260224/12/atmos/gfs.t12z.pgrb2.0p25.f054,"""8da3387027cf34c192e5696b10771757""",bilinear_uv_temperature,43.643198,78.538828
1,2026-02-25T18:00:00+00:00,2026-02-25T12:00:00+00:00,2026-02-25T19:00:00+00:00,1,8.006809200435988,0.4765221585925019,76.11159043912403,2026-02-25T15:35:13+00:00,7,gfs.20260225/12/atmos/gfs.t12z.pgrb2.0p25.f007,"""be2421021853ccdf7da44e4676f2b909""",bilinear_uv_temperature,43.64515,78.535604
2,2026-02-25T18:00:00+00:00,2026-02-25T12:00:00+00:00,2026-02-25T19:00:00+00:00,1,7.90712789728904,0.4383286932997521,76.60623648180913,2026-02-25T15:35:13+00:00,7,gfs.20260225/12/atmos/gfs.t12z.pgrb2.0p25.f007,"""be2421021853ccdf7da44e4676f2b909""",bilinear_uv_temperature,43.643198,78.538828
1,2026-02-25T18:00:00+00:00,2026-02-25T12:00:00+00:00,2026-02-25T20:00:00+00:00,2,8.615096289063922,0.2856166380200307,81.73753756761383,2026-02-25T15:35:38+00:00,8,gfs.20260225/12/atmos/gfs.t12z.pgrb2.0p25.f008,"""63fb4e58170f897150a1eabc45fb7d66""",bilinear_uv_temperature,43.64515,78.535604
2,2026-02-25T18:00:00+00:00,2026-02-25T12:00:00+00:00,2026-02-25T20:00:00+00:00,2,8.513215247059996,0.24725512782481474,82.22928617565,2026-02-25T15:35:38+00:00,8,gfs.20260225/12/atmos/gfs.t12z.pgrb2.0p25.f008,"""63fb4e58170f897150a1eabc45fb7d66""",bilinear_uv_temperature,43.643198,78.538828
1,2026-02-25T18:00:00+00:00,2026-02-25T12:00:00+00:00,2026-02-25T21:00:00+00:00,3,8.076073083534384,0.08018978307251245,74.44919114234588,2026-02-25T15:37:03+00:00,9,gfs.20260225/12/atmos/gfs.t12z.pgrb2.0p25.f009,"""dd4783cda8e9fe24840ef4a4d2dd71b1""",bilinear_uv_temperature,43.64515,78.535604
2,2026-02-25T18:00:00+00:00,2026-02-25T12:00:00+00:00,2026-02-25T21:00:00+00:00,3,7.973254629904409,0.04759942797494432,74.9261937554353,2026-02-25T15:37:03+00:00,9,gfs.20260225/12/atmos/gfs.t12z.pgrb2.0p25.f009,"""dd4783cda8e9fe24840ef4a4d2dd71b1""",bilinear_uv_temperature,43.643198,78.538828
1,2026-02-25T18:00:00+00:00,2026-02-25T12:00:00+00:00,2026-02-25T22:00:00+00:00,4,7.6257847815783535,-0.24432811385395325,80.72268373916623,2026-02-25T15:36:50+00:00,10,gfs.20260225/12/atmos/gfs.t12z.pgrb2.0p25.f010,"""02c9e12ff6e70ab885b5f4fd6a5e1e3c""",bilinear_uv_temperature,43.64515,78.535604
2,2026-02-25T18:00:00+00:00,2026-02-25T12:00:00+00:00,2026-02-25T22:00:00+00:00,4,7.542388747284835,-0.2713022118149411,81.19402750211779,2026-02-25T15:36:50+00:00,10,gfs.20260225/12/atmos/gfs.t12z.pgrb2.0p25.f010,"""02c9e12ff6e70ab885b5f4fd6a5e1e3c""",bilinear_uv_temperature,43.643198,78.538828
1,2026-02-25T18:00:00+00:00,2026-02-25T12:00:00+00:00,2026-02-25T23:00:00+00:00,5,7.212002243317845,0.07419095513000684,84.02325216676884,2026-02-25T15:36:25+00:00,11,gfs.20260225/12/atmos/gfs.t12z.pgrb2.0p25.f011,"""d27ab4632bb2537540f7614cd3ce7362""",bilinear_uv_temperature,43.64515,78.535604
2,2026-02-25T18:00:00+00:00,2026-02-25T12:00:00+00:00,2026-02-25T23:00:00+00:00,5,7.1366612249423955,0.04785769758126435,84.51035086707672,2026-02-25T15:36:25+00:00,11,gfs.20260225/12/atmos/gfs.t12z.pgrb2.0p25.f011,"""d27ab4632bb2537540f7614cd3ce7362""",bilinear_uv_temperature,43.643198,78.538828
1,2026-02-25T18:00:00+00:00,2026-02-25T12:00:00+00:00,2026-02-26T00:00:00+00:00,6,6.5705927007041645,0.22933932391003964,73.79602180407342,2026-02-25T15:37:37+00:00,12,gfs.20260225/12/atmos/gfs.t12z.pgrb2.0p25.f012,"""673b3a135c3a109a18a821ef3f3f081a""",bilinear_uv_temperature,43.64515,78.535604
2,2026-02-25T18:00:00+00:00,2026-02-25T12:00:00+00:00,2026-02-26T00:00:00+00:00,6,6.492115416101858,0.2067432541883818,74.43859991489175,2026-02-25T15:37:37+00:00,12,gfs.20260225/12/atmos/gfs.t12z.pgrb2.0p25.f012,"""673b3a135c3a109a18a821ef3f3f081a""",bilinear_uv_temperature,43.643198,78.538828
1,2026-02-25T18:00:00+00:00,2026-02-25T12:00:00+00:00,2026-02-26T01:00:00+00:00,7,6.814978568299281,0.0851517082980422,71.34206051921775,2026-02-25T15:51:56+00:00,13,gfs.20260225/12/atmos/gfs.t12z.pgrb2.0p25.f013,"""9e6f3f63c25ae3d9901fa82a8d70c5ba""",bilinear_uv_temperature,43.64515,78.535604
2,2026-02-25T18:00:00+00:00,2026-02-25T12:00:00+00:00,2026-02-26T01:00:00+00:00,7,6.7424162009992585,0.0631957208215681,71.87600152536389,2026-02-25T15:51:56+00:00,13,gfs.20260225/12/atmos/gfs.t12z.pgrb2.0p25.f013,"""9e6f3f63c25ae3d9901fa82a8d70c5ba""",bilinear_uv_temperature,43.643198,78.538828
1,2026-02-25T18:00:00+00:00,2026-02-25T12:00:00+00:00,2026-02-26T02:00:00+00:00,8,5.73551458674437,0.40526006818504356,69.04314972014248,2026-02-25T15:37:27+00:00,14,gfs.20260225/12/atmos/gfs.t12z.pgrb2.0p25.f014,"""bafc9520c709e912259fda666c83b1ff""",bilinear_uv_temperature,43.64515,78.535604
2,2026-02-25T18:00:00+00:00,2026-02-25T12:00:00+00:00,2026-02-26T02:00:00+00:00,8,5.6755753158912,0.383141483839438,69.52623552176851,2026-02-25T15:37:27+00:00,14,gfs.20260225/12/atmos/gfs.t12z.pgrb2.0p25.f014,"""bafc9520c709e912259fda666c83b1ff""",bilinear_uv_temperature,43.643198,78.538828
1,2026-02-25T18:00:00+00:00,2026-02-25T12:00:00+00:00,2026-02-26T03:00:00+00:00,9,3.719854475743275,1.1104112839400386,67.30752997666416,2026-02-25T15:37:42+00:00,15,gfs.20260225/12/atmos/gfs.t12z.pgrb2.0p25.f015,"""9c001a2eecbf34eba0bb7f384c290bd9""",bilinear_uv_temperature,43.64515,78.535604
2,2026-02-25T18:00:00+00:00,2026-02-25T12:00:00+00:00,2026-02-26T03:00:00+00:00,9,3.66980844918973,1.0873239220455844,67.66546148530817,2026-02-25T15:37:42+00:00,15,gfs.20260225/12/atmos/gfs.t12z.pgrb2.0p25.f015,"""9c001a2eecbf34eba0bb7f384c290bd9""",bilinear_uv_temperature,43.643198,78.538828
1,2026-02-25T18:00:00+00:00,2026-02-25T12:00:00+00:00,2026-02-26T04:00:00+00:00,10,2.7827109800425003,2.42661878767251,70.461078039184,2026-02-25T15:37:42+00:00,16,gfs.20260225/12/atmos/gfs.t12z.pgrb2.0p25.f016,"""9eb980ea522e8cf98a781780fa01cc44""",bilinear_uv_temperature,43.64515,78.535604
2,2026-02-25T18:00:00+00:00,2026-02-25T12:00:00+00:00,2026-02-26T04:00:00+00:00,10,2.7451290155465293,2.3988119740789102,71.12239545780577,2026-02-25T15:37:42+00:00,16,gfs.20260225/12/atmos/gfs.t12z.pgrb2.0p25.f016,"""9eb980ea522e8cf98a781780fa01cc44""",bilinear_uv_temperature,43.643198,78.538828
1,2026-02-25T18:00:00+00:00,2026-02-25T12:00:00+00:00,2026-02-26T05:00:00+00:00,11,0.48656365012498287,3.3098899077250508,39.72459814949531,2026-02-25T15:52:36+00:00,17,gfs.20260225/12/atmos/gfs.t12z.pgrb2.0p25.f017,"""ee2dd2ea62c8d988ce9cbe86bf6bccf6""",bilinear_uv_temperature,43.64515,78.535604
2,2026-02-25T18:00:00+00:00,2026-02-25T12:00:00+00:00,2026-02-26T05:00:00+00:00,11,0.4675450002625114,3.2803534492290396,37.852063871173655,2026-02-25T15:52:36+00:00,17,gfs.20260225/12/atmos/gfs.t12z.pgrb2.0p25.f017,"""ee2dd2ea62c8d988ce9cbe86bf6bccf6""",bilinear_uv_temperature,43.643198,78.538828
1,2026-02-25T18:00:00+00:00,2026-02-25T12:00:00+00:00,2026-02-26T06:00:00+00:00,12,5.748253434304706,3.2451991521275545,257.8193868698858,2026-02-25T15:38:48+00:00,18,gfs.20260225/12/atmos/gfs.t12z.pgrb2.0p25.f018,"""4cad8f28b1bc88e668643cb61c97da3a""",bilinear_uv_temperature,43.64515,78.535604
2,2026-02-25T18:00:00+00:00,2026-02-25T12:00:00+00:00,2026-02-26T06:00:00+00:00,12,5.717200873350623,3.2027833364730327,258.319103740646,2026-02-25T15:38:48+00:00,18,gfs.20260225/12/atmos/gfs.t12z.pgrb2.0p25.f018,"""4cad8f28b1bc88e668643cb61c97da3a""",bilinear_uv_temperature,43.643198,78.538828
1,2026-02-25T18:00:00+00:00,2026-02-25T12:00:00+00:00,2026-02-26T07:00:00+00:00,13,5.97528155970161,3.5985937310325085,254.52908740218757,2026-02-25T15:38:37+00:00,19,gfs.20260225/12/atmos/gfs.t12z.pgrb2.0p25.f019,"""958b35cda610a418dd12a533d3b1f354""",bilinear_uv_temperature,43.64515,78.535604
2,2026-02-25T18:00:00+00:00,2026-02-25T12:00:00+00:00,2026-02-26T07:00:00+00:00,13,5.955049313560437,3.5512868500853187,254.527217151135,2026-02-25T15:38:37+00:00,19,gfs.20260225/12/atmos/gfs.t12z.pgrb2.0p25.f019,"""958b35cda610a418dd12a533d3b1f354""",bilinear_uv_temperature,43.643198,78.538828
1,2026-02-25T18:00:00+00:00,2026-02-25T12:00:00+00:00,2026-02-26T08:00:00+00:00,14,7.0130861203508,3.5787597522125907,263.1092396379014,2026-02-25T15:38:44+00:00,20,gfs.20260225/12/atmos/gfs.t12z.pgrb2.0p25.f020,"""09401812f51762480b2453072111fb2b""",bilinear_uv_temperature,43.64515,78.535604
2,2026-02-25T18:00:00+00:00,2026-02-25T12:00:00+00:00,2026-02-26T08:00:00+00:00,14,6.975609101686782,3.542175064468495,263.1128444050476,2026-02-25T15:38:44+00:00,20,gfs.20260225/12/atmos/gfs.t12z.pgrb2.0p25.f020,"""09401812f51762480b2453072111fb2b""",bilinear_uv_temperature,43.643198,78.538828
1,2026-02-25T18:00:00+00:00,2026-02-25T12:00:00+00:00,2026-02-26T09:00:00+00:00,15,5.2949556536704225,1.6262983608925765,275.4274348034204,2026-02-25T15:53:36+00:00,21,gfs.20260225/12/atmos/gfs.t12z.pgrb2.0p25.f021,"""f46171abef72d321e8eaa06190c2bf49""",bilinear_uv_temperature,43.64515,78.535604
2,2026-02-25T18:00:00+00:00,2026-02-25T12:00:00+00:00,2026-02-26T09:00:00+00:00,15,5.287976167287338,1.61768386635174,275.1328229578503,2026-02-25T15:53:36+00:00,21,gfs.20260225/12/atmos/gfs.t12z.pgrb2.0p25.f021,"""f46171abef72d321e8eaa06190c2bf49""",bilinear_uv_temperature,43.643198,78.538828
1,2026-02-25T18:00:00+00:00,2026-02-25T12:00:00+00:00,2026-02-26T10:00:00+00:00,16,6.163086598125988,1.2408924936200378,262.8701876539057,2026-02-25T15:40:05+00:00,22,gfs.20260225/12/atmos/gfs.t12z.pgrb2.0p25.f022,"""d4519a8f779d82ac3eb22a56e74a855e""",bilinear_uv_temperature,43.64515,78.535604
2,2026-02-25T18:00:00+00:00,2026-02-25T12:00:00+00:00,2026-02-26T10:00:00+00:00,16,6.148188864920564,1.2283156711688434,262.965558309463,2026-02-25T15:40:05+00:00,22,gfs.20260225/12/atmos/gfs.t12z.pgrb2.0p25.f022,"""d4519a8f779d82ac3eb22a56e74a855e""",bilinear_uv_temperature,43.643198,78.538828
1,2026-02-25T18:00:00+00:00,2026-02-25T12:00:00+00:00,2026-02-26T11:00:00+00:00,17,7.762589954271134,1.2516554707900696,260.65952204609806,2026-02-25T15:40:12+00:00,23,gfs.20260225/12/atmos/gfs.t12z.pgrb2.0p25.f023,"""91e0cf6e05652af4bae52b12f9042427""",bilinear_uv_temperature,43.64515,78.535604
2,2026-02-25T18:00:00+00:00,2026-02-25T12:00:00+00:00,2026-02-26T11:00:00+00:00,17,7.746658484029312,1.2304903966396523,260.7379227752815,2026-02-25T15:40:12+00:00,23,gfs.20260225/12/atmos/gfs.t12z.pgrb2.0p25.f023,"""91e0cf6e05652af4bae52b12f9042427""",bilinear_uv_temperature,43.643198,78.538828
1,2026-02-25T18:00:00+00:00,2026-02-25T12:00:00+00:00,2026-02-26T12:00:00+00:00,18,7.608871901129246,1.2536574868050252,255.74247002771688,2026-02-25T15:41:14+00:00,24,gfs.20260225/12/atmos/gfs.t12z.pgrb2.0p25.f024,"""7c9e829db80d20f414c6b5d2bf051ac3""",bilinear_uv_temperature,43.64515,78.535604
2,2026-02-25T18:00:00+00:00,2026-02-25T12:00:00+00:00,2026-02-26T12:00:00+00:00,18,7.611712382745067,1.2273140800082274,255.90034020062615,2026-02-25T15:41:14+00:00,24,gfs.20260225/12/atmos/gfs.t12z.pgrb2.0p25.f024,"""7c9e829db80d20f414c6b5d2bf051ac3""",bilinear_uv_temperature,43.643198,78.538828
1,2026-02-25T18:00:00+00:00,2026-02-25T12:00:00+00:00,2026-02-26T13:00:00+00:00,19,8.014002776180797,1.841225214192491,265.3337770822746,2026-02-25T15:41:08+00:00,25,gfs.20260225/12/atmos/gfs.t12z.pgrb2.0p25.f025,"""78df9d48f2afe2314e5fd9fae5b395ce""",bilinear_uv_temperature,43.64515,78.535604
2,2026-02-25T18:00:00+00:00,2026-02-25T12:00:00+00:00,2026-02-26T13:00:00+00:00,19,8.020291577760613,1.8138148366437008,265.39472319984156,2026-02-25T15:41:08+00:00,25,gfs.20260225/12/atmos/gfs.t12z.pgrb2.0p25.f025,"""78df9d48f2afe2314e5fd9fae5b395ce""",bilinear_uv_temperature,43.643198,78.538828
1,2026-02-25T18:00:00+00:00,2026-02-25T12:00:00+00:00,2026-02-26T14:00:00+00:00,20,7.277832313393561,2.0261758730900397,270.43888342760397,2026-02-25T15:41:24+00:00,26,gfs.20260225/12/atmos/gfs.t12z.pgrb2.0p25.f026,"""df79db2cd53f017b67343afb3bed6752""",bilinear_uv_temperature,43.64515,78.535604
2,2026-02-25T18:00:00+00:00,2026-02-25T12:00:00+00:00,2026-02-26T14:00:00+00:00,20,7.266026951234015,2.0014281696916214,270.49068712311924,2026-02-25T15:41:24+00:00,26,gfs.20260225/12/atmos/gfs.t12z.pgrb2.0p25.f026,"""df79db2cd53f017b67343afb3bed6752""",bilinear_uv_temperature,43.643198,78.538828
1,2026-02-25T18:00:00+00:00,2026-02-25T12:00:00+00:00,2026-02-26T15:00:00+00:00,21,8.008277121212306,2.0522293426650435,271.51351683528367,2026-02-25T15:41:48+00:00,27,gfs.20260225/12/atmos/gfs.t12z.pgrb2.0p25.f027,"""82a3f78e4cbbf65dd5e17f077341356a""",bilinear_uv_temperature,43.64515,78.535604
2,2026-02-25T18:00:00+00:00,2026-02-25T12:00:00+00:00,2026-02-26T15:00:00+00:00,21,7.9760525324301845,2.0186066685146216,271.47924613604846,2026-02-25T15:41:48+00:00,27,gfs.20260225/12/atmos/gfs.t12z.pgrb2.0p25.f027,"""82a3f78e4cbbf65dd5e17f077341356a""",bilinear_uv_temperature,43.643198,78.538828
1,2026-02-25T18:00:00+00:00,2026-02-25T12:00:00+00:00,2026-02-26T16:00:00+00:00,22,8.858204256248367,2.137656875955088,268.3092252082944,2026-02-25T15:41:39+00:00,28,gfs.20260225/12/atmos/gfs.t12z.pgrb2.0p25.f028,"""11ad73d3a4106392cdd8eed3518d7f0f""",bilinear_uv_temperature,43.64515,78.535604
2,2026-02-25T18:00:00+00:00,2026-02-25T12:00:00+00:00,2026-02-26T16:00:00+00:00,22,8.79352820564953,2.0971251276542375,268.28140531483365,2026-02-25T15:41:39+00:00,28,gfs.20260225/12/atmos/gfs.t12z.pgrb2.0p25.f028,"""11ad73d3a4106392cdd8eed3518d7f0f""",bilinear_uv_temperature,43.643198,78.538828
1,2026-02-25T18:00:00+00:00,2026-02-25T12:00:00+00:00,2026-02-26T17:00:00+00:00,23,9.51000158758916,1.2302422214400508,275.4804096323895,2026-02-25T15:42:01+00:00,29,gfs.20260225/12/atmos/gfs.t12z.pgrb2.0p25.f029,"""d7dcc703ef7adf16f8e473a53f65325a""",bilinear_uv_temperature,43.64515,78.535604
2,2026-02-25T18:00:00+00:00,2026-02-25T12:00:00+00:00,2026-02-26T17:00:00+00:00,23,9.453825380575033,1.205593259545651,275.3712122426831,2026-02-25T15:42:01+00:00,29,gfs.20260225/12/atmos/gfs.t12z.pgrb2.0p25.f029,"""d7dcc703ef7adf16f8e473a53f65325a""",bilinear_uv_temperature,43.643198,78.538828
1,2026-02-25T18:00:00+00:00,2026-02-25T12:00:00+00:00,2026-02-26T18:00:00+00:00,24,10.759667020747159,1.1343331984800216,276.2497797974909,2026-02-25T15:42:03+00:00,30,gfs.20260225/12/atmos/gfs.t12z.pgrb2.0p25.f030,"""bcf859ac0103850ffdfc4980940b5ad8""",bilinear_uv_temperature,43.64515,78.535604
2,2026-02-25T18:00:00+00:00,2026-02-25T12:00:00+00:00,2026-02-26T18:00:00+00:00,24,10.734309915725259,1.110109562435241,276.24547411008837,2026-02-25T15:42:03+00:00,30,gfs.20260225/12/atmos/gfs.t12z.pgrb2.0p25.f030,"""bcf859ac0103850ffdfc4980940b5ad8""",bilinear_uv_temperature,43.643198,78.538828
1,2026-02-25T18:00:00+00:00,2026-02-25T12:00:00+00:00,2026-02-26T19:00:00+00:00,25,8.15135231803067,0.01365861927001788,276.4819337919249,2026-02-25T15:42:16+00:00,31,gfs.20260225/12/atmos/gfs.t12z.pgrb2.0p25.f031,"""a99c290d1e250e88421088bbd7ef205c""",bilinear_uv_temperature,43.64515,78.535604
2,2026-02-25T18:00:00+00:00,2026-02-25T12:00:00+00:00,2026-02-26T19:00:00+00:00,25,8.136918928626432,-5.969092518398611e-05,276.44211825349225,2026-02-25T15:42:16+00:00,31,gfs.20260225/12/atmos/gfs.t12z.pgrb2.0p25.f031,"""a99c290d1e250e88421088bbd7ef205c""",bilinear_uv_temperature,43.643198,78.538828
1,2026-02-25T18:00:00+00:00,2026-02-25T12:00:00+00:00,2026-02-26T20:00:00+00:00,26,7.228958511707893,0.022490564800023094,269.28764679323854,2026-02-25T15:42:27+00:00,32,gfs.20260225/12/atmos/gfs.t12z.pgrb2.0p25.f032,"""2939074e0cb1615a388be47baccb6c46""",bilinear_uv_temperature,43.64515,78.535604
2,2026-02-25T18:00:00+00:00,2026-02-25T12:00:00+00:00,2026-02-26T20:00:00+00:00,26,7.2169164117448625,0.0012567355520332057,269.2273346206293,2026-02-25T15:42:27+00:00,32,gfs.20260225/12/atmos/gfs.t12z.pgrb2.0p25.f032,"""2939074e0cb1615a388be47baccb6c46""",bilinear_uv_temperature,43.643198,78.538828
1,2026-02-25T18:00:00+00:00,2026-02-25T12:00:00+00:00,2026-02-26T21:00:00+00:00,27,7.686914428501758,0.017217281379998894,266.63054106986243,2026-02-25T15:43:51+00:00,33,gfs.20260225/12/atmos/gfs.t12z.pgrb2.0p25.f033,"""6cd0a26fdc8950096b5b3ffc748eea51""",bilinear_uv_temperature,43.64515,78.535604
2,2026-02-25T18:00:00+00:00,2026-02-25T12:00:00+00:00,2026-02-26T21:00:00+00:00,27,7.654822589208721,-0.013079496168813876,266.61894007367215,2026-02-25T15:43:51+00:00,33,gfs.20260225/12/atmos/gfs.t12z.pgrb2.0p25.f033,"""6cd0a26fdc8950096b5b3ffc748eea51""",bilinear_uv_temperature,43.643198,78.538828
1,2026-02-25T18:00:00+00:00,2026-02-25T12:00:00+00:00,2026-02-26T22:00:00+00:00,28,7.848513775319512,-0.13305423893245916,259.1478491394783,2026-02-25T15:43:21+00:00,34,gfs.20260225/12/atmos/gfs.t12z.pgrb2.0p25.f034,"""0d90040d965e97e8b7916879b37e0909""",bilinear_uv_temperature,43.64515,78.535604
2,2026-02-25T18:00:00+00:00,2026-02-25T12:00:00+00:00,2026-02-26T22:00:00+00:00,28,7.81886391298121,-0.16905341648129024,259.12588657203173,2026-02-25T15:43:21+00:00,34,gfs.20260225/12/atmos/gfs.t12z.pgrb2.0p25.f034,"""0d90040d965e97e8b7916879b37e0909""",bilinear_uv_temperature,43.643198,78.538828
1,2026-02-25T18:00:00+00:00,2026-02-25T12:00:00+00:00,2026-02-26T23:00:00+00:00,29,7.48662708158478,-0.7231432591149769,251.2948088780779,2026-02-25T15:43:35+00:00,35,gfs.20260225/12/atmos/gfs.t12z.pgrb2.0p25.f035,"""7b4a78bb4ff10e054ccc9149f9e0eeab""",bilinear_uv_temperature,43.64515,78.535604
2,2026-02-25T18:00:00+00:00,2026-02-25T12:00:00+00:00,2026-02-26T23:00:00+00:00,29,7.46961160835386,-0.7510136142125816,251.39275414735977,2026-02-25T15:43:35+00:00,35,gfs.20260225/12/atmos/gfs.t12z.pgrb2.0p25.f035,"""7b4a78bb4ff10e054ccc9149f9e0eeab""",bilinear_uv_temperature,43.643198,78.538828
1,2026-02-25T18:00:00+00:00,2026-02-25T12:00:00+00:00,2026-02-27T00:00:00+00:00,30,6.426980745188687,-0.5863267392799685,264.0153720131324,2026-02-25T15:43:51+00:00,36,gfs.20260225/12/atmos/gfs.t12z.pgrb2.0p25.f036,"""673a5f4ca265d5fb658a3b1e3bfb020d""",bilinear_uv_temperature,43.64515,78.535604
2,2026-02-25T18:00:00+00:00,2026-02-25T12:00:00+00:00,2026-02-27T00:00:00+00:00,30,6.422333002958915,-0.6057968202271695,263.88867254246077,2026-02-25T15:43:51+00:00,36,gfs.20260225/12/atmos/gfs.t12z.pgrb2.0p25.f036,"""673a5f4ca265d5fb658a3b1e3bfb020d""",bilinear_uv_temperature,43.643198,78.538828
1,2026-02-25T18:00:00+00:00,2026-02-25T12:00:00+00:00,2026-02-27T01:00:00+00:00,31,5.41641185499724,-1.013216473086004,265.31152357900515,2026-02-25T15:43:52+00:00,37,gfs.20260225/12/atmos/gfs.t12z.pgrb2.0p25.f037,"""288edef43edc1d8b4b6a99b5a2193071""",bilinear_uv_temperature,43.64515,78.535604
2,2026-02-25T18:00:00+00:00,2026-02-25T12:00:00+00:00,2026-02-27T01:00:00+00:00,31,5.420882423142563,-1.0412850263505788,265.29108187035115,2026-02-25T15:43:52+00:00,37,gfs.20260225/12/atmos/gfs.t12z.pgrb2.0p25.f037,"""288edef43edc1d8b4b6a99b5a2193071""",bilinear_uv_temperature,43.643198,78.538828
1,2026-02-25T18:00:00+00:00,2026-02-25T12:00:00+00:00,2026-02-27T02:00:00+00:00,32,5.325154875343347,-0.6540136877174518,247.3766651653237,2026-02-25T15:58:41+00:00,38,gfs.20260225/12/atmos/gfs.t12z.pgrb2.0p25.f038,"""51d5fbc98eb80b091c55492b9bd68be7""",bilinear_uv_temperature,43.64515,78.535604
2,2026-02-25T18:00:00+00:00,2026-02-25T12:00:00+00:00,2026-02-27T02:00:00+00:00,32,5.326651372118471,-0.6804757686646781,247.31524601621624,2026-02-25T15:58:41+00:00,38,gfs.20260225/12/atmos/gfs.t12z.pgrb2.0p25.f038,"""51d5fbc98eb80b091c55492b9bd68be7""",bilinear_uv_temperature,43.643198,78.538828
1,2026-02-25T18:00:00+00:00,2026-02-25T12:00:00+00:00,2026-02-27T03:00:00+00:00,33,5.95992657290976,-0.25912655841995047,253.5802755903418,2026-02-25T15:44:32+00:00,39,gfs.20260225/12/atmos/gfs.t12z.pgrb2.0p25.f039,"""6e716823b2974d1a729c9df0fbf72f05""",bilinear_uv_temperature,43.64515,78.535604
2,2026-02-25T18:00:00+00:00,2026-02-25T12:00:00+00:00,2026-02-27T03:00:00+00:00,33,5.953628566387431,-0.28193670672078497,253.55002778790828,2026-02-25T15:44:32+00:00,39,gfs.20260225/12/atmos/gfs.t12z.pgrb2.0p25.f039,"""6e716823b2974d1a729c9df0fbf72f05""",bilinear_uv_temperature,43.643198,78.538828
1,2026-02-25T18:00:00+00:00,2026-02-25T12:00:00+00:00,2026-02-27T04:00:00+00:00,34,5.8806242505766235,-0.07727241827245734,257.2015460336991,2026-02-25T15:44:39+00:00,40,gfs.20260225/12/atmos/gfs.t12z.pgrb2.0p25.f040,"""89c59a19cc6de1e405de88cdb1f80b40""",bilinear_uv_temperature,43.64515,78.535604
2,2026-02-25T18:00:00+00:00,2026-02-25T12:00:00+00:00,2026-02-27T04:00:00+00:00,34,5.8615573134643,-0.09660389242287692,257.1829251391579,2026-02-25T15:44:39+00:00,40,gfs.20260225/12/atmos/gfs.t12z.pgrb2.0p25.f040,"""89c59a19cc6de1e405de88cdb1f80b40""",bilinear_uv_temperature,43.643198,78.538828
1,2026-02-25T18:00:00+00:00,2026-02-25T12:00:00+00:00,2026-02-27T05:00:00+00:00,35,5.9476674298824275,0.17140800720505922,261.92363089430734,2026-02-25T15:44:24+00:00,41,gfs.20260225/12/atmos/gfs.t12z.pgrb2.0p25.f041,"""43babfb482c5f6bc8186062f25e84ba0""",bilinear_uv_temperature,43.64515,78.535604
2,2026-02-25T18:00:00+00:00,2026-02-25T12:00:00+00:00,2026-02-27T05:00:00+00:00,35,5.92409010383293,0.14856265890421128,261.9720015202532,2026-02-25T15:44:24+00:00,41,gfs.20260225/12/atmos/gfs.t12z.pgrb2.0p25.f041,"""43babfb482c5f6bc8186062f25e84ba0""",bilinear_uv_temperature,43.643198,78.538828
1,2026-02-25T18:00:00+00:00,2026-02-25T12:00:00+00:00,2026-02-27T06:00:00+00:00,36,6.331742070356701,0.4436619968750506,263.1815683428215,2026-02-25T15:45:35+00:00,42,gfs.20260225/12/atmos/gfs.t12z.pgrb2.0p25.f042,"""129f7bd7615fde651ec9faddc5794b95""",bilinear_uv_temperature,43.64515,78.535604
2,2026-02-25T18:00:00+00:00,2026-02-25T12:00:00+00:00,2026-02-27T06:00:00+00:00,36,6.3015418193112325,0.4148075968749936,263.2624230394811,2026-02-25T15:45:35+00:00,42,gfs.20260225/12/atmos/gfs.t12z.pgrb2.0p25.f042,"""129f7bd7615fde651ec9faddc5794b95""",bilinear_uv_temperature,43.643198,78.538828
1,2026-02-25T18:00:00+00:00,2026-02-25T12:00:00+00:00,2026-02-27T07:00:00+00:00,37,6.497047931829797,0.543344390894049,261.2030455495206,2026-02-25T15:44:44+00:00,43,gfs.20260225/12/atmos/gfs.t12z.pgrb2.0p25.f043,"""a61b74a47d3c8fc9dd6e69827d5cdc18""",bilinear_uv_temperature,43.64515,78.535604
2,2026-02-25T18:00:00+00:00,2026-02-25T12:00:00+00:00,2026-02-27T07:00:00+00:00,37,6.460760721254206,0.5142340547045592,261.3044864693216,2026-02-25T15:44:44+00:00,43,gfs.20260225/12/atmos/gfs.t12z.pgrb2.0p25.f043,"""a61b74a47d3c8fc9dd6e69827d5cdc18""",bilinear_uv_temperature,43.643198,78.538828
1,2026-02-25T18:00:00+00:00,2026-02-25T12:00:00+00:00,2026-02-27T08:00:00+00:00,38,7.99748168702903,0.17640999319405637,263.5763902630705,2026-02-25T15:45:36+00:00,44,gfs.20260225/12/atmos/gfs.t12z.pgrb2.0p25.f044,"""fdf695d8aadb34fa240a6ef0bd81a161""",bilinear_uv_temperature,43.64515,78.535604
2,2026-02-25T18:00:00+00:00,2026-02-25T12:00:00+00:00,2026-02-27T08:00:00+00:00,38,7.939853069425915,0.15004406775653933,263.74823421579924,2026-02-25T15:45:36+00:00,44,gfs.20260225/12/atmos/gfs.t12z.pgrb2.0p25.f044,"""fdf695d8aadb34fa240a6ef0bd81a161""",bilinear_uv_temperature,43.643198,78.538828
1,2026-02-25T18:00:00+00:00,2026-02-25T12:00:00+00:00,2026-02-27T09:00:00+00:00,39,9.03389082461269,-0.5392010458899676,260.40831300201785,2026-02-25T15:45:47+00:00,45,gfs.20260225/12/atmos/gfs.t12z.pgrb2.0p25.f045,"""b20c36e95d6f4715550b2aa38a56430f""",bilinear_uv_temperature,43.64515,78.535604
2,2026-02-25T18:00:00+00:00,2026-02-25T12:00:00+00:00,2026-02-27T09:00:00+00:00,39,8.974450069055093,-0.5661172063636286,260.5426790661781,2026-02-25T15:45:47+00:00,45,gfs.20260225/12/atmos/gfs.t12z.pgrb2.0p25.f045,"""b20c36e95d6f4715550b2aa38a56430f""",bilinear_uv_temperature,43.643198,78.538828
1,2026-02-25T18:00:00+00:00,2026-02-25T12:00:00+00:00,2026-02-27T10:00:00+00:00,40,9.993338705009466,-1.0112775874179647,259.39885479129134,2026-02-25T15:45:49+00:00,46,gfs.20260225/12/atmos/gfs.t12z.pgrb2.0p25.f046,"""0bef92a16c4160b8d86fce6db937ba75""",bilinear_uv_temperature,43.64515,78.535604
2,2026-02-25T18:00:00+00:00,2026-02-25T12:00:00+00:00,2026-02-27T10:00:00+00:00,40,9.925853413179242,-1.041503910610345,259.534252727752,2026-02-25T15:45:49+00:00,46,gfs.20260225/12/atmos/gfs.t12z.pgrb2.0p25.f046,"""0bef92a16c4160b8d86fce6db937ba75""",bilinear_uv_temperature,43.643198,78.538828
1,2026-02-25T18:00:00+00:00,2026-02-25T12:00:00+00:00,2026-02-27T11:00:00+00:00,41,10.477064539084033,-1.5886538451219963,258.15054594047314,2026-02-25T15:46:03+00:00,47,gfs.20260225/12/atmos/gfs.t12z.pgrb2.0p25.f047,"""4d08e4c3ffda873feea83461414a116f""",bilinear_uv_temperature,43.64515,78.535604
2,2026-02-25T18:00:00+00:00,2026-02-25T12:00:00+00:00,2026-02-27T11:00:00+00:00,41,10.410920257781278,-1.6188174208992905,258.2994603866351,2026-02-25T15:46:03+00:00,47,gfs.20260225/12/atmos/gfs.t12z.pgrb2.0p25.f047,"""4d08e4c3ffda873feea83461414a116f""",bilinear_uv_temperature,43.643198,78.538828
1,2026-02-25T18:00:00+00:00,2026-02-25T12:00:00+00:00,2026-02-27T12:00:00+00:00,42,10.349200539302231,-2.5010950246359585,256.5579653637176,2026-02-25T15:47:05+00:00,48,gfs.20260225/12/atmos/gfs.t12z.pgrb2.0p25.f048,"""6e6cf3d373d381ed11040d2c1a7e73d5""",bilinear_uv_temperature,43.64515,78.535604
2,2026-02-25T18:00:00+00:00,2026-02-25T12:00:00+00:00,2026-02-27T12:00:00+00:00,42,10.283013603945003,-2.5317205617726017,256.696917662145,2026-02-25T15:47:05+00:00,48,gfs.20260225/12/atmos/gfs.t12z.pgrb2.0p25.f048,"""6e6cf3d373d381ed11040d2c1a7e73d5""",bilinear_uv_temperature,43.643198,78.538828
1,2026-02-25T18:00:00+00:00,2026-02-25T12:00:00+00:00,2026-02-27T13:00:00+00:00,43,10.397728417911424,-3.4560469038459587,253.82432731484568,2026-02-25T15:47:03+00:00,49,gfs.20260225/12/atmos/gfs.t12z.pgrb2.0p25.f049,"""cdeedaa7a967324526d7544bba5e5e68""",bilinear_uv_temperature,43.64515,78.535604
2,2026-02-25T18:00:00+00:00,2026-02-25T12:00:00+00:00,2026-02-27T13:00:00+00:00,43,10.329077089854788,-3.488647435133032,253.93649731528467,2026-02-25T15:47:03+00:00,49,gfs.20260225/12/atmos/gfs.t12z.pgrb2.0p25.f049,"""cdeedaa7a967324526d7544bba5e5e68""",bilinear_uv_temperature,43.643198,78.538828
1,2026-02-25T18:00:00+00:00,2026-02-25T12:00:00+00:00,2026-02-27T14:00:00+00:00,44,10.172883652045861,-4.047998221297917,251.5798483875921,2026-02-25T16:01:51+00:00,50,gfs.20260225/12/atmos/gfs.t12z.pgrb2.0p25.f050,"""069f9fae793b15dba2e29bb7acbde16c""",bilinear_uv_temperature,43.64515,78.535604
2,2026-02-25T18:00:00+00:00,2026-02-25T12:00:00+00:00,2026-02-27T14:00:00+00:00,44,10.110419611940038,-4.0833178469414975,251.66815807950294,2026-02-25T16:01:51+00:00,50,gfs.20260225/12/atmos/gfs.t12z.pgrb2.0p25.f050,"""069f9fae793b15dba2e29bb7acbde16c""",bilinear_uv_temperature,43.643198,78.538828
1,2026-02-25T18:00:00+00:00,2026-02-25T12:00:00+00:00,2026-02-27T15:00:00+00:00,45,9.926296834336078,-4.5013460731599935,251.1194724012966,2026-02-25T15:48:01+00:00,51,gfs.20260225/12/atmos/gfs.t12z.pgrb2.0p25.f051,"""56272086a36f1b53554d2dd4a6ac25ab""",bilinear_uv_temperature,43.64515,78.535604
2,2026-02-25T18:00:00+00:00,2026-02-25T12:00:00+00:00,2026-02-27T15:00:00+00:00,45,9.866388292113486,-4.533306896558372,251.216894089839,2026-02-25T15:48:01+00:00,51,gfs.20260225/12/atmos/gfs.t12z.pgrb2.0p25.f051,"""56272086a36f1b53554d2dd4a6ac25ab""",bilinear_uv_temperature,43.643198,78.538828
1,2026-02-25T18:00:00+00:00,2026-02-25T12:00:00+00:00,2026-02-27T16:00:00+00:00,46,9.768483217309493,-4.698660430355972,251.69113402322716,2026-02-25T15:48:18+00:00,52,gfs.20260225/12/atmos/gfs.t12z.pgrb2.0p25.f052,"""f06693ea9387c387418c4d67457eca6f""",bilinear_uv_temperature,43.64515,78.535604
2,2026-02-25T18:00:00+00:00,2026-02-25T12:00:00+00:00,2026-02-27T16:00:00+00:00,46,9.706152512450418,-4.72868212654538,251.81060782302401,2026-02-25T15:48:18+00:00,52,gfs.20260225/12/atmos/gfs.t12z.pgrb2.0p25.f052,"""f06693ea9387c387418c4d67457eca6f""",bilinear_uv_temperature,43.643198,78.538828
1,2026-02-25T18:00:00+00:00,2026-02-25T12:00:00+00:00,2026-02-27T17:00:00+00:00,47,9.708046517829361,-5.00725689030395,251.50894543599173,2026-02-25T15:48:08+00:00,53,gfs.20260225/12/atmos/gfs.t12z.pgrb2.0p25.f053,"""808efaf63898b57171e9ef3175ca5737""",bilinear_uv_temperature,43.64515,78.535604
2,2026-02-25T18:00:00+00:00,2026-02-25T12:00:00+00:00,2026-02-27T17:00:00+00:00,47,9.645734095751328,-5.036267697512983,251.6384312662467,2026-02-25T15:48:08+00:00,53,gfs.20260225/12/atmos/gfs.t12z.pgrb2.0p25.f053,"""808efaf63898b57171e9ef3175ca5737""",bilinear_uv_temperature,43.643198,78.538828
1,2026-02-25T18:00:00+00:00,2026-02-25T12:00:00+00:00,2026-02-27T18:00:00+00:00,48,9.534246187105847,-5.313901264180004,250.6995472045915,2026-02-25T15:48:47+00:00,54,gfs.20260225/12/atmos/gfs.t12z.pgrb2.0p25.f054,"""6d0970b62ccc20c3ca6b306d825f6c60""",bilinear_uv_temperature,43.64515,78.535604
2,2026-02-25T18:00:00+00:00,2026-02-25T12:00:00+00:00,2026-02-27T18:00:00+00:00,48,9.475864790763039,-5.342374270503171,250.82180121544934,2026-02-25T15:48:47+00:00,54,gfs.20260225/12/atmos/gfs.t12z.pgrb2.0p25.f054,"""6d0970b62ccc20c3ca6b306d825f6c60""",bilinear_uv_temperature,43.643198,78.538828
1,2026-02-26T18:00:00+00:00,2026-02-26T12:00:00+00:00,2026-02-26T19:00:00+00:00,1,9.808060654070376,0.7913249514750191,265.38046433272063,2026-02-26T15:34:38+00:00,7,gfs.20260226/12/atmos/gfs.t12z.pgrb2.0p25.f007,"""920b77f2e8e8671c8638cf8337ea3ac2""",bilinear_uv_temperature,43.64515,78.535604
2,2026-02-26T18:00:00+00:00,2026-02-26T12:00:00+00:00,2026-02-26T19:00:00+00:00,1,9.793264255897379,0.7602620929790191,265.4966888985484,2026-02-26T15:34:38+00:00,7,gfs.20260226/12/atmos/gfs.t12z.pgrb2.0p25.f007,"""920b77f2e8e8671c8638cf8337ea3ac2""",bilinear_uv_temperature,43.643198,78.538828
1,2026-02-26T18:00:00+00:00,2026-02-26T12:00:00+00:00,2026-02-26T20:00:00+00:00,2,8.00182117191734,0.47437562035503333,266.1397425299713,2026-02-26T15:49:32+00:00,8,gfs.20260226/12/atmos/gfs.t12z.pgrb2.0p25.f008,"""1b26f70a3d1efb3a9f156db3309e5248""",bilinear_uv_temperature,43.64515,78.535604
2,2026-02-26T18:00:00+00:00,2026-02-26T12:00:00+00:00,2026-02-26T20:00:00+00:00,2,7.974883747653773,0.44937118431022327,266.2129600484185,2026-02-26T15:49:32+00:00,8,gfs.20260226/12/atmos/gfs.t12z.pgrb2.0p25.f008,"""1b26f70a3d1efb3a9f156db3309e5248""",bilinear_uv_temperature,43.643198,78.538828
1,2026-02-26T18:00:00+00:00,2026-02-26T12:00:00+00:00,2026-02-26T21:00:00+00:00,3,7.333638953888266,0.1192307296000763,257.726624343702,2026-02-26T15:35:43+00:00,9,gfs.20260226/12/atmos/gfs.t12z.pgrb2.0p25.f009,"""a40f35fb3b7fec3d0b6132b4a83c8ccb""",bilinear_uv_temperature,43.64515,78.535604
2,2026-02-26T18:00:00+00:00,2026-02-26T12:00:00+00:00,2026-02-26T21:00:00+00:00,3,7.3080613215854,0.10011667110404687,257.7458396418233,2026-02-26T15:35:43+00:00,9,gfs.20260226/12/atmos/gfs.t12z.pgrb2.0p25.f009,"""a40f35fb3b7fec3d0b6132b4a83c8ccb""",bilinear_uv_temperature,43.643198,78.538828
1,2026-02-26T18:00:00+00:00,2026-02-26T12:00:00+00:00,2026-02-26T22:00:00+00:00,4,7.266487116800897,0.3442160377600203,252.9776842290858,2026-02-26T15:35:51+00:00,10,gfs.20260226/12/atmos/gfs.t12z.pgrb2.0p25.f010,"""9a256ca47cd4b7a3f75f64fa9921085c""",bilinear_uv_temperature,43.64515,78.535604
2,2026-02-26T18:00:00+00:00,2026-02-26T12:00:00+00:00,2026-02-26T22:00:00+00:00,4,7.277602824037412,0.32181128266245196,253.0517332372359,2026-02-26T15:35:51+00:00,10,gfs.20260226/12/atmos/gfs.t12z.pgrb2.0p25.f010,"""9a256ca47cd4b7a3f75f64fa9921085c""",bilinear_uv_temperature,43.643198,78.538828
1,2026-02-26T18:00:00+00:00,2026-02-26T12:00:00+00:00,2026-02-26T23:00:00+00:00,5,7.224047138351298,0.53493370039007,259.9177125544994,2026-02-26T15:51:06+00:00,11,gfs.20260226/12/atmos/gfs.t12z.pgrb2.0p25.f011,"""f91cf1e7d04b9009949ffb6b9f358e76""",bilinear_uv_temperature,43.64515,78.535604
2,2026-02-26T18:00:00+00:00,2026-02-26T12:00:00+00:00,2026-02-26T23:00:00+00:00,5,7.233216628961897,0.5094897677436165,259.95554028328047,2026-02-26T15:51:06+00:00,11,gfs.20260226/12/atmos/gfs.t12z.pgrb2.0p25.f011,"""f91cf1e7d04b9009949ffb6b9f358e76""",bilinear_uv_temperature,43.643198,78.538828
1,2026-02-26T18:00:00+00:00,2026-02-26T12:00:00+00:00,2026-02-27T00:00:00+00:00,6,6.202481568812435,0.14430447912252475,258.1746392671125,2026-02-26T15:36:59+00:00,12,gfs.20260226/12/atmos/gfs.t12z.pgrb2.0p25.f012,"""8250de7259bdcd82a3bb746ef9175b1a""",bilinear_uv_temperature,43.64515,78.535604
2,2026-02-26T18:00:00+00:00,2026-02-26T12:00:00+00:00,2026-02-27T00:00:00+00:00,6,6.2067275751377915,0.1271074947769648,258.18250676697346,2026-02-26T15:36:59+00:00,12,gfs.20260226/12/atmos/gfs.t12z.pgrb2.0p25.f012,"""8250de7259bdcd82a3bb746ef9175b1a""",bilinear_uv_temperature,43.643198,78.538828
1,2026-02-26T18:00:00+00:00,2026-02-26T12:00:00+00:00,2026-02-27T01:00:00+00:00,7,5.969016857673797,0.34323318945257597,256.94648404190156,2026-02-26T15:37:15+00:00,13,gfs.20260226/12/atmos/gfs.t12z.pgrb2.0p25.f013,"""4d74473507f5c985c99e1598cacedaeb""",bilinear_uv_temperature,43.64515,78.535604
2,2026-02-26T18:00:00+00:00,2026-02-26T12:00:00+00:00,2026-02-27T01:00:00+00:00,7,5.962194456107493,0.31880685680613396,256.94855382301273,2026-02-26T15:37:15+00:00,13,gfs.20260226/12/atmos/gfs.t12z.pgrb2.0p25.f013,"""4d74473507f5c985c99e1598cacedaeb""",bilinear_uv_temperature,43.643198,78.538828
1,2026-02-26T18:00:00+00:00,2026-02-26T12:00:00+00:00,2026-02-27T02:00:00+00:00,8,5.3070539970905415,0.4440894811625071,249.57361098736715,2026-02-26T15:37:13+00:00,14,gfs.20260226/12/atmos/gfs.t12z.pgrb2.0p25.f014,"""fbc1a0e3ca50a8702066a2f5fb522729""",bilinear_uv_temperature,43.64515,78.535604
2,2026-02-26T18:00:00+00:00,2026-02-26T12:00:00+00:00,2026-02-27T02:00:00+00:00,8,5.304780861782827,0.4205626226665231,249.47741487850107,2026-02-26T15:37:13+00:00,14,gfs.20260226/12/atmos/gfs.t12z.pgrb2.0p25.f014,"""fbc1a0e3ca50a8702066a2f5fb522729""",bilinear_uv_temperature,43.643198,78.538828
1,2026-02-26T18:00:00+00:00,2026-02-26T12:00:00+00:00,2026-02-27T03:00:00+00:00,9,4.785784223258117,0.74247389257755,253.84990109341146,2026-02-26T15:37:27+00:00,15,gfs.20260226/12/atmos/gfs.t12z.pgrb2.0p25.f015,"""887158da7c6e3dca680337b27ec5605d""",bilinear_uv_temperature,43.64515,78.535604
2,2026-02-26T18:00:00+00:00,2026-02-26T12:00:00+00:00,2026-02-27T03:00:00+00:00,9,4.785382304004324,0.724293959931174,253.77190974546016,2026-02-26T15:37:27+00:00,15,gfs.20260226/12/atmos/gfs.t12z.pgrb2.0p25.f015,"""887158da7c6e3dca680337b27ec5605d""",bilinear_uv_temperature,43.643198,78.538828
1,2026-02-26T18:00:00+00:00,2026-02-26T12:00:00+00:00,2026-02-27T04:00:00+00:00,10,4.503820387969878,1.1111865371524914,258.63845116050265,2026-02-26T15:37:21+00:00,16,gfs.20260226/12/atmos/gfs.t12z.pgrb2.0p25.f016,"""5520dfee85dc3d52e4e86c84c06f5150""",bilinear_uv_temperature,43.64515,78.535604
2,2026-02-26T18:00:00+00:00,2026-02-26T12:00:00+00:00,2026-02-27T04:00:00+00:00,10,4.496234356227053,1.0919044337541095,258.66858744138193,2026-02-26T15:37:21+00:00,16,gfs.20260226/12/atmos/gfs.t12z.pgrb2.0p25.f016,"""5520dfee85dc3d52e4e86c84c06f5150""",bilinear_uv_temperature,43.643198,78.538828
1,2026-02-26T18:00:00+00:00,2026-02-26T12:00:00+00:00,2026-02-27T05:00:00+00:00,11,4.573181285402959,1.4547826262150352,266.2433061179859,2026-02-26T15:38:18+00:00,17,gfs.20260226/12/atmos/gfs.t12z.pgrb2.0p25.f017,"""c9e7334ed82a6b5e1816d17b917cd23a""",bilinear_uv_temperature,43.64515,78.535604
2,2026-02-26T18:00:00+00:00,2026-02-26T12:00:00+00:00,2026-02-27T05:00:00+00:00,11,4.555499998498872,1.4354653228166399,266.32627168583775,2026-02-26T15:38:18+00:00,17,gfs.20260226/12/atmos/gfs.t12z.pgrb2.0p25.f017,"""c9e7334ed82a6b5e1816d17b917cd23a""",bilinear_uv_temperature,43.643198,78.538828
1,2026-02-26T18:00:00+00:00,2026-02-26T12:00:00+00:00,2026-02-27T06:00:00+00:00,12,5.009572390084664,1.9571202052950412,262.8533187838841,2026-02-26T15:38:16+00:00,18,gfs.20260226/12/atmos/gfs.t12z.pgrb2.0p25.f018,"""ac63c6219d659a4dc0093a79543c0526""",bilinear_uv_temperature,43.64515,78.535604
2,2026-02-26T18:00:00+00:00,2026-02-26T12:00:00+00:00,2026-02-27T06:00:00+00:00,12,4.981976198255985,1.9238183535958342,263.1240666928429,2026-02-26T15:38:16+00:00,18,gfs.20260226/12/atmos/gfs.t12z.pgrb2.0p25.f018,"""ac63c6219d659a4dc0093a79543c0526""",bilinear_uv_temperature,43.643198,78.538828
1,2026-02-26T18:00:00+00:00,2026-02-26T12:00:00+00:00,2026-02-27T07:00:00+00:00,13,5.940280259163467,2.5591279155375446,260.55743224177183,2026-02-26T15:38:01+00:00,19,gfs.20260226/12/atmos/gfs.t12z.pgrb2.0p25.f019,"""6e12429bbf0be906a1d6a62f045f846f""",bilinear_uv_temperature,43.64515,78.535604
2,2026-02-26T18:00:00+00:00,2026-02-26T12:00:00+00:00,2026-02-27T07:00:00+00:00,13,5.897835340888635,2.519441057041547,260.76354739821835,2026-02-26T15:38:01+00:00,19,gfs.20260226/12/atmos/gfs.t12z.pgrb2.0p25.f019,"""6e12429bbf0be906a1d6a62f045f846f""",bilinear_uv_temperature,43.643198,78.538828
1,2026-02-26T18:00:00+00:00,2026-02-26T12:00:00+00:00,2026-02-27T08:00:00+00:00,14,6.663890558032487,2.85520234717751,261.0211472276695,2026-02-26T15:52:50+00:00,20,gfs.20260226/12/atmos/gfs.t12z.pgrb2.0p25.f020,"""e51a223d5531443acd5d4b5c7ae9a2c2""",bilinear_uv_temperature,43.64515,78.535604
2,2026-02-26T18:00:00+00:00,2026-02-26T12:00:00+00:00,2026-02-27T08:00:00+00:00,14,6.618963659061526,2.8162763560351323,261.15012460871804,2026-02-26T15:52:50+00:00,20,gfs.20260226/12/atmos/gfs.t12z.pgrb2.0p25.f020,"""e51a223d5531443acd5d4b5c7ae9a2c2""",bilinear_uv_temperature,43.643198,78.538828
1,2026-02-26T18:00:00+00:00,2026-02-26T12:00:00+00:00,2026-02-27T09:00:00+00:00,15,7.452814627413635,2.589788767286052,264.53335255250175,2026-02-26T15:39:06+00:00,21,gfs.20260226/12/atmos/gfs.t12z.pgrb2.0p25.f021,"""92f8c3e8e3a872b7a58f820255fcbb12""",bilinear_uv_temperature,43.64515,78.535604
2,2026-02-26T18:00:00+00:00,2026-02-26T12:00:00+00:00,2026-02-27T09:00:00+00:00,15,7.402342805087897,2.5570797635586473,264.6971772634903,2026-02-26T15:39:06+00:00,21,gfs.20260226/12/atmos/gfs.t12z.pgrb2.0p25.f021,"""92f8c3e8e3a872b7a58f820255fcbb12""",bilinear_uv_temperature,43.643198,78.538828
1,2026-02-26T18:00:00+00:00,2026-02-26T12:00:00+00:00,2026-02-27T10:00:00+00:00,16,8.401326799553757,2.1626704330460598,262.8229437057121,2026-02-26T15:39:28+00:00,22,gfs.20260226/12/atmos/gfs.t12z.pgrb2.0p25.f022,"""8d722813ac63e19fe9706f3d4c7d4fa8""",bilinear_uv_temperature,43.64515,78.535604
2,2026-02-26T18:00:00+00:00,2026-02-26T12:00:00+00:00,2026-02-27T10:00:00+00:00,16,8.34603425710485,2.130385887341049,262.9774842849702,2026-02-26T15:39:28+00:00,22,gfs.20260226/12/atmos/gfs.t12z.pgrb2.0p25.f022,"""8d722813ac63e19fe9706f3d4c7d4fa8""",bilinear_uv_temperature,43.643198,78.538828
1,2026-02-26T18:00:00+00:00,2026-02-26T12:00:00+00:00,2026-02-27T11:00:00+00:00,17,9.118400941828863,1.2881239125120487,261.39960011090784,2026-02-26T15:39:22+00:00,23,gfs.20260226/12/atmos/gfs.t12z.pgrb2.0p25.f023,"""8a87dc1c5f446100355fee8663df4c29""",bilinear_uv_temperature,43.64515,78.535604
2,2026-02-26T18:00:00+00:00,2026-02-26T12:00:00+00:00,2026-02-27T11:00:00+00:00,17,9.059164808510245,1.260779462522919,261.53876094055624,2026-02-26T15:39:22+00:00,23,gfs.20260226/12/atmos/gfs.t12z.pgrb2.0p25.f023,"""8a87dc1c5f446100355fee8663df4c29""",bilinear_uv_temperature,43.643198,78.538828
1,2026-02-26T18:00:00+00:00,2026-02-26T12:00:00+00:00,2026-02-27T12:00:00+00:00,18,9.564797339776385,0.002295732434049569,260.22039774797577,2026-02-26T15:40:19+00:00,24,gfs.20260226/12/atmos/gfs.t12z.pgrb2.0p25.f024,"""c1018c99533659bde70b63685ff01313""",bilinear_uv_temperature,43.64515,78.535604
2,2026-02-26T18:00:00+00:00,2026-02-26T12:00:00+00:00,2026-02-27T12:00:00+00:00,18,9.498129724742851,-0.016904251025835038,260.37947018292846,2026-02-26T15:40:19+00:00,24,gfs.20260226/12/atmos/gfs.t12z.pgrb2.0p25.f024,"""c1018c99533659bde70b63685ff01313""",bilinear_uv_temperature,43.643198,78.538828
1,2026-02-26T18:00:00+00:00,2026-02-26T12:00:00+00:00,2026-02-27T13:00:00+00:00,19,9.739585212824514,-0.8015723878259564,257.261143932402,2026-02-26T15:40:29+00:00,25,gfs.20260226/12/atmos/gfs.t12z.pgrb2.0p25.f025,"""218432fdc72140daa5c71325c482ead8""",bilinear_uv_temperature,43.64515,78.535604
2,2026-02-26T18:00:00+00:00,2026-02-26T12:00:00+00:00,2026-02-27T13:00:00+00:00,19,9.674011916610754,-0.822800256188259,257.4107139557153,2026-02-26T15:40:29+00:00,25,gfs.20260226/12/atmos/gfs.t12z.pgrb2.0p25.f025,"""218432fdc72140daa5c71325c482ead8""",bilinear_uv_temperature,43.643198,78.538828
1,2026-02-26T18:00:00+00:00,2026-02-26T12:00:00+00:00,2026-02-27T14:00:00+00:00,20,10.037863662103362,-1.5062311568839277,257.6055273810791,2026-02-26T15:40:34+00:00,26,gfs.20260226/12/atmos/gfs.t12z.pgrb2.0p25.f026,"""761bd4a11daf8c92c9062ce2581e290f""",bilinear_uv_temperature,43.64515,78.535604
2,2026-02-26T18:00:00+00:00,2026-02-26T12:00:00+00:00,2026-02-27T14:00:00+00:00,20,9.974734146055262,-1.5312516557921754,257.71480660161933,2026-02-26T15:40:34+00:00,26,gfs.20260226/12/atmos/gfs.t12z.pgrb2.0p25.f026,"""761bd4a11daf8c92c9062ce2581e290f""",bilinear_uv_temperature,43.643198,78.538828
1,2026-02-26T18:00:00+00:00,2026-02-26T12:00:00+00:00,2026-02-27T15:00:00+00:00,21,9.775878312748066,-2.2301104324959624,258.0341788333346,2026-02-26T15:55:07+00:00,27,gfs.20260226/12/atmos/gfs.t12z.pgrb2.0p25.f027,"""6df21bb4e3b51207811e0518dec05155""",bilinear_uv_temperature,43.64515,78.535604
2,2026-02-26T18:00:00+00:00,2026-02-26T12:00:00+00:00,2026-02-27T15:00:00+00:00,21,9.712858166181825,-2.2600854091590463,258.14460889387846,2026-02-26T15:55:07+00:00,27,gfs.20260226/12/atmos/gfs.t12z.pgrb2.0p25.f027,"""6df21bb4e3b51207811e0518dec05155""",bilinear_uv_temperature,43.643198,78.538828
1,2026-02-26T18:00:00+00:00,2026-02-26T12:00:00+00:00,2026-02-27T16:00:00+00:00,22,9.345758153234208,-2.8322915774699595,252.32333512116136,2026-02-26T15:40:29+00:00,28,gfs.20260226/12/atmos/gfs.t12z.pgrb2.0p25.f028,"""8a3d2334f6ac905da7bae87d6f45c919""",bilinear_uv_temperature,43.64515,78.535604
2,2026-02-26T18:00:00+00:00,2026-02-26T12:00:00+00:00,2026-02-27T16:00:00+00:00,22,9.284536780223025,-2.8667879896428303,252.44911074802147,2026-02-26T15:40:29+00:00,28,gfs.20260226/12/atmos/gfs.t12z.pgrb2.0p25.f028,"""8a3d2334f6ac905da7bae87d6f45c919""",bilinear_uv_temperature,43.643198,78.538828
1,2026-02-26T18:00:00+00:00,2026-02-26T12:00:00+00:00,2026-02-27T17:00:00+00:00,23,9.210519701623301,-3.4099668233119473,249.15770812826327,2026-02-26T15:55:31+00:00,29,gfs.20260226/12/atmos/gfs.t12z.pgrb2.0p25.f029,"""7ff7ffff4258cd96c79e80c294b6c6ea""",bilinear_uv_temperature,43.64515,78.535604
2,2026-02-26T18:00:00+00:00,2026-02-26T12:00:00+00:00,2026-02-27T17:00:00+00:00,23,9.14649061082643,-3.442477050314835,249.27528609979913,2026-02-26T15:55:31+00:00,29,gfs.20260226/12/atmos/gfs.t12z.pgrb2.0p25.f029,"""7ff7ffff4258cd96c79e80c294b6c6ea""",bilinear_uv_temperature,43.643198,78.538828
1,2026-02-26T18:00:00+00:00,2026-02-26T12:00:00+00:00,2026-02-27T18:00:00+00:00,24,8.969526490073866,-3.74962189502196,246.64144649600513,2026-02-26T15:41:25+00:00,30,gfs.20260226/12/atmos/gfs.t12z.pgrb2.0p25.f030,"""b4cece8deb5424051e270aa2e26bdad1""",bilinear_uv_temperature,43.64515,78.535604
2,2026-02-26T18:00:00+00:00,2026-02-26T12:00:00+00:00,2026-02-27T18:00:00+00:00,24,8.904818066489746,-3.779925036175257,246.7347764585155,2026-02-26T15:41:25+00:00,30,gfs.20260226/12/atmos/gfs.t12z.pgrb2.0p25.f030,"""b4cece8deb5424051e270aa2e26bdad1""",bilinear_uv_temperature,43.643198,78.538828
1,2026-02-26T18:00:00+00:00,2026-02-26T12:00:00+00:00,2026-02-27T19:00:00+00:00,25,9.4230635035094,-4.0206140940319415,252.51495246403908,2026-02-26T15:41:29+00:00,31,gfs.20260226/12/atmos/gfs.t12z.pgrb2.0p25.f031,"""c3e64befb286eefbca8a520d394a8737""",bilinear_uv_temperature,43.64515,78.535604
2,2026-02-26T18:00:00+00:00,2026-02-26T12:00:00+00:00,2026-02-27T19:00:00+00:00,25,9.353442943279266,-4.049384160087698,252.65878200648072,2026-02-26T15:41:29+00:00,31,gfs.20260226/12/atmos/gfs.t12z.pgrb2.0p25.f031,"""c3e64befb286eefbca8a520d394a8737""",bilinear_uv_temperature,43.643198,78.538828
1,2026-02-26T18:00:00+00:00,2026-02-26T12:00:00+00:00,2026-02-27T20:00:00+00:00,26,9.501987012881656,-4.31435207801195,248.97492086019744,2026-02-26T15:41:45+00:00,32,gfs.20260226/12/atmos/gfs.t12z.pgrb2.0p25.f032,"""2b4f459493ce06c75199654a54baf925""",bilinear_uv_temperature,43.64515,78.535604
2,2026-02-26T18:00:00+00:00,2026-02-26T12:00:00+00:00,2026-02-27T20:00:00+00:00,26,9.432901971918223,-4.341532201142911,249.09726948100507,2026-02-26T15:41:45+00:00,32,gfs.20260226/12/atmos/gfs.t12z.pgrb2.0p25.f032,"""2b4f459493ce06c75199654a54baf925""",bilinear_uv_temperature,43.643198,78.538828
1,2026-02-26T18:00:00+00:00,2026-02-26T12:00:00+00:00,2026-02-27T21:00:00+00:00,27,9.777329152667335,-4.617960374054007,250.12399943519347,2026-02-26T15:42:48+00:00,33,gfs.20260226/12/atmos/gfs.t12z.pgrb2.0p25.f033,"""379b69545ef8733b57ed5a7b0c13f0c4""",bilinear_uv_temperature,43.64515,78.535604
2,2026-02-26T18:00:00+00:00,2026-02-26T12:00:00+00:00,2026-02-27T21:00:00+00:00,27,9.707165185231842,-4.643013741262962,250.2686528142292,2026-02-26T15:42:48+00:00,33,gfs.20260226/12/atmos/gfs.t12z.pgrb2.0p25.f033,"""379b69545ef8733b57ed5a7b0c13f0c4""",bilinear_uv_temperature,43.643198,78.538828
1,2026-02-26T18:00:00+00:00,2026-02-26T12:00:00+00:00,2026-02-27T22:00:00+00:00,28,9.973034334164407,-4.916730620737951,250.76554780727457,2026-02-26T15:42:36+00:00,34,gfs.20260226/12/atmos/gfs.t12z.pgrb2.0p25.f034,"""cd453e06a45fa26056b180c3a874208a""",bilinear_uv_temperature,43.64515,78.535604
2,2026-02-26T18:00:00+00:00,2026-02-26T12:00:00+00:00,2026-02-27T22:00:00+00:00,28,9.899448387079119,-4.940266337607113,250.9164906506254,2026-02-26T15:42:36+00:00,34,gfs.20260226/12/atmos/gfs.t12z.pgrb2.0p25.f034,"""cd453e06a45fa26056b180c3a874208a""",bilinear_uv_temperature,43.643198,78.538828
1,2026-02-26T18:00:00+00:00,2026-02-26T12:00:00+00:00,2026-02-27T23:00:00+00:00,29,9.86270868601157,-5.0927658793099795,251.49614133723003,2026-02-26T15:42:53+00:00,35,gfs.20260226/12/atmos/gfs.t12z.pgrb2.0p25.f035,"""cab1ced22988caf0ad4c4f434fe4389a""",bilinear_uv_temperature,43.64515,78.535604
2,2026-02-26T18:00:00+00:00,2026-02-26T12:00:00+00:00,2026-02-27T23:00:00+00:00,29,9.792547578136228,-5.118302428084405,251.64340556473906,2026-02-26T15:42:53+00:00,35,gfs.20260226/12/atmos/gfs.t12z.pgrb2.0p25.f035,"""cab1ced22988caf0ad4c4f434fe4389a""",bilinear_uv_temperature,43.643198,78.538828
1,2026-02-26T18:00:00+00:00,2026-02-26T12:00:00+00:00,2026-02-28T00:00:00+00:00,30,9.688268100162201,-5.243846416145971,251.82095688705834,2026-02-26T15:43:35+00:00,36,gfs.20260226/12/atmos/gfs.t12z.pgrb2.0p25.f036,"""95515a49b3b64f85ede2e97e69a4d263""",bilinear_uv_temperature,43.64515,78.535604
2,2026-02-26T18:00:00+00:00,2026-02-26T12:00:00+00:00,2026-02-28T00:00:00+00:00,30,9.621071086059674,-5.268678718185015,251.97723245446704,2026-02-26T15:43:35+00:00,36,gfs.20260226/12/atmos/gfs.t12z.pgrb2.0p25.f036,"""95515a49b3b64f85ede2e97e69a4d263""",bilinear_uv_temperature,43.643198,78.538828
1,2026-02-26T18:00:00+00:00,2026-02-26T12:00:00+00:00,2026-02-28T01:00:00+00:00,31,9.524087854768311,-5.367942480125976,252.12314146186827,2026-02-26T15:43:53+00:00,37,gfs.20260226/12/atmos/gfs.t12z.pgrb2.0p25.f037,"""51b7d9cb5dca3429669a628deb931a87""",bilinear_uv_temperature,43.64515,78.535604
2,2026-02-26T18:00:00+00:00,2026-02-26T12:00:00+00:00,2026-02-28T01:00:00+00:00,31,9.457944101477226,-5.390987399240203,252.26990203281565,2026-02-26T15:43:53+00:00,37,gfs.20260226/12/atmos/gfs.t12z.pgrb2.0p25.f037,"""51b7d9cb5dca3429669a628deb931a87""",bilinear_uv_temperature,43.643198,78.538828
1,2026-02-26T18:00:00+00:00,2026-02-26T12:00:00+00:00,2026-02-28T02:00:00+00:00,32,9.479943085590136,-5.533761779743941,251.30753938260972,2026-02-26T15:43:46+00:00,38,gfs.20260226/12/atmos/gfs.t12z.pgrb2.0p25.f038,"""7f7a22dd269f2a55db2db81d83e51e3f""",bilinear_uv_temperature,43.64515,78.535604
2,2026-02-26T18:00:00+00:00,2026-02-26T12:00:00+00:00,2026-02-28T02:00:00+00:00,32,9.410900385235346,-5.555683078178561,251.4717630641711,2026-02-26T15:43:46+00:00,38,gfs.20260226/12/atmos/gfs.t12z.pgrb2.0p25.f038,"""7f7a22dd269f2a55db2db81d83e51e3f""",bilinear_uv_temperature,43.643198,78.538828
1,2026-02-26T18:00:00+00:00,2026-02-26T12:00:00+00:00,2026-02-28T03:00:00+00:00,33,9.567393711993759,-5.220194711119973,253.4735093372382,2026-02-26T15:44:01+00:00,39,gfs.20260226/12/atmos/gfs.t12z.pgrb2.0p25.f039,"""037a75d191f86c1cf831fe2bc01b69f8""",bilinear_uv_temperature,43.64515,78.535604
2,2026-02-26T18:00:00+00:00,2026-02-26T12:00:00+00:00,2026-02-28T03:00:00+00:00,33,9.49226269626969,-5.237304928668834,253.6269162505832,2026-02-26T15:44:01+00:00,39,gfs.20260226/12/atmos/gfs.t12z.pgrb2.0p25.f039,"""037a75d191f86c1cf831fe2bc01b69f8""",bilinear_uv_temperature,43.643198,78.538828
1,2026-02-26T18:00:00+00:00,2026-02-26T12:00:00+00:00,2026-02-28T04:00:00+00:00,34,9.716993520579063,-4.676566796939937,256.6560912462601,2026-02-26T15:43:50+00:00,40,gfs.20260226/12/atmos/gfs.t12z.pgrb2.0p25.f040,"""52c50b02b7c5eb74c9943c552b0816ff""",bilinear_uv_temperature,43.64515,78.535604
2,2026-02-26T18:00:00+00:00,2026-02-26T12:00:00+00:00,2026-02-28T04:00:00+00:00,34,9.63710681079107,-4.694000488165614,256.8168572885623,2026-02-26T15:43:50+00:00,40,gfs.20260226/12/atmos/gfs.t12z.pgrb2.0p25.f040,"""52c50b02b7c5eb74c9943c552b0816ff""",bilinear_uv_temperature,43.643198,78.538828
1,2026-02-26T18:00:00+00:00,2026-02-26T12:00:00+00:00,2026-02-28T05:00:00+00:00,35,9.422000768655053,-4.1846738157899495,256.39924101473576,2026-02-26T15:44:07+00:00,41,gfs.20260226/12/atmos/gfs.t12z.pgrb2.0p25.f041,"""83dcbfe29dbebe2ce098affe187217a7""",bilinear_uv_temperature,43.64515,78.535604
2,2026-02-26T18:00:00+00:00,2026-02-26T12:00:00+00:00,2026-02-28T05:00:00+00:00,35,9.349139958102493,-4.202242501639546,256.5701279365982,2026-02-26T15:44:07+00:00,41,gfs.20260226/12/atmos/gfs.t12z.pgrb2.0p25.f041,"""83dcbfe29dbebe2ce098affe187217a7""",bilinear_uv_temperature,43.643198,78.538828
1,2026-02-26T18:00:00+00:00,2026-02-26T12:00:00+00:00,2026-02-28T06:00:00+00:00,36,9.28312064536748,-3.510275983237932,258.0255395119682,2026-02-26T15:44:45+00:00,42,gfs.20260226/12/atmos/gfs.t12z.pgrb2.0p25.f042,"""de0d38a43cdac0b8becbfb6a7b031ef6""",bilinear_uv_temperature,43.64515,78.535604
2,2026-02-26T18:00:00+00:00,2026-02-26T12:00:00+00:00,2026-02-28T06:00:00+00:00,36,9.212006028788624,-3.5318571401070926,258.22253617009665,2026-02-26T15:44:45+00:00,42,gfs.20260226/12/atmos/gfs.t12z.pgrb2.0p25.f042,"""de0d38a43cdac0b8becbfb6a7b031ef6""",bilinear_uv_temperature,43.643198,78.538828
1,2026-02-26T18:00:00+00:00,2026-02-26T12:00:00+00:00,2026-02-28T07:00:00+00:00,37,9.38170571199168,-3.0957191132599746,258.06667764234123,2026-02-26T15:44:59+00:00,43,gfs.20260226/12/atmos/gfs.t12z.pgrb2.0p25.f043,"""8a644bf06336c35f17398800806ee6fc""",bilinear_uv_temperature,43.64515,78.535604
2,2026-02-26T18:00:00+00:00,2026-02-26T12:00:00+00:00,2026-02-28T07:00:00+00:00,37,9.308893938065335,-3.11651285128238,258.23188770699255,2026-02-26T15:44:59+00:00,43,gfs.20260226/12/atmos/gfs.t12z.pgrb2.0p25.f043,"""8a644bf06336c35f17398800806ee6fc""",bilinear_uv_temperature,43.643198,78.538828
1,2026-02-26T18:00:00+00:00,2026-02-26T12:00:00+00:00,2026-02-28T08:00:00+00:00,38,9.645298318517717,-2.864480964891982,259.9645728558651,2026-02-26T15:44:59+00:00,44,gfs.20260226/12/atmos/gfs.t12z.pgrb2.0p25.f044,"""5dc41c63d1a68fe76681247c4667665f""",bilinear_uv_temperature,43.64515,78.535604
2,2026-02-26T18:00:00+00:00,2026-02-26T12:00:00+00:00,2026-02-28T08:00:00+00:00,38,9.57082252717572,-2.884935923594128,260.1384752265499,2026-02-26T15:44:59+00:00,44,gfs.20260226/12/atmos/gfs.t12z.pgrb2.0p25.f044,"""5dc41c63d1a68fe76681247c4667665f""",bilinear_uv_temperature,43.643198,78.538828
1,2026-02-26T18:00:00+00:00,2026-02-26T12:00:00+00:00,2026-02-28T09:00:00+00:00,39,9.655620865681712,-2.789648397187989,258.3673980818238,2026-02-26T15:45:41+00:00,45,gfs.20260226/12/atmos/gfs.t12z.pgrb2.0p25.f045,"""2e82ea089704cf50ce0ecc5bb3b3047a""",bilinear_uv_temperature,43.64515,78.535604
2,2026-02-26T18:00:00+00:00,2026-02-26T12:00:00+00:00,2026-02-28T09:00:00+00:00,39,9.58289205673865,-2.8136691433051055,258.5313330134543,2026-02-26T15:45:41+00:00,45,gfs.20260226/12/atmos/gfs.t12z.pgrb2.0p25.f045,"""2e82ea089704cf50ce0ecc5bb3b3047a""",bilinear_uv_temperature,43.643198,78.538828
1,2026-02-26T18:00:00+00:00,2026-02-26T12:00:00+00:00,2026-02-28T10:00:00+00:00,40,9.437860231820327,-2.867508400863983,255.98576120412574,2026-02-26T15:59:55+00:00,46,gfs.20260226/12/atmos/gfs.t12z.pgrb2.0p25.f046,"""86c193b2749f21bd4833d14cd5ee8420""",bilinear_uv_temperature,43.64515,78.535604
2,2026-02-26T18:00:00+00:00,2026-02-26T12:00:00+00:00,2026-02-28T10:00:00+00:00,40,9.371202135670712,-2.893841036847334,256.1183468004105,2026-02-26T15:59:55+00:00,46,gfs.20260226/12/atmos/gfs.t12z.pgrb2.0p25.f046,"""86c193b2749f21bd4833d14cd5ee8420""",bilinear_uv_temperature,43.643198,78.538828
1,2026-02-26T18:00:00+00:00,2026-02-26T12:00:00+00:00,2026-02-28T11:00:00+00:00,41,8.82309351204207,-3.228803005277996,253.23040271473576,2026-02-26T15:45:57+00:00,47,gfs.20260226/12/atmos/gfs.t12z.pgrb2.0p25.f047,"""01f72c13acdbc0d22484a1ceaafcb44d""",bilinear_uv_temperature,43.64515,78.535604
2,2026-02-26T18:00:00+00:00,2026-02-26T12:00:00+00:00,2026-02-28T11:00:00+00:00,41,8.761729477804606,-3.2540747679967126,253.35056497014753,2026-02-26T15:45:57+00:00,47,gfs.20260226/12/atmos/gfs.t12z.pgrb2.0p25.f047,"""01f72c13acdbc0d22484a1ceaafcb44d""",bilinear_uv_temperature,43.643198,78.538828
1,2026-02-26T18:00:00+00:00,2026-02-26T12:00:00+00:00,2026-02-28T12:00:00+00:00,42,7.922985675178608,-3.8490583623439534,249.93415599024036,2026-02-26T15:46:16+00:00,48,gfs.20260226/12/atmos/gfs.t12z.pgrb2.0p25.f048,"""cc0a5e195811413d193c9b720fe08195""",bilinear_uv_temperature,43.64515,78.535604
2,2026-02-26T18:00:00+00:00,2026-02-26T12:00:00+00:00,2026-02-28T12:00:00+00:00,42,7.866206788788572,-3.8737527354025474,250.05151954474184,2026-02-26T15:46:16+00:00,48,gfs.20260226/12/atmos/gfs.t12z.pgrb2.0p25.f048,"""cc0a5e195811413d193c9b720fe08195""",bilinear_uv_temperature,43.643198,78.538828
1,2026-02-26T18:00:00+00:00,2026-02-26T12:00:00+00:00,2026-02-28T13:00:00+00:00,43,7.392181754068767,-4.540990496527968,246.04589330566324,2026-02-26T15:46:14+00:00,49,gfs.20260226/12/atmos/gfs.t12z.pgrb2.0p25.f049,"""4c498bd6354effa10136732fa115ae40""",bilinear_uv_temperature,43.64515,78.535604
2,2026-02-26T18:00:00+00:00,2026-02-26T12:00:00+00:00,2026-02-28T13:00:00+00:00,43,7.3325669105485805,-4.562507379246711,246.19278459184414,2026-02-26T15:46:14+00:00,49,gfs.20260226/12/atmos/gfs.t12z.pgrb2.0p25.f049,"""4c498bd6354effa10136732fa115ae40""",bilinear_uv_temperature,43.643198,78.538828
1,2026-02-26T18:00:00+00:00,2026-02-26T12:00:00+00:00,2026-02-28T14:00:00+00:00,44,6.7153124176848795,-4.596158753364023,245.940254088796,2026-02-26T15:47:09+00:00,50,gfs.20260226/12/atmos/gfs.t12z.pgrb2.0p25.f050,"""83d132311faf1394ec7224f1cbf919d2""",bilinear_uv_temperature,43.64515,78.535604
2,2026-02-26T18:00:00+00:00,2026-02-26T12:00:00+00:00,2026-02-28T14:00:00+00:00,44,6.6586193249787,-4.611957629347387,246.08521122168895,2026-02-26T15:47:09+00:00,50,gfs.20260226/12/atmos/gfs.t12z.pgrb2.0p25.f050,"""83d132311faf1394ec7224f1cbf919d2""",bilinear_uv_temperature,43.643198,78.538828
1,2026-02-26T18:00:00+00:00,2026-02-26T12:00:00+00:00,2026-02-28T15:00:00+00:00,45,6.002882433787038,-4.647741018467968,249.2042141413753,2026-02-26T15:46:52+00:00,51,gfs.20260226/12/atmos/gfs.t12z.pgrb2.0p25.f051,"""756645f898fa0afb1b3888cbb754c19d""",bilinear_uv_temperature,43.64515,78.535604
2,2026-02-26T18:00:00+00:00,2026-02-26T12:00:00+00:00,2026-02-28T15:00:00+00:00,45,5.952083454979131,-4.663073672412338,249.4170289284372,2026-02-26T15:46:52+00:00,51,gfs.20260226/12/atmos/gfs.t12z.pgrb2.0p25.f051,"""756645f898fa0afb1b3888cbb754c19d""",bilinear_uv_temperature,43.643198,78.538828
1,2026-02-26T18:00:00+00:00,2026-02-26T12:00:00+00:00,2026-02-28T16:00:00+00:00,46,5.4787171878236745,-4.830302635685996,252.78052468178515,2026-02-26T15:47:06+00:00,52,gfs.20260226/12/atmos/gfs.t12z.pgrb2.0p25.f052,"""c4df3d6b97d0c8ec6679738aedc82a49""",bilinear_uv_temperature,43.64515,78.535604
2,2026-02-26T18:00:00+00:00,2026-02-26T12:00:00+00:00,2026-02-28T16:00:00+00:00,46,5.430253588478415,-4.84538618357459,253.03543179267953,2026-02-26T15:47:06+00:00,52,gfs.20260226/12/atmos/gfs.t12z.pgrb2.0p25.f052,"""c4df3d6b97d0c8ec6679738aedc82a49""",bilinear_uv_temperature,43.643198,78.538828
1,2026-02-26T18:00:00+00:00,2026-02-26T12:00:00+00:00,2026-02-28T17:00:00+00:00,47,4.876826553188862,-5.028991403493933,255.05456069851215,2026-02-26T15:47:17+00:00,53,gfs.20260226/12/atmos/gfs.t12z.pgrb2.0p25.f053,"""a4959e631a8c11b1551de67018c92564""",bilinear_uv_temperature,43.64515,78.535604
2,2026-02-26T18:00:00+00:00,2026-02-26T12:00:00+00:00,2026-02-28T17:00:00+00:00,47,4.836641844407283,-5.048899261928568,255.2936926680742,2026-02-26T15:47:17+00:00,53,gfs.20260226/12/atmos/gfs.t12z.pgrb2.0p25.f053,"""a4959e631a8c11b1551de67018c92564""",bilinear_uv_temperature,43.643198,78.538828
1,2026-02-26T18:00:00+00:00,2026-02-26T12:00:00+00:00,2026-02-28T18:00:00+00:00,48,4.918179027087571,-5.204796019973969,257.9469639321105,2026-02-26T15:48:05+00:00,54,gfs.20260226/12/atmos/gfs.t12z.pgrb2.0p25.f054,"""e604c1a45a9c3cecf830f27b9575b273""",bilinear_uv_temperature,43.64515,78.535604
2,2026-02-26T18:00:00+00:00,2026-02-26T12:00:00+00:00,2026-02-28T18:00:00+00:00,48,4.882021308701817,-5.2286259354837625,258.13783949839666,2026-02-26T15:48:05+00:00,54,gfs.20260226/12/atmos/gfs.t12z.pgrb2.0p25.f054,"""e604c1a45a9c3cecf830f27b9575b273""",bilinear_uv_temperature,43.643198,78.538828
1,2026-02-27T18:00:00+00:00,2026-02-27T12:00:00+00:00,2026-02-27T19:00:00+00:00,1,9.24812598184385,-2.8162816483160213,250.56079584053845,2026-02-27T15:35:26+00:00,7,gfs.20260227/12/atmos/gfs.t12z.pgrb2.0p25.f007,"""d6baa1818db8b3583577e0f04082a203""",bilinear_uv_temperature,43.64515,78.535604
2,2026-02-27T18:00:00+00:00,2026-02-27T12:00:00+00:00,2026-02-27T19:00:00+00:00,1,9.173363768613454,-2.8377359386558396,250.71046582623381,2026-02-27T15:35:26+00:00,7,gfs.20260227/12/atmos/gfs.t12z.pgrb2.0p25.f007,"""d6baa1818db8b3583577e0f04082a203""",bilinear_uv_temperature,43.643198,78.538828
1,2026-02-27T18:00:00+00:00,2026-02-27T12:00:00+00:00,2026-02-27T20:00:00+00:00,2,9.467873404954394,-3.2895347430859943,253.29794965725932,2026-02-27T15:50:39+00:00,8,gfs.20260227/12/atmos/gfs.t12z.pgrb2.0p25.f008,"""ff3c054d72a9e4b2934a27e6cccb6c60""",bilinear_uv_temperature,43.64515,78.535604
2,2026-02-27T18:00:00+00:00,2026-02-27T12:00:00+00:00,2026-02-27T20:00:00+00:00,2,9.398294128387056,-3.310423456350634,253.43373033971415,2026-02-27T15:50:39+00:00,8,gfs.20260227/12/atmos/gfs.t12z.pgrb2.0p25.f008,"""ff3c054d72a9e4b2934a27e6cccb6c60""",bilinear_uv_temperature,43.643198,78.538828
1,2026-02-27T18:00:00+00:00,2026-02-27T12:00:00+00:00,2026-02-27T21:00:00+00:00,3,9.03594829920393,-3.5110201534159273,253.3192774054223,2026-02-27T15:36:35+00:00,9,gfs.20260227/12/atmos/gfs.t12z.pgrb2.0p25.f009,"""b06e5f48f522ce92b079f0077201f115""",bilinear_uv_temperature,43.64515,78.535604
2,2026-02-27T18:00:00+00:00,2026-02-27T12:00:00+00:00,2026-02-27T21:00:00+00:00,3,8.973693922583662,-3.5326462383798116,253.4416903795978,2026-02-27T15:36:35+00:00,9,gfs.20260227/12/atmos/gfs.t12z.pgrb2.0p25.f009,"""b06e5f48f522ce92b079f0077201f115""",bilinear_uv_temperature,43.643198,78.538828
1,2026-02-27T18:00:00+00:00,2026-02-27T12:00:00+00:00,2026-02-27T22:00:00+00:00,4,9.50465464529863,-4.16359207749997,251.7935719828099,2026-02-27T15:36:35+00:00,10,gfs.20260227/12/atmos/gfs.t12z.pgrb2.0p25.f010,"""ad39fdc2e1ceaf53329f159ffd8fba82""",bilinear_uv_temperature,43.64515,78.535604
2,2026-02-27T18:00:00+00:00,2026-02-27T12:00:00+00:00,2026-02-27T22:00:00+00:00,4,9.440002942668213,-4.18856967749997,251.92730694142713,2026-02-27T15:36:35+00:00,10,gfs.20260227/12/atmos/gfs.t12z.pgrb2.0p25.f010,"""ad39fdc2e1ceaf53329f159ffd8fba82""",bilinear_uv_temperature,43.643198,78.538828
1,2026-02-27T18:00:00+00:00,2026-02-27T12:00:00+00:00,2026-02-27T23:00:00+00:00,5,8.274902506862867,-4.057815139431966,252.1990809105593,2026-02-27T15:36:21+00:00,11,gfs.20260227/12/atmos/gfs.t12z.pgrb2.0p25.f011,"""cfda27627f73347fd0a206fd6aa59b95""",bilinear_uv_temperature,43.64515,78.535604
2,2026-02-27T18:00:00+00:00,2026-02-27T12:00:00+00:00,2026-02-27T23:00:00+00:00,5,8.219029004854347,-4.079456703983681,252.2452561023441,2026-02-27T15:36:21+00:00,11,gfs.20260227/12/atmos/gfs.t12z.pgrb2.0p25.f011,"""cfda27627f73347fd0a206fd6aa59b95""",bilinear_uv_temperature,43.643198,78.538828
1,2026-02-27T18:00:00+00:00,2026-02-27T12:00:00+00:00,2026-02-28T00:00:00+00:00,6,9.113496998072288,-4.542270353901927,253.73700713220552,2026-02-27T15:37:42+00:00,12,gfs.20260227/12/atmos/gfs.t12z.pgrb2.0p25.f012,"""098c1b8fc03858c0808964ff497f234f""",bilinear_uv_temperature,43.64515,78.535604
2,2026-02-27T18:00:00+00:00,2026-02-27T12:00:00+00:00,2026-02-28T00:00:00+00:00,6,9.044981844860596,-4.569715117506462,253.90482505602768,2026-02-27T15:37:42+00:00,12,gfs.20260227/12/atmos/gfs.t12z.pgrb2.0p25.f012,"""098c1b8fc03858c0808964ff497f234f""",bilinear_uv_temperature,43.643198,78.538828
1,2026-02-27T18:00:00+00:00,2026-02-27T12:00:00+00:00,2026-02-28T01:00:00+00:00,7,9.94704902669563,-4.981240993237975,251.37855529542082,2026-02-27T15:37:41+00:00,13,gfs.20260227/12/atmos/gfs.t12z.pgrb2.0p25.f013,"""b3f8ab7f3adce6f6ca9caf416b9593b9""",bilinear_uv_temperature,43.64515,78.535604
2,2026-02-27T18:00:00+00:00,2026-02-27T12:00:00+00:00,2026-02-28T01:00:00+00:00,7,9.864475884155542,-5.00793319010711,251.51284861524272,2026-02-27T15:37:41+00:00,13,gfs.20260227/12/atmos/gfs.t12z.pgrb2.0p25.f013,"""b3f8ab7f3adce6f6ca9caf416b9593b9""",bilinear_uv_temperature,43.643198,78.538828
1,2026-02-27T18:00:00+00:00,2026-02-27T12:00:00+00:00,2026-02-28T02:00:00+00:00,8,9.474692088588885,-5.101717267955962,249.81429276076582,2026-02-27T15:37:31+00:00,14,gfs.20260227/12/atmos/gfs.t12z.pgrb2.0p25.f014,"""f5cd9a1619a66e359831bae2e7e8dfd6""",bilinear_uv_temperature,43.64515,78.535604
2,2026-02-27T18:00:00+00:00,2026-02-27T12:00:00+00:00,2026-02-28T02:00:00+00:00,8,9.401616619635815,-5.122287718769428,249.90525744028957,2026-02-27T15:37:31+00:00,14,gfs.20260227/12/atmos/gfs.t12z.pgrb2.0p25.f014,"""f5cd9a1619a66e359831bae2e7e8dfd6""",bilinear_uv_temperature,43.643198,78.538828
1,2026-02-27T18:00:00+00:00,2026-02-27T12:00:00+00:00,2026-02-28T03:00:00+00:00,9,9.949812562838423,-4.958138610711956,257.48640951876416,2026-02-27T15:38:26+00:00,15,gfs.20260227/12/atmos/gfs.t12z.pgrb2.0p25.f015,"""e809437e881e67947386b47f91883b4a""",bilinear_uv_temperature,43.64515,78.535604
2,2026-02-27T18:00:00+00:00,2026-02-27T12:00:00+00:00,2026-02-28T03:00:00+00:00,9,9.8765986470158,-4.97093080309088,257.6806851249437,2026-02-27T15:38:26+00:00,15,gfs.20260227/12/atmos/gfs.t12z.pgrb2.0p25.f015,"""e809437e881e67947386b47f91883b4a""",bilinear_uv_temperature,43.643198,78.538828
1,2026-02-27T18:00:00+00:00,2026-02-27T12:00:00+00:00,2026-02-28T04:00:00+00:00,10,10.311616499927958,-4.890627205867986,258.8909944341449,2026-02-27T15:38:55+00:00,16,gfs.20260227/12/atmos/gfs.t12z.pgrb2.0p25.f016,"""cdd5f1bcc5fec87522e5252240972f07""",bilinear_uv_temperature,43.64515,78.535604
2,2026-02-27T18:00:00+00:00,2026-02-27T12:00:00+00:00,2026-02-28T04:00:00+00:00,10,10.241091457332349,-4.906391585188317,259.0235725181702,2026-02-27T15:38:55+00:00,16,gfs.20260227/12/atmos/gfs.t12z.pgrb2.0p25.f016,"""cdd5f1bcc5fec87522e5252240972f07""",bilinear_uv_temperature,43.643198,78.538828
1,2026-02-27T18:00:00+00:00,2026-02-27T12:00:00+00:00,2026-02-28T05:00:00+00:00,11,10.095420729938878,-4.38998924086394,259.2937950952744,2026-02-27T15:38:49+00:00,17,gfs.20260227/12/atmos/gfs.t12z.pgrb2.0p25.f017,"""6139291187ec45f7c5c6057d0c10e3ca""",bilinear_uv_temperature,43.64515,78.535604
2,2026-02-27T18:00:00+00:00,2026-02-27T12:00:00+00:00,2026-02-28T05:00:00+00:00,11,10.028892519358424,-4.408017236847286,259.44777287386376,2026-02-27T15:38:49+00:00,17,gfs.20260227/12/atmos/gfs.t12z.pgrb2.0p25.f017,"""6139291187ec45f7c5c6057d0c10e3ca""",bilinear_uv_temperature,43.643198,78.538828
1,2026-02-27T18:00:00+00:00,2026-02-27T12:00:00+00:00,2026-02-28T06:00:00+00:00,12,10.007041812244298,-3.9201732283379442,261.1398807748569,2026-02-27T15:53:41+00:00,18,gfs.20260227/12/atmos/gfs.t12z.pgrb2.0p25.f018,"""6b47d1031419548d7af9778ae1b4d7e5""",bilinear_uv_temperature,43.64515,78.535604
2,2026-02-27T18:00:00+00:00,2026-02-27T12:00:00+00:00,2026-02-28T06:00:00+00:00,12,9.940978365079653,-3.938399459831146,261.3253927547439,2026-02-27T15:53:41+00:00,18,gfs.20260227/12/atmos/gfs.t12z.pgrb2.0p25.f018,"""6b47d1031419548d7af9778ae1b4d7e5""",bilinear_uv_temperature,43.643198,78.538828
1,2026-02-27T18:00:00+00:00,2026-02-27T12:00:00+00:00,2026-02-28T07:00:00+00:00,13,10.005379953623779,-3.408299782522022,258.68402165509235,2026-02-27T15:38:42+00:00,19,gfs.20260227/12/atmos/gfs.t12z.pgrb2.0p25.f019,"""049ea71b5e0a82f28bda26df5e784f88""",bilinear_uv_temperature,43.64515,78.535604
2,2026-02-27T18:00:00+00:00,2026-02-27T12:00:00+00:00,2026-02-28T07:00:00+00:00,13,9.939811610627363,-3.432157483675269,258.8455538774997,2026-02-27T15:38:42+00:00,19,gfs.20260227/12/atmos/gfs.t12z.pgrb2.0p25.f019,"""049ea71b5e0a82f28bda26df5e784f88""",bilinear_uv_temperature,43.643198,78.538828
1,2026-02-27T18:00:00+00:00,2026-02-27T12:00:00+00:00,2026-02-28T08:00:00+00:00,14,10.595354392161253,-3.155306898259937,258.86377514776547,2026-02-27T15:40:10+00:00,20,gfs.20260227/12/atmos/gfs.t12z.pgrb2.0p25.f020,"""5c8fed910fc8cc02e0d1006e9b99db52""",bilinear_uv_temperature,43.64515,78.535604
2,2026-02-27T18:00:00+00:00,2026-02-27T12:00:00+00:00,2026-02-28T08:00:00+00:00,14,10.527131106058384,-3.181483676282369,259.0043985773465,2026-02-27T15:40:10+00:00,20,gfs.20260227/12/atmos/gfs.t12z.pgrb2.0p25.f020,"""5c8fed910fc8cc02e0d1006e9b99db52""",bilinear_uv_temperature,43.643198,78.538828
1,2026-02-27T18:00:00+00:00,2026-02-27T12:00:00+00:00,2026-02-28T09:00:00+00:00,15,10.6087351978713,-3.186815722187987,259.4956855343273,2026-02-27T15:39:56+00:00,21,gfs.20260227/12/atmos/gfs.t12z.pgrb2.0p25.f021,"""e8f8b8bbf01bd5167310d417708e5efe""",bilinear_uv_temperature,43.64515,78.535604
2,2026-02-27T18:00:00+00:00,2026-02-27T12:00:00+00:00,2026-02-28T09:00:00+00:00,15,10.543171488210207,-3.209433588305103,259.66160128352124,2026-02-27T15:39:56+00:00,21,gfs.20260227/12/atmos/gfs.t12z.pgrb2.0p25.f021,"""e8f8b8bbf01bd5167310d417708e5efe""",bilinear_uv_temperature,43.643198,78.538828
1,2026-02-27T18:00:00+00:00,2026-02-27T12:00:00+00:00,2026-02-28T10:00:00+00:00,16,10.217661714795423,-3.343600787035939,258.1018546903767,2026-02-27T15:39:59+00:00,22,gfs.20260227/12/atmos/gfs.t12z.pgrb2.0p25.f022,"""ea1324d8ec8dc57850f544f02d0e4457""",bilinear_uv_temperature,43.64515,78.535604
2,2026-02-27T18:00:00+00:00,2026-02-27T12:00:00+00:00,2026-02-28T10:00:00+00:00,16,10.154415009446257,-3.3661044495486863,258.2513750035979,2026-02-27T15:39:59+00:00,22,gfs.20260227/12/atmos/gfs.t12z.pgrb2.0p25.f022,"""ea1324d8ec8dc57850f544f02d0e4457""",bilinear_uv_temperature,43.643198,78.538828
1,2026-02-27T18:00:00+00:00,2026-02-27T12:00:00+00:00,2026-02-28T11:00:00+00:00,17,9.707972551149352,-3.6438554548439583,254.56731501710783,2026-02-27T15:40:11+00:00,23,gfs.20260227/12/atmos/gfs.t12z.pgrb2.0p25.f023,"""225a9d162342729a685d1ee3ddef2c32""",bilinear_uv_temperature,43.64515,78.535604
2,2026-02-27T18:00:00+00:00,2026-02-27T12:00:00+00:00,2026-02-28T11:00:00+00:00,17,9.646179898599025,-3.6683322279025674,254.71436801601806,2026-02-27T15:40:11+00:00,23,gfs.20260227/12/atmos/gfs.t12z.pgrb2.0p25.f023,"""225a9d162342729a685d1ee3ddef2c32""",bilinear_uv_temperature,43.643198,78.538828
1,2026-02-27T18:00:00+00:00,2026-02-27T12:00:00+00:00,2026-02-28T12:00:00+00:00,18,8.957346699397235,-4.117876514283978,249.90307837786906,2026-02-27T15:41:15+00:00,24,gfs.20260227/12/atmos/gfs.t12z.pgrb2.0p25.f024,"""5da38cf86fb32d62cd395cd80380a6dd""",bilinear_uv_temperature,43.64515,78.535604
2,2026-02-27T18:00:00+00:00,2026-02-27T12:00:00+00:00,2026-02-28T12:00:00+00:00,18,8.894768867366043,-4.145032418568121,250.02834418311818,2026-02-27T15:41:15+00:00,24,gfs.20260227/12/atmos/gfs.t12z.pgrb2.0p25.f024,"""5da38cf86fb32d62cd395cd80380a6dd""",bilinear_uv_temperature,43.643198,78.538828
1,2026-02-27T18:00:00+00:00,2026-02-27T12:00:00+00:00,2026-02-28T13:00:00+00:00,19,8.484235228359172,-4.616125657803991,245.69531939310568,2026-02-27T15:41:07+00:00,25,gfs.20260227/12/atmos/gfs.t12z.pgrb2.0p25.f025,"""35f706ddce455b321adf5147eeec7aab""",bilinear_uv_temperature,43.64515,78.535604
2,2026-02-27T18:00:00+00:00,2026-02-27T12:00:00+00:00,2026-02-28T13:00:00+00:00,19,8.423662519908635,-4.640934225012984,245.8341467163791,2026-02-27T15:41:07+00:00,25,gfs.20260227/12/atmos/gfs.t12z.pgrb2.0p25.f025,"""35f706ddce455b321adf5147eeec7aab""",bilinear_uv_temperature,43.643198,78.538828
1,2026-02-27T18:00:00+00:00,2026-02-27T12:00:00+00:00,2026-02-28T14:00:00+00:00,20,7.9103999036841515,-4.74253559481798,243.20655057356188,2026-02-27T15:40:52+00:00,26,gfs.20260227/12/atmos/gfs.t12z.pgrb2.0p25.f026,"""4a6c0cc7eb53dbddb5a7f76683304c8a""",bilinear_uv_temperature,43.64515,78.535604
2,2026-02-27T18:00:00+00:00,2026-02-27T12:00:00+00:00,2026-02-28T14:00:00+00:00,20,7.855410528121033,-4.761248363386301,243.38101398684302,2026-02-27T15:40:52+00:00,26,gfs.20260227/12/atmos/gfs.t12z.pgrb2.0p25.f026,"""4a6c0cc7eb53dbddb5a7f76683304c8a""",bilinear_uv_temperature,43.643198,78.538828
1,2026-02-27T18:00:00+00:00,2026-02-27T12:00:00+00:00,2026-02-28T15:00:00+00:00,21,7.5864521970998195,-4.8789060089499685,245.19514738711075,2026-02-27T15:55:44+00:00,27,gfs.20260227/12/atmos/gfs.t12z.pgrb2.0p25.f027,"""159e7249a4fa957b47d161cfa978aba0""",bilinear_uv_temperature,43.64515,78.535604
2,2026-02-27T18:00:00+00:00,2026-02-27T12:00:00+00:00,2026-02-28T15:00:00+00:00,21,7.5307064917391,-4.893610238197994,245.39088025960638,2026-02-27T15:55:44+00:00,27,gfs.20260227/12/atmos/gfs.t12z.pgrb2.0p25.f027,"""159e7249a4fa957b47d161cfa978aba0""",bilinear_uv_temperature,43.643198,78.538828
1,2026-02-27T18:00:00+00:00,2026-02-27T12:00:00+00:00,2026-02-28T16:00:00+00:00,22,7.345233061027017,-4.790770311731933,248.65273512048458,2026-02-27T15:56:07+00:00,28,gfs.20260227/12/atmos/gfs.t12z.pgrb2.0p25.f028,"""2e1b544cc95a4993319c3f3b985c9247""",bilinear_uv_temperature,43.64515,78.535604
2,2026-02-27T18:00:00+00:00,2026-02-27T12:00:00+00:00,2026-02-28T16:00:00+00:00,22,7.287795676822398,-4.806802687035656,248.8256314061768,2026-02-27T15:56:07+00:00,28,gfs.20260227/12/atmos/gfs.t12z.pgrb2.0p25.f028,"""2e1b544cc95a4993319c3f3b985c9247""",bilinear_uv_temperature,43.643198,78.538828
1,2026-02-27T18:00:00+00:00,2026-02-27T12:00:00+00:00,2026-02-28T17:00:00+00:00,23,7.099308812787404,-4.847032326627982,250.81926758531694,2026-02-27T15:42:14+00:00,29,gfs.20260227/12/atmos/gfs.t12z.pgrb2.0p25.f029,"""ac45dd4f1df89325648607d3de1546dc""",bilinear_uv_temperature,43.64515,78.535604
2,2026-02-27T18:00:00+00:00,2026-02-27T12:00:00+00:00,2026-02-28T17:00:00+00:00,23,7.0468486290270835,-4.860970923970683,250.98199867900044,2026-02-27T15:42:14+00:00,29,gfs.20260227/12/atmos/gfs.t12z.pgrb2.0p25.f029,"""ac45dd4f1df89325648607d3de1546dc""",bilinear_uv_temperature,43.643198,78.538828
1,2026-02-27T18:00:00+00:00,2026-02-27T12:00:00+00:00,2026-02-28T18:00:00+00:00,24,7.171284772407698,-5.096617025607998,251.49432830257183,2026-02-27T15:56:49+00:00,30,gfs.20260227/12/atmos/gfs.t12z.pgrb2.0p25.f030,"""9a67b8a441a592a5270d1c62c3a8924e""",bilinear_uv_temperature,43.64515,78.535604
2,2026-02-27T18:00:00+00:00,2026-02-27T12:00:00+00:00,2026-02-28T18:00:00+00:00,24,7.112662432182566,-5.1104991200259064,251.68277473897518,2026-02-27T15:56:49+00:00,30,gfs.20260227/12/atmos/gfs.t12z.pgrb2.0p25.f030,"""9a67b8a441a592a5270d1c62c3a8924e""",bilinear_uv_temperature,43.643198,78.538828
1,2026-02-27T18:00:00+00:00,2026-02-27T12:00:00+00:00,2026-02-28T19:00:00+00:00,25,6.91504702326158,-5.252641999305979,251.0570726629544,2026-02-27T15:42:19+00:00,31,gfs.20260227/12/atmos/gfs.t12z.pgrb2.0p25.f031,"""c7e844a68005886abbb56dc45538ee79""",bilinear_uv_temperature,43.64515,78.535604
2,2026-02-27T18:00:00+00:00,2026-02-27T12:00:00+00:00,2026-02-28T19:00:00+00:00,25,6.857030494214312,-5.2666703247434725,251.25875459158985,2026-02-27T15:42:19+00:00,31,gfs.20260227/12/atmos/gfs.t12z.pgrb2.0p25.f031,"""c7e844a68005886abbb56dc45538ee79""",bilinear_uv_temperature,43.643198,78.538828
1,2026-02-27T18:00:00+00:00,2026-02-27T12:00:00+00:00,2026-02-28T20:00:00+00:00,26,6.667350127218244,-5.355548132009972,253.006307631104,2026-02-27T15:43:01+00:00,32,gfs.20260227/12/atmos/gfs.t12z.pgrb2.0p25.f032,"""6e54a9bf298df9cc171b724149903f7d""",bilinear_uv_temperature,43.64515,78.535604
2,2026-02-27T18:00:00+00:00,2026-02-27T12:00:00+00:00,2026-02-28T20:00:00+00:00,26,6.609940373775866,-5.370060270032411,253.19915332270187,2026-02-27T15:43:01+00:00,32,gfs.20260227/12/atmos/gfs.t12z.pgrb2.0p25.f032,"""6e54a9bf298df9cc171b724149903f7d""",bilinear_uv_temperature,43.643198,78.538828
1,2026-02-27T18:00:00+00:00,2026-02-27T12:00:00+00:00,2026-02-28T21:00:00+00:00,27,6.704939957398964,-5.555727854891984,252.27829717839623,2026-02-27T15:43:16+00:00,33,gfs.20260227/12/atmos/gfs.t12z.pgrb2.0p25.f033,"""b39997f293051513574e6438b04dc497""",bilinear_uv_temperature,43.64515,78.535604
2,2026-02-27T18:00:00+00:00,2026-02-27T12:00:00+00:00,2026-02-28T21:00:00+00:00,27,6.647883114220922,-5.574870173594093,252.4881328190652,2026-02-27T15:43:16+00:00,33,gfs.20260227/12/atmos/gfs.t12z.pgrb2.0p25.f033,"""b39997f293051513574e6438b04dc497""",bilinear_uv_temperature,43.643198,78.538828
1,2026-02-27T18:00:00+00:00,2026-02-27T12:00:00+00:00,2026-02-28T22:00:00+00:00,28,6.568589958647425,-5.6975608310160055,251.7930710549191,2026-02-27T15:43:27+00:00,34,gfs.20260227/12/atmos/gfs.t12z.pgrb2.0p25.f034,"""b1a14ec7411e7d4d71a1c84bf3e43fee""",bilinear_uv_temperature,43.64515,78.535604
2,2026-02-27T18:00:00+00:00,2026-02-27T12:00:00+00:00,2026-02-28T22:00:00+00:00,28,6.512711119700412,-5.717983990603841,251.9938157059801,2026-02-27T15:43:27+00:00,34,gfs.20260227/12/atmos/gfs.t12z.pgrb2.0p25.f034,"""b1a14ec7411e7d4d71a1c84bf3e43fee""",bilinear_uv_temperature,43.643198,78.538828
1,2026-02-27T18:00:00+00:00,2026-02-27T12:00:00+00:00,2026-02-28T23:00:00+00:00,29,6.397782930166194,-5.939876011653951,250.32473006661007,2026-02-27T15:43:01+00:00,35,gfs.20260227/12/atmos/gfs.t12z.pgrb2.0p25.f035,"""7daddf6024981984286a2cfa31e574fe""",bilinear_uv_temperature,43.64515,78.535604
2,2026-02-27T18:00:00+00:00,2026-02-27T12:00:00+00:00,2026-02-28T23:00:00+00:00,29,6.343461948381932,-5.9602058134869935,250.51584763982754,2026-02-27T15:43:01+00:00,35,gfs.20260227/12/atmos/gfs.t12z.pgrb2.0p25.f035,"""7daddf6024981984286a2cfa31e574fe""",bilinear_uv_temperature,43.643198,78.538828
1,2026-02-27T18:00:00+00:00,2026-02-27T12:00:00+00:00,2026-03-01T00:00:00+00:00,30,5.879512496202833,-6.138289532621911,248.4642345555937,2026-02-27T15:44:30+00:00,36,gfs.20260227/12/atmos/gfs.t12z.pgrb2.0p25.f036,"""a1b4abb11ed883385c111278abc82596""",bilinear_uv_temperature,43.64515,78.535604
2,2026-02-27T18:00:00+00:00,2026-02-27T12:00:00+00:00,2026-03-01T00:00:00+00:00,30,5.834708450149155,-6.156663028399237,248.64544399161184,2026-02-27T15:44:30+00:00,36,gfs.20260227/12/atmos/gfs.t12z.pgrb2.0p25.f036,"""a1b4abb11ed883385c111278abc82596""",bilinear_uv_temperature,43.643198,78.538828
1,2026-02-27T18:00:00+00:00,2026-02-27T12:00:00+00:00,2026-03-01T01:00:00+00:00,31,5.364974753071801,-6.1677309792539745,247.51548046748093,2026-02-27T15:44:04+00:00,37,gfs.20260227/12/atmos/gfs.t12z.pgrb2.0p25.f037,"""6efa1f232ec1dd1fc74cc60da2ceef14""",bilinear_uv_temperature,43.64515,78.535604
2,2026-02-27T18:00:00+00:00,2026-02-27T12:00:00+00:00,2026-03-01T01:00:00+00:00,31,5.330113523139864,-6.187021055710943,247.6582414763804,2026-02-27T15:44:04+00:00,37,gfs.20260227/12/atmos/gfs.t12z.pgrb2.0p25.f037,"""6efa1f232ec1dd1fc74cc60da2ceef14""",bilinear_uv_temperature,43.643198,78.538828
1,2026-02-27T18:00:00+00:00,2026-02-27T12:00:00+00:00,2026-03-01T02:00:00+00:00,32,4.711123683998935,-5.990117802951943,244.81619639809932,2026-02-27T15:44:11+00:00,38,gfs.20260227/12/atmos/gfs.t12z.pgrb2.0p25.f038,"""82cd0479e2abf9571287981920c9fe70""",bilinear_uv_temperature,43.64515,78.535604
2,2026-02-27T18:00:00+00:00,2026-02-27T12:00:00+00:00,2026-03-01T02:00:00+00:00,32,4.6843265624713615,-6.005433470428443,244.96492566401335,2026-02-27T15:44:11+00:00,38,gfs.20260227/12/atmos/gfs.t12z.pgrb2.0p25.f038,"""82cd0479e2abf9571287981920c9fe70""",bilinear_uv_temperature,43.643198,78.538828
1,2026-02-27T18:00:00+00:00,2026-02-27T12:00:00+00:00,2026-03-01T03:00:00+00:00,33,4.187243533330981,-5.143361039127967,253.04371587330905,2026-02-27T15:44:18+00:00,39,gfs.20260227/12/atmos/gfs.t12z.pgrb2.0p25.f039,"""098710259458ccacd4aa5de900c1156e""",bilinear_uv_temperature,43.64515,78.535604
2,2026-02-27T18:00:00+00:00,2026-02-27T12:00:00+00:00,2026-03-01T03:00:00+00:00,33,4.162065431174008,-5.157984756470682,253.19271039659282,2026-02-27T15:44:18+00:00,39,gfs.20260227/12/atmos/gfs.t12z.pgrb2.0p25.f039,"""098710259458ccacd4aa5de900c1156e""",bilinear_uv_temperature,43.643198,78.538828
1,2026-02-27T18:00:00+00:00,2026-02-27T12:00:00+00:00,2026-03-01T04:00:00+00:00,34,3.915021772620352,-4.0466365443879795,265.24426555868456,2026-02-27T15:44:14+00:00,40,gfs.20260227/12/atmos/gfs.t12z.pgrb2.0p25.f040,"""a61e05315b389ebf6390e33c623ea6bb""",bilinear_uv_temperature,43.64515,78.535604
2,2026-02-27T18:00:00+00:00,2026-02-27T12:00:00+00:00,2026-03-01T04:00:00+00:00,34,3.8892910216080203,-4.068923026633115,265.43748132264403,2026-02-27T15:44:14+00:00,40,gfs.20260227/12/atmos/gfs.t12z.pgrb2.0p25.f040,"""a61e05315b389ebf6390e33c623ea6bb""",bilinear_uv_temperature,43.643198,78.538828
1,2026-02-27T18:00:00+00:00,2026-02-27T12:00:00+00:00,2026-03-01T05:00:00+00:00,35,3.7407802623998267,-3.1671443946439695,264.4270802335691,2026-02-27T15:59:38+00:00,41,gfs.20260227/12/atmos/gfs.t12z.pgrb2.0p25.f041,"""b3ced7e6f0c2c110f593514a85847585""",bilinear_uv_temperature,43.64515,78.535604
2,2026-02-27T18:00:00+00:00,2026-02-27T12:00:00+00:00,2026-03-01T05:00:00+00:00,35,3.7126221505440107,-3.194347978454516,264.68322832296695,2026-02-27T15:59:38+00:00,41,gfs.20260227/12/atmos/gfs.t12z.pgrb2.0p25.f041,"""b3ced7e6f0c2c110f593514a85847585""",bilinear_uv_temperature,43.643198,78.538828
1,2026-02-27T18:00:00+00:00,2026-02-27T12:00:00+00:00,2026-03-01T06:00:00+00:00,36,3.5704812166861863,-2.4101747481639677,266.3996741415248,2026-02-27T15:45:17+00:00,42,gfs.20260227/12/atmos/gfs.t12z.pgrb2.0p25.f042,"""5de92f11183fbae6f7d93d56719e928e""",bilinear_uv_temperature,43.64515,78.535604
2,2026-02-27T18:00:00+00:00,2026-02-27T12:00:00+00:00,2026-03-01T06:00:00+00:00,36,3.5418988085343823,-2.441270354899302,266.66181981221604,2026-02-27T15:45:17+00:00,42,gfs.20260227/12/atmos/gfs.t12z.pgrb2.0p25.f042,"""5de92f11183fbae6f7d93d56719e928e""",bilinear_uv_temperature,43.643198,78.538828
1,2026-02-27T18:00:00+00:00,2026-02-27T12:00:00+00:00,2026-03-01T07:00:00+00:00,37,3.3504672708391543,-1.768354057881993,272.063935139887,2026-02-27T15:45:18+00:00,43,gfs.20260227/12/atmos/gfs.t12z.pgrb2.0p25.f043,"""207fb0ff52121072f4735905b78f1366""",bilinear_uv_temperature,43.64515,78.535604
2,2026-02-27T18:00:00+00:00,2026-02-27T12:00:00+00:00,2026-03-01T07:00:00+00:00,37,3.324180560007588,-1.801499118561651,272.3329038844084,2026-02-27T15:45:18+00:00,43,gfs.20260227/12/atmos/gfs.t12z.pgrb2.0p25.f043,"""207fb0ff52121072f4735905b78f1366""",bilinear_uv_temperature,43.643198,78.538828
1,2026-02-27T18:00:00+00:00,2026-02-27T12:00:00+00:00,2026-03-01T08:00:00+00:00,38,3.1723971583227457,-1.3110056552519609,272.3092487741077,2026-02-27T15:45:40+00:00,44,gfs.20260227/12/atmos/gfs.t12z.pgrb2.0p25.f044,"""e379010922e184820121862a6111a965""",bilinear_uv_temperature,43.64515,78.535604
2,2026-02-27T18:00:00+00:00,2026-02-27T12:00:00+00:00,2026-03-01T08:00:00+00:00,38,3.1482729608707487,-1.3438228534804466,272.4944667880561,2026-02-27T15:45:40+00:00,44,gfs.20260227/12/atmos/gfs.t12z.pgrb2.0p25.f044,"""e379010922e184820121862a6111a965""",bilinear_uv_temperature,43.643198,78.538828
1,2026-02-27T18:00:00+00:00,2026-02-27T12:00:00+00:00,2026-03-01T09:00:00+00:00,39,2.7444537496755,-0.9538279371399767,275.4438938569146,2026-02-27T15:46:39+00:00,45,gfs.20260227/12/atmos/gfs.t12z.pgrb2.0p25.f045,"""67491286d2032cc030bdf99077d010bb""",bilinear_uv_temperature,43.64515,78.535604
2,2026-02-27T18:00:00+00:00,2026-02-27T12:00:00+00:00,2026-03-01T09:00:00+00:00,39,2.7204822641077353,-0.9873562576135555,275.5912835434839,2026-02-27T15:46:39+00:00,45,gfs.20260227/12/atmos/gfs.t12z.pgrb2.0p25.f045,"""67491286d2032cc030bdf99077d010bb""",bilinear_uv_temperature,43.643198,78.538828
1,2026-02-27T18:00:00+00:00,2026-02-27T12:00:00+00:00,2026-03-01T10:00:00+00:00,40,2.279925024865262,-0.8504646960939795,282.23183750963796,2026-02-27T15:46:15+00:00,46,gfs.20260227/12/atmos/gfs.t12z.pgrb2.0p25.f046,"""8d6b0143b2e4c772bc2273e123aff64e""",bilinear_uv_temperature,43.64515,78.535604
2,2026-02-27T18:00:00+00:00,2026-02-27T12:00:00+00:00,2026-03-01T10:00:00+00:00,40,2.2565249409226573,-0.881883549152576,282.4895518484745,2026-02-27T15:46:15+00:00,46,gfs.20260227/12/atmos/gfs.t12z.pgrb2.0p25.f046,"""8d6b0143b2e4c772bc2273e123aff64e""",bilinear_uv_temperature,43.643198,78.538828
1,2026-02-27T18:00:00+00:00,2026-02-27T12:00:00+00:00,2026-03-01T11:00:00+00:00,41,1.762424986387806,-0.9692084670659824,285.18982852024453,2026-02-27T15:46:31+00:00,47,gfs.20260227/12/atmos/gfs.t12z.pgrb2.0p25.f047,"""f7656f59b090c85beb80e4454cbd4b1e""",bilinear_uv_temperature,43.64515,78.535604
2,2026-02-27T18:00:00+00:00,2026-02-27T12:00:00+00:00,2026-03-01T11:00:00+00:00,41,1.7385515668249716,-0.9973171574058597,285.6364180876235,2026-02-27T15:46:31+00:00,47,gfs.20260227/12/atmos/gfs.t12z.pgrb2.0p25.f047,"""f7656f59b090c85beb80e4454cbd4b1e""",bilinear_uv_temperature,43.643198,78.538828
1,2026-02-27T18:00:00+00:00,2026-02-27T12:00:00+00:00,2026-03-01T12:00:00+00:00,42,1.3086514016439967,-1.9215473808419574,293.97882670198373,2026-02-27T16:01:34+00:00,48,gfs.20260227/12/atmos/gfs.t12z.pgrb2.0p25.f048,"""6a7c1ce1a391e46fd19a72cfbdfd0aba""",bilinear_uv_temperature,43.64515,78.535604
2,2026-02-27T18:00:00+00:00,2026-02-27T12:00:00+00:00,2026-03-01T12:00:00+00:00,42,1.2793239042103797,-1.9434440756721187,294.65267411410997,2026-02-27T16:01:34+00:00,48,gfs.20260227/12/atmos/gfs.t12z.pgrb2.0p25.f048,"""6a7c1ce1a391e46fd19a72cfbdfd0aba""",bilinear_uv_temperature,43.643198,78.538828
1,2026-02-27T18:00:00+00:00,2026-02-27T12:00:00+00:00,2026-03-01T13:00:00+00:00,43,0.6394460646606199,-3.3411464433159495,338.5174064000401,2026-02-27T16:01:18+00:00,49,gfs.20260227/12/atmos/gfs.t12z.pgrb2.0p25.f049,"""1ac45dc40cbfce2929d47f7875bc6eaa""",bilinear_uv_temperature,43.64515,78.535604
2,2026-02-27T18:00:00+00:00,2026-02-27T12:00:00+00:00,2026-03-01T13:00:00+00:00,43,0.6150937915595455,-3.359183773655843,341.63937909828036,2026-02-27T16:01:18+00:00,49,gfs.20260227/12/atmos/gfs.t12z.pgrb2.0p25.f049,"""1ac45dc40cbfce2929d47f7875bc6eaa""",bilinear_uv_temperature,43.643198,78.538828
1,2026-02-27T18:00:00+00:00,2026-02-27T12:00:00+00:00,2026-03-01T14:00:00+00:00,44,1.3441552049243233,-3.5628164344839774,51.305702137344575,2026-02-27T16:01:35+00:00,50,gfs.20260227/12/atmos/gfs.t12z.pgrb2.0p25.f050,"""b2a38fe131f117f444bd56110aafc828""",bilinear_uv_temperature,43.64515,78.535604
2,2026-02-27T18:00:00+00:00,2026-02-27T12:00:00+00:00,2026-03-01T14:00:00+00:00,44,1.3536620829556851,-3.5771031280161196,52.58100690651623,2026-02-27T16:01:35+00:00,50,gfs.20260227/12/atmos/gfs.t12z.pgrb2.0p25.f050,"""b2a38fe131f117f444bd56110aafc828""",bilinear_uv_temperature,43.643198,78.538828
1,2026-02-27T18:00:00+00:00,2026-02-27T12:00:00+00:00,2026-03-01T15:00:00+00:00,45,2.6787601345601773,-3.2813877027479634,71.00510367676651,2026-02-27T15:47:31+00:00,51,gfs.20260227/12/atmos/gfs.t12z.pgrb2.0p25.f051,"""557f827f892e0ae68dad9472ba79fee3""",bilinear_uv_temperature,43.64515,78.535604
2,2026-02-27T18:00:00+00:00,2026-02-27T12:00:00+00:00,2026-03-01T15:00:00+00:00,45,2.674775197605661,-3.3007088376395473,71.45255631208458,2026-02-27T15:47:31+00:00,51,gfs.20260227/12/atmos/gfs.t12z.pgrb2.0p25.f051,"""557f827f892e0ae68dad9472ba79fee3""",bilinear_uv_temperature,43.643198,78.538828
1,2026-02-27T18:00:00+00:00,2026-02-27T12:00:00+00:00,2026-03-01T16:00:00+00:00,46,3.832111700008852,-3.060932156723993,74.8843814162936,2026-02-27T15:47:35+00:00,52,gfs.20260227/12/atmos/gfs.t12z.pgrb2.0p25.f052,"""ec75ee2ec3e82584420f7db892ad167b""",bilinear_uv_temperature,43.64515,78.535604
2,2026-02-27T18:00:00+00:00,2026-02-27T12:00:00+00:00,2026-03-01T16:00:00+00:00,46,3.820270907835716,-3.0805698453537502,75.24063929063283,2026-02-27T15:47:35+00:00,52,gfs.20260227/12/atmos/gfs.t12z.pgrb2.0p25.f052,"""ec75ee2ec3e82584420f7db892ad167b""",bilinear_uv_temperature,43.643198,78.538828
1,2026-02-27T18:00:00+00:00,2026-02-27T12:00:00+00:00,2026-03-01T17:00:00+00:00,47,6.005028317820403,-3.001515888815959,71.20869120960202,2026-02-27T16:02:22+00:00,53,gfs.20260227/12/atmos/gfs.t12z.pgrb2.0p25.f053,"""472a66957e7cbc395a54c32e8ba3d61e""",bilinear_uv_temperature,43.64515,78.535604
2,2026-02-27T18:00:00+00:00,2026-02-27T12:00:00+00:00,2026-03-01T17:00:00+00:00,47,5.953967561833962,-3.0237555522758157,71.6297106013684,2026-02-27T16:02:22+00:00,53,gfs.20260227/12/atmos/gfs.t12z.pgrb2.0p25.f053,"""472a66957e7cbc395a54c32e8ba3d61e""",bilinear_uv_temperature,43.643198,78.538828
1,2026-02-27T18:00:00+00:00,2026-02-27T12:00:00+00:00,2026-03-01T18:00:00+00:00,48,7.7905737588466355,-2.90617726286996,76.3974572699471,2026-02-27T15:48:24+00:00,54,gfs.20260227/12/atmos/gfs.t12z.pgrb2.0p25.f054,"""b1f731594b65befc0af0c145bf2c613c""",bilinear_uv_temperature,43.64515,78.535604
2,2026-02-27T18:00:00+00:00,2026-02-27T12:00:00+00:00,2026-03-01T18:00:00+00:00,48,7.6997812919649204,-2.930358613538772,76.78366368881977,2026-02-27T15:48:24+00:00,54,gfs.20260227/12/atmos/gfs.t12z.pgrb2.0p25.f054,"""b1f731594b65befc0af0c145bf2c613c""",bilinear_uv_temperature,43.643198,78.538828
1,2026-02-28T18:00:00+00:00,2026-02-28T12:00:00+00:00,2026-02-28T19:00:00+00:00,1,4.717886619940007,-5.2320127840239365,254.82387975293267,2026-02-28T15:49:07+00:00,7,gfs.20260228/12/atmos/gfs.t12z.pgrb2.0p25.f007,"""05716b9fd38e40d94744f3ee6c3ba055""",bilinear_uv_temperature,43.64515,78.535604
2,2026-02-28T18:00:00+00:00,2026-02-28T12:00:00+00:00,2026-02-28T19:00:00+00:00,1,4.689933279118784,-5.244461123405756,254.98420865722363,2026-02-28T15:49:07+00:00,7,gfs.20260228/12/atmos/gfs.t12z.pgrb2.0p25.f007,"""05716b9fd38e40d94744f3ee6c3ba055""",bilinear_uv_temperature,43.643198,78.538828
1,2026-02-28T18:00:00+00:00,2026-02-28T12:00:00+00:00,2026-02-28T20:00:00+00:00,2,4.384420216619947,-5.35827246111603,257.365448533248,2026-02-28T15:35:13+00:00,8,gfs.20260228/12/atmos/gfs.t12z.pgrb2.0p25.f008,"""8c5ba92ad01f1aee061b00e9af06813f""",bilinear_uv_temperature,43.64515,78.535604
2,2026-02-28T18:00:00+00:00,2026-02-28T12:00:00+00:00,2026-02-28T20:00:00+00:00,2,4.357739800192077,-5.373379095327834,257.57473310129444,2026-02-28T15:35:13+00:00,8,gfs.20260228/12/atmos/gfs.t12z.pgrb2.0p25.f008,"""8c5ba92ad01f1aee061b00e9af06813f""",bilinear_uv_temperature,43.643198,78.538828
1,2026-02-28T18:00:00+00:00,2026-02-28T12:00:00+00:00,2026-02-28T21:00:00+00:00,3,4.140341964742556,-5.524634580121983,255.83630388634677,2026-02-28T15:35:12+00:00,9,gfs.20260228/12/atmos/gfs.t12z.pgrb2.0p25.f009,"""dc08ba8e55d61d3ffa9aae9f391c138e""",bilinear_uv_temperature,43.64515,78.535604
2,2026-02-28T18:00:00+00:00,2026-02-28T12:00:00+00:00,2026-02-28T21:00:00+00:00,3,4.115240466278308,-5.5423360758993,256.0802402423431,2026-02-28T15:35:12+00:00,9,gfs.20260228/12/atmos/gfs.t12z.pgrb2.0p25.f009,"""dc08ba8e55d61d3ffa9aae9f391c138e""",bilinear_uv_temperature,43.643198,78.538828
1,2026-02-28T18:00:00+00:00,2026-02-28T12:00:00+00:00,2026-02-28T22:00:00+00:00,4,3.9152307542807416,-5.664290420325983,251.67120932205341,2026-02-28T15:35:48+00:00,10,gfs.20260228/12/atmos/gfs.t12z.pgrb2.0p25.f010,"""129e4990053b0b2900c0a1999557da42""",bilinear_uv_temperature,43.64515,78.535604
2,2026-02-28T18:00:00+00:00,2026-02-28T12:00:00+00:00,2026-02-28T22:00:00+00:00,4,3.893145977764261,-5.681698448688223,251.9309571355389,2026-02-28T15:35:48+00:00,10,gfs.20260228/12/atmos/gfs.t12z.pgrb2.0p25.f010,"""129e4990053b0b2900c0a1999557da42""",bilinear_uv_temperature,43.643198,78.538828
1,2026-02-28T18:00:00+00:00,2026-02-28T12:00:00+00:00,2026-02-28T23:00:00+00:00,5,3.590079523240849,-5.9149196120359875,245.40066085919307,2026-02-28T15:50:43+00:00,11,gfs.20260228/12/atmos/gfs.t12z.pgrb2.0p25.f011,"""8a71dd757b4903d89b42e7ab86e10ca7""",bilinear_uv_temperature,43.64515,78.535604
2,2026-02-28T18:00:00+00:00,2026-02-28T12:00:00+00:00,2026-02-28T23:00:00+00:00,5,3.571295865413611,-5.930610154548617,245.7031163908295,2026-02-28T15:50:43+00:00,11,gfs.20260228/12/atmos/gfs.t12z.pgrb2.0p25.f011,"""8a71dd757b4903d89b42e7ab86e10ca7""",bilinear_uv_temperature,43.643198,78.538828
1,2026-02-28T18:00:00+00:00,2026-02-28T12:00:00+00:00,2026-03-01T00:00:00+00:00,6,3.1293601369160577,-6.054836529917964,240.30341589523726,2026-02-28T15:36:20+00:00,12,gfs.20260228/12/atmos/gfs.t12z.pgrb2.0p25.f012,"""72d8a7b3d8703a0c451187878c714c60""",bilinear_uv_temperature,43.64515,78.535604
2,2026-02-28T18:00:00+00:00,2026-02-28T12:00:00+00:00,2026-03-01T00:00:00+00:00,6,3.1122402722337066,-6.067037893110296,240.56811270896515,2026-02-28T15:36:20+00:00,12,gfs.20260228/12/atmos/gfs.t12z.pgrb2.0p25.f012,"""72d8a7b3d8703a0c451187878c714c60""",bilinear_uv_temperature,43.643198,78.538828
1,2026-02-28T18:00:00+00:00,2026-02-28T12:00:00+00:00,2026-03-01T01:00:00+00:00,7,2.5955811142523175,-6.067228407617961,241.97136585862225,2026-02-28T15:36:36+00:00,13,gfs.20260228/12/atmos/gfs.t12z.pgrb2.0p25.f013,"""0398aa99344e501e4b1c7b120bbde353""",bilinear_uv_temperature,43.64515,78.535604
2,2026-02-28T18:00:00+00:00,2026-02-28T12:00:00+00:00,2026-03-01T01:00:00+00:00,7,2.582099681921277,-6.076291440058299,242.1497062902398,2026-02-28T15:36:36+00:00,13,gfs.20260228/12/atmos/gfs.t12z.pgrb2.0p25.f013,"""0398aa99344e501e4b1c7b120bbde353""",bilinear_uv_temperature,43.643198,78.538828
1,2026-02-28T18:00:00+00:00,2026-02-28T12:00:00+00:00,2026-03-01T02:00:00+00:00,8,1.9561058802569873,-5.839835055399988,248.1957845066085,2026-02-28T15:36:27+00:00,14,gfs.20260228/12/atmos/gfs.t12z.pgrb2.0p25.f014,"""8099799dfbb83b0ff3227bddc8a673c6""",bilinear_uv_temperature,43.64515,78.535604
2,2026-02-28T18:00:00+00:00,2026-02-28T12:00:00+00:00,2026-03-01T02:00:00+00:00,8,1.9445303787665236,-5.847632953895982,248.46477662779256,2026-02-28T15:36:27+00:00,14,gfs.20260228/12/atmos/gfs.t12z.pgrb2.0p25.f014,"""8099799dfbb83b0ff3227bddc8a673c6""",bilinear_uv_temperature,43.643198,78.538828
1,2026-02-28T18:00:00+00:00,2026-02-28T12:00:00+00:00,2026-03-01T03:00:00+00:00,9,1.4979572014161515,-5.093101746883974,254.8993849940427,2026-02-28T15:51:36+00:00,15,gfs.20260228/12/atmos/gfs.t12z.pgrb2.0p25.f015,"""d86c4e8741dffc222ad440756cfc2141""",bilinear_uv_temperature,43.64515,78.535604
2,2026-02-28T18:00:00+00:00,2026-02-28T12:00:00+00:00,2026-03-01T03:00:00+00:00,9,1.4876744262660346,-5.104641605792153,255.28103049336124,2026-02-28T15:51:36+00:00,15,gfs.20260228/12/atmos/gfs.t12z.pgrb2.0p25.f015,"""d86c4e8741dffc222ad440756cfc2141""",bilinear_uv_temperature,43.643198,78.538828
1,2026-02-28T18:00:00+00:00,2026-02-28T12:00:00+00:00,2026-03-01T04:00:00+00:00,10,1.1819728570728512,-4.201860554973962,278.63562252794327,2026-02-28T15:51:30+00:00,16,gfs.20260228/12/atmos/gfs.t12z.pgrb2.0p25.f016,"""f89a711a0b045faeffc3f8c83bcb8f76""",bilinear_uv_temperature,43.64515,78.535604
2,2026-02-28T18:00:00+00:00,2026-02-28T12:00:00+00:00,2026-03-01T04:00:00+00:00,10,1.1750374616574333,-4.215958630483726,279.17685239427067,2026-02-28T15:51:30+00:00,16,gfs.20260228/12/atmos/gfs.t12z.pgrb2.0p25.f016,"""f89a711a0b045faeffc3f8c83bcb8f76""",bilinear_uv_temperature,43.643198,78.538828
1,2026-02-28T18:00:00+00:00,2026-02-28T12:00:00+00:00,2026-03-01T05:00:00+00:00,11,1.0864168863627313,-3.499853986427979,305.294888183517,2026-02-28T15:37:54+00:00,17,gfs.20260228/12/atmos/gfs.t12z.pgrb2.0p25.f017,"""377b770ca8a38779cc111c5f540a5f71""",bilinear_uv_temperature,43.64515,78.535604
2,2026-02-28T18:00:00+00:00,2026-02-28T12:00:00+00:00,2026-03-01T05:00:00+00:00,11,1.0811630088666189,-3.5118733145226884,305.75919586300387,2026-02-28T15:37:54+00:00,17,gfs.20260228/12/atmos/gfs.t12z.pgrb2.0p25.f017,"""377b770ca8a38779cc111c5f540a5f71""",bilinear_uv_temperature,43.643198,78.538828
1,2026-02-28T18:00:00+00:00,2026-02-28T12:00:00+00:00,2026-03-01T06:00:00+00:00,12,1.3212713909571239,-2.6056005437279737,311.13078877999504,2026-02-28T15:52:35+00:00,18,gfs.20260228/12/atmos/gfs.t12z.pgrb2.0p25.f018,"""1dbd93b4a3497f16d1d859d2e9e8dce9""",bilinear_uv_temperature,43.64515,78.535604
2,2026-02-28T18:00:00+00:00,2026-02-28T12:00:00+00:00,2026-03-01T06:00:00+00:00,12,1.3191198095765855,-2.620479162574725,311.70105744314003,2026-02-28T15:52:35+00:00,18,gfs.20260228/12/atmos/gfs.t12z.pgrb2.0p25.f018,"""1dbd93b4a3497f16d1d859d2e9e8dce9""",bilinear_uv_temperature,43.643198,78.538828
1,2026-02-28T18:00:00+00:00,2026-02-28T12:00:00+00:00,2026-03-01T07:00:00+00:00,13,1.4841141528302477,-1.7447782862840313,292.053341253435,2026-02-28T15:52:29+00:00,19,gfs.20260228/12/atmos/gfs.t12z.pgrb2.0p25.f019,"""149c50b871b4c42c6a8029508edd6077""",bilinear_uv_temperature,43.64515,78.535604
2,2026-02-28T18:00:00+00:00,2026-02-28T12:00:00+00:00,2026-03-01T07:00:00+00:00,13,1.4776161002454713,-1.7702144174481873,292.7294282043839,2026-02-28T15:52:29+00:00,19,gfs.20260228/12/atmos/gfs.t12z.pgrb2.0p25.f019,"""149c50b871b4c42c6a8029508edd6077""",bilinear_uv_temperature,43.643198,78.538828
1,2026-02-28T18:00:00+00:00,2026-02-28T12:00:00+00:00,2026-03-01T08:00:00+00:00,14,1.7626906060126157,-0.9379652376860008,280.80477520748025,2026-02-28T15:38:40+00:00,20,gfs.20260228/12/atmos/gfs.t12z.pgrb2.0p25.f020,"""771a05473874f23edefaf8891ed7401a""",bilinear_uv_temperature,43.64515,78.535604
2,2026-02-28T18:00:00+00:00,2026-02-28T12:00:00+00:00,2026-03-01T08:00:00+00:00,14,1.748569630524749,-0.9676064524546177,281.34572555837417,2026-02-28T15:38:40+00:00,20,gfs.20260228/12/atmos/gfs.t12z.pgrb2.0p25.f020,"""771a05473874f23edefaf8891ed7401a""",bilinear_uv_temperature,43.643198,78.538828
1,2026-02-28T18:00:00+00:00,2026-02-28T12:00:00+00:00,2026-03-01T09:00:00+00:00,15,1.8794450417395132,-0.3344414388059249,281.6311698589181,2026-02-28T15:38:51+00:00,21,gfs.20260228/12/atmos/gfs.t12z.pgrb2.0p25.f021,"""99d8a8667a4dceb8d52806f2dff38597""",bilinear_uv_temperature,43.64515,78.535604
2,2026-02-28T18:00:00+00:00,2026-02-28T12:00:00+00:00,2026-03-01T09:00:00+00:00,15,1.8622128635525959,-0.36525143112345404,282.13586098455863,2026-02-28T15:38:51+00:00,21,gfs.20260228/12/atmos/gfs.t12z.pgrb2.0p25.f021,"""99d8a8667a4dceb8d52806f2dff38597""",bilinear_uv_temperature,43.643198,78.538828
1,2026-02-28T18:00:00+00:00,2026-02-28T12:00:00+00:00,2026-03-01T10:00:00+00:00,16,1.8826777152721965,-0.06066598877993101,280.1235423201383,2026-02-28T15:38:34+00:00,22,gfs.20260228/12/atmos/gfs.t12z.pgrb2.0p25.f022,"""c42e293a2081f74e383e5752e5e4bac8""",bilinear_uv_temperature,43.64515,78.535604
2,2026-02-28T18:00:00+00:00,2026-02-28T12:00:00+00:00,2026-03-01T10:00:00+00:00,16,1.8617195335477992,-0.09216541660720168,280.56775526932654,2026-02-28T15:38:34+00:00,22,gfs.20260228/12/atmos/gfs.t12z.pgrb2.0p25.f022,"""c42e293a2081f74e383e5752e5e4bac8""",bilinear_uv_temperature,43.643198,78.538828
1,2026-02-28T18:00:00+00:00,2026-02-28T12:00:00+00:00,2026-03-01T11:00:00+00:00,17,1.450393668051563,-0.08887783178795416,282.0388331909041,2026-02-28T15:38:49+00:00,23,gfs.20260228/12/atmos/gfs.t12z.pgrb2.0p25.f023,"""4486f490efe52e303cc821082a500159""",bilinear_uv_temperature,43.64515,78.535604
2,2026-02-28T18:00:00+00:00,2026-02-28T12:00:00+00:00,2026-03-01T11:00:00+00:00,17,1.4241100443829962,-0.11705651940911821,282.45959000474505,2026-02-28T15:38:49+00:00,23,gfs.20260228/12/atmos/gfs.t12z.pgrb2.0p25.f023,"""4486f490efe52e303cc821082a500159""",bilinear_uv_temperature,43.643198,78.538828
1,2026-02-28T18:00:00+00:00,2026-02-28T12:00:00+00:00,2026-03-01T12:00:00+00:00,18,1.2284800630897152,-1.2068422544399482,329.47888114446346,2026-02-28T15:39:56+00:00,24,gfs.20260228/12/atmos/gfs.t12z.pgrb2.0p25.f024,"""976c554456d513a2d0054ebbcec6fdf5""",bilinear_uv_temperature,43.64515,78.535604
2,2026-02-28T18:00:00+00:00,2026-02-28T12:00:00+00:00,2026-03-01T12:00:00+00:00,18,1.2061353166620612,-1.2256849056655597,330.583273115752,2026-02-28T15:39:56+00:00,24,gfs.20260228/12/atmos/gfs.t12z.pgrb2.0p25.f024,"""976c554456d513a2d0054ebbcec6fdf5""",bilinear_uv_temperature,43.643198,78.538828
1,2026-02-28T18:00:00+00:00,2026-02-28T12:00:00+00:00,2026-03-01T13:00:00+00:00,19,1.5104167074020263,-2.7793401889019265,27.812233435061625,2026-02-28T15:39:46+00:00,25,gfs.20260228/12/atmos/gfs.t12z.pgrb2.0p25.f025,"""33e2e1299da3a9682aab8c91ede560ab""",bilinear_uv_temperature,43.64515,78.535604
2,2026-02-28T18:00:00+00:00,2026-02-28T12:00:00+00:00,2026-03-01T13:00:00+00:00,19,1.5032116786120844,-2.792834232506493,29.16443635113165,2026-02-28T15:39:46+00:00,25,gfs.20260228/12/atmos/gfs.t12z.pgrb2.0p25.f025,"""33e2e1299da3a9682aab8c91ede560ab""",bilinear_uv_temperature,43.643198,78.538828
1,2026-02-28T18:00:00+00:00,2026-02-28T12:00:00+00:00,2026-03-01T14:00:00+00:00,20,2.4123398360008497,-2.8857065674139903,68.9859868619453,2026-02-28T15:54:40+00:00,26,gfs.20260228/12/atmos/gfs.t12z.pgrb2.0p25.f026,"""2b9e1b7cd2c80ddb9f613ae4247a99ca""",bilinear_uv_temperature,43.64515,78.535604
2,2026-02-28T18:00:00+00:00,2026-02-28T12:00:00+00:00,2026-03-01T14:00:00+00:00,20,2.4180219364599287,-2.889997787269408,69.7956082822546,2026-02-28T15:54:40+00:00,26,gfs.20260228/12/atmos/gfs.t12z.pgrb2.0p25.f026,"""2b9e1b7cd2c80ddb9f613ae4247a99ca""",bilinear_uv_temperature,43.643198,78.538828
1,2026-02-28T18:00:00+00:00,2026-02-28T12:00:00+00:00,2026-03-01T15:00:00+00:00,21,3.8440111764916627,-2.530062961085946,76.08149674988707,2026-02-28T15:54:56+00:00,27,gfs.20260228/12/atmos/gfs.t12z.pgrb2.0p25.f027,"""d9628f0e20f62ee62351a3a7df480379""",bilinear_uv_temperature,43.64515,78.535604
2,2026-02-28T18:00:00+00:00,2026-02-28T12:00:00+00:00,2026-03-01T15:00:00+00:00,21,3.8336041195807966,-2.542072087470615,76.48246640154635,2026-02-28T15:54:56+00:00,27,gfs.20260228/12/atmos/gfs.t12z.pgrb2.0p25.f027,"""d9628f0e20f62ee62351a3a7df480379""",bilinear_uv_temperature,43.643198,78.538828
1,2026-02-28T18:00:00+00:00,2026-02-28T12:00:00+00:00,2026-03-01T16:00:00+00:00,22,5.613712535887144,-2.156783873459972,71.12043762275452,2026-02-28T15:40:58+00:00,28,gfs.20260228/12/atmos/gfs.t12z.pgrb2.0p25.f028,"""31683fc823d5e162b26e0d603278fdd1""",bilinear_uv_temperature,43.64515,78.535604
2,2026-02-28T18:00:00+00:00,2026-02-28T12:00:00+00:00,2026-03-01T16:00:00+00:00,22,5.570188934588517,-2.1760700007303626,71.54640910569998,2026-02-28T15:40:58+00:00,28,gfs.20260228/12/atmos/gfs.t12z.pgrb2.0p25.f028,"""31683fc823d5e162b26e0d603278fdd1""",bilinear_uv_temperature,43.643198,78.538828
1,2026-02-28T18:00:00+00:00,2026-02-28T12:00:00+00:00,2026-03-01T17:00:00+00:00,23,7.847200196162034,-2.234981145829977,74.50029628310894,2026-02-28T15:54:51+00:00,29,gfs.20260228/12/atmos/gfs.t12z.pgrb2.0p25.f029,"""1cd0f60e4d552b5eb6fb40043aa09fe4""",bilinear_uv_temperature,43.64515,78.535604
2,2026-02-28T18:00:00+00:00,2026-02-28T12:00:00+00:00,2026-03-01T17:00:00+00:00,23,7.7520489933511945,-2.2535918906491474,74.87616797789751,2026-02-28T15:54:51+00:00,29,gfs.20260228/12/atmos/gfs.t12z.pgrb2.0p25.f029,"""1cd0f60e4d552b5eb6fb40043aa09fe4""",bilinear_uv_temperature,43.643198,78.538828
1,2026-02-28T18:00:00+00:00,2026-02-28T12:00:00+00:00,2026-03-01T18:00:00+00:00,24,8.48015603502823,-2.2345549402400025,76.55853985304303,2026-02-28T15:55:49+00:00,30,gfs.20260228/12/atmos/gfs.t12z.pgrb2.0p25.f030,"""3f507dc20732f28357d54315160fe58f""",bilinear_uv_temperature,43.64515,78.535604
2,2026-02-28T18:00:00+00:00,2026-02-28T12:00:00+00:00,2026-03-01T18:00:00+00:00,24,8.372004619243567,-2.252120748457571,76.91900404829686,2026-02-28T15:55:49+00:00,30,gfs.20260228/12/atmos/gfs.t12z.pgrb2.0p25.f030,"""3f507dc20732f28357d54315160fe58f""",bilinear_uv_temperature,43.643198,78.538828
1,2026-02-28T18:00:00+00:00,2026-02-28T12:00:00+00:00,2026-03-01T19:00:00+00:00,25,9.023682983983877,-2.0664299792550196,76.3738621038342,2026-02-28T15:56:05+00:00,31,gfs.20260228/12/atmos/gfs.t12z.pgrb2.0p25.f031,"""c462f3ca09d40d9e2a12b2e26edb0cfd""",bilinear_uv_temperature,43.64515,78.535604
2,2026-02-28T18:00:00+00:00,2026-02-28T12:00:00+00:00,2026-03-01T19:00:00+00:00,25,8.912529015104369,-2.0861903479461716,76.75325955083932,2026-02-28T15:56:05+00:00,31,gfs.20260228/12/atmos/gfs.t12z.pgrb2.0p25.f031,"""c462f3ca09d40d9e2a12b2e26edb0cfd""",bilinear_uv_temperature,43.643198,78.538828
1,2026-02-28T18:00:00+00:00,2026-02-28T12:00:00+00:00,2026-03-01T20:00:00+00:00,26,9.058866546054086,-2.0805399759999545,76.22462360858994,2026-02-28T15:41:54+00:00,32,gfs.20260228/12/atmos/gfs.t12z.pgrb2.0p25.f032,"""ad9cf6e2e0bfdb7070afea6f5bfcf75e""",bilinear_uv_temperature,43.64515,78.535604
2,2026-02-28T18:00:00+00:00,2026-02-28T12:00:00+00:00,2026-03-01T20:00:00+00:00,26,8.95073664946921,-2.0984179222398893,76.63113245089474,2026-02-28T15:41:54+00:00,32,gfs.20260228/12/atmos/gfs.t12z.pgrb2.0p25.f032,"""ad9cf6e2e0bfdb7070afea6f5bfcf75e""",bilinear_uv_temperature,43.643198,78.538828
1,2026-02-28T18:00:00+00:00,2026-02-28T12:00:00+00:00,2026-03-01T21:00:00+00:00,27,8.867181814014799,-2.1070986345459346,77.27543551210586,2026-02-28T15:42:03+00:00,33,gfs.20260228/12/atmos/gfs.t12z.pgrb2.0p25.f033,"""6ac7b6416c005f1345ca6e9656e4021a""",bilinear_uv_temperature,43.64515,78.535604
2,2026-02-28T18:00:00+00:00,2026-02-28T12:00:00+00:00,2026-03-01T21:00:00+00:00,27,8.760394874640435,-2.1292687682010296,77.68661467856387,2026-02-28T15:42:03+00:00,33,gfs.20260228/12/atmos/gfs.t12z.pgrb2.0p25.f033,"""6ac7b6416c005f1345ca6e9656e4021a""",bilinear_uv_temperature,43.643198,78.538828
1,2026-02-28T18:00:00+00:00,2026-02-28T12:00:00+00:00,2026-03-01T22:00:00+00:00,28,8.635433986624086,-2.242874597605976,78.25725851474309,2026-02-28T15:41:54+00:00,34,gfs.20260228/12/atmos/gfs.t12z.pgrb2.0p25.f034,"""d73e0f83b61f8335eb83b0398a1df6f2""",bilinear_uv_temperature,43.64515,78.535604
2,2026-02-28T18:00:00+00:00,2026-02-28T12:00:00+00:00,2026-03-01T22:00:00+00:00,28,8.528799221397033,-2.267199520035433,78.74094582322374,2026-02-28T15:41:54+00:00,34,gfs.20260228/12/atmos/gfs.t12z.pgrb2.0p25.f034,"""d73e0f83b61f8335eb83b0398a1df6f2""",bilinear_uv_temperature,43.643198,78.538828
1,2026-02-28T18:00:00+00:00,2026-02-28T12:00:00+00:00,2026-03-01T23:00:00+00:00,29,8.556196143226499,-2.3062447580920207,78.22058908606117,2026-02-28T15:42:01+00:00,35,gfs.20260228/12/atmos/gfs.t12z.pgrb2.0p25.f035,"""e00aa442015ae5204ed5f68f376f1857""",bilinear_uv_temperature,43.64515,78.535604
2,2026-02-28T18:00:00+00:00,2026-02-28T12:00:00+00:00,2026-03-01T23:00:00+00:00,29,8.450753339406324,-2.331306119162093,78.68897728556749,2026-02-28T15:42:01+00:00,35,gfs.20260228/12/atmos/gfs.t12z.pgrb2.0p25.f035,"""e00aa442015ae5204ed5f68f376f1857""",bilinear_uv_temperature,43.643198,78.538828
1,2026-02-28T18:00:00+00:00,2026-02-28T12:00:00+00:00,2026-03-02T00:00:00+00:00,30,8.349361483766673,-2.249009489927971,77.2389028424795,2026-02-28T15:43:30+00:00,36,gfs.20260228/12/atmos/gfs.t12z.pgrb2.0p25.f036,"""6d729870e21170adfc0529517905a28a""",bilinear_uv_temperature,43.64515,78.535604
2,2026-02-28T18:00:00+00:00,2026-02-28T12:00:00+00:00,2026-03-02T00:00:00+00:00,30,8.24439388780892,-2.2740930042626246,77.70581442930411,2026-02-28T15:43:30+00:00,36,gfs.20260228/12/atmos/gfs.t12z.pgrb2.0p25.f036,"""6d729870e21170adfc0529517905a28a""",bilinear_uv_temperature,43.643198,78.538828
1,2026-02-28T18:00:00+00:00,2026-02-28T12:00:00+00:00,2026-03-02T01:00:00+00:00,31,7.625017198195085,-2.023471346534052,77.12455063545616,2026-02-28T15:43:19+00:00,37,gfs.20260228/12/atmos/gfs.t12z.pgrb2.0p25.f037,"""5a8e09b3da7176a50ebc625c6bbe31a2""",bilinear_uv_temperature,43.64515,78.535604
2,2026-02-28T18:00:00+00:00,2026-02-28T12:00:00+00:00,2026-03-02T01:00:00+00:00,31,7.529511530381879,-2.0473026370581238,77.57039245414092,2026-02-28T15:43:19+00:00,37,gfs.20260228/12/atmos/gfs.t12z.pgrb2.0p25.f037,"""5a8e09b3da7176a50ebc625c6bbe31a2""",bilinear_uv_temperature,43.643198,78.538828
1,2026-02-28T18:00:00+00:00,2026-02-28T12:00:00+00:00,2026-03-02T02:00:00+00:00,32,7.0651673403483475,-1.7576844204619988,74.57856750959525,2026-02-28T15:43:14+00:00,38,gfs.20260228/12/atmos/gfs.t12z.pgrb2.0p25.f038,"""45544c56ff14ccd9c9c1e6132fb275cd""",bilinear_uv_temperature,43.64515,78.535604
2,2026-02-28T18:00:00+00:00,2026-02-28T12:00:00+00:00,2026-03-02T02:00:00+00:00,32,6.9790260226849785,-1.7792841590808735,75.04702889219902,2026-02-28T15:43:14+00:00,38,gfs.20260228/12/atmos/gfs.t12z.pgrb2.0p25.f038,"""45544c56ff14ccd9c9c1e6132fb275cd""",bilinear_uv_temperature,43.643198,78.538828
1,2026-02-28T18:00:00+00:00,2026-02-28T12:00:00+00:00,2026-03-02T03:00:00+00:00,33,6.961329033723935,-0.8326093508659937,73.75847741471,2026-02-28T15:44:14+00:00,39,gfs.20260228/12/atmos/gfs.t12z.pgrb2.0p25.f039,"""fbc6ff8bb4e940887cde935a36c9dc65""",bilinear_uv_temperature,43.64515,78.535604
2,2026-02-28T18:00:00+00:00,2026-02-28T12:00:00+00:00,2026-03-02T03:00:00+00:00,33,6.8733510433302385,-0.8490419313178563,74.23821658192325,2026-02-28T15:44:14+00:00,39,gfs.20260228/12/atmos/gfs.t12z.pgrb2.0p25.f039,"""fbc6ff8bb4e940887cde935a36c9dc65""",bilinear_uv_temperature,43.643198,78.538828
1,2026-02-28T18:00:00+00:00,2026-02-28T12:00:00+00:00,2026-03-02T04:00:00+00:00,34,7.219499143191099,0.4884978069679846,73.81026060675688,2026-02-28T15:44:06+00:00,40,gfs.20260228/12/atmos/gfs.t12z.pgrb2.0p25.f040,"""ca0b377181f401f31fc3a0fd6bc1be51""",bilinear_uv_temperature,43.64515,78.535604
2,2026-02-28T18:00:00+00:00,2026-02-28T12:00:00+00:00,2026-03-02T04:00:00+00:00,34,7.132074920343427,0.4755421815523846,74.1851055593072,2026-02-28T15:44:06+00:00,40,gfs.20260228/12/atmos/gfs.t12z.pgrb2.0p25.f040,"""ca0b377181f401f31fc3a0fd6bc1be51""",bilinear_uv_temperature,43.643198,78.538828
1,2026-02-28T18:00:00+00:00,2026-02-28T12:00:00+00:00,2026-03-02T05:00:00+00:00,35,7.391382821956882,1.504948647015965,71.45059549769199,2026-02-28T15:44:05+00:00,41,gfs.20260228/12/atmos/gfs.t12z.pgrb2.0p25.f041,"""42d206d189548799e4f2377f08325997""",bilinear_uv_temperature,43.64515,78.535604
2,2026-02-28T18:00:00+00:00,2026-02-28T12:00:00+00:00,2026-03-02T05:00:00+00:00,35,7.30525301945291,1.489257287243845,71.82122891237358,2026-02-28T15:44:05+00:00,41,gfs.20260228/12/atmos/gfs.t12z.pgrb2.0p25.f041,"""42d206d189548799e4f2377f08325997""",bilinear_uv_temperature,43.643198,78.538828
1,2026-02-28T18:00:00+00:00,2026-02-28T12:00:00+00:00,2026-03-02T06:00:00+00:00,36,8.632274527449898,2.6608573155839963,74.60869816366402,2026-02-28T15:44:22+00:00,42,gfs.20260228/12/atmos/gfs.t12z.pgrb2.0p25.f042,"""64c1ad4825c1723b23db4f4c54b36829""",bilinear_uv_temperature,43.64515,78.535604
2,2026-02-28T18:00:00+00:00,2026-02-28T12:00:00+00:00,2026-03-02T06:00:00+00:00,36,8.529909051882008,2.652007044380184,74.8673610200486,2026-02-28T15:44:22+00:00,42,gfs.20260228/12/atmos/gfs.t12z.pgrb2.0p25.f042,"""64c1ad4825c1723b23db4f4c54b36829""",bilinear_uv_temperature,43.643198,78.538828
1,2026-02-28T18:00:00+00:00,2026-02-28T12:00:00+00:00,2026-03-02T07:00:00+00:00,37,7.699891482464188,3.959699442849967,71.63414964310705,2026-02-28T15:44:07+00:00,43,gfs.20260228/12/atmos/gfs.t12z.pgrb2.0p25.f043,"""8cbae2c6312fdb5fd07040af73617d40""",bilinear_uv_temperature,43.64515,78.535604
2,2026-02-28T18:00:00+00:00,2026-02-28T12:00:00+00:00,2026-03-02T07:00:00+00:00,37,7.609480272007958,3.948162571234036,71.87652046879751,2026-02-28T15:44:07+00:00,43,gfs.20260228/12/atmos/gfs.t12z.pgrb2.0p25.f043,"""8cbae2c6312fdb5fd07040af73617d40""",bilinear_uv_temperature,43.643198,78.538828
1,2026-02-28T18:00:00+00:00,2026-02-28T12:00:00+00:00,2026-03-02T08:00:00+00:00,38,7.043445935655725,4.221077009478051,69.60336774122293,2026-02-28T15:59:03+00:00,44,gfs.20260228/12/atmos/gfs.t12z.pgrb2.0p25.f044,"""b5f97482be1f63d9447f41d636a079f4""",bilinear_uv_temperature,43.64515,78.535604
2,2026-02-28T18:00:00+00:00,2026-02-28T12:00:00+00:00,2026-03-02T08:00:00+00:00,38,6.953739303348999,4.209902415204795,69.72488297034371,2026-02-28T15:59:03+00:00,44,gfs.20260228/12/atmos/gfs.t12z.pgrb2.0p25.f044,"""b5f97482be1f63d9447f41d636a079f4""",bilinear_uv_temperature,43.643198,78.538828
1,2026-02-28T18:00:00+00:00,2026-02-28T12:00:00+00:00,2026-03-02T09:00:00+00:00,39,6.277017865785531,4.499340058588018,65.43201432045899,2026-02-28T15:45:09+00:00,45,gfs.20260228/12/atmos/gfs.t12z.pgrb2.0p25.f045,"""934b23e6df345bf2d728eae03d46ecda""",bilinear_uv_temperature,43.64515,78.535604
2,2026-02-28T18:00:00+00:00,2026-02-28T12:00:00+00:00,2026-03-02T09:00:00+00:00,39,6.203857193678375,4.4869437038411775,65.63269983139483,2026-02-28T15:45:09+00:00,45,gfs.20260228/12/atmos/gfs.t12z.pgrb2.0p25.f045,"""934b23e6df345bf2d728eae03d46ecda""",bilinear_uv_temperature,43.643198,78.538828
1,2026-02-28T18:00:00+00:00,2026-02-28T12:00:00+00:00,2026-03-02T10:00:00+00:00,40,5.181796103199252,4.030208021036003,58.17894996051713,2026-02-28T15:45:12+00:00,46,gfs.20260228/12/atmos/gfs.t12z.pgrb2.0p25.f046,"""efcae1edc31fe359cc15ab36e64e2184""",bilinear_uv_temperature,43.64515,78.535604
2,2026-02-28T18:00:00+00:00,2026-02-28T12:00:00+00:00,2026-03-02T10:00:00+00:00,40,5.103502279597315,4.024643657308673,58.38922975049063,2026-02-28T15:45:12+00:00,46,gfs.20260228/12/atmos/gfs.t12z.pgrb2.0p25.f046,"""efcae1edc31fe359cc15ab36e64e2184""",bilinear_uv_temperature,43.643198,78.538828
1,2026-02-28T18:00:00+00:00,2026-02-28T12:00:00+00:00,2026-03-02T11:00:00+00:00,41,4.244242504972411,2.7553437911540186,44.028918070494015,2026-02-28T15:45:23+00:00,47,gfs.20260228/12/atmos/gfs.t12z.pgrb2.0p25.f047,"""00176291d86a1353239ef67430df17b5""",bilinear_uv_temperature,43.64515,78.535604
2,2026-02-28T18:00:00+00:00,2026-02-28T12:00:00+00:00,2026-03-02T11:00:00+00:00,41,4.196035334419538,2.750921179866964,44.083171687302794,2026-02-28T15:45:23+00:00,47,gfs.20260228/12/atmos/gfs.t12z.pgrb2.0p25.f047,"""00176291d86a1353239ef67430df17b5""",bilinear_uv_temperature,43.643198,78.538828
1,2026-02-28T18:00:00+00:00,2026-02-28T12:00:00+00:00,2026-03-02T12:00:00+00:00,42,2.5669818921139966,1.8403185119400405,38.33235938347377,2026-02-28T15:46:20+00:00,48,gfs.20260228/12/atmos/gfs.t12z.pgrb2.0p25.f048,"""954e1c5d73e2d98e97ecc7bb5f22703d""",bilinear_uv_temperature,43.64515,78.535604
2,2026-02-28T18:00:00+00:00,2026-02-28T12:00:00+00:00,2026-03-02T12:00:00+00:00,42,2.535736604836202,1.8315899631656407,38.146027405687796,2026-02-28T15:46:20+00:00,48,gfs.20260228/12/atmos/gfs.t12z.pgrb2.0p25.f048,"""954e1c5d73e2d98e97ecc7bb5f22703d""",bilinear_uv_temperature,43.643198,78.538828
1,2026-02-28T18:00:00+00:00,2026-02-28T12:00:00+00:00,2026-03-02T13:00:00+00:00,43,1.4339388606648862,1.236522114492061,58.63355556252088,2026-02-28T16:00:12+00:00,49,gfs.20260228/12/atmos/gfs.t12z.pgrb2.0p25.f049,"""9c87f81384c7031c18c467f2935c8e99""",bilinear_uv_temperature,43.64515,78.535604
2,2026-02-28T18:00:00+00:00,2026-02-28T12:00:00+00:00,2026-03-02T13:00:00+00:00,43,1.4123601496276992,1.2224572546980994,57.88412659732308,2026-02-28T16:00:12+00:00,49,gfs.20260228/12/atmos/gfs.t12z.pgrb2.0p25.f049,"""9c87f81384c7031c18c467f2935c8e99""",bilinear_uv_temperature,43.643198,78.538828
1,2026-02-28T18:00:00+00:00,2026-02-28T12:00:00+00:00,2026-03-02T14:00:00+00:00,44,1.5360832215136049,1.2899414259800324,103.38256464695043,2026-02-28T15:46:48+00:00,50,gfs.20260228/12/atmos/gfs.t12z.pgrb2.0p25.f050,"""fd1bb35ddb835fa6918443ea72bbfdac""",bilinear_uv_temperature,43.64515,78.535604
2,2026-02-28T18:00:00+00:00,2026-02-28T12:00:00+00:00,2026-03-02T14:00:00+00:00,44,1.5151286482303632,1.272328989935204,103.65814817039777,2026-02-28T15:46:48+00:00,50,gfs.20260228/12/atmos/gfs.t12z.pgrb2.0p25.f050,"""fd1bb35ddb835fa6918443ea72bbfdac""",bilinear_uv_temperature,43.643198,78.538828
1,2026-02-28T18:00:00+00:00,2026-02-28T12:00:00+00:00,2026-03-02T15:00:00+00:00,45,1.0637255702005999,1.3312358028940139,73.14401974286666,2026-02-28T15:46:35+00:00,51,gfs.20260228/12/atmos/gfs.t12z.pgrb2.0p25.f051,"""1d5a4732d62c68df6206ffa1c0208730""",bilinear_uv_temperature,43.64515,78.535604
2,2026-02-28T18:00:00+00:00,2026-02-28T12:00:00+00:00,2026-03-02T15:00:00+00:00,45,1.0353956734056005,1.3202072935845877,73.39110178806573,2026-02-28T15:46:35+00:00,51,gfs.20260228/12/atmos/gfs.t12z.pgrb2.0p25.f051,"""1d5a4732d62c68df6206ffa1c0208730""",bilinear_uv_temperature,43.643198,78.538828
1,2026-02-28T18:00:00+00:00,2026-02-28T12:00:00+00:00,2026-03-02T16:00:00+00:00,46,2.247430807654047,1.510315701540037,70.03784601360225,2026-02-28T16:01:24+00:00,52,gfs.20260228/12/atmos/gfs.t12z.pgrb2.0p25.f052,"""b0b2424d33b29ae05f5892847aea67c8""",bilinear_uv_temperature,43.64515,78.535604
2,2026-02-28T18:00:00+00:00,2026-02-28T12:00:00+00:00,2026-03-02T16:00:00+00:00,46,2.2051458982768755,1.499699014269595,70.30236714730637,2026-02-28T16:01:24+00:00,52,gfs.20260228/12/atmos/gfs.t12z.pgrb2.0p25.f052,"""b0b2424d33b29ae05f5892847aea67c8""",bilinear_uv_temperature,43.643198,78.538828
1,2026-02-28T18:00:00+00:00,2026-02-28T12:00:00+00:00,2026-03-02T17:00:00+00:00,47,3.2181166327770203,1.4597126107240683,72.83907998269784,2026-02-28T16:01:38+00:00,53,gfs.20260228/12/atmos/gfs.t12z.pgrb2.0p25.f053,"""23aaa54f7521a19c657e50018f8e10ad""",bilinear_uv_temperature,43.64515,78.535604
2,2026-02-28T18:00:00+00:00,2026-02-28T12:00:00+00:00,2026-03-02T17:00:00+00:00,47,3.177337886703597,1.4515225931137934,72.94814040358719,2026-02-28T16:01:38+00:00,53,gfs.20260228/12/atmos/gfs.t12z.pgrb2.0p25.f053,"""23aaa54f7521a19c657e50018f8e10ad""",bilinear_uv_temperature,43.643198,78.538828
1,2026-02-28T18:00:00+00:00,2026-02-28T12:00:00+00:00,2026-03-02T18:00:00+00:00,48,3.1713473578414644,1.5238265046000379,66.80327632964271,2026-02-28T15:47:40+00:00,54,gfs.20260228/12/atmos/gfs.t12z.pgrb2.0p25.f054,"""999bd8b1f3e0b300e868f9cceafd52cf""",bilinear_uv_temperature,43.64515,78.535604
2,2026-02-28T18:00:00+00:00,2026-02-28T12:00:00+00:00,2026-03-02T18:00:00+00:00,48,3.1311541043279263,1.516117246104045,67.12235663291546,2026-02-28T15:47:40+00:00,54,gfs.20260228/12/atmos/gfs.t12z.pgrb2.0p25.f054,"""999bd8b1f3e0b300e868f9cceafd52cf""",bilinear_uv_temperature,43.643198,78.538828
