issue_date,forecast_origin_utc,forecast_origin_local,run_time_utc,available_at_utc,source_fingerprint,model_version,turbine_id,valid_time_utc,valid_time_local,lead_hours,power_normalized,wind_speed_ms,temperature_c,is_february_target
2026-01-31,2026-01-31T18:00:00+00:00,2026-01-31T23:00:00+05:00,2026-01-31T12:00:00+00:00,2026-01-31T15:59:20+00:00,8bab22c0de27a30b22de7084c9120bb66a0df13097d1fcc083a44f52ff7bf239,gfs-ml-v1:30e504d3fa915c28313a72a3c8f0d5412a78763b1207789a749d094d1a620668,1,2026-01-31T19:00:00+00:00,2026-02-01T00:00:00+05:00,1,0.011032159923156745,0.31568589855408946,-1.0190339118679503,True
2026-01-31,2026-01-31T18:00:00+00:00,2026-01-31T23:00:00+05:00,2026-01-31T12:00:00+00:00,2026-01-31T15:59:20+00:00,8bab22c0de27a30b22de7084c9120bb66a0df13097d1fcc083a44f52ff7bf239,gfs-ml-v1:30e504d3fa915c28313a72a3c8f0d5412a78763b1207789a749d094d1a620668,1,2026-01-31T20:00:00+00:00,2026-02-01T01:00:00+05:00,2,0.01738691713653978,0.9228465214036238,-1.094567786311984,True
2026-01-31,2026-01-31T18:00:00+00:00,2026-01-31T23:00:00+05:00,2026-01-31T12:00:00+00:00,2026-01-31T15:59:20+00:00,8bab22c0de27a30b22de7084c9120bb66a0df13097d1fcc083a44f52ff7bf239,gfs-ml-v1:30e504d3fa915c28313a72a3c8f0d5412a78763b1207789a749d094d1a620668,1,2026-01-31T21:00:00+00:00,2026-02-01T02:00:00+05:00,3,0.042676052274125874,1.9748404295962692,-1.1840257271019823,True
2026-01-31,2026-01-31T18:00:00+00:00,2026-01-31T23:00:00+05:00,2026-01-31T12:00:00+00:00,2026-01-31T15:59:20+00:00,8bab22c0de27a30b22de7084c9120bb66a0df13097d1fcc083a44f52ff7bf239,gfs-ml-v1:30e504d3fa915c28313a72a3c8f0d5412a78763b1207789a749d094d1a620668,1,2026-01-31T22:00:00+00:00,2026-02-01T03:00:00+05:00,4,0.10236327462080572,3.3208518454393094,-1.5013439783220406,True
2026-01-31,2026-01-31T18:00:00+00:00,2026-01-31T23:00:00+05:00,2026-01-31T12:00:00+00:00,2026-01-31T15:59:20+00:00,8bab22c0de27a30b22de7084c9120bb66a0df13097d1fcc083a44f52ff7bf239,gfs-ml-v1:30e504d3fa915c28313a72a3c8f0d5412a78763b1207789a749d094d1a620668,1,2026-01-31T23:00:00+00:00,2026-02-01T04:00:00+05:00,5,0.17295808391256534,4.288706822059952,-2.020928667350006,True
2026-01-31,2026-01-31T18:00:00+00:00,2026-01-31T23:00:00+05:00,2026-01-31T12:00:00+00:00,2026-01-31T15:59:20+00:00,8bab22c0de27a30b22de7084c9120bb66a0df13097d1fcc083a44f52ff7bf239,gfs-ml-v1:30e504d3fa915c28313a72a3c8f0d5412a78763b1207789a749d094d1a620668,1,2026-02-01T00:00:00+00:00,2026-02-01T05:00:00+05:00,6,0.26842771238493707,5.161421719139036,-2.5823125781179783,True
2026-01-31,2026-01-31T18:00:00+00:00,2026-01-31T23:00:00+05:00,2026-01-31T12:00:00+00:00,2026-01-31T15:59:20+00:00,8bab22c0de27a30b22de7084c9120bb66a0df13097d1fcc083a44f52ff7bf239,gfs-ml-v1:30e504d3fa915c28313a72a3c8f0d5412a78763b1207789a749d094d1a620668,1,2026-02-01T01:00:00+00:00,2026-02-01T06:00:00+05:00,7,0.31123619776690314,5.49192613141353,-3.0066215790639603,True
2026-01-31,2026-01-31T18:00:00+00:00,2026-01-31T23:00:00+05:00,2026-01-31T12:00:00+00:00,2026-01-31T15:59:20+00:00,8bab22c0de27a30b22de7084c9120bb66a0df13097d1fcc083a44f52ff7bf239,gfs-ml-v1:30e504d3fa915c28313a72a3c8f0d5412a78763b1207789a749d094d1a620668,1,2026-02-01T02:00:00+00:00,2026-02-01T07:00:00+05:00,8,0.329698376907771,5.631523592788265,-3.097316421633991,True
2026-01-31,2026-01-31T18:00:00+00:00,2026-01-31T23:00:00+05:00,2026-01-31T12:00:00+00:00,2026-01-31T15:59:20+00:00,8bab22c0de27a30b22de7084c9120bb66a0df13097d1fcc083a44f52ff7bf239,gfs-ml-v1:30e504d3fa915c28313a72a3c8f0d5412a78763b1207789a749d094d1a620668,1,2026-02-01T03:00:00+00:00,2026-02-01T08:00:00+05:00,9,0.18920277154387985,4.4749535034148185,-2.5820953003619707,True
2026-01-31,2026-01-31T18:00:00+00:00,2026-01-31T23:00:00+05:00,2026-01-31T12:00:00+00:00,2026-01-31T15:59:20+00:00,8bab22c0de27a30b22de7084c9120bb66a0df13097d1fcc083a44f52ff7bf239,gfs-ml-v1:30e504d3fa915c28313a72a3c8f0d5412a78763b1207789a749d094d1a620668,1,2026-02-01T04:00:00+00:00,2026-02-01T09:00:00+05:00,10,0.2532427931484716,5.041679810793392,-0.945544743485982,True
2026-01-31,2026-01-31T18:00:00+00:00,2026-01-31T23:00:00+05:00,2026-01-31T12:00:00+00:00,2026-01-31T15:59:20+00:00,8bab22c0de27a30b22de7084c9120bb66a0df13097d1fcc083a44f52ff7bf239,gfs-ml-v1:30e504d3fa915c28313a72a3c8f0d5412a78763b1207789a749d094d1a620668,1,2026-02-01T05:00:00+00:00,2026-02-01T10:00:00+05:00,11,0.3366362427718638,5.681197153468593,0.9363026061100186,True
2026-01-31,2026-01-31T18:00:00+00:00,2026-01-31T23:00:00+05:00,2026-01-31T12:00:00+00:00,2026-01-31T15:59:20+00:00,8bab22c0de27a30b22de7084c9120bb66a0df13097d1fcc083a44f52ff7bf239,gfs-ml-v1:30e504d3fa915c28313a72a3c8f0d5412a78763b1207789a749d094d1a620668,1,2026-02-01T06:00:00+00:00,2026-02-01T11:00:00+05:00,12,0.36724988327897945,5.900383940755206,2.3723508303280028,True
2026-01-31,2026-01-31T18:00:00+00:00,2026-01-31T23:00:00+05:00,2026-01-31T12:00:00+00:00,2026-01-31T15:59:20+00:00,8bab22c0de27a30b22de7084c9120bb66a0df13097d1fcc083a44f52ff7bf239,gfs-ml-v1:30e504d3fa915c28313a72a3c8f0d5412a78763b1207789a749d094d1a620668,1,2026-02-01T07:00:00+00:00,2026-02-01T12:00:00+05:00,13,0.37291353252511716,5.940934396761594,3.612639786044042,True
2026-01-31,2026-01-31T18:00:00+00:00,2026-01-31T23:00:00+05:00,2026-01-31T12:00:00+00:00,2026-01-31T15:59:20+00:00,8bab22c0de27a30b22de7084c9120bb66a0df13097d1fcc083a44f52ff7bf239,gfs-ml-v1:30e504d3fa915c28313a72a3c8f0d5412a78763b1207789a749d094d1a620668,1,2026-02-01T08:00:00+00:00,2026-02-01T13:00:00+05:00,14,0.35354488554402574,5.802259236422946,4.31781095147403,True
2026-01-31,2026-01-31T18:00:00+00:00,2026-01-31T23:00:00+05:00,2026-01-31T12:00:00+00:00,2026-01-31T15:59:20+00:00,8bab22c0de27a30b22de7084c9120bb66a0df13097d1fcc083a44f52ff7bf239,gfs-ml-v1:30e504d3fa915c28313a72a3c8f0d5412a78763b1207789a749d094d1a620668,1,2026-02-01T09:00:00+00:00,2026-02-01T14:00:00+05:00,15,0.3638967988960568,5.876376609996131,4.482764287103976,True
2026-01-31,2026-01-31T18:00:00+00:00,2026-01-31T23:00:00+05:00,2026-01-31T12:00:00+00:00,2026-01-31T15:59:20+00:00,8bab22c0de27a30b22de7084c9120bb66a0df13097d1fcc083a44f52ff7bf239,gfs-ml-v1:30e504d3fa915c28313a72a3c8f0d5412a78763b1207789a749d094d1a620668,1,2026-02-01T10:00:00+00:00,2026-02-01T15:00:00+05:00,16,0.36195154261679885,5.862449012126791,3.8482616635540126,True
2026-01-31,2026-01-31T18:00:00+00:00,2026-01-31T23:00:00+05:00,2026-01-31T12:00:00+00:00,2026-01-31T15:59:20+00:00,8bab22c0de27a30b22de7084c9120bb66a0df13097d1fcc083a44f52ff7bf239,gfs-ml-v1:30e504d3fa915c28313a72a3c8f0d5412a78763b1207789a749d094d1a620668,1,2026-02-01T11:00:00+00:00,2026-02-01T16:00:00+05:00,17,0.3151217812820871,5.521924915172657,2.641123416996038,True
2026-01-31,2026-01-31T18:00:00+00:00,2026-01-31T23:00:00+05:00,2026-01-31T12:00:00+00:00,2026-01-31T15:59:20+00:00,8bab22c0de27a30b22de7084c9120bb66a0df13097d1fcc083a44f52ff7bf239,gfs-ml-v1:30e504d3fa915c28313a72a3c8f0d5412a78763b1207789a749d094d1a620668,1,2026-02-01T12:00:00+00:00,2026-02-01T17:00:00+05:00,18,0.3353253835073535,5.671811695678753,1.2571848219999993,True
2026-01-31,2026-01-31T18:00:00+00:00,2026-01-31T23:00:00+05:00,2026-01-31T12:00:00+00:00,2026-01-31T15:59:20+00:00,8bab22c0de27a30b22de7084c9120bb66a0df13097d1fcc083a44f52ff7bf239,gfs-ml-v1:30e504d3fa915c28313a72a3c8f0d5412a78763b1207789a749d094d1a620668,1,2026-02-01T13:00:00+00:00,2026-02-01T18:00:00+05:00,19,0.38764830693698726,6.046432070714488,0.7883240075639719,True
2026-01-31,2026-01-31T18:00:00+00:00,2026-01-31T23:00:00+05:00,2026-01-31T12:00:00+00:00,2026-01-31T15:59:20+00:00,8bab22c0de27a30b22de7084c9120bb66a0df13097d1fcc083a44f52ff7bf239,gfs-ml-v1:30e504d3fa915c28313a72a3c8f0d5412a78763b1207789a749d094d1a620668,1,2026-02-01T14:00:00+00:00,2026-02-01T19:00:00+05:00,20,0.3535329817146558,5.802174007679394,0.51735251766803,True
2026-01-31,2026-01-31T18:00:00+00:00,2026-01-31T23:00:00+05:00,2026-01-31T12:00:00+00:00,2026-01-31T15:59:20+00:00,8bab22c0de27a30b22de7084c9120bb66a0df13097d1fcc083a44f52ff7bf239,gfs-ml-v1:30e504d3fa915c28313a72a3c8f0d5412a78763b1207789a749d094d1a620668,1,2026-02-01T15:00:00+00:00,2026-02-01T20:00:00+05:00,21,0.3433502797249589,5.7292681494395055,0.23029266397003312,True
2026-01-31,2026-01-31T18:00:00+00:00,2026-01-31T23:00:00+05:00,2026-01-31T12:00:00+00:00,2026-01-31T15:59:20+00:00,8bab22c0de27a30b22de7084c9120bb66a0df13097d1fcc083a44f52ff7bf239,gfs-ml-v1:30e504d3fa915c28313a72a3c8f0d5412a78763b1207789a749d094d1a620668,1,2026-02-01T16:00:00+00:00,2026-02-01T21:00:00+05:00,22,0.36338655923865004,5.872723408697605,0.1712946439780012,True
2026-01-31,2026-01-31T18:00:00+00:00,2026-01-31T23:00:00+05:00,2026-01-31T12:00:00+00:00,2026-01-31T15:59:20+00:00,8bab22c0de27a30b22de7084c9120bb66a0df13097d1fcc083a44f52ff7bf239,gfs-ml-v1:30e504d3fa915c28313a72a3c8f0d5412a78763b1207789a749d094d1a620668,1,2026-02-01T17:00:00+00:00,2026-02-01T22:00:00+05:00,23,0.3923917369073334,6.080393963475251,-0.3155551385220292,True
2026-01-31,2026-01-31T18:00:00+00:00,2026-01-31T23:00:00+05:00,2026-01-31T12:00:00+00:00,2026-01-31T15:59:20+00:00,8bab22c0de27a30b22de7084c9120bb66a0df13097d1fcc083a44f52ff7bf239,gfs-ml-v1:30e504d3fa915c28313a72a3c8f0d5412a78763b1207789a749d094d1a620668,1,2026-02-01T18:00:00+00:00,2026-02-01T23:00:00+05:00,24,0.42558106020118386,6.309636656849513,-0.4816231966639748,True
2026-01-31,2026-01-31T18:00:00+00:00,2026-01-31T23:00:00+05:00,2026-01-31T12:00:00+00:00,2026-01-31T15:59:20+00:00,8bab22c0de27a30b22de7084c9120bb66a0df13097d1fcc083a44f52ff7bf239,gfs-ml-v1:30e504d3fa915c28313a72a3c8f0d5412a78763b1207789a749d094d1a620668,2,2026-01-31T19:00:00+00:00,2026-02-01T00:00:00+05:00,1,0.010661084724057825,0.335173906094462,-1.023871117428314,True
2026-01-31,2026-01-31T18:00:00+00:00,2026-01-31T23:00:00+05:00,2026-01-31T12:00:00+00:00,2026-01-31T15:59:20+00:00,8bab22c0de27a30b22de7084c9120bb66a0df13097d1fcc083a44f52ff7bf239,gfs-ml-v1:30e504d3fa915c28313a72a3c8f0d5412a78763b1207789a749d094d1a620668,2,2026-01-31T20:00:00+00:00,2026-02-01T01:00:00+05:00,2,0.016081385275582675,0.8766925509742336,-1.1056160264348591,True
2026-01-31,2026-01-31T18:00:00+00:00,2026-01-31T23:00:00+05:00,2026-01-31T12:00:00+00:00,2026-01-31T15:59:20+00:00,8bab22c0de27a30b22de7084c9120bb66a0df13097d1fcc083a44f52ff7bf239,gfs-ml-v1:30e504d3fa915c28313a72a3c8f0d5412a78763b1207789a749d094d1a620668,2,2026-01-31T21:00:00+00:00,2026-02-01T02:00:00+05:00,3,0.04042397217445567,1.9334074256060356,-1.2067767330744346,True
2026-01-31,2026-01-31T18:00:00+00:00,2026-01-31T23:00:00+05:00,2026-01-31T12:00:00+00:00,2026-01-31T15:59:20+00:00,8bab22c0de27a30b22de7084c9120bb66a0df13097d1fcc083a44f52ff7bf239,gfs-ml-v1:30e504d3fa915c28313a72a3c8f0d5412a78763b1207789a749d094d1a620668,2,2026-01-31T22:00:00+00:00,2026-02-01T03:00:00+05:00,4,0.09857930294988676,3.2746968243092405,-1.5224544364672852,True
2026-01-31,2026-01-31T18:00:00+00:00,2026-01-31T23:00:00+05:00,2026-01-31T12:00:00+00:00,2026-01-31T15:59:20+00:00,8bab22c0de27a30b22de7084c9120bb66a0df13097d1fcc083a44f52ff7bf239,gfs-ml-v1:30e504d3fa915c28313a72a3c8f0d5412a78763b1207789a749d094d1a620668,2,2026-01-31T23:00:00+00:00,2026-02-01T04:00:00+05:00,5,0.16983101968850783,4.23715258504655,-2.0350683282139244,True
2026-01-31,2026-01-31T18:00:00+00:00,2026-01-31T23:00:00+05:00,2026-01-31T12:00:00+00:00,2026-01-31T15:59:20+00:00,8bab22c0de27a30b22de7084c9120bb66a0df13097d1fcc083a44f52ff7bf239,gfs-ml-v1:30e504d3fa915c28313a72a3c8f0d5412a78763b1207789a749d094d1a620668,2,2026-02-01T00:00:00+00:00,2026-02-01T05:00:00+05:00,6,0.26229380724288204,5.09812235354044,-2.5953286636782877,True
2026-01-31,2026-01-31T18:00:00+00:00,2026-01-31T23:00:00+05:00,2026-01-31T12:00:00+00:00,2026-01-31T15:59:20+00:00,8bab22c0de27a30b22de7084c9120bb66a0df13097d1fcc083a44f52ff7bf239,gfs-ml-v1:30e504d3fa915c28313a72a3c8f0d5412a78763b1207789a749d094d1a620668,2,2026-02-01T01:00:00+00:00,2026-02-01T06:00:00+05:00,7,0.3046459268587472,5.42169326517277,-3.0152754974153595,True
2026-01-31,2026-01-31T18:00:00+00:00,2026-01-31T23:00:00+05:00,2026-01-31T12:00:00+00:00,2026-01-31T15:59:20+00:00,8bab22c0de27a30b22de7084c9120bb66a0df13097d1fcc083a44f52ff7bf239,gfs-ml-v1:30e504d3fa915c28313a72a3c8f0d5412a78763b1207789a749d094d1a620668,2,2026-02-01T02:00:00+00:00,2026-02-01T07:00:00+05:00,8,0.323789068893845,5.562034171610733,-3.1065633467820817,True
2026-01-31,2026-01-31T18:00:00+00:00,2026-01-31T23:00:00+05:00,2026-01-31T12:00:00+00:00,2026-01-31T15:59:20+00:00,8bab22c0de27a30b22de7084c9120bb66a0df13097d1fcc083a44f52ff7bf239,gfs-ml-v1:30e504d3fa915c28313a72a3c8f0d5412a78763b1207789a749d094d1a620668,2,2026-02-01T03:00:00+00:00,2026-02-01T08:00:00+05:00,9,0.1853519601592612,4.415380184810209,-2.5890688443568592,True
2026-01-31,2026-01-31T18:00:00+00:00,2026-01-31T23:00:00+05:00,2026-01-31T12:00:00+00:00,2026-01-31T15:59:20+00:00,8bab22c0de27a30b22de7084c9120bb66a0df13097d1fcc083a44f52ff7bf239,gfs-ml-v1:30e504d3fa915c28313a72a3c8f0d5412a78763b1207789a749d094d1a620668,2,2026-02-01T04:00:00+00:00,2026-02-01T09:00:00+05:00,10,0.24416594341646353,4.958125759682881,-0.9486675152465978,True
2026-01-31,2026-01-31T18:00:00+00:00,2026-01-31T23:00:00+05:00,2026-01-31T12:00:00+00:00,2026-01-31T15:59:20+00:00,8bab22c0de27a30b22de7084c9120bb66a0df13097d1fcc083a44f52ff7bf239,gfs-ml-v1:30e504d3fa915c28313a72a3c8f0d5412a78763b1207789a749d094d1a620668,2,2026-02-01T05:00:00+00:00,2026-02-01T10:00:00+05:00,11,0.3314658859242695,5.616295420686085,0.9386759525164621,True
2026-01-31,2026-01-31T18:00:00+00:00,2026-01-31T23:00:00+05:00,2026-01-31T12:00:00+00:00,2026-01-31T15:59:20+00:00,8bab22c0de27a30b22de7084c9120bb66a0df13097d1fcc083a44f52ff7bf239,gfs-ml-v1:30e504d3fa915c28313a72a3c8f0d5412a78763b1207789a749d094d1a620668,2,2026-02-01T06:00:00+00:00,2026-02-01T11:00:00+05:00,12,0.36254875421537514,5.835995232683139,2.3791735375587564,True
2026-01-31,2026-01-31T18:00:00+00:00,2026-01-31T23:00:00+05:00,2026-01-31T12:00:00+00:00,2026-01-31T15:59:20+00:00,8bab22c0de27a30b22de7084c9120bb66a0df13097d1fcc083a44f52ff7bf239,gfs-ml-v1:30e504d3fa915c28313a72a3c8f0d5412a78763b1207789a749d094d1a620668,2,2026-02-01T07:00:00+00:00,2026-02-01T12:00:00+05:00,13,0.3677283340723464,5.872605519421894,3.6115984289905896,True
2026-01-31,2026-01-31T18:00:00+00:00,2026-01-31T23:00:00+05:00,2026-01-31T12:00:00+00:00,2026-01-31T15:59:20+00:00,8bab22c0de27a30b22de7084c9120bb66a0df13097d1fcc083a44f52ff7bf239,gfs-ml-v1:30e504d3fa915c28313a72a3c8f0d5412a78763b1207789a749d094d1a620668,2,2026-02-01T08:00:00+00:00,2026-02-01T13:00:00+05:00,14,0.34919892709262335,5.741636035147273,4.310941160743766,True
2026-01-31,2026-01-31T18:00:00+00:00,2026-01-31T23:00:00+05:00,2026-01-31T12:00:00+00:00,2026-01-31T15:59:20+00:00,8bab22c0de27a30b22de7084c9120bb66a0df13097d1fcc083a44f52ff7bf239,gfs-ml-v1:30e504d3fa915c28313a72a3c8f0d5412a78763b1207789a749d094d1a620668,2,2026-02-01T09:00:00+00:00,2026-02-01T14:00:00+05:00,15,0.3598997575027132,5.817271604145963,4.472389811944993,True
2026-01-31,2026-01-31T18:00:00+00:00,2026-01-31T23:00:00+05:00,2026-01-31T12:00:00+00:00,2026-01-31T15:59:20+00:00,8bab22c0de27a30b22de7084c9120bb66a0df13097d1fcc083a44f52ff7bf239,gfs-ml-v1:30e504d3fa915c28313a72a3c8f0d5412a78763b1207789a749d094d1a620668,2,2026-02-01T10:00:00+00:00,2026-02-01T15:00:00+05:00,16,0.3572276224291673,5.798384429133972,3.8379114176429994,True
2026-01-31,2026-01-31T18:00:00+00:00,2026-01-31T23:00:00+05:00,2026-01-31T12:00:00+00:00,2026-01-31T15:59:20+00:00,8bab22c0de27a30b22de7084c9120bb66a0df13097d1fcc083a44f52ff7bf239,gfs-ml-v1:30e504d3fa915c28313a72a3c8f0d5412a78763b1207789a749d094d1a620668,2,2026-02-01T11:00:00+00:00,2026-02-01T16:00:00+05:00,17,0.3081563208876251,5.4485127350461795,2.6235152605390795,True
2026-01-31,2026-01-31T18:00:00+00:00,2026-01-31T23:00:00+05:00,2026-01-31T12:00:00+00:00,2026-01-31T15:59:20+00:00,8bab22c0de27a30b22de7084c9120bb66a0df13097d1fcc083a44f52ff7bf239,gfs-ml-v1:30e504d3fa915c28313a72a3c8f0d5412a78763b1207789a749d094d1a620668,2,2026-02-01T12:00:00+00:00,2026-02-01T17:00:00+05:00,18,0.328386910949265,5.594532621422618,1.2462263288800273,True
2026-01-31,2026-01-31T18:00:00+00:00,2026-01-31T23:00:00+05:00,2026-01-31T12:00:00+00:00,2026-01-31T15:59:20+00:00,8bab22c0de27a30b22de7084c9120bb66a0df13097d1fcc083a44f52ff7bf239,gfs-ml-v1:30e504d3fa915c28313a72a3c8f0d5412a78763b1207789a749d094d1a620668,2,2026-02-01T13:00:00+00:00,2026-02-01T18:00:00+05:00,19,0.3808412299190921,5.965290040209551,0.77077700655542,True
2026-01-31,2026-01-31T18:00:00+00:00,2026-01-31T23:00:00+05:00,2026-01-31T12:00:00+00:00,2026-01-31T15:59:20+00:00,8bab22c0de27a30b22de7084c9120bb66a0df13097d1fcc083a44f52ff7bf239,gfs-ml-v1:30e504d3fa915c28313a72a3c8f0d5412a78763b1207789a749d094d1a620668,2,2026-02-01T14:00:00+00:00,2026-02-01T19:00:00+05:00,20,0.3475313197211365,5.729849059036533,0.5038109746203645,True
2026-01-31,2026-01-31T18:00:00+00:00,2026-01-31T23:00:00+05:00,2026-01-31T12:00:00+00:00,2026-01-31T15:59:20+00:00,8bab22c0de27a30b22de7084c9120bb66a0df13097d1fcc083a44f52ff7bf239,gfs-ml-v1:30e504d3fa915c28313a72a3c8f0d5412a78763b1207789a749d094d1a620668,2,2026-02-01T15:00:00+00:00,2026-02-01T20:00:00+05:00,21,0.3369085186413075,5.654765016654628,0.21821032990288813,True
2026-01-31,2026-01-31T18:00:00+00:00,2026-01-31T23:00:00+05:00,2026-01-31T12:00:00+00:00,2026-01-31T15:59:20+00:00,8bab22c0de27a30b22de7084c9120bb66a0df13097d1fcc083a44f52ff7bf239,gfs-ml-v1:30e504d3fa915c28313a72a3c8f0d5412a78763b1207789a749d094d1a620668,2,2026-02-01T16:00:00+00:00,2026-02-01T21:00:00+05:00,22,0.35711495660872106,5.7975880850083685,0.15696955658478373,True
2026-01-31,2026-01-31T18:00:00+00:00,2026-01-31T23:00:00+05:00,2026-01-31T12:00:00+00:00,2026-01-31T15:59:20+00:00,8bab22c0de27a30b22de7084c9120bb66a0df13097d1fcc083a44f52ff7bf239,gfs-ml-v1:30e504d3fa915c28313a72a3c8f0d5412a78763b1207789a749d094d1a620668,2,2026-02-01T17:00:00+00:00,2026-02-01T22:00:00+05:00,23,0.3866463040289366,6.006321443058777,-0.31834038591523495,True
2026-01-31,2026-01-31T18:00:00+00:00,2026-01-31T23:00:00+05:00,2026-01-31T12:00:00+00:00,2026-01-31T15:59:20+00:00,8bab22c0de27a30b22de7084c9120bb66a0df13097d1fcc083a44f52ff7bf239,gfs-ml-v1:30e504d3fa915c28313a72a3c8f0d5412a78763b1207789a749d094d1a620668,2,2026-02-01T18:00:00+00:00,2026-02-01T23:00:00+05:00,24,0.41833619463054805,6.233525115339057,-0.4882047496393511,True
2026-02-01,2026-02-01T18:00:00+00:00,2026-02-01T23:00:00+05:00,2026-02-01T12:00:00+00:00,2026-02-01T16:01:19+00:00,05eba714b5bc13bab63795ade60508f1b2ba0211624fc80e12dc734adb8c6a9b,gfs-ml-v1:30e504d3fa915c28313a72a3c8f0d5412a78763b1207789a749d094d1a620668,1,2026-02-01T19:00:00+00:00,2026-02-02T00:00:00+05:00,1,0.2750394173179073,5.212467618883115,-0.6870033771459703,True
2026-02-01,2026-02-01T18:00:00+00:00,2026-02-01T23:00:00+05:00,2026-02-01T12:00:00+00:00,2026-02-01T16:01:19+00:00,05eba714b5bc13bab63795ade60508f1b2ba0211624fc80e12dc734adb8c6a9b,gfs-ml-v1:30e504d3fa915c28313a72a3c8f0d5412a78763b1207789a749d094d1a620668,1,2026-02-01T20:00:00+00:00,2026-02-02T01:00:00+05:00,2,0.3501593464658307,5.778019537338142,-0.9929078207919702,True
2026-02-01,2026-02-01T18:00:00+00:00,2026-02-01T23:00:00+05:00,2026-02-01T12:00:00+00:00,2026-02-01T16:01:19+00:00,05eba714b5bc13bab63795ade60508f1b2ba0211624fc80e12dc734adb8c6a9b,gfs-ml-v1:30e504d3fa915c28313a72a3c8f0d5412a78763b1207789a749d094d1a620668,1,2026-02-01T21:00:00+00:00,2026-02-02T02:00:00+05:00,3,0.4013044271996817,6.143250895596102,-1.1571801125759862,True
2026-02-01,2026-02-01T18:00:00+00:00,2026-02-01T23:00:00+05:00,2026-02-01T12:00:00+00:00,2026-02-01T16:01:19+00:00,05eba714b5bc13bab63795ade60508f1b2ba0211624fc80e12dc734adb8c6a9b,gfs-ml-v1:30e504d3fa915c28313a72a3c8f0d5412a78763b1207789a749d094d1a620668,1,2026-02-01T22:00:00+00:00,2026-02-02T03:00:00+05:00,4,0.436982849625787,6.387781571465403,-1.4649979895160072,True
2026-02-01,2026-02-01T18:00:00+00:00,2026-02-01T23:00:00+05:00,2026-02-01T12:00:00+00:00,2026-02-01T16:01:19+00:00,05eba714b5bc13bab63795ade60508f1b2ba0211624fc80e12dc734adb8c6a9b,gfs-ml-v1:30e504d3fa915c28313a72a3c8f0d5412a78763b1207789a749d094d1a620668,1,2026-02-01T23:00:00+00:00,2026-02-02T04:00:00+05:00,5,0.4816771818773399,6.696632527693072,-1.6574722838519733,True
2026-02-01,2026-02-01T18:00:00+00:00,2026-02-01T23:00:00+05:00,2026-02-01T12:00:00+00:00,2026-02-01T16:01:19+00:00,05eba714b5bc13bab63795ade60508f1b2ba0211624fc80e12dc734adb8c6a9b,gfs-ml-v1:30e504d3fa915c28313a72a3c8f0d5412a78763b1207789a749d094d1a620668,1,2026-02-02T00:00:00+00:00,2026-02-02T05:00:00+05:00,6,0.5262109777074994,7.019231160946165,-1.878863339130021,True
2026-02-01,2026-02-01T18:00:00+00:00,2026-02-01T23:00:00+05:00,2026-02-01T12:00:00+00:00,2026-02-01T16:01:19+00:00,05eba714b5bc13bab63795ade60508f1b2ba0211624fc80e12dc734adb8c6a9b,gfs-ml-v1:30e504d3fa915c28313a72a3c8f0d5412a78763b1207789a749d094d1a620668,1,2026-02-02T01:00:00+00:00,2026-02-02T06:00:00+05:00,7,0.5409898489133503,7.126287915555935,-2.1560986220119958,True
2026-02-01,2026-02-01T18:00:00+00:00,2026-02-01T23:00:00+05:00,2026-02-01T12:00:00+00:00,2026-02-01T16:01:19+00:00,05eba714b5bc13bab63795ade60508f1b2ba0211624fc80e12dc734adb8c6a9b,gfs-ml-v1:30e504d3fa915c28313a72a3c8f0d5412a78763b1207789a749d094d1a620668,1,2026-02-02T02:00:00+00:00,2026-02-02T07:00:00+05:00,8,0.5496190965116411,7.187966304553677,-2.3814563990259785,True
2026-02-01,2026-02-01T18:00:00+00:00,2026-02-01T23:00:00+05:00,2026-02-01T12:00:00+00:00,2026-02-01T16:01:19+00:00,05eba714b5bc13bab63795ade60508f1b2ba0211624fc80e12dc734adb8c6a9b,gfs-ml-v1:30e504d3fa915c28313a72a3c8f0d5412a78763b1207789a749d094d1a620668,1,2026-02-02T03:00:00+00:00,2026-02-02T08:00:00+05:00,9,0.5903593948479267,7.4612448503034825,-1.7370712422940073,True
2026-02-01,2026-02-01T18:00:00+00:00,2026-02-01T23:00:00+05:00,2026-02-01T12:00:00+00:00,2026-02-01T16:01:19+00:00,05eba714b5bc13bab63795ade60508f1b2ba0211624fc80e12dc734adb8c6a9b,gfs-ml-v1:30e504d3fa915c28313a72a3c8f0d5412a78763b1207789a749d094d1a620668,1,2026-02-02T04:00:00+00:00,2026-02-02T09:00:00+05:00,10,0.6055280252280751,7.562993276814422,0.1705572199720109,True
2026-02-01,2026-02-01T18:00:00+00:00,2026-02-01T23:00:00+05:00,2026-02-01T12:00:00+00:00,2026-02-01T16:01:19+00:00,05eba714b5bc13bab63795ade60508f1b2ba0211624fc80e12dc734adb8c6a9b,gfs-ml-v1:30e504d3fa915c28313a72a3c8f0d5412a78763b1207789a749d094d1a620668,1,2026-02-02T05:00:00+00:00,2026-02-02T10:00:00+05:00,11,0.7002675579140989,8.269155923851795,2.2416277259919752,True
2026-02-01,2026-02-01T18:00:00+00:00,2026-02-01T23:00:00+05:00,2026-02-01T12:00:00+00:00,2026-02-01T16:01:19+00:00,05eba714b5bc13bab63795ade60508f1b2ba0211624fc80e12dc734adb8c6a9b,gfs-ml-v1:30e504d3fa915c28313a72a3c8f0d5412a78763b1207789a749d094d1a620668,1,2026-02-02T06:00:00+00:00,2026-02-02T11:00:00+05:00,12,0.7816521857502524,8.895544010380144,4.004190556552032,True
2026-02-01,2026-02-01T18:00:00+00:00,2026-02-01T23:00:00+05:00,2026-02-01T12:00:00+00:00,2026-02-01T16:01:19+00:00,05eba714b5bc13bab63795ade60508f1b2ba0211624fc80e12dc734adb8c6a9b,gfs-ml-v1:30e504d3fa915c28313a72a3c8f0d5412a78763b1207789a749d094d1a620668,1,2026-02-02T07:00:00+00:00,2026-02-02T12:00:00+05:00,13,0.8372444797989747,9.348223369027401,5.059419250835958,True
2026-02-01,2026-02-01T18:00:00+00:00,2026-02-01T23:00:00+05:00,2026-02-01T12:00:00+00:00,2026-02-01T16:01:19+00:00,05eba714b5bc13bab63795ade60508f1b2ba0211624fc80e12dc734adb8c6a9b,gfs-ml-v1:30e504d3fa915c28313a72a3c8f0d5412a78763b1207789a749d094d1a620668,1,2026-02-02T08:00:00+00:00,2026-02-02T13:00:00+05:00,14,0.867304389825563,9.59771144799839,5.726504508565995,True
2026-02-01,2026-02-01T18:00:00+00:00,2026-02-01T23:00:00+05:00,2026-02-01T12:00:00+00:00,2026-02-01T16:01:19+00:00,05eba714b5bc13bab63795ade60508f1b2ba0211624fc80e12dc734adb8c6a9b,gfs-ml-v1:30e504d3fa915c28313a72a3c8f0d5412a78763b1207789a749d094d1a620668,1,2026-02-02T09:00:00+00:00,2026-02-02T14:00:00+05:00,15,0.8740953305097962,9.654074183090302,5.862923477342008,True
2026-02-01,2026-02-01T18:00:00+00:00,2026-02-01T23:00:00+05:00,2026-02-01T12:00:00+00:00,2026-02-01T16:01:19+00:00,05eba714b5bc13bab63795ade60508f1b2ba0211624fc80e12dc734adb8c6a9b,gfs-ml-v1:30e504d3fa915c28313a72a3c8f0d5412a78763b1207789a749d094d1a620668,1,2026-02-02T10:00:00+00:00,2026-02-02T15:00:00+05:00,16,0.7590233526972936,8.715031628113074,5.196618926830013,True
2026-02-01,2026-02-01T18:00:00+00:00,2026-02-01T23:00:00+05:00,2026-02-01T12:00:00+00:00,2026-02-01T16:01:19+00:00,05eba714b5bc13bab63795ade60508f1b2ba0211624fc80e12dc734adb8c6a9b,gfs-ml-v1:30e504d3fa915c28313a72a3c8f0d5412a78763b1207789a749d094d1a620668,1,2026-02-02T11:00:00+00:00,2026-02-02T16:00:00+05:00,17,0.5585472208215683,7.247854546106322,3.6227766423600087,True
2026-02-01,2026-02-01T18:00:00+00:00,2026-02-01T23:00:00+05:00,2026-02-01T12:00:00+00:00,2026-02-01T16:01:19+00:00,05eba714b5bc13bab63795ade60508f1b2ba0211624fc80e12dc734adb8c6a9b,gfs-ml-v1:30e504d3fa915c28313a72a3c8f0d5412a78763b1207789a749d094d1a620668,1,2026-02-02T12:00:00+00:00,2026-02-02T17:00:00+05:00,18,0.31827659874156217,5.546281793977726,1.3091342162060187,True
2026-02-01,2026-02-01T18:00:00+00:00,2026-02-01T23:00:00+05:00,2026-02-01T12:00:00+00:00,2026-02-01T16:01:19+00:00,05eba714b5bc13bab63795ade60508f1b2ba0211624fc80e12dc734adb8c6a9b,gfs-ml-v1:30e504d3fa915c28313a72a3c8f0d5412a78763b1207789a749d094d1a620668,1,2026-02-02T13:00:00+00:00,2026-02-02T18:00:00+05:00,19,0.14863314667421146,4.0096804699799184,0.5372934133840204,True
2026-02-01,2026-02-01T18:00:00+00:00,2026-02-01T23:00:00+05:00,2026-02-01T12:00:00+00:00,2026-02-01T16:01:19+00:00,05eba714b5bc13bab63795ade60508f1b2ba0211624fc80e12dc734adb8c6a9b,gfs-ml-v1:30e504d3fa915c28313a72a3c8f0d5412a78763b1207789a749d094d1a620668,1,2026-02-02T14:00:00+00:00,2026-02-02T19:00:00+05:00,20,0.1399229421418533,3.88561275605814,0.5321676717520063,True
2026-02-01,2026-02-01T18:00:00+00:00,2026-02-01T23:00:00+05:00,2026-02-01T12:00:00+00:00,2026-02-01T16:01:19+00:00,05eba714b5bc13bab63795ade60508f1b2ba0211624fc80e12dc734adb8c6a9b,gfs-ml-v1:30e504d3fa915c28313a72a3c8f0d5412a78763b1207789a749d094d1a620668,1,2026-02-02T15:00:00+00:00,2026-02-02T20:00:00+05:00,21,0.1313003783155116,3.762793391931314,0.7791488544260119,True
2026-02-01,2026-02-01T18:00:00+00:00,2026-02-01T23:00:00+05:00,2026-02-01T12:00:00+00:00,2026-02-01T16:01:19+00:00,05eba714b5bc13bab63795ade60508f1b2ba0211624fc80e12dc734adb8c6a9b,gfs-ml-v1:30e504d3fa915c28313a72a3c8f0d5412a78763b1207789a749d094d1a620668,1,2026-02-02T16:00:00+00:00,2026-02-02T21:00:00+05:00,22,0.15557096266209886,4.0893620451883015,0.6188682311880029,True
2026-02-01,2026-02-01T18:00:00+00:00,2026-02-01T23:00:00+05:00,2026-02-01T12:00:00+00:00,2026-02-01T16:01:19+00:00,05eba714b5bc13bab63795ade60508f1b2ba0211624fc80e12dc734adb8c6a9b,gfs-ml-v1:30e504d3fa915c28313a72a3c8f0d5412a78763b1207789a749d094d1a620668,1,2026-02-02T17:00:00+00:00,2026-02-02T22:00:00+05:00,23,0.1853211822594175,4.430450762640651,0.4148304169520429,True
2026-02-01,2026-02-01T18:00:00+00:00,2026-02-01T23:00:00+05:00,2026-02-01T12:00:00+00:00,2026-02-01T16:01:19+00:00,05eba714b5bc13bab63795ade60508f1b2ba0211624fc80e12dc734adb8c6a9b,gfs-ml-v1:30e504d3fa915c28313a72a3c8f0d5412a78763b1207789a749d094d1a620668,1,2026-02-02T18:00:00+00:00,2026-02-02T23:00:00+05:00,24,0.2023137305602922,4.60354777554978,0.19970912792405215,True
2026-02-01,2026-02-01T18:00:00+00:00,2026-02-01T23:00:00+05:00,2026-02-01T12:00:00+00:00,2026-02-01T16:01:19+00:00,05eba714b5bc13bab63795ade60508f1b2ba0211624fc80e12dc734adb8c6a9b,gfs-ml-v1:30e504d3fa915c28313a72a3c8f0d5412a78763b1207789a749d094d1a620668,2,2026-02-01T19:00:00+00:00,2026-02-02T00:00:00+05:00,1,0.2677331119075854,5.1396787333619764,-0.6875357054250344,True
2026-02-01,2026-02-01T18:00:00+00:00,2026-02-01T23:00:00+05:00,2026-02-01T12:00:00+00:00,2026-02-01T16:01:19+00:00,05eba714b5bc13bab63795ade60508f1b2ba0211624fc80e12dc734adb8c6a9b,gfs-ml-v1:30e504d3fa915c28313a72a3c8f0d5412a78763b1207789a749d094d1a620668,2,2026-02-01T20:00:00+00:00,2026-02-02T01:00:00+05:00,2,0.3435115845109011,5.701436781839471,-0.9935255711100126,True
2026-02-01,2026-02-01T18:00:00+00:00,2026-02-01T23:00:00+05:00,2026-02-01T12:00:00+00:00,2026-02-01T16:01:19+00:00,05eba714b5bc13bab63795ade60508f1b2ba0211624fc80e12dc734adb8c6a9b,gfs-ml-v1:30e504d3fa915c28313a72a3c8f0d5412a78763b1207789a749d094d1a620668,2,2026-02-01T21:00:00+00:00,2026-02-02T02:00:00+05:00,3,0.39485504867743687,6.065129190743822,-1.1563809671781655,True
2026-02-01,2026-02-01T18:00:00+00:00,2026-02-01T23:00:00+05:00,2026-02-01T12:00:00+00:00,2026-02-01T16:01:19+00:00,05eba714b5bc13bab63795ade60508f1b2ba0211624fc80e12dc734adb8c6a9b,gfs-ml-v1:30e504d3fa915c28313a72a3c8f0d5412a78763b1207789a749d094d1a620668,2,2026-02-01T22:00:00+00:00,2026-02-02T03:00:00+05:00,4,0.4290131953806991,6.310095629266103,-1.4616581353437823,True
2026-02-01,2026-02-01T18:00:00+00:00,2026-02-01T23:00:00+05:00,2026-02-01T12:00:00+00:00,2026-02-01T16:01:19+00:00,05eba714b5bc13bab63795ade60508f1b2ba0211624fc80e12dc734adb8c6a9b,gfs-ml-v1:30e504d3fa915c28313a72a3c8f0d5412a78763b1207789a749d094d1a620668,2,2026-02-01T23:00:00+00:00,2026-02-02T04:00:00+05:00,5,0.4717756108714139,6.615859128148459,-1.6547011429443614,True
2026-02-01,2026-02-01T18:00:00+00:00,2026-02-01T23:00:00+05:00,2026-02-01T12:00:00+00:00,2026-02-01T16:01:19+00:00,05eba714b5bc13bab63795ade60508f1b2ba0211624fc80e12dc734adb8c6a9b,gfs-ml-v1:30e504d3fa915c28313a72a3c8f0d5412a78763b1207789a749d094d1a620668,2,2026-02-02T00:00:00+00:00,2026-02-02T05:00:00+05:00,6,0.5161061597760008,6.930364101044686,-1.872237560941187,True
2026-02-01,2026-02-01T18:00:00+00:00,2026-02-01T23:00:00+05:00,2026-02-01T12:00:00+00:00,2026-02-01T16:01:19+00:00,05eba714b5bc13bab63795ade60508f1b2ba0211624fc80e12dc734adb8c6a9b,gfs-ml-v1:30e504d3fa915c28313a72a3c8f0d5412a78763b1207789a749d094d1a620668,2,2026-02-02T01:00:00+00:00,2026-02-02T06:00:00+05:00,7,0.5314401779475277,7.0391519479943385,-2.148413744502818,True
2026-02-01,2026-02-01T18:00:00+00:00,2026-02-01T23:00:00+05:00,2026-02-01T12:00:00+00:00,2026-02-01T16:01:19+00:00,05eba714b5bc13bab63795ade60508f1b2ba0211624fc80e12dc734adb8c6a9b,gfs-ml-v1:30e504d3fa915c28313a72a3c8f0d5412a78763b1207789a749d094d1a620668,2,2026-02-02T02:00:00+00:00,2026-02-02T07:00:00+05:00,8,0.5407710438868574,7.099579638004837,-2.3724885228762105,True
2026-02-01,2026-02-01T18:00:00+00:00,2026-02-01T23:00:00+05:00,2026-02-01T12:00:00+00:00,2026-02-01T16:01:19+00:00,05eba714b5bc13bab63795ade60508f1b2ba0211624fc80e12dc734adb8c6a9b,gfs-ml-v1:30e504d3fa915c28313a72a3c8f0d5412a78763b1207789a749d094d1a620668,2,2026-02-02T03:00:00+00:00,2026-02-02T08:00:00+05:00,9,0.5834275066395034,7.368390188643004,-1.7252050708405022,True
2026-02-01,2026-02-01T18:00:00+00:00,2026-02-01T23:00:00+05:00,2026-02-01T12:00:00+00:00,2026-02-01T16:01:19+00:00,05eba714b5bc13bab63795ade60508f1b2ba0211624fc80e12dc734adb8c6a9b,gfs-ml-v1:30e504d3fa915c28313a72a3c8f0d5412a78763b1207789a749d094d1a620668,2,2026-02-02T04:00:00+00:00,2026-02-02T09:00:00+05:00,10,0.5997146477251127,7.471027751183807,0.18857551101331183,True
2026-02-01,2026-02-01T18:00:00+00:00,2026-02-01T23:00:00+05:00,2026-02-01T12:00:00+00:00,2026-02-01T16:01:19+00:00,05eba714b5bc13bab63795ade60508f1b2ba0211624fc80e12dc734adb8c6a9b,gfs-ml-v1:30e504d3fa915c28313a72a3c8f0d5412a78763b1207789a749d094d1a620668,2,2026-02-02T05:00:00+00:00,2026-02-02T10:00:00+05:00,11,0.6850306515310335,8.167687567389102,2.255656439958102,True
2026-02-01,2026-02-01T18:00:00+00:00,2026-02-01T23:00:00+05:00,2026-02-01T12:00:00+00:00,2026-02-01T16:01:19+00:00,05eba714b5bc13bab63795ade60508f1b2ba0211624fc80e12dc734adb8c6a9b,gfs-ml-v1:30e504d3fa915c28313a72a3c8f0d5412a78763b1207789a749d094d1a620668,2,2026-02-02T06:00:00+00:00,2026-02-02T11:00:00+05:00,12,0.7766125088087088,8.788671911268716,4.010099179292524,True
2026-02-01,2026-02-01T18:00:00+00:00,2026-02-01T23:00:00+05:00,2026-02-01T12:00:00+00:00,2026-02-01T16:01:19+00:00,05eba714b5bc13bab63795ade60508f1b2ba0211624fc80e12dc734adb8c6a9b,gfs-ml-v1:30e504d3fa915c28313a72a3c8f0d5412a78763b1207789a749d094d1a620668,2,2026-02-02T07:00:00+00:00,2026-02-02T12:00:00+05:00,13,0.8353477903443851,9.237572032856779,5.0591525778606865,True
2026-02-01,2026-02-01T18:00:00+00:00,2026-02-01T23:00:00+05:00,2026-02-01T12:00:00+00:00,2026-02-01T16:01:19+00:00,05eba714b5bc13bab63795ade60508f1b2ba0211624fc80e12dc734adb8c6a9b,gfs-ml-v1:30e504d3fa915c28313a72a3c8f0d5412a78763b1207789a749d094d1a620668,2,2026-02-02T08:00:00+00:00,2026-02-02T13:00:00+05:00,14,0.8642949856643412,9.487018936778286,5.722281812665926,True
2026-02-01,2026-02-01T18:00:00+00:00,2026-02-01T23:00:00+05:00,2026-02-01T12:00:00+00:00,2026-02-01T16:01:19+00:00,05eba714b5bc13bab63795ade60508f1b2ba0211624fc80e12dc734adb8c6a9b,gfs-ml-v1:30e504d3fa915c28313a72a3c8f0d5412a78763b1207789a749d094d1a620668,2,2026-02-02T09:00:00+00:00,2026-02-02T14:00:00+05:00,15,0.8713759843487859,9.548038084885158,5.852308945932123,True
2026-02-01,2026-02-01T18:00:00+00:00,2026-02-01T23:00:00+05:00,2026-02-01T12:00:00+00:00,2026-02-01T16:01:19+00:00,05eba714b5bc13bab63795ade60508f1b2ba0211624fc80e12dc734adb8c6a9b,gfs-ml-v1:30e504d3fa915c28313a72a3c8f0d5412a78763b1207789a749d094d1a620668,2,2026-02-02T10:00:00+00:00,2026-02-02T15:00:00+05:00,16,0.7543695488884447,8.623846519231284,5.177691472289268,True
2026-02-01,2026-02-01T18:00:00+00:00,2026-02-01T23:00:00+05:00,2026-02-01T12:00:00+00:00,2026-02-01T16:01:19+00:00,05eba714b5bc13bab63795ade60508f1b2ba0211624fc80e12dc734adb8c6a9b,gfs-ml-v1:30e504d3fa915c28313a72a3c8f0d5412a78763b1207789a749d094d1a620668,2,2026-02-02T11:00:00+00:00,2026-02-02T16:00:00+05:00,17,0.5506257720471402,7.161681714272068,3.597420388766409,True
2026-02-01,2026-02-01T18:00:00+00:00,2026-02-01T23:00:00+05:00,2026-02-01T12:00:00+00:00,2026-02-01T16:01:19+00:00,05eba714b5bc13bab63795ade60508f1b2ba0211624fc80e12dc734adb8c6a9b,gfs-ml-v1:30e504d3fa915c28313a72a3c8f0d5412a78763b1207789a749d094d1a620668,2,2026-02-02T12:00:00+00:00,2026-02-02T17:00:00+05:00,18,0.3091617253261828,5.4561940419959605,1.2814399338994917,True
2026-02-01,2026-02-01T18:00:00+00:00,2026-02-01T23:00:00+05:00,2026-02-01T12:00:00+00:00,2026-02-01T16:01:19+00:00,05eba714b5bc13bab63795ade60508f1b2ba0211624fc80e12dc734adb8c6a9b,gfs-ml-v1:30e504d3fa915c28313a72a3c8f0d5412a78763b1207789a749d094d1a620668,2,2026-02-02T13:00:00+00:00,2026-02-02T18:00:00+05:00,19,0.1426845303924082,3.925428328493246,0.5220129260522413,True
2026-02-01,2026-02-01T18:00:00+00:00,2026-02-01T23:00:00+05:00,2026-02-01T12:00:00+00:00,2026-02-01T16:01:19+00:00,05eba714b5bc13bab63795ade60508f1b2ba0211624fc80e12dc734adb8c6a9b,gfs-ml-v1:30e504d3fa915c28313a72a3c8f0d5412a78763b1207789a749d094d1a620668,2,2026-02-02T14:00:00+00:00,2026-02-02T19:00:00+05:00,20,0.13430292369293825,3.809473206716127,0.519107883740503,True
2026-02-01,2026-02-01T18:00:00+00:00,2026-02-01T23:00:00+05:00,2026-02-01T12:00:00+00:00,2026-02-01T16:01:19+00:00,05eba714b5bc13bab63795ade60508f1b2ba0211624fc80e12dc734adb8c6a9b,gfs-ml-v1:30e504d3fa915c28313a72a3c8f0d5412a78763b1207789a749d094d1a620668,2,2026-02-02T15:00:00+00:00,2026-02-02T20:00:00+05:00,21,0.12659420169622143,3.7025884575191217,0.7704120111723114,True
2026-02-01,2026-02-01T18:00:00+00:00,2026-02-01T23:00:00+05:00,2026-02-01T12:00:00+00:00,2026-02-01T16:01:19+00:00,05eba714b5bc13bab63795ade60508f1b2ba0211624fc80e12dc734adb8c6a9b,gfs-ml-v1:30e504d3fa915c28313a72a3c8f0d5412a78763b1207789a749d094d1a620668,2,2026-02-02T16:00:00+00:00,2026-02-02T21:00:00+05:00,22,0.1513959057712988,4.02546141136896,0.6168132710651548,True
2026-02-01,2026-02-01T18:00:00+00:00,2026-02-01T23:00:00+05:00,2026-02-01T12:00:00+00:00,2026-02-01T16:01:19+00:00,05eba714b5bc13bab63795ade60508f1b2ba0211624fc80e12dc734adb8c6a9b,gfs-ml-v1:30e504d3fa915c28313a72a3c8f0d5412a78763b1207789a749d094d1a620668,2,2026-02-02T17:00:00+00:00,2026-02-02T22:00:00+05:00,23,0.18170702196044203,4.3735252090961705,0.40487773818853157,True
2026-02-01,2026-02-01T18:00:00+00:00,2026-02-01T23:00:00+05:00,2026-02-01T12:00:00+00:00,2026-02-01T16:01:19+00:00,05eba714b5bc13bab63795ade60508f1b2ba0211624fc80e12dc734adb8c6a9b,gfs-ml-v1:30e504d3fa915c28313a72a3c8f0d5412a78763b1207789a749d094d1a620668,2,2026-02-02T18:00:00+00:00,2026-02-02T23:00:00+05:00,24,0.19879436351946966,4.544248913784687,0.19114324644181124,True
2026-02-02,2026-02-02T18:00:00+00:00,2026-02-02T23:00:00+05:00,2026-02-02T12:00:00+00:00,2026-02-02T16:00:22+00:00,eca24cd2729f82b59ed5b1b52d1f6dff1157a8bdd435f4c68ec47b4a4cf91d73,gfs-ml-v1:30e504d3fa915c28313a72a3c8f0d5412a78763b1207789a749d094d1a620668,1,2026-02-02T19:00:00+00:00,2026-02-03T00:00:00+05:00,1,0.26143479042652634,5.107432619984419,0.43793986076201463,True
2026-02-02,2026-02-02T18:00:00+00:00,2026-02-02T23:00:00+05:00,2026-02-02T12:00:00+00:00,2026-02-02T16:00:22+00:00,eca24cd2729f82b59ed5b1b52d1f6dff1157a8bdd435f4c68ec47b4a4cf91d73,gfs-ml-v1:30e504d3fa915c28313a72a3c8f0d5412a78763b1207789a749d094d1a620668,1,2026-02-02T20:00:00+00:00,2026-02-03T01:00:00+05:00,2,0.33991220903522423,5.70465233581969,0.2552609403539918,True
2026-02-02,2026-02-02T18:00:00+00:00,2026-02-02T23:00:00+05:00,2026-02-02T12:00:00+00:00,2026-02-02T16:00:22+00:00,eca24cd2729f82b59ed5b1b52d1f6dff1157a8bdd435f4c68ec47b4a4cf91d73,gfs-ml-v1:30e504d3fa915c28313a72a3c8f0d5412a78763b1207789a749d094d1a620668,1,2026-02-02T21:00:00+00:00,2026-02-03T02:00:00+05:00,3,0.3851290124062879,6.028394487948584,0.0011010212480186965,True
2026-02-02,2026-02-02T18:00:00+00:00,2026-02-02T23:00:00+05:00,2026-02-02T12:00:00+00:00,2026-02-02T16:00:22+00:00,eca24cd2729f82b59ed5b1b52d1f6dff1157a8bdd435f4c68ec47b4a4cf91d73,gfs-ml-v1:30e504d3fa915c28313a72a3c8f0d5412a78763b1207789a749d094d1a620668,1,2026-02-02T22:00:00+00:00,2026-02-03T03:00:00+05:00,4,0.5053341150895503,6.868001129424756,0.0137237244859989,True
2026-02-02,2026-02-02T18:00:00+00:00,2026-02-02T23:00:00+05:00,2026-02-02T12:00:00+00:00,2026-02-02T16:00:22+00:00,eca24cd2729f82b59ed5b1b52d1f6dff1157a8bdd435f4c68ec47b4a4cf91d73,gfs-ml-v1:30e504d3fa915c28313a72a3c8f0d5412a78763b1207789a749d094d1a620668,1,2026-02-02T23:00:00+00:00,2026-02-03T04:00:00+05:00,5,0.47275824312037185,6.632976861947758,-0.3394032679659631,True
2026-02-02,2026-02-02T18:00:00+00:00,2026-02-02T23:00:00+05:00,2026-02-02T12:00:00+00:00,2026-02-02T16:00:22+00:00,eca24cd2729f82b59ed5b1b52d1f6dff1157a8bdd435f4c68ec47b4a4cf91d73,gfs-ml-v1:30e504d3fa915c28313a72a3c8f0d5412a78763b1207789a749d094d1a620668,1,2026-02-03T00:00:00+00:00,2026-02-03T05:00:00+05:00,6,0.4055306136177285,6.172216083821422,-0.7423434295720313,True
2026-02-02,2026-02-02T18:00:00+00:00,2026-02-02T23:00:00+05:00,2026-02-02T12:00:00+00:00,2026-02-02T16:00:22+00:00,eca24cd2729f82b59ed5b1b52d1f6dff1157a8bdd435f4c68ec47b4a4cf91d73,gfs-ml-v1:30e504d3fa915c28313a72a3c8f0d5412a78763b1207789a749d094d1a620668,1,2026-02-03T01:00:00+00:00,2026-02-03T06:00:00+05:00,7,0.34276993916568943,5.725113041434993,-1.0046671844419848,True
2026-02-02,2026-02-02T18:00:00+00:00,2026-02-02T23:00:00+05:00,2026-02-02T12:00:00+00:00,2026-02-02T16:00:22+00:00,eca24cd2729f82b59ed5b1b52d1f6dff1157a8bdd435f4c68ec47b4a4cf91d73,gfs-ml-v1:30e504d3fa915c28313a72a3c8f0d5412a78763b1207789a749d094d1a620668,1,2026-02-03T02:00:00+00:00,2026-02-03T07:00:00+05:00,8,0.26777871240136725,5.1564110920116795,-1.3887987008439495,True
2026-02-02,2026-02-02T18:00:00+00:00,2026-02-02T23:00:00+05:00,2026-02-02T12:00:00+00:00,2026-02-02T16:00:22+00:00,eca24cd2729f82b59ed5b1b52d1f6dff1157a8bdd435f4c68ec47b4a4cf91d73,gfs-ml-v1:30e504d3fa915c28313a72a3c8f0d5412a78763b1207789a749d094d1a620668,1,2026-02-03T03:00:00+00:00,2026-02-03T08:00:00+05:00,9,0.29064776063584624,5.332972380704169,-0.4741873635999809,True
2026-02-02,2026-02-02T18:00:00+00:00,2026-02-02T23:00:00+05:00,2026-02-02T12:00:00+00:00,2026-02-02T16:00:22+00:00,eca24cd2729f82b59ed5b1b52d1f6dff1157a8bdd435f4c68ec47b4a4cf91d73,gfs-ml-v1:30e504d3fa915c28313a72a3c8f0d5412a78763b1207789a749d094d1a620668,1,2026-02-03T04:00:00+00:00,2026-02-03T09:00:00+05:00,10,0.13906593533390246,3.8734055943224015,1.0451618146300348,True
2026-02-02,2026-02-02T18:00:00+00:00,2026-02-02T23:00:00+05:00,2026-02-02T12:00:00+00:00,2026-02-02T16:00:22+00:00,eca24cd2729f82b59ed5b1b52d1f6dff1157a8bdd435f4c68ec47b4a4cf91d73,gfs-ml-v1:30e504d3fa915c28313a72a3c8f0d5412a78763b1207789a749d094d1a620668,1,2026-02-03T05:00:00+00:00,2026-02-03T10:00:00+05:00,11,0.11046820502270106,3.462345161523856,2.514913068194005,True
2026-02-02,2026-02-02T18:00:00+00:00,2026-02-02T23:00:00+05:00,2026-02-02T12:00:00+00:00,2026-02-02T16:00:22+00:00,eca24cd2729f82b59ed5b1b52d1f6dff1157a8bdd435f4c68ec47b4a4cf91d73,gfs-ml-v1:30e504d3fa915c28313a72a3c8f0d5412a78763b1207789a749d094d1a620668,1,2026-02-03T06:00:00+00:00,2026-02-03T11:00:00+05:00,12,0.10455629522658456,3.359136906799099,3.9647567547000335,True
2026-02-02,2026-02-02T18:00:00+00:00,2026-02-02T23:00:00+05:00,2026-02-02T12:00:00+00:00,2026-02-02T16:00:22+00:00,eca24cd2729f82b59ed5b1b52d1f6dff1157a8bdd435f4c68ec47b4a4cf91d73,gfs-ml-v1:30e504d3fa915c28313a72a3c8f0d5412a78763b1207789a749d094d1a620668,1,2026-02-03T07:00:00+00:00,2026-02-03T12:00:00+05:00,13,0.0945029931965132,3.1836295339656866,4.923771615156056,True
2026-02-02,2026-02-02T18:00:00+00:00,2026-02-02T23:00:00+05:00,2026-02-02T12:00:00+00:00,2026-02-02T16:00:22+00:00,eca24cd2729f82b59ed5b1b52d1f6dff1157a8bdd435f4c68ec47b4a4cf91d73,gfs-ml-v1:30e504d3fa915c28313a72a3c8f0d5412a78763b1207789a749d094d1a620668,1,2026-02-03T08:00:00+00:00,2026-02-03T13:00:00+05:00,14,0.05396718655903932,2.304599466797801,5.44813019416199,True
2026-02-02,2026-02-02T18:00:00+00:00,2026-02-02T23:00:00+05:00,2026-02-02T12:00:00+00:00,2026-02-02T16:00:22+00:00,eca24cd2729f82b59ed5b1b52d1f6dff1157a8bdd435f4c68ec47b4a4cf91d73,gfs-ml-v1:30e504d3fa915c28313a72a3c8f0d5412a78763b1207789a749d094d1a620668,1,2026-02-03T09:00:00+00:00,2026-02-03T14:00:00+05:00,15,0.01757956665045966,0.9338763123912566,5.406217996609996,True
2026-02-02,2026-02-02T18:00:00+00:00,2026-02-02T23:00:00+05:00,2026-02-02T12:00:00+00:00,2026-02-02T16:00:22+00:00,eca24cd2729f82b59ed5b1b52d1f6dff1157a8bdd435f4c68ec47b4a4cf91d73,gfs-ml-v1:30e504d3fa915c28313a72a3c8f0d5412a78763b1207789a749d094d1a620668,1,2026-02-03T10:00:00+00:00,2026-02-03T15:00:00+05:00,16,0.013190568171119483,0.545066061682904,4.9377960684200275,True
2026-02-02,2026-02-02T18:00:00+00:00,2026-02-02T23:00:00+05:00,2026-02-02T12:00:00+00:00,2026-02-02T16:00:22+00:00,eca24cd2729f82b59ed5b1b52d1f6dff1157a8bdd435f4c68ec47b4a4cf91d73,gfs-ml-v1:30e504d3fa915c28313a72a3c8f0d5412a78763b1207789a749d094d1a620668,1,2026-02-03T11:00:00+00:00,2026-02-03T16:00:00+05:00,17,0.050288656689843246,2.1971675261818833,3.8469948217440333,True
2026-02-02,2026-02-02T18:00:00+00:00,2026-02-02T23:00:00+05:00,2026-02-02T12:00:00+00:00,2026-02-02T16:00:22+00:00,eca24cd2729f82b59ed5b1b52d1f6dff1157a8bdd435f4c68ec47b4a4cf91d73,gfs-ml-v1:30e504d3fa915c28313a72a3c8f0d5412a78763b1207789a749d094d1a620668,1,2026-02-03T12:00:00+00:00,2026-02-03T17:00:00+05:00,18,0.07883166487286189,2.8966004714662774,2.7795039409580227,True
2026-02-02,2026-02-02T18:00:00+00:00,2026-02-02T23:00:00+05:00,2026-02-02T12:00:00+00:00,2026-02-02T16:00:22+00:00,eca24cd2729f82b59ed5b1b52d1f6dff1157a8bdd435f4c68ec47b4a4cf91d73,gfs-ml-v1:30e504d3fa915c28313a72a3c8f0d5412a78763b1207789a749d094d1a620668,1,2026-02-03T13:00:00+00:00,2026-02-03T18:00:00+05:00,19,0.1473212766730749,3.9909942598686725,3.107401285186029,True
2026-02-02,2026-02-02T18:00:00+00:00,2026-02-02T23:00:00+05:00,2026-02-02T12:00:00+00:00,2026-02-02T16:00:22+00:00,eca24cd2729f82b59ed5b1b52d1f6dff1157a8bdd435f4c68ec47b4a4cf91d73,gfs-ml-v1:30e504d3fa915c28313a72a3c8f0d5412a78763b1207789a749d094d1a620668,1,2026-02-03T14:00:00+00:00,2026-02-03T19:00:00+05:00,20,0.31201896151786374,5.497969486396839,2.772198743458034,True
2026-02-02,2026-02-02T18:00:00+00:00,2026-02-02T23:00:00+05:00,2026-02-02T12:00:00+00:00,2026-02-02T16:00:22+00:00,eca24cd2729f82b59ed5b1b52d1f6dff1157a8bdd435f4c68ec47b4a4cf91d73,gfs-ml-v1:30e504d3fa915c28313a72a3c8f0d5412a78763b1207789a749d094d1a620668,1,2026-02-03T15:00:00+00:00,2026-02-03T20:00:00+05:00,21,0.36578700905130174,5.8899100899861505,2.510338437820053,True
2026-02-02,2026-02-02T18:00:00+00:00,2026-02-02T23:00:00+05:00,2026-02-02T12:00:00+00:00,2026-02-02T16:00:22+00:00,eca24cd2729f82b59ed5b1b52d1f6dff1157a8bdd435f4c68ec47b4a4cf91d73,gfs-ml-v1:30e504d3fa915c28313a72a3c8f0d5412a78763b1207789a749d094d1a620668,1,2026-02-03T16:00:00+00:00,2026-02-03T21:00:00+05:00,22,0.4179002987440123,6.256994705143184,2.4907853479720643,True
2026-02-02,2026-02-02T18:00:00+00:00,2026-02-02T23:00:00+05:00,2026-02-02T12:00:00+00:00,2026-02-02T16:00:22+00:00,eca24cd2729f82b59ed5b1b52d1f6dff1157a8bdd435f4c68ec47b4a4cf91d73,gfs-ml-v1:30e504d3fa915c28313a72a3c8f0d5412a78763b1207789a749d094d1a620668,1,2026-02-03T17:00:00+00:00,2026-02-03T22:00:00+05:00,23,0.40862242298623536,6.193406545258048,2.32359694251204,True
2026-02-02,2026-02-02T18:00:00+00:00,2026-02-02T23:00:00+05:00,2026-02-02T12:00:00+00:00,2026-02-02T16:00:22+00:00,eca24cd2729f82b59ed5b1b52d1f6dff1157a8bdd435f4c68ec47b4a4cf91d73,gfs-ml-v1:30e504d3fa915c28313a72a3c8f0d5412a78763b1207789a749d094d1a620668,1,2026-02-03T18:00:00+00:00,2026-02-03T23:00:00+05:00,24,0.4183097672777367,6.2598010965273945,1.8361917993220231,True
2026-02-02,2026-02-02T18:00:00+00:00,2026-02-02T23:00:00+05:00,2026-02-02T12:00:00+00:00,2026-02-02T16:00:22+00:00,eca24cd2729f82b59ed5b1b52d1f6dff1157a8bdd435f4c68ec47b4a4cf91d73,gfs-ml-v1:30e504d3fa915c28313a72a3c8f0d5412a78763b1207789a749d094d1a620668,2,2026-02-02T19:00:00+00:00,2026-02-03T00:00:00+05:00,1,0.2538102513507261,5.033307842748389,0.42840907765287284,True
2026-02-02,2026-02-02T18:00:00+00:00,2026-02-02T23:00:00+05:00,2026-02-02T12:00:00+00:00,2026-02-02T16:00:22+00:00,eca24cd2729f82b59ed5b1b52d1f6dff1157a8bdd435f4c68ec47b4a4cf91d73,gfs-ml-v1:30e504d3fa915c28313a72a3c8f0d5412a78763b1207789a749d094d1a620668,2,2026-02-02T20:00:00+00:00,2026-02-03T01:00:00+05:00,2,0.33344339932515366,5.630272873420723,0.25109309207499564,True
2026-02-02,2026-02-02T18:00:00+00:00,2026-02-02T23:00:00+05:00,2026-02-02T12:00:00+00:00,2026-02-02T16:00:22+00:00,eca24cd2729f82b59ed5b1b52d1f6dff1157a8bdd435f4c68ec47b4a4cf91d73,gfs-ml-v1:30e504d3fa915c28313a72a3c8f0d5412a78763b1207789a749d094d1a620668,2,2026-02-02T21:00:00+00:00,2026-02-03T02:00:00+05:00,3,0.3795921409668345,5.956461234405387,0.0012532367795756727,True
2026-02-02,2026-02-02T18:00:00+00:00,2026-02-02T23:00:00+05:00,2026-02-02T12:00:00+00:00,2026-02-02T16:00:22+00:00,eca24cd2729f82b59ed5b1b52d1f6dff1157a8bdd435f4c68ec47b4a4cf91d73,gfs-ml-v1:30e504d3fa915c28313a72a3c8f0d5412a78763b1207789a749d094d1a620668,2,2026-02-02T22:00:00+00:00,2026-02-03T03:00:00+05:00,4,0.49566513007580165,6.785344342645825,0.011782216886672359,True
2026-02-02,2026-02-02T18:00:00+00:00,2026-02-02T23:00:00+05:00,2026-02-02T12:00:00+00:00,2026-02-02T16:00:22+00:00,eca24cd2729f82b59ed5b1b52d1f6dff1157a8bdd435f4c68ec47b4a4cf91d73,gfs-ml-v1:30e504d3fa915c28313a72a3c8f0d5412a78763b1207789a749d094d1a620668,2,2026-02-02T23:00:00+00:00,2026-02-03T04:00:00+05:00,5,0.46218554746747115,6.547822013665133,-0.34132850992182284,True
2026-02-02,2026-02-02T18:00:00+00:00,2026-02-02T23:00:00+05:00,2026-02-02T12:00:00+00:00,2026-02-02T16:00:22+00:00,eca24cd2729f82b59ed5b1b52d1f6dff1157a8bdd435f4c68ec47b4a4cf91d73,gfs-ml-v1:30e504d3fa915c28313a72a3c8f0d5412a78763b1207789a749d094d1a620668,2,2026-02-03T00:00:00+00:00,2026-02-03T05:00:00+05:00,6,0.3983903106957071,6.090482455760863,-0.7442420477172504,True
2026-02-02,2026-02-02T18:00:00+00:00,2026-02-02T23:00:00+05:00,2026-02-02T12:00:00+00:00,2026-02-02T16:00:22+00:00,eca24cd2729f82b59ed5b1b52d1f6dff1157a8bdd435f4c68ec47b4a4cf91d73,gfs-ml-v1:30e504d3fa915c28313a72a3c8f0d5412a78763b1207789a749d094d1a620668,2,2026-02-03T01:00:00+00:00,2026-02-03T06:00:00+05:00,7,0.33643826809857963,5.6514411935485604,-1.0027077001360567,True
2026-02-02,2026-02-02T18:00:00+00:00,2026-02-02T23:00:00+05:00,2026-02-02T12:00:00+00:00,2026-02-02T16:00:22+00:00,eca24cd2729f82b59ed5b1b52d1f6dff1157a8bdd435f4c68ec47b4a4cf91d73,gfs-ml-v1:30e504d3fa915c28313a72a3c8f0d5412a78763b1207789a749d094d1a620668,2,2026-02-03T02:00:00+00:00,2026-02-03T07:00:00+05:00,8,0.2605904230996919,5.085108469818181,-1.3860366201425336,True
2026-02-02,2026-02-02T18:00:00+00:00,2026-02-02T23:00:00+05:00,2026-02-02T12:00:00+00:00,2026-02-02T16:00:22+00:00,eca24cd2729f82b59ed5b1b52d1f6dff1157a8bdd435f4c68ec47b4a4cf91d73,gfs-ml-v1:30e504d3fa915c28313a72a3c8f0d5412a78763b1207789a749d094d1a620668,2,2026-02-03T03:00:00+00:00,2026-02-03T08:00:00+05:00,9,0.28378456062276725,5.2623120735796265,-0.47576318446391497,True
2026-02-02,2026-02-02T18:00:00+00:00,2026-02-02T23:00:00+05:00,2026-02-02T12:00:00+00:00,2026-02-02T16:00:22+00:00,eca24cd2729f82b59ed5b1b52d1f6dff1157a8bdd435f4c68ec47b4a4cf91d73,gfs-ml-v1:30e504d3fa915c28313a72a3c8f0d5412a78763b1207789a749d094d1a620668,2,2026-02-03T04:00:00+00:00,2026-02-03T09:00:00+05:00,10,0.13470568926558185,3.8150577247770365,1.0469503839612457,True
2026-02-02,2026-02-02T18:00:00+00:00,2026-02-02T23:00:00+05:00,2026-02-02T12:00:00+00:00,2026-02-02T16:00:22+00:00,eca24cd2729f82b59ed5b1b52d1f6dff1157a8bdd435f4c68ec47b4a4cf91d73,gfs-ml-v1:30e504d3fa915c28313a72a3c8f0d5412a78763b1207789a749d094d1a620668,2,2026-02-03T05:00:00+00:00,2026-02-03T10:00:00+05:00,11,0.10502310632276088,3.403495933508141,2.511905542756608,True
2026-02-02,2026-02-02T18:00:00+00:00,2026-02-02T23:00:00+05:00,2026-02-02T12:00:00+00:00,2026-02-02T16:00:22+00:00,eca24cd2729f82b59ed5b1b52d1f6dff1157a8bdd435f4c68ec47b4a4cf91d73,gfs-ml-v1:30e504d3fa915c28313a72a3c8f0d5412a78763b1207789a749d094d1a620668,2,2026-02-03T06:00:00+00:00,2026-02-03T11:00:00+05:00,12,0.10023101930196851,3.307815139742714,3.95243209082804,True
2026-02-02,2026-02-02T18:00:00+00:00,2026-02-02T23:00:00+05:00,2026-02-02T12:00:00+00:00,2026-02-02T16:00:22+00:00,eca24cd2729f82b59ed5b1b52d1f6dff1157a8bdd435f4c68ec47b4a4cf91d73,gfs-ml-v1:30e504d3fa915c28313a72a3c8f0d5412a78763b1207789a749d094d1a620668,2,2026-02-03T07:00:00+00:00,2026-02-03T12:00:00+05:00,13,0.0916057280753278,3.134870726381768,4.902607802097464,True
2026-02-02,2026-02-02T18:00:00+00:00,2026-02-02T23:00:00+05:00,2026-02-02T12:00:00+00:00,2026-02-02T16:00:22+00:00,eca24cd2729f82b59ed5b1b52d1f6dff1157a8bdd435f4c68ec47b4a4cf91d73,gfs-ml-v1:30e504d3fa915c28313a72a3c8f0d5412a78763b1207789a749d094d1a620668,2,2026-02-03T08:00:00+00:00,2026-02-03T13:00:00+05:00,14,0.05183120005663438,2.2614078745313466,5.421020762668888,True
2026-02-02,2026-02-02T18:00:00+00:00,2026-02-02T23:00:00+05:00,2026-02-02T12:00:00+00:00,2026-02-02T16:00:22+00:00,eca24cd2729f82b59ed5b1b52d1f6dff1157a8bdd435f4c68ec47b4a4cf91d73,gfs-ml-v1:30e504d3fa915c28313a72a3c8f0d5412a78763b1207789a749d094d1a620668,2,2026-02-03T09:00:00+00:00,2026-02-03T14:00:00+05:00,15,0.016602084613771745,0.905690355979229,5.378058956136442,True
2026-02-02,2026-02-02T18:00:00+00:00,2026-02-02T23:00:00+05:00,2026-02-02T12:00:00+00:00,2026-02-02T16:00:22+00:00,eca24cd2729f82b59ed5b1b52d1f6dff1157a8bdd435f4c68ec47b4a4cf91d73,gfs-ml-v1:30e504d3fa915c28313a72a3c8f0d5412a78763b1207789a749d094d1a620668,2,2026-02-03T10:00:00+00:00,2026-02-03T15:00:00+05:00,16,0.01256723879110191,0.5570690052381443,4.902547656720799,True
2026-02-02,2026-02-02T18:00:00+00:00,2026-02-02T23:00:00+05:00,2026-02-02T12:00:00+00:00,2026-02-02T16:00:22+00:00,eca24cd2729f82b59ed5b1b52d1f6dff1157a8bdd435f4c68ec47b4a4cf91d73,gfs-ml-v1:30e504d3fa915c28313a72a3c8f0d5412a78763b1207789a749d094d1a620668,2,2026-02-03T11:00:00+00:00,2026-02-03T16:00:00+05:00,17,0.05026529459713272,2.2163822382421343,3.8171832270585355,True
2026-02-02,2026-02-02T18:00:00+00:00,2026-02-02T23:00:00+05:00,2026-02-02T12:00:00+00:00,2026-02-02T16:00:22+00:00,eca24cd2729f82b59ed5b1b52d1f6dff1157a8bdd435f4c68ec47b4a4cf91d73,gfs-ml-v1:30e504d3fa915c28313a72a3c8f0d5412a78763b1207789a749d094d1a620668,2,2026-02-03T12:00:00+00:00,2026-02-03T17:00:00+05:00,18,0.08124927202385503,2.9272149882441063,2.7564360437599476,True
2026-02-02,2026-02-02T18:00:00+00:00,2026-02-02T23:00:00+05:00,2026-02-02T12:00:00+00:00,2026-02-02T16:00:22+00:00,eca24cd2729f82b59ed5b1b52d1f6dff1157a8bdd435f4c68ec47b4a4cf91d73,gfs-ml-v1:30e504d3fa915c28313a72a3c8f0d5412a78763b1207789a749d094d1a620668,2,2026-02-03T13:00:00+00:00,2026-02-03T18:00:00+05:00,19,0.1493150826042556,4.001567233094548,3.074954179954659,True
2026-02-02,2026-02-02T18:00:00+00:00,2026-02-02T23:00:00+05:00,2026-02-02T12:00:00+00:00,2026-02-02T16:00:22+00:00,eca24cd2729f82b59ed5b1b52d1f6dff1157a8bdd435f4c68ec47b4a4cf91d73,gfs-ml-v1:30e504d3fa915c28313a72a3c8f0d5412a78763b1207789a749d094d1a620668,2,2026-02-03T14:00:00+00:00,2026-02-03T19:00:00+05:00,20,0.3134057662020626,5.488618586214023,2.7485711662599783,True
2026-02-02,2026-02-02T18:00:00+00:00,2026-02-02T23:00:00+05:00,2026-02-02T12:00:00+00:00,2026-02-02T16:00:22+00:00,eca24cd2729f82b59ed5b1b52d1f6dff1157a8bdd435f4c68ec47b4a4cf91d73,gfs-ml-v1:30e504d3fa915c28313a72a3c8f0d5412a78763b1207789a749d094d1a620668,2,2026-02-03T15:00:00+00:00,2026-02-03T20:00:00+05:00,21,0.36726859906794834,5.869356022204045,2.4951814983767804,True
2026-02-02,2026-02-02T18:00:00+00:00,2026-02-02T23:00:00+05:00,2026-02-02T12:00:00+00:00,2026-02-02T16:00:22+00:00,eca24cd2729f82b59ed5b1b52d1f6dff1157a8bdd435f4c68ec47b4a4cf91d73,gfs-ml-v1:30e504d3fa915c28313a72a3c8f0d5412a78763b1207789a749d094d1a620668,2,2026-02-03T16:00:00+00:00,2026-02-03T21:00:00+05:00,22,0.4178149727106922,6.229787152665144,2.4691234121332855,True
2026-02-02,2026-02-02T18:00:00+00:00,2026-02-02T23:00:00+05:00,2026-02-02T12:00:00+00:00,2026-02-02T16:00:22+00:00,eca24cd2729f82b59ed5b1b52d1f6dff1157a8bdd435f4c68ec47b4a4cf91d73,gfs-ml-v1:30e504d3fa915c28313a72a3c8f0d5412a78763b1207789a749d094d1a620668,2,2026-02-03T17:00:00+00:00,2026-02-03T22:00:00+05:00,23,0.40867987569097325,6.1642744595463945,2.3046236925228527,True
2026-02-02,2026-02-02T18:00:00+00:00,2026-02-02T23:00:00+05:00,2026-02-02T12:00:00+00:00,2026-02-02T16:00:22+00:00,eca24cd2729f82b59ed5b1b52d1f6dff1157a8bdd435f4c68ec47b4a4cf91d73,gfs-ml-v1:30e504d3fa915c28313a72a3c8f0d5412a78763b1207789a749d094d1a620668,2,2026-02-03T18:00:00+00:00,2026-02-03T23:00:00+05:00,24,0.4172840133944183,6.225979357885241,1.8186907781072819,True
2026-02-03,2026-02-03T18:00:00+00:00,2026-02-03T23:00:00+05:00,2026-02-03T12:00:00+00:00,2026-02-03T16:01:27+00:00,1fe6d38c5410bb47a1faf35fcb630cce2e288c8cf6ce65f4d341a195f485a661,gfs-ml-v1:30e504d3fa915c28313a72a3c8f0d5412a78763b1207789a749d094d1a620668,1,2026-02-03T19:00:00+00:00,2026-02-04T00:00:00+05:00,1,0.5018075733694027,6.8424551925060095,2.51031114376201,True
2026-02-03,2026-02-03T18:00:00+00:00,2026-02-03T23:00:00+05:00,2026-02-03T12:00:00+00:00,2026-02-03T16:01:27+00:00,1fe6d38c5410bb47a1faf35fcb630cce2e288c8cf6ce65f4d341a195f485a661,gfs-ml-v1:30e504d3fa915c28313a72a3c8f0d5412a78763b1207789a749d094d1a620668,1,2026-02-03T20:00:00+00:00,2026-02-04T01:00:00+05:00,2,0.390956489835465,6.070117916934095,2.2867400384840266,True
2026-02-03,2026-02-03T18:00:00+00:00,2026-02-03T23:00:00+05:00,2026-02-03T12:00:00+00:00,2026-02-03T16:01:27+00:00,1fe6d38c5410bb47a1faf35fcb630cce2e288c8cf6ce65f4d341a195f485a661,gfs-ml-v1:30e504d3fa915c28313a72a3c8f0d5412a78763b1207789a749d094d1a620668,1,2026-02-03T21:00:00+00:00,2026-02-04T02:00:00+05:00,3,0.38620768043112913,6.0361175086347,2.109896038788065,True
2026-02-03,2026-02-03T18:00:00+00:00,2026-02-03T23:00:00+05:00,2026-02-03T12:00:00+00:00,2026-02-03T16:01:27+00:00,1fe6d38c5410bb47a1faf35fcb630cce2e288c8cf6ce65f4d341a195f485a661,gfs-ml-v1:30e504d3fa915c28313a72a3c8f0d5412a78763b1207789a749d094d1a620668,1,2026-02-03T22:00:00+00:00,2026-02-04T03:00:00+05:00,4,0.508491703792206,6.890874405346192,2.1928374768480126,True
2026-02-03,2026-02-03T18:00:00+00:00,2026-02-03T23:00:00+05:00,2026-02-03T12:00:00+00:00,2026-02-03T16:01:27+00:00,1fe6d38c5410bb47a1faf35fcb630cce2e288c8cf6ce65f4d341a195f485a661,gfs-ml-v1:30e504d3fa915c28313a72a3c8f0d5412a78763b1207789a749d094d1a620668,1,2026-02-03T23:00:00+00:00,2026-02-04T04:00:00+05:00,5,0.36492352594760386,5.883727744984358,1.993065995620043,True
2026-02-03,2026-02-03T18:00:00+00:00,2026-02-03T23:00:00+05:00,2026-02-03T12:00:00+00:00,2026-02-03T16:01:27+00:00,1fe6d38c5410bb47a1faf35fcb630cce2e288c8cf6ce65f4d341a195f485a661,gfs-ml-v1:30e504d3fa915c28313a72a3c8f0d5412a78763b1207789a749d094d1a620668,1,2026-02-04T00:00:00+00:00,2026-02-04T05:00:00+05:00,6,0.3875370232543121,6.045635304551466,1.771875113319993,True
2026-02-03,2026-02-03T18:00:00+00:00,2026-02-03T23:00:00+05:00,2026-02-03T12:00:00+00:00,2026-02-03T16:01:27+00:00,1fe6d38c5410bb47a1faf35fcb630cce2e288c8cf6ce65f4d341a195f485a661,gfs-ml-v1:30e504d3fa915c28313a72a3c8f0d5412a78763b1207789a749d094d1a620668,1,2026-02-04T01:00:00+00:00,2026-02-04T06:00:00+05:00,7,0.277119625009515,5.2285279352991045,1.6517573074000325,True
2026-02-03,2026-02-03T18:00:00+00:00,2026-02-03T23:00:00+05:00,2026-02-03T12:00:00+00:00,2026-02-03T16:01:27+00:00,1fe6d38c5410bb47a1faf35fcb630cce2e288c8cf6ce65f4d341a195f485a661,gfs-ml-v1:30e504d3fa915c28313a72a3c8f0d5412a78763b1207789a749d094d1a620668,1,2026-02-04T02:00:00+00:00,2026-02-04T07:00:00+05:00,8,0.18161260369866625,4.3879316040603245,1.7382132993400319,True
2026-02-03,2026-02-03T18:00:00+00:00,2026-02-03T23:00:00+05:00,2026-02-03T12:00:00+00:00,2026-02-03T16:01:27+00:00,1fe6d38c5410bb47a1faf35fcb630cce2e288c8cf6ce65f4d341a195f485a661,gfs-ml-v1:30e504d3fa915c28313a72a3c8f0d5412a78763b1207789a749d094d1a620668,1,2026-02-04T03:00:00+00:00,2026-02-04T08:00:00+05:00,9,0.1315237868072686,3.765975611216754,2.0936576206680115,True
2026-02-03,2026-02-03T18:00:00+00:00,2026-02-03T23:00:00+05:00,2026-02-03T12:00:00+00:00,2026-02-03T16:01:27+00:00,1fe6d38c5410bb47a1faf35fcb630cce2e288c8cf6ce65f4d341a195f485a661,gfs-ml-v1:30e504d3fa915c28313a72a3c8f0d5412a78763b1207789a749d094d1a620668,1,2026-02-04T04:00:00+00:00,2026-02-04T09:00:00+05:00,10,0.1010562371734946,3.298033998339292,2.2480270521220405,True
2026-02-03,2026-02-03T18:00:00+00:00,2026-02-03T23:00:00+05:00,2026-02-03T12:00:00+00:00,2026-02-03T16:01:27+00:00,1fe6d38c5410bb47a1faf35fcb630cce2e288c8cf6ce65f4d341a195f485a661,gfs-ml-v1:30e504d3fa915c28313a72a3c8f0d5412a78763b1207789a749d094d1a620668,1,2026-02-04T05:00:00+00:00,2026-02-04T10:00:00+05:00,11,0.09276175099688158,3.153231477385878,2.3456250816100237,True
2026-02-03,2026-02-03T18:00:00+00:00,2026-02-03T23:00:00+05:00,2026-02-03T12:00:00+00:00,2026-02-03T16:01:27+00:00,1fe6d38c5410bb47a1faf35fcb630cce2e288c8cf6ce65f4d341a195f485a661,gfs-ml-v1:30e504d3fa915c28313a72a3c8f0d5412a78763b1207789a749d094d1a620668,1,2026-02-04T06:00:00+00:00,2026-02-04T11:00:00+05:00,12,0.09940426371571938,3.2691943672710697,2.6483619157939984,True
2026-02-03,2026-02-03T18:00:00+00:00,2026-02-03T23:00:00+05:00,2026-02-03T12:00:00+00:00,2026-02-03T16:01:27+00:00,1fe6d38c5410bb47a1faf35fcb630cce2e288c8cf6ce65f4d341a195f485a661,gfs-ml-v1:30e504d3fa915c28313a72a3c8f0d5412a78763b1207789a749d094d1a620668,1,2026-02-04T07:00:00+00:00,2026-02-04T12:00:00+05:00,13,0.12011536525250102,3.60347463015509,3.2956143619879867,True
2026-02-03,2026-02-03T18:00:00+00:00,2026-02-03T23:00:00+05:00,2026-02-03T12:00:00+00:00,2026-02-03T16:01:27+00:00,1fe6d38c5410bb47a1faf35fcb630cce2e288c8cf6ce65f4d341a195f485a661,gfs-ml-v1:30e504d3fa915c28313a72a3c8f0d5412a78763b1207789a749d094d1a620668,1,2026-02-04T08:00:00+00:00,2026-02-04T13:00:00+05:00,14,0.0823283620713782,2.971088667532256,4.09019955887203,True
2026-02-03,2026-02-03T18:00:00+00:00,2026-02-03T23:00:00+05:00,2026-02-03T12:00:00+00:00,2026-02-03T16:01:27+00:00,1fe6d38c5410bb47a1faf35fcb630cce2e288c8cf6ce65f4d341a195f485a661,gfs-ml-v1:30e504d3fa915c28313a72a3c8f0d5412a78763b1207789a749d094d1a620668,1,2026-02-04T09:00:00+00:00,2026-02-04T14:00:00+05:00,15,0.05255003848092668,2.263211473880665,4.952403597908017,True
2026-02-03,2026-02-03T18:00:00+00:00,2026-02-03T23:00:00+05:00,2026-02-03T12:00:00+00:00,2026-02-03T16:01:27+00:00,1fe6d38c5410bb47a1faf35fcb630cce2e288c8cf6ce65f4d341a195f485a661,gfs-ml-v1:30e504d3fa915c28313a72a3c8f0d5412a78763b1207789a749d094d1a620668,1,2026-02-04T10:00:00+00:00,2026-02-04T15:00:00+05:00,16,0.03119584967621745,1.5834827182159577,5.366988106891995,True
2026-02-03,2026-02-03T18:00:00+00:00,2026-02-03T23:00:00+05:00,2026-02-03T12:00:00+00:00,2026-02-03T16:01:27+00:00,1fe6d38c5410bb47a1faf35fcb630cce2e288c8cf6ce65f4d341a195f485a661,gfs-ml-v1:30e504d3fa915c28313a72a3c8f0d5412a78763b1207789a749d094d1a620668,1,2026-02-04T11:00:00+00:00,2026-02-04T16:00:00+05:00,17,0.01180562564211209,0.3978842931145173,4.747974591920013,True
2026-02-03,2026-02-03T18:00:00+00:00,2026-02-03T23:00:00+05:00,2026-02-03T12:00:00+00:00,2026-02-03T16:01:27+00:00,1fe6d38c5410bb47a1faf35fcb630cce2e288c8cf6ce65f4d341a195f485a661,gfs-ml-v1:30e504d3fa915c28313a72a3c8f0d5412a78763b1207789a749d094d1a620668,1,2026-02-04T12:00:00+00:00,2026-02-04T17:00:00+05:00,18,0.0946499373292388,3.1861948382419154,2.6020802989899607,True
2026-02-03,2026-02-03T18:00:00+00:00,2026-02-03T23:00:00+05:00,2026-02-03T12:00:00+00:00,2026-02-03T16:01:27+00:00,1fe6d38c5410bb47a1faf35fcb630cce2e288c8cf6ce65f4d341a195f485a661,gfs-ml-v1:30e504d3fa915c28313a72a3c8f0d5412a78763b1207789a749d094d1a620668,1,2026-02-04T13:00:00+00:00,2026-02-04T18:00:00+05:00,19,0.28231922668424136,5.268671642328994,0.37955003664404785,True
2026-02-03,2026-02-03T18:00:00+00:00,2026-02-03T23:00:00+05:00,2026-02-03T12:00:00+00:00,2026-02-03T16:01:27+00:00,1fe6d38c5410bb47a1faf35fcb630cce2e288c8cf6ce65f4d341a195f485a661,gfs-ml-v1:30e504d3fa915c28313a72a3c8f0d5412a78763b1207789a749d094d1a620668,1,2026-02-04T14:00:00+00:00,2026-02-04T19:00:00+05:00,20,0.40855938935769165,6.192974529077338,0.17648360364000837,True
2026-02-03,2026-02-03T18:00:00+00:00,2026-02-03T23:00:00+05:00,2026-02-03T12:00:00+00:00,2026-02-03T16:01:27+00:00,1fe6d38c5410bb47a1faf35fcb630cce2e288c8cf6ce65f4d341a195f485a661,gfs-ml-v1:30e504d3fa915c28313a72a3c8f0d5412a78763b1207789a749d094d1a620668,1,2026-02-04T15:00:00+00:00,2026-02-04T20:00:00+05:00,21,0.4768808180434132,6.661888118675921,0.2252840170519903,True
2026-02-03,2026-02-03T18:00:00+00:00,2026-02-03T23:00:00+05:00,2026-02-03T12:00:00+00:00,2026-02-03T16:01:27+00:00,1fe6d38c5410bb47a1faf35fcb630cce2e288c8cf6ce65f4d341a195f485a661,gfs-ml-v1:30e504d3fa915c28313a72a3c8f0d5412a78763b1207789a749d094d1a620668,1,2026-02-04T16:00:00+00:00,2026-02-04T21:00:00+05:00,22,0.5091400836742546,6.895571208299513,-0.1462110403400061,True
2026-02-03,2026-02-03T18:00:00+00:00,2026-02-03T23:00:00+05:00,2026-02-03T12:00:00+00:00,2026-02-03T16:01:27+00:00,1fe6d38c5410bb47a1faf35fcb630cce2e288c8cf6ce65f4d341a195f485a661,gfs-ml-v1:30e504d3fa915c28313a72a3c8f0d5412a78763b1207789a749d094d1a620668,1,2026-02-04T17:00:00+00:00,2026-02-04T22:00:00+05:00,23,0.5749281142954272,7.357734613985738,-0.3316740662079951,True
2026-02-03,2026-02-03T18:00:00+00:00,2026-02-03T23:00:00+05:00,2026-02-03T12:00:00+00:00,2026-02-03T16:01:27+00:00,1fe6d38c5410bb47a1faf35fcb630cce2e288c8cf6ce65f4d341a195f485a661,gfs-ml-v1:30e504d3fa915c28313a72a3c8f0d5412a78763b1207789a749d094d1a620668,1,2026-02-04T18:00:00+00:00,2026-02-04T23:00:00+05:00,24,0.6124975802668841,7.609743790269364,-0.5446728352400214,True
2026-02-03,2026-02-03T18:00:00+00:00,2026-02-03T23:00:00+05:00,2026-02-03T12:00:00+00:00,2026-02-03T16:01:27+00:00,1fe6d38c5410bb47a1faf35fcb630cce2e288c8cf6ce65f4d341a195f485a661,gfs-ml-v1:30e504d3fa915c28313a72a3c8f0d5412a78763b1207789a749d094d1a620668,2,2026-02-03T19:00:00+00:00,2026-02-04T00:00:00+05:00,1,0.49895328562116037,6.808672302624335,2.48653821377286,True
2026-02-03,2026-02-03T18:00:00+00:00,2026-02-03T23:00:00+05:00,2026-02-03T12:00:00+00:00,2026-02-03T16:01:27+00:00,1fe6d38c5410bb47a1faf35fcb630cce2e288c8cf6ce65f4d341a195f485a661,gfs-ml-v1:30e504d3fa915c28313a72a3c8f0d5412a78763b1207789a749d094d1a620668,2,2026-02-03T20:00:00+00:00,2026-02-04T01:00:00+05:00,2,0.393254218421744,6.053648776135194,2.25541182577615,True
2026-02-03,2026-02-03T18:00:00+00:00,2026-02-03T23:00:00+05:00,2026-02-03T12:00:00+00:00,2026-02-03T16:01:27+00:00,1fe6d38c5410bb47a1faf35fcb630cce2e288c8cf6ce65f4d341a195f485a661,gfs-ml-v1:30e504d3fa915c28313a72a3c8f0d5412a78763b1207789a749d094d1a620668,2,2026-02-03T21:00:00+00:00,2026-02-04T02:00:00+05:00,3,0.38759211048166187,6.013042755303327,2.082311433289135,True
2026-02-03,2026-02-03T18:00:00+00:00,2026-02-03T23:00:00+05:00,2026-02-03T12:00:00+00:00,2026-02-03T16:01:27+00:00,1fe6d38c5410bb47a1faf35fcb630cce2e288c8cf6ce65f4d341a195f485a661,gfs-ml-v1:30e504d3fa915c28313a72a3c8f0d5412a78763b1207789a749d094d1a620668,2,2026-02-03T22:00:00+00:00,2026-02-04T03:00:00+05:00,4,0.5062003862949593,6.8600871679330195,2.161491180123562,True
2026-02-03,2026-02-03T18:00:00+00:00,2026-02-03T23:00:00+05:00,2026-02-03T12:00:00+00:00,2026-02-03T16:01:27+00:00,1fe6d38c5410bb47a1faf35fcb630cce2e288c8cf6ce65f4d341a195f485a661,gfs-ml-v1:30e504d3fa915c28313a72a3c8f0d5412a78763b1207789a749d094d1a620668,2,2026-02-03T23:00:00+00:00,2026-02-04T04:00:00+05:00,5,0.36634767535976975,5.862846752735874,1.9613086000488238,True
2026-02-03,2026-02-03T18:00:00+00:00,2026-02-03T23:00:00+05:00,2026-02-03T12:00:00+00:00,2026-02-03T16:01:27+00:00,1fe6d38c5410bb47a1faf35fcb630cce2e288c8cf6ce65f4d341a195f485a661,gfs-ml-v1:30e504d3fa915c28313a72a3c8f0d5412a78763b1207789a749d094d1a620668,2,2026-02-04T00:00:00+00:00,2026-02-04T05:00:00+05:00,6,0.3890543190944167,6.023529039566781,1.740034106996859,True
2026-02-03,2026-02-03T18:00:00+00:00,2026-02-03T23:00:00+05:00,2026-02-03T12:00:00+00:00,2026-02-03T16:01:27+00:00,1fe6d38c5410bb47a1faf35fcb630cce2e288c8cf6ce65f4d341a195f485a661,gfs-ml-v1:30e504d3fa915c28313a72a3c8f0d5412a78763b1207789a749d094d1a620668,2,2026-02-04T01:00:00+00:00,2026-02-04T06:00:00+05:00,7,0.2768966216217153,5.2096881028775,1.620464232776044,True
2026-02-03,2026-02-03T18:00:00+00:00,2026-02-03T23:00:00+05:00,2026-02-03T12:00:00+00:00,2026-02-03T16:01:27+00:00,1fe6d38c5410bb47a1faf35fcb630cce2e288c8cf6ce65f4d341a195f485a661,gfs-ml-v1:30e504d3fa915c28313a72a3c8f0d5412a78763b1207789a749d094d1a620668,2,2026-02-04T02:00:00+00:00,2026-02-04T07:00:00+05:00,8,0.1817831898333831,4.374399847923564,1.7110259159416046,True
2026-02-03,2026-02-03T18:00:00+00:00,2026-02-03T23:00:00+05:00,2026-02-03T12:00:00+00:00,2026-02-03T16:01:27+00:00,1fe6d38c5410bb47a1faf35fcb630cce2e288c8cf6ce65f4d341a195f485a661,gfs-ml-v1:30e504d3fa915c28313a72a3c8f0d5412a78763b1207789a749d094d1a620668,2,2026-02-04T03:00:00+00:00,2026-02-04T08:00:00+05:00,9,0.13090148081605252,3.7623107368594217,2.067436490740306,True
2026-02-03,2026-02-03T18:00:00+00:00,2026-02-03T23:00:00+05:00,2026-02-03T12:00:00+00:00,2026-02-03T16:01:27+00:00,1fe6d38c5410bb47a1faf35fcb630cce2e288c8cf6ce65f4d341a195f485a661,gfs-ml-v1:30e504d3fa915c28313a72a3c8f0d5412a78763b1207789a749d094d1a620668,2,2026-02-04T04:00:00+00:00,2026-02-04T09:00:00+05:00,10,0.09969513761604906,3.297070256889836,2.2239662147792956,True
2026-02-03,2026-02-03T18:00:00+00:00,2026-02-03T23:00:00+05:00,2026-02-03T12:00:00+00:00,2026-02-03T16:01:27+00:00,1fe6d38c5410bb47a1faf35fcb630cce2e288c8cf6ce65f4d341a195f485a661,gfs-ml-v1:30e504d3fa915c28313a72a3c8f0d5412a78763b1207789a749d094d1a620668,2,2026-02-04T05:00:00+00:00,2026-02-04T10:00:00+05:00,11,0.09206906355027471,3.1441609961011845,2.3210961211364065,True
2026-02-03,2026-02-03T18:00:00+00:00,2026-02-03T23:00:00+05:00,2026-02-03T12:00:00+00:00,2026-02-03T16:01:27+00:00,1fe6d38c5410bb47a1faf35fcb630cce2e288c8cf6ce65f4d341a195f485a661,gfs-ml-v1:30e504d3fa915c28313a72a3c8f0d5412a78763b1207789a749d094d1a620668,2,2026-02-04T06:00:00+00:00,2026-02-04T11:00:00+05:00,12,0.09751120692253724,3.253280591974665,2.622118824980589,True
2026-02-03,2026-02-03T18:00:00+00:00,2026-02-03T23:00:00+05:00,2026-02-03T12:00:00+00:00,2026-02-03T16:01:27+00:00,1fe6d38c5410bb47a1faf35fcb630cce2e288c8cf6ce65f4d341a195f485a661,gfs-ml-v1:30e504d3fa915c28313a72a3c8f0d5412a78763b1207789a749d094d1a620668,2,2026-02-04T07:00:00+00:00,2026-02-04T12:00:00+05:00,13,0.11827486182029208,3.5872372285473073,3.2614291188571087,True
2026-02-03,2026-02-03T18:00:00+00:00,2026-02-03T23:00:00+05:00,2026-02-03T12:00:00+00:00,2026-02-03T16:01:27+00:00,1fe6d38c5410bb47a1faf35fcb630cce2e288c8cf6ce65f4d341a195f485a661,gfs-ml-v1:30e504d3fa915c28313a72a3c8f0d5412a78763b1207789a749d094d1a620668,2,2026-02-04T08:00:00+00:00,2026-02-04T13:00:00+05:00,14,0.08296175308284981,2.9615516876502466,4.0428152946493014,True
2026-02-03,2026-02-03T18:00:00+00:00,2026-02-03T23:00:00+05:00,2026-02-03T12:00:00+00:00,2026-02-03T16:01:27+00:00,1fe6d38c5410bb47a1faf35fcb630cce2e288c8cf6ce65f4d341a195f485a661,gfs-ml-v1:30e504d3fa915c28313a72a3c8f0d5412a78763b1207789a749d094d1a620668,2,2026-02-04T09:00:00+00:00,2026-02-04T14:00:00+05:00,15,0.05155247147028447,2.2533933856129726,4.900088663077952,True
2026-02-03,2026-02-03T18:00:00+00:00,2026-02-03T23:00:00+05:00,2026-02-03T12:00:00+00:00,2026-02-03T16:01:27+00:00,1fe6d38c5410bb47a1faf35fcb630cce2e288c8cf6ce65f4d341a195f485a661,gfs-ml-v1:30e504d3fa915c28313a72a3c8f0d5412a78763b1207789a749d094d1a620668,2,2026-02-04T10:00:00+00:00,2026-02-04T15:00:00+05:00,16,0.030392451846258793,1.5712895888428264,5.309971292474074,True
2026-02-03,2026-02-03T18:00:00+00:00,2026-02-03T23:00:00+05:00,2026-02-03T12:00:00+00:00,2026-02-03T16:01:27+00:00,1fe6d38c5410bb47a1faf35fcb630cce2e288c8cf6ce65f4d341a195f485a661,gfs-ml-v1:30e504d3fa915c28313a72a3c8f0d5412a78763b1207789a749d094d1a620668,2,2026-02-04T11:00:00+00:00,2026-02-04T16:00:00+05:00,17,0.011045287187129467,0.3798988551993014,4.6749481264608335,True
2026-02-03,2026-02-03T18:00:00+00:00,2026-02-03T23:00:00+05:00,2026-02-03T12:00:00+00:00,2026-02-03T16:01:27+00:00,1fe6d38c5410bb47a1faf35fcb630cce2e288c8cf6ce65f4d341a195f485a661,gfs-ml-v1:30e504d3fa915c28313a72a3c8f0d5412a78763b1207789a749d094d1a620668,2,2026-02-04T12:00:00+00:00,2026-02-04T17:00:00+05:00,18,0.09176717587368276,3.138107891834069,2.541240027207664,True
2026-02-03,2026-02-03T18:00:00+00:00,2026-02-03T23:00:00+05:00,2026-02-03T12:00:00+00:00,2026-02-03T16:01:27+00:00,1fe6d38c5410bb47a1faf35fcb630cce2e288c8cf6ce65f4d341a195f485a661,gfs-ml-v1:30e504d3fa915c28313a72a3c8f0d5412a78763b1207789a749d094d1a620668,2,2026-02-04T13:00:00+00:00,2026-02-04T18:00:00+05:00,19,0.27350535969659695,5.183778804295818,0.3620428073346602,True
2026-02-03,2026-02-03T18:00:00+00:00,2026-02-03T23:00:00+05:00,2026-02-03T12:00:00+00:00,2026-02-03T16:01:27+00:00,1fe6d38c5410bb47a1faf35fcb630cce2e288c8cf6ce65f4d341a195f485a661,gfs-ml-v1:30e504d3fa915c28313a72a3c8f0d5412a78763b1207789a749d094d1a620668,2,2026-02-04T14:00:00+00:00,2026-02-04T19:00:00+05:00,20,0.40019991616995754,6.103460109730456,0.1582613378736255,True
2026-02-03,2026-02-03T18:00:00+00:00,2026-02-03T23:00:00+05:00,2026-02-03T12:00:00+00:00,2026-02-03T16:01:27+00:00,1fe6d38c5410bb47a1faf35fcb630cce2e288c8cf6ce65f4d341a195f485a661,gfs-ml-v1:30e504d3fa915c28313a72a3c8f0d5412a78763b1207789a749d094d1a620668,2,2026-02-04T15:00:00+00:00,2026-02-04T20:00:00+05:00,21,0.46582210350149744,6.573621715793313,0.20047241291251794,True
2026-02-03,2026-02-03T18:00:00+00:00,2026-02-03T23:00:00+05:00,2026-02-03T12:00:00+00:00,2026-02-03T16:01:27+00:00,1fe6d38c5410bb47a1faf35fcb630cce2e288c8cf6ce65f4d341a195f485a661,gfs-ml-v1:30e504d3fa915c28313a72a3c8f0d5412a78763b1207789a749d094d1a620668,2,2026-02-04T16:00:00+00:00,2026-02-04T21:00:00+05:00,22,0.4984703426113265,6.805246042810925,-0.16336272318159217,True
2026-02-03,2026-02-03T18:00:00+00:00,2026-02-03T23:00:00+05:00,2026-02-03T12:00:00+00:00,2026-02-03T16:01:27+00:00,1fe6d38c5410bb47a1faf35fcb630cce2e288c8cf6ce65f4d341a195f485a661,gfs-ml-v1:30e504d3fa915c28313a72a3c8f0d5412a78763b1207789a749d094d1a620668,2,2026-02-04T17:00:00+00:00,2026-02-04T22:00:00+05:00,23,0.5666026075367158,7.262363807166462,-0.3511840483699302,True
2026-02-03,2026-02-03T18:00:00+00:00,2026-02-03T23:00:00+05:00,2026-02-03T12:00:00+00:00,2026-02-03T16:01:27+00:00,1fe6d38c5410bb47a1faf35fcb630cce2e288c8cf6ce65f4d341a195f485a661,gfs-ml-v1:30e504d3fa915c28313a72a3c8f0d5412a78763b1207789a749d094d1a620668,2,2026-02-04T18:00:00+00:00,2026-02-04T23:00:00+05:00,24,0.6064791504277331,7.513655985663282,-0.5657004034575834,True
2026-02-04,2026-02-04T18:00:00+00:00,2026-02-04T23:00:00+05:00,2026-02-04T12:00:00+00:00,2026-02-04T16:00:58+00:00,c08c72405faaa8e6b6f2564a0d6b444d6f2efa8014bc0b975ed4c88606c4ddb7,gfs-ml-v1:30e504d3fa915c28313a72a3c8f0d5412a78763b1207789a749d094d1a620668,1,2026-02-04T19:00:00+00:00,2026-02-05T00:00:00+05:00,1,0.707365530774577,8.32301977948801,-0.6287029721499948,True
2026-02-04,2026-02-04T18:00:00+00:00,2026-02-04T23:00:00+05:00,2026-02-04T12:00:00+00:00,2026-02-04T16:00:58+00:00,c08c72405faaa8e6b6f2564a0d6b444d6f2efa8014bc0b975ed4c88606c4ddb7,gfs-ml-v1:30e504d3fa915c28313a72a3c8f0d5412a78763b1207789a749d094d1a620668,1,2026-02-04T20:00:00+00:00,2026-02-05T01:00:00+05:00,2,0.7600460918287002,8.722792812046919,-0.7969931778879982,True
2026-02-04,2026-02-04T18:00:00+00:00,2026-02-04T23:00:00+05:00,2026-02-04T12:00:00+00:00,2026-02-04T16:00:58+00:00,c08c72405faaa8e6b6f2564a0d6b444d6f2efa8014bc0b975ed4c88606c4ddb7,gfs-ml-v1:30e504d3fa915c28313a72a3c8f0d5412a78763b1207789a749d094d1a620668,1,2026-02-04T21:00:00+00:00,2026-02-05T02:00:00+05:00,3,0.8260729760294441,9.256229896722804,-0.8451853113039647,True
2026-02-04,2026-02-04T18:00:00+00:00,2026-02-04T23:00:00+05:00,2026-02-04T12:00:00+00:00,2026-02-04T16:00:58+00:00,c08c72405faaa8e6b6f2564a0d6b444d6f2efa8014bc0b975ed4c88606c4ddb7,gfs-ml-v1:30e504d3fa915c28313a72a3c8f0d5412a78763b1207789a749d094d1a620668,1,2026-02-04T22:00:00+00:00,2026-02-05T03:00:00+05:00,4,0.8912888659851814,9.796775280088903,-0.6814041126019674,True
2026-02-04,2026-02-04T18:00:00+00:00,2026-02-04T23:00:00+05:00,2026-02-04T12:00:00+00:00,2026-02-04T16:00:58+00:00,c08c72405faaa8e6b6f2564a0d6b444d6f2efa8014bc0b975ed4c88606c4ddb7,gfs-ml-v1:30e504d3fa915c28313a72a3c8f0d5412a78763b1207789a749d094d1a620668,1,2026-02-04T23:00:00+00:00,2026-02-05T04:00:00+05:00,5,0.9247289171252439,10.185174130313754,-0.638367990565996,True
2026-02-04,2026-02-04T18:00:00+00:00,2026-02-04T23:00:00+05:00,2026-02-04T12:00:00+00:00,2026-02-04T16:00:58+00:00,c08c72405faaa8e6b6f2564a0d6b444d6f2efa8014bc0b975ed4c88606c4ddb7,gfs-ml-v1:30e504d3fa915c28313a72a3c8f0d5412a78763b1207789a749d094d1a620668,1,2026-02-05T00:00:00+00:00,2026-02-05T05:00:00+05:00,6,0.9470806305051119,10.556814314886697,-0.7039305456260081,True
2026-02-04,2026-02-04T18:00:00+00:00,2026-02-04T23:00:00+05:00,2026-02-04T12:00:00+00:00,2026-02-04T16:00:58+00:00,c08c72405faaa8e6b6f2564a0d6b444d6f2efa8014bc0b975ed4c88606c4ddb7,gfs-ml-v1:30e504d3fa915c28313a72a3c8f0d5412a78763b1207789a749d094d1a620668,1,2026-02-05T01:00:00+00:00,2026-02-05T06:00:00+05:00,7,0.9599801733711538,10.972662057920122,-0.8354350125479186,True
2026-02-04,2026-02-04T18:00:00+00:00,2026-02-04T23:00:00+05:00,2026-02-04T12:00:00+00:00,2026-02-04T16:00:58+00:00,c08c72405faaa8e6b6f2564a0d6b444d6f2efa8014bc0b975ed4c88606c4ddb7,gfs-ml-v1:30e504d3fa915c28313a72a3c8f0d5412a78763b1207789a749d094d1a620668,1,2026-02-05T02:00:00+00:00,2026-02-05T07:00:00+05:00,8,0.9612056606006003,11.566667406877905,-1.2199771470439487,True
2026-02-04,2026-02-04T18:00:00+00:00,2026-02-04T23:00:00+05:00,2026-02-04T12:00:00+00:00,2026-02-04T16:00:58+00:00,c08c72405faaa8e6b6f2564a0d6b444d6f2efa8014bc0b975ed4c88606c4ddb7,gfs-ml-v1:30e504d3fa915c28313a72a3c8f0d5412a78763b1207789a749d094d1a620668,1,2026-02-05T03:00:00+00:00,2026-02-05T08:00:00+05:00,9,0.9593765731620494,11.134842743562826,-0.6223914237679651,True
2026-02-04,2026-02-04T18:00:00+00:00,2026-02-04T23:00:00+05:00,2026-02-04T12:00:00+00:00,2026-02-04T16:00:58+00:00,c08c72405faaa8e6b6f2564a0d6b444d6f2efa8014bc0b975ed4c88606c4ddb7,gfs-ml-v1:30e504d3fa915c28313a72a3c8f0d5412a78763b1207789a749d094d1a620668,1,2026-02-05T04:00:00+00:00,2026-02-05T09:00:00+05:00,10,0.9468858950178454,10.55218080668046,0.5665139782060464,True
2026-02-04,2026-02-04T18:00:00+00:00,2026-02-04T23:00:00+05:00,2026-02-04T12:00:00+00:00,2026-02-04T16:00:58+00:00,c08c72405faaa8e6b6f2564a0d6b444d6f2efa8014bc0b975ed4c88606c4ddb7,gfs-ml-v1:30e504d3fa915c28313a72a3c8f0d5412a78763b1207789a749d094d1a620668,1,2026-02-05T05:00:00+00:00,2026-02-05T10:00:00+05:00,11,0.9435659141707746,10.473185659389234,1.9429692828980478,True
2026-02-04,2026-02-04T18:00:00+00:00,2026-02-04T23:00:00+05:00,2026-02-04T12:00:00+00:00,2026-02-04T16:00:58+00:00,c08c72405faaa8e6b6f2564a0d6b444d6f2efa8014bc0b975ed4c88606c4ddb7,gfs-ml-v1:30e504d3fa915c28313a72a3c8f0d5412a78763b1207789a749d094d1a620668,1,2026-02-05T06:00:00+00:00,2026-02-05T11:00:00+05:00,12,0.9405622447072483,10.401716779713384,2.9697038655760366,True
2026-02-04,2026-02-04T18:00:00+00:00,2026-02-04T23:00:00+05:00,2026-02-04T12:00:00+00:00,2026-02-04T16:00:58+00:00,c08c72405faaa8e6b6f2564a0d6b444d6f2efa8014bc0b975ed4c88606c4ddb7,gfs-ml-v1:30e504d3fa915c28313a72a3c8f0d5412a78763b1207789a749d094d1a620668,1,2026-02-05T07:00:00+00:00,2026-02-05T12:00:00+05:00,13,0.914134421004208,10.059378561043037,3.5323611860360415,True
2026-02-04,2026-02-04T18:00:00+00:00,2026-02-04T23:00:00+05:00,2026-02-04T12:00:00+00:00,2026-02-04T16:00:58+00:00,c08c72405faaa8e6b6f2564a0d6b444d6f2efa8014bc0b975ed4c88606c4ddb7,gfs-ml-v1:30e504d3fa915c28313a72a3c8f0d5412a78763b1207789a749d094d1a620668,1,2026-02-05T08:00:00+00:00,2026-02-05T13:00:00+05:00,14,0.9132441812941063,10.048808146948751,4.02292245037205,True
2026-02-04,2026-02-04T18:00:00+00:00,2026-02-04T23:00:00+05:00,2026-02-04T12:00:00+00:00,2026-02-04T16:00:58+00:00,c08c72405faaa8e6b6f2564a0d6b444d6f2efa8014bc0b975ed4c88606c4ddb7,gfs-ml-v1:30e504d3fa915c28313a72a3c8f0d5412a78763b1207789a749d094d1a620668,1,2026-02-05T09:00:00+00:00,2026-02-05T14:00:00+05:00,15,0.8983865357041547,9.872393340273849,4.31928844029801,True
2026-02-04,2026-02-04T18:00:00+00:00,2026-02-04T23:00:00+05:00,2026-02-04T12:00:00+00:00,2026-02-04T16:00:58+00:00,c08c72405faaa8e6b6f2564a0d6b444d6f2efa8014bc0b975ed4c88606c4ddb7,gfs-ml-v1:30e504d3fa915c28313a72a3c8f0d5412a78763b1207789a749d094d1a620668,1,2026-02-05T10:00:00+00:00,2026-02-05T15:00:00+05:00,16,0.8329384311933379,9.31248447980166,4.164353457976006,True
2026-02-04,2026-02-04T18:00:00+00:00,2026-02-04T23:00:00+05:00,2026-02-04T12:00:00+00:00,2026-02-04T16:00:58+00:00,c08c72405faaa8e6b6f2564a0d6b444d6f2efa8014bc0b975ed4c88606c4ddb7,gfs-ml-v1:30e504d3fa915c28313a72a3c8f0d5412a78763b1207789a749d094d1a620668,1,2026-02-05T11:00:00+00:00,2026-02-05T16:00:00+05:00,17,0.7313116304460223,8.504737754620743,3.223127837646018,True
2026-02-04,2026-02-04T18:00:00+00:00,2026-02-04T23:00:00+05:00,2026-02-04T12:00:00+00:00,2026-02-04T16:00:58+00:00,c08c72405faaa8e6b6f2564a0d6b444d6f2efa8014bc0b975ed4c88606c4ddb7,gfs-ml-v1:30e504d3fa915c28313a72a3c8f0d5412a78763b1207789a749d094d1a620668,1,2026-02-05T12:00:00+00:00,2026-02-05T17:00:00+05:00,18,0.6335932947731749,7.757854944761819,1.9273539360660266,True
2026-02-04,2026-02-04T18:00:00+00:00,2026-02-04T23:00:00+05:00,2026-02-04T12:00:00+00:00,2026-02-04T16:00:58+00:00,c08c72405faaa8e6b6f2564a0d6b444d6f2efa8014bc0b975ed4c88606c4ddb7,gfs-ml-v1:30e504d3fa915c28313a72a3c8f0d5412a78763b1207789a749d094d1a620668,1,2026-02-05T13:00:00+00:00,2026-02-05T18:00:00+05:00,19,0.6032582522959183,7.547768050897761,1.3637770581100312,True
2026-02-04,2026-02-04T18:00:00+00:00,2026-02-04T23:00:00+05:00,2026-02-04T12:00:00+00:00,2026-02-04T16:00:58+00:00,c08c72405faaa8e6b6f2564a0d6b444d6f2efa8014bc0b975ed4c88606c4ddb7,gfs-ml-v1:30e504d3fa915c28313a72a3c8f0d5412a78763b1207789a749d094d1a620668,1,2026-02-05T14:00:00+00:00,2026-02-05T19:00:00+05:00,20,0.6296832988837967,7.72784672275486,1.1319718030100034,True
2026-02-04,2026-02-04T18:00:00+00:00,2026-02-04T23:00:00+05:00,2026-02-04T12:00:00+00:00,2026-02-04T16:00:58+00:00,c08c72405faaa8e6b6f2564a0d6b444d6f2efa8014bc0b975ed4c88606c4ddb7,gfs-ml-v1:30e504d3fa915c28313a72a3c8f0d5412a78763b1207789a749d094d1a620668,1,2026-02-05T15:00:00+00:00,2026-02-05T20:00:00+05:00,21,0.5364047174776474,7.093073654187228,0.8516054881620221,True
2026-02-04,2026-02-04T18:00:00+00:00,2026-02-04T23:00:00+05:00,2026-02-04T12:00:00+00:00,2026-02-04T16:00:58+00:00,c08c72405faaa8e6b6f2564a0d6b444d6f2efa8014bc0b975ed4c88606c4ddb7,gfs-ml-v1:30e504d3fa915c28313a72a3c8f0d5412a78763b1207789a749d094d1a620668,1,2026-02-05T16:00:00+00:00,2026-02-05T21:00:00+05:00,22,0.5521326416825616,7.204826710516238,0.7392439116600258,True
2026-02-04,2026-02-04T18:00:00+00:00,2026-02-04T23:00:00+05:00,2026-02-04T12:00:00+00:00,2026-02-04T16:00:58+00:00,c08c72405faaa8e6b6f2564a0d6b444d6f2efa8014bc0b975ed4c88606c4ddb7,gfs-ml-v1:30e504d3fa915c28313a72a3c8f0d5412a78763b1207789a749d094d1a620668,1,2026-02-05T17:00:00+00:00,2026-02-05T22:00:00+05:00,23,0.4971642316232362,6.808819261116889,0.6917028587520235,True
2026-02-04,2026-02-04T18:00:00+00:00,2026-02-04T23:00:00+05:00,2026-02-04T12:00:00+00:00,2026-02-04T16:00:58+00:00,c08c72405faaa8e6b6f2564a0d6b444d6f2efa8014bc0b975ed4c88606c4ddb7,gfs-ml-v1:30e504d3fa915c28313a72a3c8f0d5412a78763b1207789a749d094d1a620668,1,2026-02-05T18:00:00+00:00,2026-02-05T23:00:00+05:00,24,0.46303625282339894,6.566344855921221,0.8058765543939899,True
2026-02-04,2026-02-04T18:00:00+00:00,2026-02-04T23:00:00+05:00,2026-02-04T12:00:00+00:00,2026-02-04T16:00:58+00:00,c08c72405faaa8e6b6f2564a0d6b444d6f2efa8014bc0b975ed4c88606c4ddb7,gfs-ml-v1:30e504d3fa915c28313a72a3c8f0d5412a78763b1207789a749d094d1a620668,2,2026-02-04T19:00:00+00:00,2026-02-05T00:00:00+05:00,1,0.6921715166259889,8.214602379738308,-0.6532862437659901,True
2026-02-04,2026-02-04T18:00:00+00:00,2026-02-04T23:00:00+05:00,2026-02-04T12:00:00+00:00,2026-02-04T16:00:58+00:00,c08c72405faaa8e6b6f2564a0d6b444d6f2efa8014bc0b975ed4c88606c4ddb7,gfs-ml-v1:30e504d3fa915c28313a72a3c8f0d5412a78763b1207789a749d094d1a620668,2,2026-02-04T20:00:00+00:00,2026-02-05T01:00:00+05:00,2,0.7527479565778445,8.612583895329726,-0.8221268863730415,True
2026-02-04,2026-02-04T18:00:00+00:00,2026-02-04T23:00:00+05:00,2026-02-04T12:00:00+00:00,2026-02-04T16:00:58+00:00,c08c72405faaa8e6b6f2564a0d6b444d6f2efa8014bc0b975ed4c88606c4ddb7,gfs-ml-v1:30e504d3fa915c28313a72a3c8f0d5412a78763b1207789a749d094d1a620668,2,2026-02-04T21:00:00+00:00,2026-02-05T02:00:00+05:00,3,0.8241381544471477,9.14097514539509,-0.8726331047529357,True
2026-02-04,2026-02-04T18:00:00+00:00,2026-02-04T23:00:00+05:00,2026-02-04T12:00:00+00:00,2026-02-04T16:00:58+00:00,c08c72405faaa8e6b6f2564a0d6b444d6f2efa8014bc0b975ed4c88606c4ddb7,gfs-ml-v1:30e504d3fa915c28313a72a3c8f0d5412a78763b1207789a749d094d1a620668,2,2026-02-04T22:00:00+00:00,2026-02-05T03:00:00+05:00,4,0.8857023340506234,9.676114692651115,-0.7146259316944565,True
2026-02-04,2026-02-04T18:00:00+00:00,2026-02-04T23:00:00+05:00,2026-02-04T12:00:00+00:00,2026-02-04T16:00:58+00:00,c08c72405faaa8e6b6f2564a0d6b444d6f2efa8014bc0b975ed4c88606c4ddb7,gfs-ml-v1:30e504d3fa915c28313a72a3c8f0d5412a78763b1207789a749d094d1a620668,2,2026-02-04T23:00:00+00:00,2026-02-05T04:00:00+05:00,5,0.917122584674842,10.074076834301177,-0.6776931871457919,True
2026-02-04,2026-02-04T18:00:00+00:00,2026-02-04T23:00:00+05:00,2026-02-04T12:00:00+00:00,2026-02-04T16:00:58+00:00,c08c72405faaa8e6b6f2564a0d6b444d6f2efa8014bc0b975ed4c88606c4ddb7,gfs-ml-v1:30e504d3fa915c28313a72a3c8f0d5412a78763b1207789a749d094d1a620668,2,2026-02-05T00:00:00+00:00,2026-02-05T05:00:00+05:00,6,0.9389210890826056,10.446369397460806,-0.7416616378602043,True
2026-02-04,2026-02-04T18:00:00+00:00,2026-02-04T23:00:00+05:00,2026-02-04T12:00:00+00:00,2026-02-04T16:00:58+00:00,c08c72405faaa8e6b6f2564a0d6b444d6f2efa8014bc0b975ed4c88606c4ddb7,gfs-ml-v1:30e504d3fa915c28313a72a3c8f0d5412a78763b1207789a749d094d1a620668,2,2026-02-05T01:00:00+00:00,2026-02-05T06:00:00+05:00,7,0.9536010485653592,10.867940509690477,-0.8667402381915394,True
2026-02-04,2026-02-04T18:00:00+00:00,2026-02-04T23:00:00+05:00,2026-02-04T12:00:00+00:00,2026-02-04T16:00:58+00:00,c08c72405faaa8e6b6f2564a0d6b444d6f2efa8014bc0b975ed4c88606c4ddb7,gfs-ml-v1:30e504d3fa915c28313a72a3c8f0d5412a78763b1207789a749d094d1a620668,2,2026-02-05T02:00:00+00:00,2026-02-05T07:00:00+05:00,8,0.9600778193880878,11.461369967334713,-1.2412092562306043,True
2026-02-04,2026-02-04T18:00:00+00:00,2026-02-04T23:00:00+05:00,2026-02-04T12:00:00+00:00,2026-02-04T16:00:58+00:00,c08c72405faaa8e6b6f2564a0d6b444d6f2efa8014bc0b975ed4c88606c4ddb7,gfs-ml-v1:30e504d3fa915c28313a72a3c8f0d5412a78763b1207789a749d094d1a620668,2,2026-02-05T03:00:00+00:00,2026-02-05T08:00:00+05:00,9,0.9553713085243216,11.034455774415466,-0.6467748215843017,True
2026-02-04,2026-02-04T18:00:00+00:00,2026-02-04T23:00:00+05:00,2026-02-04T12:00:00+00:00,2026-02-04T16:00:58+00:00,c08c72405faaa8e6b6f2564a0d6b444d6f2efa8014bc0b975ed4c88606c4ddb7,gfs-ml-v1:30e504d3fa915c28313a72a3c8f0d5412a78763b1207789a749d094d1a620668,2,2026-02-05T04:00:00+00:00,2026-02-05T09:00:00+05:00,10,0.9395740693867977,10.459406020241365,0.533752082779472,True
2026-02-04,2026-02-04T18:00:00+00:00,2026-02-04T23:00:00+05:00,2026-02-04T12:00:00+00:00,2026-02-04T16:00:58+00:00,c08c72405faaa8e6b6f2564a0d6b444d6f2efa8014bc0b975ed4c88606c4ddb7,gfs-ml-v1:30e504d3fa915c28313a72a3c8f0d5412a78763b1207789a749d094d1a620668,2,2026-02-05T05:00:00+00:00,2026-02-05T10:00:00+05:00,11,0.9363715860414431,10.39546907288419,1.9014694769255698,True
2026-02-04,2026-02-04T18:00:00+00:00,2026-02-04T23:00:00+05:00,2026-02-04T12:00:00+00:00,2026-02-04T16:00:58+00:00,c08c72405faaa8e6b6f2564a0d6b444d6f2efa8014bc0b975ed4c88606c4ddb7,gfs-ml-v1:30e504d3fa915c28313a72a3c8f0d5412a78763b1207789a749d094d1a620668,2,2026-02-05T06:00:00+00:00,2026-02-05T11:00:00+05:00,12,0.9327650271667627,10.323464837406902,2.924730267698237,True
2026-02-04,2026-02-04T18:00:00+00:00,2026-02-04T23:00:00+05:00,2026-02-04T12:00:00+00:00,2026-02-04T16:00:58+00:00,c08c72405faaa8e6b6f2564a0d6b444d6f2efa8014bc0b975ed4c88606c4ddb7,gfs-ml-v1:30e504d3fa915c28313a72a3c8f0d5412a78763b1207789a749d094d1a620668,2,2026-02-05T07:00:00+00:00,2026-02-05T12:00:00+05:00,13,0.9096967606178012,9.98002294273296,3.487282582308694,True
2026-02-04,2026-02-04T18:00:00+00:00,2026-02-04T23:00:00+05:00,2026-02-04T12:00:00+00:00,2026-02-04T16:00:58+00:00,c08c72405faaa8e6b6f2564a0d6b444d6f2efa8014bc0b975ed4c88606c4ddb7,gfs-ml-v1:30e504d3fa915c28313a72a3c8f0d5412a78763b1207789a749d094d1a620668,2,2026-02-05T08:00:00+00:00,2026-02-05T13:00:00+05:00,14,0.9085157842470108,9.965064949832813,3.9790205599093156,True
2026-02-04,2026-02-04T18:00:00+00:00,2026-02-04T23:00:00+05:00,2026-02-04T12:00:00+00:00,2026-02-04T16:00:58+00:00,c08c72405faaa8e6b6f2564a0d6b444d6f2efa8014bc0b975ed4c88606c4ddb7,gfs-ml-v1:30e504d3fa915c28313a72a3c8f0d5412a78763b1207789a749d094d1a620668,2,2026-02-05T09:00:00+00:00,2026-02-05T14:00:00+05:00,15,0.8935442748126303,9.775439028973745,4.279508359701538,True
2026-02-04,2026-02-04T18:00:00+00:00,2026-02-04T23:00:00+05:00,2026-02-04T12:00:00+00:00,2026-02-04T16:00:58+00:00,c08c72405faaa8e6b6f2564a0d6b444d6f2efa8014bc0b975ed4c88606c4ddb7,gfs-ml-v1:30e504d3fa915c28313a72a3c8f0d5412a78763b1207789a749d094d1a620668,2,2026-02-05T10:00:00+00:00,2026-02-05T15:00:00+05:00,16,0.8329871286324028,9.217229483302276,4.126129985474279,True
2026-02-04,2026-02-04T18:00:00+00:00,2026-02-04T23:00:00+05:00,2026-02-04T12:00:00+00:00,2026-02-04T16:00:58+00:00,c08c72405faaa8e6b6f2564a0d6b444d6f2efa8014bc0b975ed4c88606c4ddb7,gfs-ml-v1:30e504d3fa915c28313a72a3c8f0d5412a78763b1207789a749d094d1a620668,2,2026-02-05T11:00:00+00:00,2026-02-05T16:00:00+05:00,17,0.7229408183727039,8.416753799540787,3.184899473445057,True
2026-02-04,2026-02-04T18:00:00+00:00,2026-02-04T23:00:00+05:00,2026-02-04T12:00:00+00:00,2026-02-04T16:00:58+00:00,c08c72405faaa8e6b6f2564a0d6b444d6f2efa8014bc0b975ed4c88606c4ddb7,gfs-ml-v1:30e504d3fa915c28313a72a3c8f0d5412a78763b1207789a749d094d1a620668,2,2026-02-05T12:00:00+00:00,2026-02-05T17:00:00+05:00,18,0.6273139886830921,7.674708696867672,1.8879267601658967,True
2026-02-04,2026-02-04T18:00:00+00:00,2026-02-04T23:00:00+05:00,2026-02-04T12:00:00+00:00,2026-02-04T16:00:58+00:00,c08c72405faaa8e6b6f2564a0d6b444d6f2efa8014bc0b975ed4c88606c4ddb7,gfs-ml-v1:30e504d3fa915c28313a72a3c8f0d5412a78763b1207789a749d094d1a620668,2,2026-02-05T13:00:00+00:00,2026-02-05T18:00:00+05:00,19,0.5991296602058521,7.467341303526843,1.3316914313963935,True
2026-02-04,2026-02-04T18:00:00+00:00,2026-02-04T23:00:00+05:00,2026-02-04T12:00:00+00:00,2026-02-04T16:00:58+00:00,c08c72405faaa8e6b6f2564a0d6b444d6f2efa8014bc0b975ed4c88606c4ddb7,gfs-ml-v1:30e504d3fa915c28313a72a3c8f0d5412a78763b1207789a749d094d1a620668,2,2026-02-05T14:00:00+00:00,2026-02-05T19:00:00+05:00,20,0.623642717626593,7.641689438685825,1.1022910216723858,True
2026-02-04,2026-02-04T18:00:00+00:00,2026-02-04T23:00:00+05:00,2026-02-04T12:00:00+00:00,2026-02-04T16:00:58+00:00,c08c72405faaa8e6b6f2564a0d6b444d6f2efa8014bc0b975ed4c88606c4ddb7,gfs-ml-v1:30e504d3fa915c28313a72a3c8f0d5412a78763b1207789a749d094d1a620668,2,2026-02-05T15:00:00+00:00,2026-02-05T20:00:00+05:00,21,0.5267958153808053,7.006202319368915,0.8259429104289211,True
2026-02-04,2026-02-04T18:00:00+00:00,2026-02-04T23:00:00+05:00,2026-02-04T12:00:00+00:00,2026-02-04T16:00:58+00:00,c08c72405faaa8e6b6f2564a0d6b444d6f2efa8014bc0b975ed4c88606c4ddb7,gfs-ml-v1:30e504d3fa915c28313a72a3c8f0d5412a78763b1207789a749d094d1a620668,2,2026-02-05T16:00:00+00:00,2026-02-05T21:00:00+05:00,22,0.5437741367449413,7.118504391552272,0.7166790156984462,True
2026-02-04,2026-02-04T18:00:00+00:00,2026-02-04T23:00:00+05:00,2026-02-04T12:00:00+00:00,2026-02-04T16:00:58+00:00,c08c72405faaa8e6b6f2564a0d6b444d6f2efa8014bc0b975ed4c88606c4ddb7,gfs-ml-v1:30e504d3fa915c28313a72a3c8f0d5412a78763b1207789a749d094d1a620668,2,2026-02-05T17:00:00+00:00,2026-02-05T22:00:00+05:00,23,0.48719587869455727,6.72525887693588,0.6684423376205473,True
2026-02-04,2026-02-04T18:00:00+00:00,2026-02-04T23:00:00+05:00,2026-02-04T12:00:00+00:00,2026-02-04T16:00:58+00:00,c08c72405faaa8e6b6f2564a0d6b444d6f2efa8014bc0b975ed4c88606c4ddb7,gfs-ml-v1:30e504d3fa915c28313a72a3c8f0d5412a78763b1207789a749d094d1a620668,2,2026-02-05T18:00:00+00:00,2026-02-05T23:00:00+05:00,24,0.4528024631508617,6.480701261103648,0.7847297788446213,True
2026-02-05,2026-02-05T18:00:00+00:00,2026-02-05T23:00:00+05:00,2026-02-05T12:00:00+00:00,2026-02-05T16:00:53+00:00,b9a75101017cedb03a92a538e227391d65bbc69af74d6e52a2dee87f6370af0c,gfs-ml-v1:30e504d3fa915c28313a72a3c8f0d5412a78763b1207789a749d094d1a620668,1,2026-02-05T19:00:00+00:00,2026-02-06T00:00:00+05:00,1,0.5101021002693402,6.902539966137381,0.7424626840819997,True
2026-02-05,2026-02-05T18:00:00+00:00,2026-02-05T23:00:00+05:00,2026-02-05T12:00:00+00:00,2026-02-05T16:00:53+00:00,b9a75101017cedb03a92a538e227391d65bbc69af74d6e52a2dee87f6370af0c,gfs-ml-v1:30e504d3fa915c28313a72a3c8f0d5412a78763b1207789a749d094d1a620668,1,2026-02-05T20:00:00+00:00,2026-02-06T01:00:00+05:00,2,0.4143245782550242,6.232487642094001,0.6910644853620624,True
2026-02-05,2026-02-05T18:00:00+00:00,2026-02-05T23:00:00+05:00,2026-02-05T12:00:00+00:00,2026-02-05T16:00:53+00:00,b9a75101017cedb03a92a538e227391d65bbc69af74d6e52a2dee87f6370af0c,gfs-ml-v1:30e504d3fa915c28313a72a3c8f0d5412a78763b1207789a749d094d1a620668,1,2026-02-05T21:00:00+00:00,2026-02-06T02:00:00+05:00,3,0.36092420927589225,5.855093536242981,0.5332978782440136,True
2026-02-05,2026-02-05T18:00:00+00:00,2026-02-05T23:00:00+05:00,2026-02-05T12:00:00+00:00,2026-02-05T16:00:53+00:00,b9a75101017cedb03a92a538e227391d65bbc69af74d6e52a2dee87f6370af0c,gfs-ml-v1:30e504d3fa915c28313a72a3c8f0d5412a78763b1207789a749d094d1a620668,1,2026-02-05T22:00:00+00:00,2026-02-06T03:00:00+05:00,4,0.3155769258868204,5.525438875051057,0.1916269566339679,True
2026-02-05,2026-02-05T18:00:00+00:00,2026-02-05T23:00:00+05:00,2026-02-05T12:00:00+00:00,2026-02-05T16:00:53+00:00,b9a75101017cedb03a92a538e227391d65bbc69af74d6e52a2dee87f6370af0c,gfs-ml-v1:30e504d3fa915c28313a72a3c8f0d5412a78763b1207789a749d094d1a620668,1,2026-02-05T23:00:00+00:00,2026-02-06T04:00:00+05:00,5,0.28286603727484083,5.27289331266512,0.17432207801397226,True
2026-02-05,2026-02-05T18:00:00+00:00,2026-02-05T23:00:00+05:00,2026-02-05T12:00:00+00:00,2026-02-05T16:00:53+00:00,b9a75101017cedb03a92a538e227391d65bbc69af74d6e52a2dee87f6370af0c,gfs-ml-v1:30e504d3fa915c28313a72a3c8f0d5412a78763b1207789a749d094d1a620668,1,2026-02-06T00:00:00+00:00,2026-02-06T05:00:00+05:00,6,0.2033850264443432,4.61276390917122,0.13192599318801967,True
2026-02-05,2026-02-05T18:00:00+00:00,2026-02-05T23:00:00+05:00,2026-02-05T12:00:00+00:00,2026-02-05T16:00:53+00:00,b9a75101017cedb03a92a538e227391d65bbc69af74d6e52a2dee87f6370af0c,gfs-ml-v1:30e504d3fa915c28313a72a3c8f0d5412a78763b1207789a749d094d1a620668,1,2026-02-06T01:00:00+00:00,2026-02-06T06:00:00+05:00,7,0.08988113671524581,3.1029426227186203,-0.5881455784920036,True
2026-02-05,2026-02-05T18:00:00+00:00,2026-02-05T23:00:00+05:00,2026-02-05T12:00:00+00:00,2026-02-05T16:00:53+00:00,b9a75101017cedb03a92a538e227391d65bbc69af74d6e52a2dee87f6370af0c,gfs-ml-v1:30e504d3fa915c28313a72a3c8f0d5412a78763b1207789a749d094d1a620668,1,2026-02-06T02:00:00+00:00,2026-02-06T07:00:00+05:00,8,0.01590201228917047,0.8332189144623736,-0.7156636034960115,True
2026-02-05,2026-02-05T18:00:00+00:00,2026-02-05T23:00:00+05:00,2026-02-05T12:00:00+00:00,2026-02-05T16:00:53+00:00,b9a75101017cedb03a92a538e227391d65bbc69af74d6e52a2dee87f6370af0c,gfs-ml-v1:30e504d3fa915c28313a72a3c8f0d5412a78763b1207789a749d094d1a620668,1,2026-02-06T03:00:00+00:00,2026-02-06T08:00:00+05:00,9,0.041306483763158194,1.934842004091608,0.3709799204280557,True
2026-02-05,2026-02-05T18:00:00+00:00,2026-02-05T23:00:00+05:00,2026-02-05T12:00:00+00:00,2026-02-05T16:00:53+00:00,b9a75101017cedb03a92a538e227391d65bbc69af74d6e52a2dee87f6370af0c,gfs-ml-v1:30e504d3fa915c28313a72a3c8f0d5412a78763b1207789a749d094d1a620668,1,2026-02-06T04:00:00+00:00,2026-02-06T09:00:00+05:00,10,0.05991034596010193,2.466759602439763,1.6844427126240475,True
2026-02-05,2026-02-05T18:00:00+00:00,2026-02-05T23:00:00+05:00,2026-02-05T12:00:00+00:00,2026-02-05T16:00:53+00:00,b9a75101017cedb03a92a538e227391d65bbc69af74d6e52a2dee87f6370af0c,gfs-ml-v1:30e504d3fa915c28313a72a3c8f0d5412a78763b1207789a749d094d1a620668,1,2026-02-06T05:00:00+00:00,2026-02-06T10:00:00+05:00,11,0.21627797528615975,4.723679241778735,3.5142623029800006,True
2026-02-05,2026-02-05T18:00:00+00:00,2026-02-05T23:00:00+05:00,2026-02-05T12:00:00+00:00,2026-02-05T16:00:53+00:00,b9a75101017cedb03a92a538e227391d65bbc69af74d6e52a2dee87f6370af0c,gfs-ml-v1:30e504d3fa915c28313a72a3c8f0d5412a78763b1207789a749d094d1a620668,1,2026-02-06T06:00:00+00:00,2026-02-06T11:00:00+05:00,12,0.612768969453111,7.611564219799166,5.1493597330800185,True
2026-02-05,2026-02-05T18:00:00+00:00,2026-02-05T23:00:00+05:00,2026-02-05T12:00:00+00:00,2026-02-05T16:00:53+00:00,b9a75101017cedb03a92a538e227391d65bbc69af74d6e52a2dee87f6370af0c,gfs-ml-v1:30e504d3fa915c28313a72a3c8f0d5412a78763b1207789a749d094d1a620668,1,2026-02-06T07:00:00+00:00,2026-02-06T12:00:00+05:00,13,0.9121294433876717,10.035572114963315,5.521242810320018,True
2026-02-05,2026-02-05T18:00:00+00:00,2026-02-05T23:00:00+05:00,2026-02-05T12:00:00+00:00,2026-02-05T16:00:53+00:00,b9a75101017cedb03a92a538e227391d65bbc69af74d6e52a2dee87f6370af0c,gfs-ml-v1:30e504d3fa915c28313a72a3c8f0d5412a78763b1207789a749d094d1a620668,1,2026-02-06T08:00:00+00:00,2026-02-06T13:00:00+05:00,14,0.9625926208034878,11.648476830932088,3.5739251638400447,True
2026-02-05,2026-02-05T18:00:00+00:00,2026-02-05T23:00:00+05:00,2026-02-05T12:00:00+00:00,2026-02-05T16:00:53+00:00,b9a75101017cedb03a92a538e227391d65bbc69af74d6e52a2dee87f6370af0c,gfs-ml-v1:30e504d3fa915c28313a72a3c8f0d5412a78763b1207789a749d094d1a620668,1,2026-02-06T09:00:00+00:00,2026-02-06T14:00:00+05:00,15,0.9616076494994041,11.590378599325138,2.738273877056031,True
2026-02-05,2026-02-05T18:00:00+00:00,2026-02-05T23:00:00+05:00,2026-02-05T12:00:00+00:00,2026-02-05T16:00:53+00:00,b9a75101017cedb03a92a538e227391d65bbc69af74d6e52a2dee87f6370af0c,gfs-ml-v1:30e504d3fa915c28313a72a3c8f0d5412a78763b1207789a749d094d1a620668,1,2026-02-06T10:00:00+00:00,2026-02-06T15:00:00+05:00,16,0.9601282710202956,11.503117911468292,2.4636414214100455,True
2026-02-05,2026-02-05T18:00:00+00:00,2026-02-05T23:00:00+05:00,2026-02-05T12:00:00+00:00,2026-02-05T16:00:53+00:00,b9a75101017cedb03a92a538e227391d65bbc69af74d6e52a2dee87f6370af0c,gfs-ml-v1:30e504d3fa915c28313a72a3c8f0d5412a78763b1207789a749d094d1a620668,1,2026-02-06T11:00:00+00:00,2026-02-06T16:00:00+05:00,17,0.9742800563407049,12.344881335121528,2.476320887304041,True
2026-02-05,2026-02-05T18:00:00+00:00,2026-02-05T23:00:00+05:00,2026-02-05T12:00:00+00:00,2026-02-05T16:00:53+00:00,b9a75101017cedb03a92a538e227391d65bbc69af74d6e52a2dee87f6370af0c,gfs-ml-v1:30e504d3fa915c28313a72a3c8f0d5412a78763b1207789a749d094d1a620668,1,2026-02-06T12:00:00+00:00,2026-02-06T17:00:00+05:00,18,0.9746691611797839,12.368226251768247,1.650919452000096,True
2026-02-05,2026-02-05T18:00:00+00:00,2026-02-05T23:00:00+05:00,2026-02-05T12:00:00+00:00,2026-02-05T16:00:53+00:00,b9a75101017cedb03a92a538e227391d65bbc69af74d6e52a2dee87f6370af0c,gfs-ml-v1:30e504d3fa915c28313a72a3c8f0d5412a78763b1207789a749d094d1a620668,1,2026-02-06T13:00:00+00:00,2026-02-06T18:00:00+05:00,19,0.9746221332325259,12.53578903120997,1.1829452150600446,True
2026-02-05,2026-02-05T18:00:00+00:00,2026-02-05T23:00:00+05:00,2026-02-05T12:00:00+00:00,2026-02-05T16:00:53+00:00,b9a75101017cedb03a92a538e227391d65bbc69af74d6e52a2dee87f6370af0c,gfs-ml-v1:30e504d3fa915c28313a72a3c8f0d5412a78763b1207789a749d094d1a620668,1,2026-02-06T14:00:00+00:00,2026-02-06T19:00:00+05:00,20,0.9697214260958814,12.0713796142472,0.95175170712605,True
2026-02-05,2026-02-05T18:00:00+00:00,2026-02-05T23:00:00+05:00,2026-02-05T12:00:00+00:00,2026-02-05T16:00:53+00:00,b9a75101017cedb03a92a538e227391d65bbc69af74d6e52a2dee87f6370af0c,gfs-ml-v1:30e504d3fa915c28313a72a3c8f0d5412a78763b1207789a749d094d1a620668,1,2026-02-06T15:00:00+00:00,2026-02-06T20:00:00+05:00,21,0.964351048531591,11.752197153532224,0.7974579225599996,True
2026-02-05,2026-02-05T18:00:00+00:00,2026-02-05T23:00:00+05:00,2026-02-05T12:00:00+00:00,2026-02-05T16:00:53+00:00,b9a75101017cedb03a92a538e227391d65bbc69af74d6e52a2dee87f6370af0c,gfs-ml-v1:30e504d3fa915c28313a72a3c8f0d5412a78763b1207789a749d094d1a620668,1,2026-02-06T16:00:00+00:00,2026-02-06T21:00:00+05:00,22,0.9585635200272332,11.353301108685153,0.624228577230042,True
2026-02-05,2026-02-05T18:00:00+00:00,2026-02-05T23:00:00+05:00,2026-02-05T12:00:00+00:00,2026-02-05T16:00:53+00:00,b9a75101017cedb03a92a538e227391d65bbc69af74d6e52a2dee87f6370af0c,gfs-ml-v1:30e504d3fa915c28313a72a3c8f0d5412a78763b1207789a749d094d1a620668,1,2026-02-06T17:00:00+00:00,2026-02-06T22:00:00+05:00,23,0.9033417751100524,9.931230226409463,0.37944710789400915,True
2026-02-05,2026-02-05T18:00:00+00:00,2026-02-05T23:00:00+05:00,2026-02-05T12:00:00+00:00,2026-02-05T16:00:53+00:00,b9a75101017cedb03a92a538e227391d65bbc69af74d6e52a2dee87f6370af0c,gfs-ml-v1:30e504d3fa915c28313a72a3c8f0d5412a78763b1207789a749d094d1a620668,1,2026-02-06T18:00:00+00:00,2026-02-06T23:00:00+05:00,24,0.7949947456284734,9.003882313357398,0.2518715759060228,True
2026-02-05,2026-02-05T18:00:00+00:00,2026-02-05T23:00:00+05:00,2026-02-05T12:00:00+00:00,2026-02-05T16:00:53+00:00,b9a75101017cedb03a92a538e227391d65bbc69af74d6e52a2dee87f6370af0c,gfs-ml-v1:30e504d3fa915c28313a72a3c8f0d5412a78763b1207789a749d094d1a620668,2,2026-02-05T19:00:00+00:00,2026-02-06T00:00:00+05:00,1,0.49975658558655384,6.814371348543829,0.716432974649706,True
2026-02-05,2026-02-05T18:00:00+00:00,2026-02-05T23:00:00+05:00,2026-02-05T12:00:00+00:00,2026-02-05T16:00:53+00:00,b9a75101017cedb03a92a538e227391d65bbc69af74d6e52a2dee87f6370af0c,gfs-ml-v1:30e504d3fa915c28313a72a3c8f0d5412a78763b1207789a749d094d1a620668,2,2026-02-05T20:00:00+00:00,2026-02-06T01:00:00+05:00,2,0.40732824061940515,6.154581157607615,0.6701431637569044,True
2026-02-05,2026-02-05T18:00:00+00:00,2026-02-05T23:00:00+05:00,2026-02-05T12:00:00+00:00,2026-02-05T16:00:53+00:00,b9a75101017cedb03a92a538e227391d65bbc69af74d6e52a2dee87f6370af0c,gfs-ml-v1:30e504d3fa915c28313a72a3c8f0d5412a78763b1207789a749d094d1a620668,2,2026-02-05T21:00:00+00:00,2026-02-06T02:00:00+05:00,3,0.3543431107664356,5.777996134718209,0.5150179373185892,True
2026-02-05,2026-02-05T18:00:00+00:00,2026-02-05T23:00:00+05:00,2026-02-05T12:00:00+00:00,2026-02-05T16:00:53+00:00,b9a75101017cedb03a92a538e227391d65bbc69af74d6e52a2dee87f6370af0c,gfs-ml-v1:30e504d3fa915c28313a72a3c8f0d5412a78763b1207789a749d094d1a620668,2,2026-02-05T22:00:00+00:00,2026-02-06T03:00:00+05:00,4,0.30737504099501883,5.442543743425842,0.17217037618218,True
2026-02-05,2026-02-05T18:00:00+00:00,2026-02-05T23:00:00+05:00,2026-02-05T12:00:00+00:00,2026-02-05T16:00:53+00:00,b9a75101017cedb03a92a538e227391d65bbc69af74d6e52a2dee87f6370af0c,gfs-ml-v1:30e504d3fa915c28313a72a3c8f0d5412a78763b1207789a749d094d1a620668,2,2026-02-05T23:00:00+00:00,2026-02-06T04:00:00+05:00,5,0.2743560415725303,5.190278028244972,0.160245840013431,True
2026-02-05,2026-02-05T18:00:00+00:00,2026-02-05T23:00:00+05:00,2026-02-05T12:00:00+00:00,2026-02-05T16:00:53+00:00,b9a75101017cedb03a92a538e227391d65bbc69af74d6e52a2dee87f6370af0c,gfs-ml-v1:30e504d3fa915c28313a72a3c8f0d5412a78763b1207789a749d094d1a620668,2,2026-02-06T00:00:00+00:00,2026-02-06T05:00:00+05:00,6,0.1976175026839072,4.5335136594296594,0.12374293994520258,True
2026-02-05,2026-02-05T18:00:00+00:00,2026-02-05T23:00:00+05:00,2026-02-05T12:00:00+00:00,2026-02-05T16:00:53+00:00,b9a75101017cedb03a92a538e227391d65bbc69af74d6e52a2dee87f6370af0c,gfs-ml-v1:30e504d3fa915c28313a72a3c8f0d5412a78763b1207789a749d094d1a620668,2,2026-02-06T01:00:00+00:00,2026-02-06T06:00:00+05:00,7,0.08650515137598498,3.0325998323456593,-0.5972377980580177,True
2026-02-05,2026-02-05T18:00:00+00:00,2026-02-05T23:00:00+05:00,2026-02-05T12:00:00+00:00,2026-02-05T16:00:53+00:00,b9a75101017cedb03a92a538e227391d65bbc69af74d6e52a2dee87f6370af0c,gfs-ml-v1:30e504d3fa915c28313a72a3c8f0d5412a78763b1207789a749d094d1a620668,2,2026-02-06T02:00:00+00:00,2026-02-06T07:00:00+05:00,8,0.014692696976198903,0.7993563426005114,-0.7264294863990131,True
2026-02-05,2026-02-05T18:00:00+00:00,2026-02-05T23:00:00+05:00,2026-02-05T12:00:00+00:00,2026-02-05T16:00:53+00:00,b9a75101017cedb03a92a538e227391d65bbc69af74d6e52a2dee87f6370af0c,gfs-ml-v1:30e504d3fa915c28313a72a3c8f0d5412a78763b1207789a749d094d1a620668,2,2026-02-06T03:00:00+00:00,2026-02-06T08:00:00+05:00,9,0.04190993028532164,1.9761342767290586,0.3607443422827714,True
2026-02-05,2026-02-05T18:00:00+00:00,2026-02-05T23:00:00+05:00,2026-02-05T12:00:00+00:00,2026-02-05T16:00:53+00:00,b9a75101017cedb03a92a538e227391d65bbc69af74d6e52a2dee87f6370af0c,gfs-ml-v1:30e504d3fa915c28313a72a3c8f0d5412a78763b1207789a749d094d1a620668,2,2026-02-06T04:00:00+00:00,2026-02-06T09:00:00+05:00,10,0.0631864173394895,2.534269682601068,1.6731374472698235,True
2026-02-05,2026-02-05T18:00:00+00:00,2026-02-05T23:00:00+05:00,2026-02-05T12:00:00+00:00,2026-02-05T16:00:53+00:00,b9a75101017cedb03a92a538e227391d65bbc69af74d6e52a2dee87f6370af0c,gfs-ml-v1:30e504d3fa915c28313a72a3c8f0d5412a78763b1207789a749d094d1a620668,2,2026-02-06T05:00:00+00:00,2026-02-06T10:00:00+05:00,11,0.22111263797696934,4.747834882343216,3.491244013815219,True
2026-02-05,2026-02-05T18:00:00+00:00,2026-02-05T23:00:00+05:00,2026-02-05T12:00:00+00:00,2026-02-05T16:00:53+00:00,b9a75101017cedb03a92a538e227391d65bbc69af74d6e52a2dee87f6370af0c,gfs-ml-v1:30e504d3fa915c28313a72a3c8f0d5412a78763b1207789a749d094d1a620668,2,2026-02-06T06:00:00+00:00,2026-02-06T11:00:00+05:00,12,0.6194987281569787,7.604418570887103,5.112645078539231,True
2026-02-05,2026-02-05T18:00:00+00:00,2026-02-05T23:00:00+05:00,2026-02-05T12:00:00+00:00,2026-02-05T16:00:53+00:00,b9a75101017cedb03a92a538e227391d65bbc69af74d6e52a2dee87f6370af0c,gfs-ml-v1:30e504d3fa915c28313a72a3c8f0d5412a78763b1207789a749d094d1a620668,2,2026-02-06T07:00:00+00:00,2026-02-06T12:00:00+05:00,13,0.9089675093298174,9.970786402648093,5.485805550876819,True
2026-02-05,2026-02-05T18:00:00+00:00,2026-02-05T23:00:00+05:00,2026-02-05T12:00:00+00:00,2026-02-05T16:00:53+00:00,b9a75101017cedb03a92a538e227391d65bbc69af74d6e52a2dee87f6370af0c,gfs-ml-v1:30e504d3fa915c28313a72a3c8f0d5412a78763b1207789a749d094d1a620668,2,2026-02-06T08:00:00+00:00,2026-02-06T13:00:00+05:00,14,0.9611868789612006,11.559120537332038,3.5411207273215837,True
2026-02-05,2026-02-05T18:00:00+00:00,2026-02-05T23:00:00+05:00,2026-02-05T12:00:00+00:00,2026-02-05T16:00:53+00:00,b9a75101017cedb03a92a538e227391d65bbc69af74d6e52a2dee87f6370af0c,gfs-ml-v1:30e504d3fa915c28313a72a3c8f0d5412a78763b1207789a749d094d1a620668,2,2026-02-06T09:00:00+00:00,2026-02-06T14:00:00+05:00,15,0.9606336890674693,11.510363348142254,2.713635456253428,True
2026-02-05,2026-02-05T18:00:00+00:00,2026-02-05T23:00:00+05:00,2026-02-05T12:00:00+00:00,2026-02-05T16:00:53+00:00,b9a75101017cedb03a92a538e227391d65bbc69af74d6e52a2dee87f6370af0c,gfs-ml-v1:30e504d3fa915c28313a72a3c8f0d5412a78763b1207789a749d094d1a620668,2,2026-02-06T10:00:00+00:00,2026-02-06T15:00:00+05:00,16,0.9595289473446541,11.412993345914243,2.436701031688415,True
2026-02-05,2026-02-05T18:00:00+00:00,2026-02-05T23:00:00+05:00,2026-02-05T12:00:00+00:00,2026-02-05T16:00:53+00:00,b9a75101017cedb03a92a538e227391d65bbc69af74d6e52a2dee87f6370af0c,gfs-ml-v1:30e504d3fa915c28313a72a3c8f0d5412a78763b1207789a749d094d1a620668,2,2026-02-06T11:00:00+00:00,2026-02-06T16:00:00+05:00,17,0.9698647444169296,12.254461318145006,2.447812241392967,True
2026-02-05,2026-02-05T18:00:00+00:00,2026-02-05T23:00:00+05:00,2026-02-05T12:00:00+00:00,2026-02-05T16:00:53+00:00,b9a75101017cedb03a92a538e227391d65bbc69af74d6e52a2dee87f6370af0c,gfs-ml-v1:30e504d3fa915c28313a72a3c8f0d5412a78763b1207789a749d094d1a620668,2,2026-02-06T12:00:00+00:00,2026-02-06T17:00:00+05:00,18,0.9699576931041634,12.274843377441693,1.626588158880054,True
2026-02-05,2026-02-05T18:00:00+00:00,2026-02-05T23:00:00+05:00,2026-02-05T12:00:00+00:00,2026-02-05T16:00:53+00:00,b9a75101017cedb03a92a538e227391d65bbc69af74d6e52a2dee87f6370af0c,gfs-ml-v1:30e504d3fa915c28313a72a3c8f0d5412a78763b1207789a749d094d1a620668,2,2026-02-06T13:00:00+00:00,2026-02-06T18:00:00+05:00,19,0.9666001799174871,12.446869037420463,1.160710790714404,True
2026-02-05,2026-02-05T18:00:00+00:00,2026-02-05T23:00:00+05:00,2026-02-05T12:00:00+00:00,2026-02-05T16:00:53+00:00,b9a75101017cedb03a92a538e227391d65bbc69af74d6e52a2dee87f6370af0c,gfs-ml-v1:30e504d3fa915c28313a72a3c8f0d5412a78763b1207789a749d094d1a620668,2,2026-02-06T14:00:00+00:00,2026-02-06T19:00:00+05:00,20,0.9664851887318828,11.99254194388614,0.9286960531202908,True
2026-02-05,2026-02-05T18:00:00+00:00,2026-02-05T23:00:00+05:00,2026-02-05T12:00:00+00:00,2026-02-05T16:00:53+00:00,b9a75101017cedb03a92a538e227391d65bbc69af74d6e52a2dee87f6370af0c,gfs-ml-v1:30e504d3fa915c28313a72a3c8f0d5412a78763b1207789a749d094d1a620668,2,2026-02-06T15:00:00+00:00,2026-02-06T20:00:00+05:00,21,0.9625206326082937,11.676675249811032,0.7746023782144107,True
2026-02-05,2026-02-05T18:00:00+00:00,2026-02-05T23:00:00+05:00,2026-02-05T12:00:00+00:00,2026-02-05T16:00:53+00:00,b9a75101017cedb03a92a538e227391d65bbc69af74d6e52a2dee87f6370af0c,gfs-ml-v1:30e504d3fa915c28313a72a3c8f0d5412a78763b1207789a749d094d1a620668,2,2026-02-06T16:00:00+00:00,2026-02-06T21:00:00+05:00,22,0.9580251484714407,11.280451144772274,0.6031236611851796,True
2026-02-05,2026-02-05T18:00:00+00:00,2026-02-05T23:00:00+05:00,2026-02-05T12:00:00+00:00,2026-02-05T16:00:53+00:00,b9a75101017cedb03a92a538e227391d65bbc69af74d6e52a2dee87f6370af0c,gfs-ml-v1:30e504d3fa915c28313a72a3c8f0d5412a78763b1207789a749d094d1a620668,2,2026-02-06T17:00:00+00:00,2026-02-06T22:00:00+05:00,23,0.9017623602339425,9.879527532711128,0.35845603858456343,True
2026-02-05,2026-02-05T18:00:00+00:00,2026-02-05T23:00:00+05:00,2026-02-05T12:00:00+00:00,2026-02-05T16:00:53+00:00,b9a75101017cedb03a92a538e227391d65bbc69af74d6e52a2dee87f6370af0c,gfs-ml-v1:30e504d3fa915c28313a72a3c8f0d5412a78763b1207789a749d094d1a620668,2,2026-02-06T18:00:00+00:00,2026-02-06T23:00:00+05:00,24,0.7985285043834401,8.951074423139662,0.2294852697274905,True
2026-02-06,2026-02-06T18:00:00+00:00,2026-02-06T23:00:00+05:00,2026-02-06T12:00:00+00:00,2026-02-06T16:01:23+00:00,ba1523eb3c8168e288404530238a73be652f8fb081e20184aec4f0b568f8c208,gfs-ml-v1:30e504d3fa915c28313a72a3c8f0d5412a78763b1207789a749d094d1a620668,1,2026-02-06T19:00:00+00:00,2026-02-07T00:00:00+05:00,1,0.9542874977988455,10.728293479858118,0.11643410458202652,True
2026-02-06,2026-02-06T18:00:00+00:00,2026-02-06T23:00:00+05:00,2026-02-06T12:00:00+00:00,2026-02-06T16:01:23+00:00,ba1523eb3c8168e288404530238a73be652f8fb081e20184aec4f0b568f8c208,gfs-ml-v1:30e504d3fa915c28313a72a3c8f0d5412a78763b1207789a749d094d1a620668,1,2026-02-06T20:00:00+00:00,2026-02-07T01:00:00+05:00,2,0.9111652729527319,10.024123871710254,-0.1411411401619489,True
2026-02-06,2026-02-06T18:00:00+00:00,2026-02-06T23:00:00+05:00,2026-02-06T12:00:00+00:00,2026-02-06T16:01:23+00:00,ba1523eb3c8168e288404530238a73be652f8fb081e20184aec4f0b568f8c208,gfs-ml-v1:30e504d3fa915c28313a72a3c8f0d5412a78763b1207789a749d094d1a620668,1,2026-02-06T21:00:00+00:00,2026-02-07T02:00:00+05:00,3,0.7765296931807866,8.85395063121942,-0.27111957416798305,True
2026-02-06,2026-02-06T18:00:00+00:00,2026-02-06T23:00:00+05:00,2026-02-06T12:00:00+00:00,2026-02-06T16:01:23+00:00,ba1523eb3c8168e288404530238a73be652f8fb081e20184aec4f0b568f8c208,gfs-ml-v1:30e504d3fa915c28313a72a3c8f0d5412a78763b1207789a749d094d1a620668,1,2026-02-06T22:00:00+00:00,2026-02-07T03:00:00+05:00,4,0.6127995942107123,7.611769645128949,-0.34343791809595814,True
2026-02-06,2026-02-06T18:00:00+00:00,2026-02-06T23:00:00+05:00,2026-02-06T12:00:00+00:00,2026-02-06T16:01:23+00:00,ba1523eb3c8168e288404530238a73be652f8fb081e20184aec4f0b568f8c208,gfs-ml-v1:30e504d3fa915c28313a72a3c8f0d5412a78763b1207789a749d094d1a620668,1,2026-02-06T23:00:00+00:00,2026-02-07T04:00:00+05:00,5,0.24849750582359081,5.0008570999911655,-0.6419116874619704,True
2026-02-06,2026-02-06T18:00:00+00:00,2026-02-06T23:00:00+05:00,2026-02-06T12:00:00+00:00,2026-02-06T16:01:23+00:00,ba1523eb3c8168e288404530238a73be652f8fb081e20184aec4f0b568f8c208,gfs-ml-v1:30e504d3fa915c28313a72a3c8f0d5412a78763b1207789a749d094d1a620668,1,2026-02-07T00:00:00+00:00,2026-02-07T05:00:00+05:00,6,0.06264270031251892,2.5288312568918885,-0.9834448482699827,True
2026-02-06,2026-02-06T18:00:00+00:00,2026-02-06T23:00:00+05:00,2026-02-06T12:00:00+00:00,2026-02-06T16:01:23+00:00,ba1523eb3c8168e288404530238a73be652f8fb081e20184aec4f0b568f8c208,gfs-ml-v1:30e504d3fa915c28313a72a3c8f0d5412a78763b1207789a749d094d1a620668,1,2026-02-07T01:00:00+00:00,2026-02-07T06:00:00+05:00,7,0.015944103881893892,0.8376921073416002,-1.1091179913599944,True
2026-02-06,2026-02-06T18:00:00+00:00,2026-02-06T23:00:00+05:00,2026-02-06T12:00:00+00:00,2026-02-06T16:01:23+00:00,ba1523eb3c8168e288404530238a73be652f8fb081e20184aec4f0b568f8c208,gfs-ml-v1:30e504d3fa915c28313a72a3c8f0d5412a78763b1207789a749d094d1a620668,1,2026-02-07T02:00:00+00:00,2026-02-07T07:00:00+05:00,8,0.024724652353391094,1.3429549562378944,-2.1755584308779703,True
2026-02-06,2026-02-06T18:00:00+00:00,2026-02-06T23:00:00+05:00,2026-02-06T12:00:00+00:00,2026-02-06T16:01:23+00:00,ba1523eb3c8168e288404530238a73be652f8fb081e20184aec4f0b568f8c208,gfs-ml-v1:30e504d3fa915c28313a72a3c8f0d5412a78763b1207789a749d094d1a620668,1,2026-02-07T03:00:00+00:00,2026-02-07T08:00:00+05:00,9,0.0666423824801573,2.619693150119011,-1.2177522427180065,True
2026-02-06,2026-02-06T18:00:00+00:00,2026-02-06T23:00:00+05:00,2026-02-06T12:00:00+00:00,2026-02-06T16:01:23+00:00,ba1523eb3c8168e288404530238a73be652f8fb081e20184aec4f0b568f8c208,gfs-ml-v1:30e504d3fa915c28313a72a3c8f0d5412a78763b1207789a749d094d1a620668,1,2026-02-07T04:00:00+00:00,2026-02-07T09:00:00+05:00,10,0.15794744294692775,4.116608587344116,0.09158111462204488,True
2026-02-06,2026-02-06T18:00:00+00:00,2026-02-06T23:00:00+05:00,2026-02-06T12:00:00+00:00,2026-02-06T16:01:23+00:00,ba1523eb3c8168e288404530238a73be652f8fb081e20184aec4f0b568f8c208,gfs-ml-v1:30e504d3fa915c28313a72a3c8f0d5412a78763b1207789a749d094d1a620668,1,2026-02-07T05:00:00+00:00,2026-02-07T10:00:00+05:00,11,0.4093502341025089,6.198394774335053,0.986138484321998,True
2026-02-06,2026-02-06T18:00:00+00:00,2026-02-06T23:00:00+05:00,2026-02-06T12:00:00+00:00,2026-02-06T16:01:23+00:00,ba1523eb3c8168e288404530238a73be652f8fb081e20184aec4f0b568f8c208,gfs-ml-v1:30e504d3fa915c28313a72a3c8f0d5412a78763b1207789a749d094d1a620668,1,2026-02-07T06:00:00+00:00,2026-02-07T11:00:00+05:00,12,0.3953871651070231,6.101840556326078,1.6544714002679939,True
2026-02-06,2026-02-06T18:00:00+00:00,2026-02-06T23:00:00+05:00,2026-02-06T12:00:00+00:00,2026-02-06T16:01:23+00:00,ba1523eb3c8168e288404530238a73be652f8fb081e20184aec4f0b568f8c208,gfs-ml-v1:30e504d3fa915c28313a72a3c8f0d5412a78763b1207789a749d094d1a620668,1,2026-02-07T07:00:00+00:00,2026-02-07T12:00:00+05:00,13,0.277492856980887,5.231409485819748,1.7134302560880315,True
2026-02-06,2026-02-06T18:00:00+00:00,2026-02-06T23:00:00+05:00,2026-02-06T12:00:00+00:00,2026-02-06T16:01:23+00:00,ba1523eb3c8168e288404530238a73be652f8fb081e20184aec4f0b568f8c208,gfs-ml-v1:30e504d3fa915c28313a72a3c8f0d5412a78763b1207789a749d094d1a620668,1,2026-02-07T08:00:00+00:00,2026-02-07T13:00:00+05:00,14,0.19580951867122517,4.547593405926765,1.953533904508049,True
2026-02-06,2026-02-06T18:00:00+00:00,2026-02-06T23:00:00+05:00,2026-02-06T12:00:00+00:00,2026-02-06T16:01:23+00:00,ba1523eb3c8168e288404530238a73be652f8fb081e20184aec4f0b568f8c208,gfs-ml-v1:30e504d3fa915c28313a72a3c8f0d5412a78763b1207789a749d094d1a620668,1,2026-02-07T09:00:00+00:00,2026-02-07T14:00:00+05:00,15,0.12898897467092268,3.729869875030043,2.3732838147039956,True
2026-02-06,2026-02-06T18:00:00+00:00,2026-02-06T23:00:00+05:00,2026-02-06T12:00:00+00:00,2026-02-06T16:01:23+00:00,ba1523eb3c8168e288404530238a73be652f8fb081e20184aec4f0b568f8c208,gfs-ml-v1:30e504d3fa915c28313a72a3c8f0d5412a78763b1207789a749d094d1a620668,1,2026-02-07T10:00:00+00:00,2026-02-07T15:00:00+05:00,16,0.08233456333854669,2.9711969272966323,2.1112752366740324,True
2026-02-06,2026-02-06T18:00:00+00:00,2026-02-06T23:00:00+05:00,2026-02-06T12:00:00+00:00,2026-02-06T16:01:23+00:00,ba1523eb3c8168e288404530238a73be652f8fb081e20184aec4f0b568f8c208,gfs-ml-v1:30e504d3fa915c28313a72a3c8f0d5412a78763b1207789a749d094d1a620668,1,2026-02-07T11:00:00+00:00,2026-02-07T16:00:00+05:00,17,0.04733444594508819,2.110889419279684,1.8683587972120108,True
2026-02-06,2026-02-06T18:00:00+00:00,2026-02-06T23:00:00+05:00,2026-02-06T12:00:00+00:00,2026-02-06T16:01:23+00:00,ba1523eb3c8168e288404530238a73be652f8fb081e20184aec4f0b568f8c208,gfs-ml-v1:30e504d3fa915c28313a72a3c8f0d5412a78763b1207789a749d094d1a620668,1,2026-02-07T12:00:00+00:00,2026-02-07T17:00:00+05:00,18,0.04790527041235482,2.1275604216774173,1.1938625027460148,True
2026-02-06,2026-02-06T18:00:00+00:00,2026-02-06T23:00:00+05:00,2026-02-06T12:00:00+00:00,2026-02-06T16:01:23+00:00,ba1523eb3c8168e288404530238a73be652f8fb081e20184aec4f0b568f8c208,gfs-ml-v1:30e504d3fa915c28313a72a3c8f0d5412a78763b1207789a749d094d1a620668,1,2026-02-07T13:00:00+00:00,2026-02-07T18:00:00+05:00,19,0.1366787345816078,3.839402427242999,-0.231761565201964,True
2026-02-06,2026-02-06T18:00:00+00:00,2026-02-06T23:00:00+05:00,2026-02-06T12:00:00+00:00,2026-02-06T16:01:23+00:00,ba1523eb3c8168e288404530238a73be652f8fb081e20184aec4f0b568f8c208,gfs-ml-v1:30e504d3fa915c28313a72a3c8f0d5412a78763b1207789a749d094d1a620668,1,2026-02-07T14:00:00+00:00,2026-02-07T19:00:00+05:00,20,0.1624819558768218,4.168597151477876,-0.2757279640459842,True
2026-02-06,2026-02-06T18:00:00+00:00,2026-02-06T23:00:00+05:00,2026-02-06T12:00:00+00:00,2026-02-06T16:01:23+00:00,ba1523eb3c8168e288404530238a73be652f8fb081e20184aec4f0b568f8c208,gfs-ml-v1:30e504d3fa915c28313a72a3c8f0d5412a78763b1207789a749d094d1a620668,1,2026-02-07T15:00:00+00:00,2026-02-07T20:00:00+05:00,21,0.2263977585677214,4.810737613169297,-0.45700696855993783,True
2026-02-06,2026-02-06T18:00:00+00:00,2026-02-06T23:00:00+05:00,2026-02-06T12:00:00+00:00,2026-02-06T16:01:23+00:00,ba1523eb3c8168e288404530238a73be652f8fb081e20184aec4f0b568f8c208,gfs-ml-v1:30e504d3fa915c28313a72a3c8f0d5412a78763b1207789a749d094d1a620668,1,2026-02-07T16:00:00+00:00,2026-02-07T21:00:00+05:00,22,0.32574622850351626,5.603227098243385,-0.7856078904219999,True
2026-02-06,2026-02-06T18:00:00+00:00,2026-02-06T23:00:00+05:00,2026-02-06T12:00:00+00:00,2026-02-06T16:01:23+00:00,ba1523eb3c8168e288404530238a73be652f8fb081e20184aec4f0b568f8c208,gfs-ml-v1:30e504d3fa915c28313a72a3c8f0d5412a78763b1207789a749d094d1a620668,1,2026-02-07T17:00:00+00:00,2026-02-07T22:00:00+05:00,23,0.47061603814739444,6.618294743337338,-0.8973532671799944,True
2026-02-06,2026-02-06T18:00:00+00:00,2026-02-06T23:00:00+05:00,2026-02-06T12:00:00+00:00,2026-02-06T16:01:23+00:00,ba1523eb3c8168e288404530238a73be652f8fb081e20184aec4f0b568f8c208,gfs-ml-v1:30e504d3fa915c28313a72a3c8f0d5412a78763b1207789a749d094d1a620668,1,2026-02-07T18:00:00+00:00,2026-02-07T23:00:00+05:00,24,0.5456902467473568,7.160337155885218,-0.9923575571059473,True
2026-02-06,2026-02-06T18:00:00+00:00,2026-02-06T23:00:00+05:00,2026-02-06T12:00:00+00:00,2026-02-06T16:01:23+00:00,ba1523eb3c8168e288404530238a73be652f8fb081e20184aec4f0b568f8c208,gfs-ml-v1:30e504d3fa915c28313a72a3c8f0d5412a78763b1207789a749d094d1a620668,2,2026-02-06T19:00:00+00:00,2026-02-07T00:00:00+05:00,1,0.9506336034222668,10.680207432509874,0.08445120826974062,True
2026-02-06,2026-02-06T18:00:00+00:00,2026-02-06T23:00:00+05:00,2026-02-06T12:00:00+00:00,2026-02-06T16:01:23+00:00,ba1523eb3c8168e288404530238a73be652f8fb081e20184aec4f0b568f8c208,gfs-ml-v1:30e504d3fa915c28313a72a3c8f0d5412a78763b1207789a749d094d1a620668,2,2026-02-06T20:00:00+00:00,2026-02-07T01:00:00+05:00,2,0.9087953743658316,9.968606178189036,-0.168580694908826,True
2026-02-06,2026-02-06T18:00:00+00:00,2026-02-06T23:00:00+05:00,2026-02-06T12:00:00+00:00,2026-02-06T16:01:23+00:00,ba1523eb3c8168e288404530238a73be652f8fb081e20184aec4f0b568f8c208,gfs-ml-v1:30e504d3fa915c28313a72a3c8f0d5412a78763b1207789a749d094d1a620668,2,2026-02-06T21:00:00+00:00,2026-02-07T02:00:00+05:00,3,0.7792429599216226,8.80816415229579,-0.29708327048030014,True
2026-02-06,2026-02-06T18:00:00+00:00,2026-02-06T23:00:00+05:00,2026-02-06T12:00:00+00:00,2026-02-06T16:01:23+00:00,ba1523eb3c8168e288404530238a73be652f8fb081e20184aec4f0b568f8c208,gfs-ml-v1:30e504d3fa915c28313a72a3c8f0d5412a78763b1207789a749d094d1a620668,2,2026-02-06T22:00:00+00:00,2026-02-07T03:00:00+05:00,4,0.6138832948101923,7.560315084895082,-0.3656900625030062,True
2026-02-06,2026-02-06T18:00:00+00:00,2026-02-06T23:00:00+05:00,2026-02-06T12:00:00+00:00,2026-02-06T16:01:23+00:00,ba1523eb3c8168e288404530238a73be652f8fb081e20184aec4f0b568f8c208,gfs-ml-v1:30e504d3fa915c28313a72a3c8f0d5412a78763b1207789a749d094d1a620668,2,2026-02-06T23:00:00+00:00,2026-02-07T04:00:00+05:00,5,0.2456122004701705,4.970674595083591,-0.66368669296088,True
2026-02-06,2026-02-06T18:00:00+00:00,2026-02-06T23:00:00+05:00,2026-02-06T12:00:00+00:00,2026-02-06T16:01:23+00:00,ba1523eb3c8168e288404530238a73be652f8fb081e20184aec4f0b568f8c208,gfs-ml-v1:30e504d3fa915c28313a72a3c8f0d5412a78763b1207789a749d094d1a620668,2,2026-02-07T00:00:00+00:00,2026-02-07T05:00:00+05:00,6,0.06196217585042553,2.507332091641071,-1.005290337434758,True
2026-02-06,2026-02-06T18:00:00+00:00,2026-02-06T23:00:00+05:00,2026-02-06T12:00:00+00:00,2026-02-06T16:01:23+00:00,ba1523eb3c8168e288404530238a73be652f8fb081e20184aec4f0b568f8c208,gfs-ml-v1:30e504d3fa915c28313a72a3c8f0d5412a78763b1207789a749d094d1a620668,2,2026-02-07T01:00:00+00:00,2026-02-07T06:00:00+05:00,7,0.015011669343049431,0.8171199497679069,-1.1256839371263823,True
2026-02-06,2026-02-06T18:00:00+00:00,2026-02-06T23:00:00+05:00,2026-02-06T12:00:00+00:00,2026-02-06T16:01:23+00:00,ba1523eb3c8168e288404530238a73be652f8fb081e20184aec4f0b568f8c208,gfs-ml-v1:30e504d3fa915c28313a72a3c8f0d5412a78763b1207789a749d094d1a620668,2,2026-02-07T02:00:00+00:00,2026-02-07T07:00:00+05:00,8,0.02482980222196256,1.3502411668889245,-2.193620641340715,True
2026-02-06,2026-02-06T18:00:00+00:00,2026-02-06T23:00:00+05:00,2026-02-06T12:00:00+00:00,2026-02-06T16:01:23+00:00,ba1523eb3c8168e288404530238a73be652f8fb081e20184aec4f0b568f8c208,gfs-ml-v1:30e504d3fa915c28313a72a3c8f0d5412a78763b1207789a749d094d1a620668,2,2026-02-07T03:00:00+00:00,2026-02-07T08:00:00+05:00,9,0.06716050039264078,2.62171339749158,-1.249009789782349,True
2026-02-06,2026-02-06T18:00:00+00:00,2026-02-06T23:00:00+05:00,2026-02-06T12:00:00+00:00,2026-02-06T16:01:23+00:00,ba1523eb3c8168e288404530238a73be652f8fb081e20184aec4f0b568f8c208,gfs-ml-v1:30e504d3fa915c28313a72a3c8f0d5412a78763b1207789a749d094d1a620668,2,2026-02-07T04:00:00+00:00,2026-02-07T09:00:00+05:00,10,0.1591396921817092,4.114383630200387,0.05849563727934992,True
2026-02-06,2026-02-06T18:00:00+00:00,2026-02-06T23:00:00+05:00,2026-02-06T12:00:00+00:00,2026-02-06T16:01:23+00:00,ba1523eb3c8168e288404530238a73be652f8fb081e20184aec4f0b568f8c208,gfs-ml-v1:30e504d3fa915c28313a72a3c8f0d5412a78763b1207789a749d094d1a620668,2,2026-02-07T05:00:00+00:00,2026-02-07T10:00:00+05:00,11,0.4084810646571829,6.162848678712626,0.9513014631072565,True
2026-02-06,2026-02-06T18:00:00+00:00,2026-02-06T23:00:00+05:00,2026-02-06T12:00:00+00:00,2026-02-06T16:01:23+00:00,ba1523eb3c8168e288404530238a73be652f8fb081e20184aec4f0b568f8c208,gfs-ml-v1:30e504d3fa915c28313a72a3c8f0d5412a78763b1207789a749d094d1a620668,2,2026-02-07T06:00:00+00:00,2026-02-07T11:00:00+05:00,12,0.3925780522765272,6.048799625100098,1.6155134918443537,True
2026-02-06,2026-02-06T18:00:00+00:00,2026-02-06T23:00:00+05:00,2026-02-06T12:00:00+00:00,2026-02-06T16:01:23+00:00,ba1523eb3c8168e288404530238a73be652f8fb081e20184aec4f0b568f8c208,gfs-ml-v1:30e504d3fa915c28313a72a3c8f0d5412a78763b1207789a749d094d1a620668,2,2026-02-07T07:00:00+00:00,2026-02-07T12:00:00+05:00,13,0.2735339120022298,5.183996944394746,1.6792953413411738,True
2026-02-06,2026-02-06T18:00:00+00:00,2026-02-06T23:00:00+05:00,2026-02-06T12:00:00+00:00,2026-02-06T16:01:23+00:00,ba1523eb3c8168e288404530238a73be652f8fb081e20184aec4f0b568f8c208,gfs-ml-v1:30e504d3fa915c28313a72a3c8f0d5412a78763b1207789a749d094d1a620668,2,2026-02-07T08:00:00+00:00,2026-02-07T13:00:00+05:00,14,0.19595484119487913,4.518346960486453,1.919023858061962,True
2026-02-06,2026-02-06T18:00:00+00:00,2026-02-06T23:00:00+05:00,2026-02-06T12:00:00+00:00,2026-02-06T16:01:23+00:00,ba1523eb3c8168e288404530238a73be652f8fb081e20184aec4f0b568f8c208,gfs-ml-v1:30e504d3fa915c28313a72a3c8f0d5412a78763b1207789a749d094d1a620668,2,2026-02-07T09:00:00+00:00,2026-02-07T14:00:00+05:00,15,0.1267928802812035,3.7053432216338047,2.3257617741689955,True
2026-02-06,2026-02-06T18:00:00+00:00,2026-02-06T23:00:00+05:00,2026-02-06T12:00:00+00:00,2026-02-06T16:01:23+00:00,ba1523eb3c8168e288404530238a73be652f8fb081e20184aec4f0b568f8c208,gfs-ml-v1:30e504d3fa915c28313a72a3c8f0d5412a78763b1207789a749d094d1a620668,2,2026-02-07T10:00:00+00:00,2026-02-07T15:00:00+05:00,16,0.08242572823695016,2.9508039343182,2.072416235191781,True
2026-02-06,2026-02-06T18:00:00+00:00,2026-02-06T23:00:00+05:00,2026-02-06T12:00:00+00:00,2026-02-06T16:01:23+00:00,ba1523eb3c8168e288404530238a73be652f8fb081e20184aec4f0b568f8c208,gfs-ml-v1:30e504d3fa915c28313a72a3c8f0d5412a78763b1207789a749d094d1a620668,2,2026-02-07T11:00:00+00:00,2026-02-07T16:00:00+05:00,17,0.04575712700043355,2.086755565502653,1.832784083350873,True
2026-02-06,2026-02-06T18:00:00+00:00,2026-02-06T23:00:00+05:00,2026-02-06T12:00:00+00:00,2026-02-06T16:01:23+00:00,ba1523eb3c8168e288404530238a73be652f8fb081e20184aec4f0b568f8c208,gfs-ml-v1:30e504d3fa915c28313a72a3c8f0d5412a78763b1207789a749d094d1a620668,2,2026-02-07T12:00:00+00:00,2026-02-07T17:00:00+05:00,18,0.046220566579782726,2.1000811860343305,1.1550206531690606,True
2026-02-06,2026-02-06T18:00:00+00:00,2026-02-06T23:00:00+05:00,2026-02-06T12:00:00+00:00,2026-02-06T16:01:23+00:00,ba1523eb3c8168e288404530238a73be652f8fb081e20184aec4f0b568f8c208,gfs-ml-v1:30e504d3fa915c28313a72a3c8f0d5412a78763b1207789a749d094d1a620668,2,2026-02-07T13:00:00+00:00,2026-02-07T18:00:00+05:00,19,0.13412114440027104,3.806952758564771,-0.25623165891852295,True
2026-02-06,2026-02-06T18:00:00+00:00,2026-02-06T23:00:00+05:00,2026-02-06T12:00:00+00:00,2026-02-06T16:01:23+00:00,ba1523eb3c8168e288404530238a73be652f8fb081e20184aec4f0b568f8c208,gfs-ml-v1:30e504d3fa915c28313a72a3c8f0d5412a78763b1207789a749d094d1a620668,2,2026-02-07T14:00:00+00:00,2026-02-07T19:00:00+05:00,20,0.16254805812851303,4.153522036984415,-0.30994152458100643,True
2026-02-06,2026-02-06T18:00:00+00:00,2026-02-06T23:00:00+05:00,2026-02-06T12:00:00+00:00,2026-02-06T16:01:23+00:00,ba1523eb3c8168e288404530238a73be652f8fb081e20184aec4f0b568f8c208,gfs-ml-v1:30e504d3fa915c28313a72a3c8f0d5412a78763b1207789a749d094d1a620668,2,2026-02-07T15:00:00+00:00,2026-02-07T20:00:00+05:00,21,0.22695423791684194,4.8011216086067146,-0.4849020104543911,True
2026-02-06,2026-02-06T18:00:00+00:00,2026-02-06T23:00:00+05:00,2026-02-06T12:00:00+00:00,2026-02-06T16:01:23+00:00,ba1523eb3c8168e288404530238a73be652f8fb081e20184aec4f0b568f8c208,gfs-ml-v1:30e504d3fa915c28313a72a3c8f0d5412a78763b1207789a749d094d1a620668,2,2026-02-07T16:00:00+00:00,2026-02-07T21:00:00+05:00,22,0.3272118954001621,5.586227380966242,-0.8138602900713181,True
2026-02-06,2026-02-06T18:00:00+00:00,2026-02-06T23:00:00+05:00,2026-02-06T12:00:00+00:00,2026-02-06T16:01:23+00:00,ba1523eb3c8168e288404530238a73be652f8fb081e20184aec4f0b568f8c208,gfs-ml-v1:30e504d3fa915c28313a72a3c8f0d5412a78763b1207789a749d094d1a620668,2,2026-02-07T17:00:00+00:00,2026-02-07T22:00:00+05:00,23,0.4676114162351689,6.586316071417409,-0.9238359666231872,True
2026-02-06,2026-02-06T18:00:00+00:00,2026-02-06T23:00:00+05:00,2026-02-06T12:00:00+00:00,2026-02-06T16:01:23+00:00,ba1523eb3c8168e288404530238a73be652f8fb081e20184aec4f0b568f8c208,gfs-ml-v1:30e504d3fa915c28313a72a3c8f0d5412a78763b1207789a749d094d1a620668,2,2026-02-07T18:00:00+00:00,2026-02-07T23:00:00+05:00,24,0.5445716135984151,7.123529894800081,-1.0193124664154425,True
2026-02-07,2026-02-07T18:00:00+00:00,2026-02-07T23:00:00+05:00,2026-02-07T12:00:00+00:00,2026-02-07T16:01:21+00:00,9e22e96cb17480e6070c39f28fa8e46ad690f68a133e3ea277a3a4dab9adb3a8,gfs-ml-v1:30e504d3fa915c28313a72a3c8f0d5412a78763b1207789a749d094d1a620668,1,2026-02-07T19:00:00+00:00,2026-02-08T00:00:00+05:00,1,0.9586033777975185,10.830984908481039,-1.5750002701399808,True
2026-02-07,2026-02-07T18:00:00+00:00,2026-02-07T23:00:00+05:00,2026-02-07T12:00:00+00:00,2026-02-07T16:01:21+00:00,9e22e96cb17480e6070c39f28fa8e46ad690f68a133e3ea277a3a4dab9adb3a8,gfs-ml-v1:30e504d3fa915c28313a72a3c8f0d5412a78763b1207789a749d094d1a620668,1,2026-02-07T20:00:00+00:00,2026-02-08T01:00:00+05:00,2,0.9567920267924539,10.7878858829046,-1.718246916853957,True
2026-02-07,2026-02-07T18:00:00+00:00,2026-02-07T23:00:00+05:00,2026-02-07T12:00:00+00:00,2026-02-07T16:01:21+00:00,9e22e96cb17480e6070c39f28fa8e46ad690f68a133e3ea277a3a4dab9adb3a8,gfs-ml-v1:30e504d3fa915c28313a72a3c8f0d5412a78763b1207789a749d094d1a620668,1,2026-02-07T21:00:00+00:00,2026-02-08T02:00:00+05:00,3,0.8221320177655385,9.224230285380408,-1.9075801450919698,True
2026-02-07,2026-02-07T18:00:00+00:00,2026-02-07T23:00:00+05:00,2026-02-07T12:00:00+00:00,2026-02-07T16:01:21+00:00,9e22e96cb17480e6070c39f28fa8e46ad690f68a133e3ea277a3a4dab9adb3a8,gfs-ml-v1:30e504d3fa915c28313a72a3c8f0d5412a78763b1207789a749d094d1a620668,1,2026-02-07T22:00:00+00:00,2026-02-08T03:00:00+05:00,4,0.6882319688319102,8.177192843754105,-2.487109503715942,True
2026-02-07,2026-02-07T18:00:00+00:00,2026-02-07T23:00:00+05:00,2026-02-07T12:00:00+00:00,2026-02-07T16:01:21+00:00,9e22e96cb17480e6070c39f28fa8e46ad690f68a133e3ea277a3a4dab9adb3a8,gfs-ml-v1:30e504d3fa915c28313a72a3c8f0d5412a78763b1207789a749d094d1a620668,1,2026-02-07T23:00:00+00:00,2026-02-08T04:00:00+05:00,5,0.6400594894463929,7.807481340999536,-2.53477927414599,True
2026-02-07,2026-02-07T18:00:00+00:00,2026-02-07T23:00:00+05:00,2026-02-07T12:00:00+00:00,2026-02-07T16:01:21+00:00,9e22e96cb17480e6070c39f28fa8e46ad690f68a133e3ea277a3a4dab9adb3a8,gfs-ml-v1:30e504d3fa915c28313a72a3c8f0d5412a78763b1207789a749d094d1a620668,1,2026-02-08T00:00:00+00:00,2026-02-08T05:00:00+05:00,6,0.5217954115089849,6.987245214225796,-2.823973359171987,True
2026-02-07,2026-02-07T18:00:00+00:00,2026-02-07T23:00:00+05:00,2026-02-07T12:00:00+00:00,2026-02-07T16:01:21+00:00,9e22e96cb17480e6070c39f28fa8e46ad690f68a133e3ea277a3a4dab9adb3a8,gfs-ml-v1:30e504d3fa915c28313a72a3c8f0d5412a78763b1207789a749d094d1a620668,1,2026-02-08T01:00:00+00:00,2026-02-08T06:00:00+05:00,7,0.39156080278022226,6.0744446618322145,-2.895002799909946,True
2026-02-07,2026-02-07T18:00:00+00:00,2026-02-07T23:00:00+05:00,2026-02-07T12:00:00+00:00,2026-02-07T16:01:21+00:00,9e22e96cb17480e6070c39f28fa8e46ad690f68a133e3ea277a3a4dab9adb3a8,gfs-ml-v1:30e504d3fa915c28313a72a3c8f0d5412a78763b1207789a749d094d1a620668,1,2026-02-08T02:00:00+00:00,2026-02-08T07:00:00+05:00,8,0.2571436256510003,5.074302531884976,-3.161359342309936,True
2026-02-07,2026-02-07T18:00:00+00:00,2026-02-07T23:00:00+05:00,2026-02-07T12:00:00+00:00,2026-02-07T16:01:21+00:00,9e22e96cb17480e6070c39f28fa8e46ad690f68a133e3ea277a3a4dab9adb3a8,gfs-ml-v1:30e504d3fa915c28313a72a3c8f0d5412a78763b1207789a749d094d1a620668,1,2026-02-08T03:00:00+00:00,2026-02-08T08:00:00+05:00,9,0.17276424960746362,4.286484495790758,-2.2988780061600096,True
2026-02-07,2026-02-07T18:00:00+00:00,2026-02-07T23:00:00+05:00,2026-02-07T12:00:00+00:00,2026-02-07T16:01:21+00:00,9e22e96cb17480e6070c39f28fa8e46ad690f68a133e3ea277a3a4dab9adb3a8,gfs-ml-v1:30e504d3fa915c28313a72a3c8f0d5412a78763b1207789a749d094d1a620668,1,2026-02-08T04:00:00+00:00,2026-02-08T09:00:00+05:00,10,0.11973091593349654,3.5979985534509815,-0.5484063143719595,True
2026-02-07,2026-02-07T18:00:00+00:00,2026-02-07T23:00:00+05:00,2026-02-07T12:00:00+00:00,2026-02-07T16:01:21+00:00,9e22e96cb17480e6070c39f28fa8e46ad690f68a133e3ea277a3a4dab9adb3a8,gfs-ml-v1:30e504d3fa915c28313a72a3c8f0d5412a78763b1207789a749d094d1a620668,1,2026-02-08T05:00:00+00:00,2026-02-08T10:00:00+05:00,11,0.048713993813446745,2.1511792932076896,0.5495881285840483,True
2026-02-07,2026-02-07T18:00:00+00:00,2026-02-07T23:00:00+05:00,2026-02-07T12:00:00+00:00,2026-02-07T16:01:21+00:00,9e22e96cb17480e6070c39f28fa8e46ad690f68a133e3ea277a3a4dab9adb3a8,gfs-ml-v1:30e504d3fa915c28313a72a3c8f0d5412a78763b1207789a749d094d1a620668,1,2026-02-08T06:00:00+00:00,2026-02-08T11:00:00+05:00,12,0.013299455385413552,0.5566378146174986,1.2806698866700685,True
2026-02-07,2026-02-07T18:00:00+00:00,2026-02-07T23:00:00+05:00,2026-02-07T12:00:00+00:00,2026-02-07T16:01:21+00:00,9e22e96cb17480e6070c39f28fa8e46ad690f68a133e3ea277a3a4dab9adb3a8,gfs-ml-v1:30e504d3fa915c28313a72a3c8f0d5412a78763b1207789a749d094d1a620668,1,2026-02-08T07:00:00+00:00,2026-02-08T12:00:00+05:00,13,0.030825217072683177,1.570318187758317,2.2317806024600486,True
2026-02-07,2026-02-07T18:00:00+00:00,2026-02-07T23:00:00+05:00,2026-02-07T12:00:00+00:00,2026-02-07T16:01:21+00:00,9e22e96cb17480e6070c39f28fa8e46ad690f68a133e3ea277a3a4dab9adb3a8,gfs-ml-v1:30e504d3fa915c28313a72a3c8f0d5412a78763b1207789a749d094d1a620668,1,2026-02-08T08:00:00+00:00,2026-02-08T13:00:00+05:00,14,0.1334557131482702,3.793493872550675,3.1048931471480614,True
2026-02-07,2026-02-07T18:00:00+00:00,2026-02-07T23:00:00+05:00,2026-02-07T12:00:00+00:00,2026-02-07T16:01:21+00:00,9e22e96cb17480e6070c39f28fa8e46ad690f68a133e3ea277a3a4dab9adb3a8,gfs-ml-v1:30e504d3fa915c28313a72a3c8f0d5412a78763b1207789a749d094d1a620668,1,2026-02-08T09:00:00+00:00,2026-02-08T14:00:00+05:00,15,0.41067038522994054,6.207442748586411,3.368277609826009,True
2026-02-07,2026-02-07T18:00:00+00:00,2026-02-07T23:00:00+05:00,2026-02-07T12:00:00+00:00,2026-02-07T16:01:21+00:00,9e22e96cb17480e6070c39f28fa8e46ad690f68a133e3ea277a3a4dab9adb3a8,gfs-ml-v1:30e504d3fa915c28313a72a3c8f0d5412a78763b1207789a749d094d1a620668,1,2026-02-08T10:00:00+00:00,2026-02-08T15:00:00+05:00,16,0.713722102948341,8.371257423198267,3.31016901493399,True
2026-02-07,2026-02-07T18:00:00+00:00,2026-02-07T23:00:00+05:00,2026-02-07T12:00:00+00:00,2026-02-07T16:01:21+00:00,9e22e96cb17480e6070c39f28fa8e46ad690f68a133e3ea277a3a4dab9adb3a8,gfs-ml-v1:30e504d3fa915c28313a72a3c8f0d5412a78763b1207789a749d094d1a620668,1,2026-02-08T11:00:00+00:00,2026-02-08T16:00:00+05:00,17,0.901737138235967,9.912177294892732,2.2312496823159904,True
2026-02-07,2026-02-07T18:00:00+00:00,2026-02-07T23:00:00+05:00,2026-02-07T12:00:00+00:00,2026-02-07T16:01:21+00:00,9e22e96cb17480e6070c39f28fa8e46ad690f68a133e3ea277a3a4dab9adb3a8,gfs-ml-v1:30e504d3fa915c28313a72a3c8f0d5412a78763b1207789a749d094d1a620668,1,2026-02-08T12:00:00+00:00,2026-02-08T17:00:00+05:00,18,0.9485264728023919,10.591216478783,0.2934947650720119,True
2026-02-07,2026-02-07T18:00:00+00:00,2026-02-07T23:00:00+05:00,2026-02-07T12:00:00+00:00,2026-02-07T16:01:21+00:00,9e22e96cb17480e6070c39f28fa8e46ad690f68a133e3ea277a3a4dab9adb3a8,gfs-ml-v1:30e504d3fa915c28313a72a3c8f0d5412a78763b1207789a749d094d1a620668,1,2026-02-08T13:00:00+00:00,2026-02-08T18:00:00+05:00,19,0.9385789162879237,10.354525748250158,-0.66588628483197,True
2026-02-07,2026-02-07T18:00:00+00:00,2026-02-07T23:00:00+05:00,2026-02-07T12:00:00+00:00,2026-02-07T16:01:21+00:00,9e22e96cb17480e6070c39f28fa8e46ad690f68a133e3ea277a3a4dab9adb3a8,gfs-ml-v1:30e504d3fa915c28313a72a3c8f0d5412a78763b1207789a749d094d1a620668,1,2026-02-08T14:00:00+00:00,2026-02-08T19:00:00+05:00,20,0.9463453226953256,10.539318506502829,-1.4329165507040216,True
2026-02-07,2026-02-07T18:00:00+00:00,2026-02-07T23:00:00+05:00,2026-02-07T12:00:00+00:00,2026-02-07T16:01:21+00:00,9e22e96cb17480e6070c39f28fa8e46ad690f68a133e3ea277a3a4dab9adb3a8,gfs-ml-v1:30e504d3fa915c28313a72a3c8f0d5412a78763b1207789a749d094d1a620668,1,2026-02-08T15:00:00+00:00,2026-02-08T20:00:00+05:00,21,0.9593055196387338,10.847691570573707,-1.7280491450399609,True
2026-02-07,2026-02-07T18:00:00+00:00,2026-02-07T23:00:00+05:00,2026-02-07T12:00:00+00:00,2026-02-07T16:01:21+00:00,9e22e96cb17480e6070c39f28fa8e46ad690f68a133e3ea277a3a4dab9adb3a8,gfs-ml-v1:30e504d3fa915c28313a72a3c8f0d5412a78763b1207789a749d094d1a620668,1,2026-02-08T16:00:00+00:00,2026-02-08T21:00:00+05:00,22,0.9593051677964355,11.15402857381795,-1.7588105147839883,True
2026-02-07,2026-02-07T18:00:00+00:00,2026-02-07T23:00:00+05:00,2026-02-07T12:00:00+00:00,2026-02-07T16:01:21+00:00,9e22e96cb17480e6070c39f28fa8e46ad690f68a133e3ea277a3a4dab9adb3a8,gfs-ml-v1:30e504d3fa915c28313a72a3c8f0d5412a78763b1207789a749d094d1a620668,1,2026-02-08T17:00:00+00:00,2026-02-08T22:00:00+05:00,23,0.9590719292674224,11.21669718125561,-1.8732907575359832,True
2026-02-07,2026-02-07T18:00:00+00:00,2026-02-07T23:00:00+05:00,2026-02-07T12:00:00+00:00,2026-02-07T16:01:21+00:00,9e22e96cb17480e6070c39f28fa8e46ad690f68a133e3ea277a3a4dab9adb3a8,gfs-ml-v1:30e504d3fa915c28313a72a3c8f0d5412a78763b1207789a749d094d1a620668,1,2026-02-08T18:00:00+00:00,2026-02-08T23:00:00+05:00,24,0.9621072085097552,11.619844935008606,-2.139368882691997,True
2026-02-07,2026-02-07T18:00:00+00:00,2026-02-07T23:00:00+05:00,2026-02-07T12:00:00+00:00,2026-02-07T16:01:21+00:00,9e22e96cb17480e6070c39f28fa8e46ad690f68a133e3ea277a3a4dab9adb3a8,gfs-ml-v1:30e504d3fa915c28313a72a3c8f0d5412a78763b1207789a749d094d1a620668,2,2026-02-07T19:00:00+00:00,2026-02-08T00:00:00+05:00,1,0.9524789366148017,10.762391735595365,-1.6043107637335652,True
2026-02-07,2026-02-07T18:00:00+00:00,2026-02-07T23:00:00+05:00,2026-02-07T12:00:00+00:00,2026-02-07T16:01:21+00:00,9e22e96cb17480e6070c39f28fa8e46ad690f68a133e3ea277a3a4dab9adb3a8,gfs-ml-v1:30e504d3fa915c28313a72a3c8f0d5412a78763b1207789a749d094d1a620668,2,2026-02-07T20:00:00+00:00,2026-02-08T01:00:00+05:00,2,0.9520046777891591,10.717781714620642,-1.7504796679349397,True
2026-02-07,2026-02-07T18:00:00+00:00,2026-02-07T23:00:00+05:00,2026-02-07T12:00:00+00:00,2026-02-07T16:01:21+00:00,9e22e96cb17480e6070c39f28fa8e46ad690f68a133e3ea277a3a4dab9adb3a8,gfs-ml-v1:30e504d3fa915c28313a72a3c8f0d5412a78763b1207789a749d094d1a620668,2,2026-02-07T21:00:00+00:00,2026-02-08T02:00:00+05:00,3,0.8264762720013846,9.16112342499394,-1.9341652530420106,True
2026-02-07,2026-02-07T18:00:00+00:00,2026-02-07T23:00:00+05:00,2026-02-07T12:00:00+00:00,2026-02-07T16:01:21+00:00,9e22e96cb17480e6070c39f28fa8e46ad690f68a133e3ea277a3a4dab9adb3a8,gfs-ml-v1:30e504d3fa915c28313a72a3c8f0d5412a78763b1207789a749d094d1a620668,2,2026-02-07T22:00:00+00:00,2026-02-08T03:00:00+05:00,4,0.6798448610028778,8.133617411143947,-2.510213532551859,True
2026-02-07,2026-02-07T18:00:00+00:00,2026-02-07T23:00:00+05:00,2026-02-07T12:00:00+00:00,2026-02-07T16:01:21+00:00,9e22e96cb17480e6070c39f28fa8e46ad690f68a133e3ea277a3a4dab9adb3a8,gfs-ml-v1:30e504d3fa915c28313a72a3c8f0d5412a78763b1207789a749d094d1a620668,2,2026-02-07T23:00:00+00:00,2026-02-08T04:00:00+05:00,5,0.637749650625107,7.768566603477938,-2.5596705493049967,True
2026-02-07,2026-02-07T18:00:00+00:00,2026-02-07T23:00:00+05:00,2026-02-07T12:00:00+00:00,2026-02-07T16:01:21+00:00,9e22e96cb17480e6070c39f28fa8e46ad690f68a133e3ea277a3a4dab9adb3a8,gfs-ml-v1:30e504d3fa915c28313a72a3c8f0d5412a78763b1207789a749d094d1a620668,2,2026-02-08T00:00:00+00:00,2026-02-08T05:00:00+05:00,6,0.5193621655980617,6.953463973437903,-2.855348958821253,True
2026-02-07,2026-02-07T18:00:00+00:00,2026-02-07T23:00:00+05:00,2026-02-07T12:00:00+00:00,2026-02-07T16:01:21+00:00,9e22e96cb17480e6070c39f28fa8e46ad690f68a133e3ea277a3a4dab9adb3a8,gfs-ml-v1:30e504d3fa915c28313a72a3c8f0d5412a78763b1207789a749d094d1a620668,2,2026-02-08T01:00:00+00:00,2026-02-08T06:00:00+05:00,7,0.39283529636991915,6.050644460826595,-2.9308081964283588,True
2026-02-07,2026-02-07T18:00:00+00:00,2026-02-07T23:00:00+05:00,2026-02-07T12:00:00+00:00,2026-02-07T16:01:21+00:00,9e22e96cb17480e6070c39f28fa8e46ad690f68a133e3ea277a3a4dab9adb3a8,gfs-ml-v1:30e504d3fa915c28313a72a3c8f0d5412a78763b1207789a749d094d1a620668,2,2026-02-08T02:00:00+00:00,2026-02-08T07:00:00+05:00,8,0.2569666980339581,5.057423148902503,-3.1982956642044087,True
2026-02-07,2026-02-07T18:00:00+00:00,2026-02-07T23:00:00+05:00,2026-02-07T12:00:00+00:00,2026-02-07T16:01:21+00:00,9e22e96cb17480e6070c39f28fa8e46ad690f68a133e3ea277a3a4dab9adb3a8,gfs-ml-v1:30e504d3fa915c28313a72a3c8f0d5412a78763b1207789a749d094d1a620668,2,2026-02-08T03:00:00+00:00,2026-02-08T08:00:00+05:00,9,0.17330045335862515,4.276992235016821,-2.3315803626784373,True
2026-02-07,2026-02-07T18:00:00+00:00,2026-02-07T23:00:00+05:00,2026-02-07T12:00:00+00:00,2026-02-07T16:01:21+00:00,9e22e96cb17480e6070c39f28fa8e46ad690f68a133e3ea277a3a4dab9adb3a8,gfs-ml-v1:30e504d3fa915c28313a72a3c8f0d5412a78763b1207789a749d094d1a620668,2,2026-02-08T04:00:00+00:00,2026-02-08T09:00:00+05:00,10,0.1184581801674353,3.589779016351557,-0.5739808632692984,True
2026-02-07,2026-02-07T18:00:00+00:00,2026-02-07T23:00:00+05:00,2026-02-07T12:00:00+00:00,2026-02-07T16:01:21+00:00,9e22e96cb17480e6070c39f28fa8e46ad690f68a133e3ea277a3a4dab9adb3a8,gfs-ml-v1:30e504d3fa915c28313a72a3c8f0d5412a78763b1207789a749d094d1a620668,2,2026-02-08T05:00:00+00:00,2026-02-08T10:00:00+05:00,11,0.04761412286760507,2.1401511392893644,0.5227971505001392,True
2026-02-07,2026-02-07T18:00:00+00:00,2026-02-07T23:00:00+05:00,2026-02-07T12:00:00+00:00,2026-02-07T16:01:21+00:00,9e22e96cb17480e6070c39f28fa8e46ad690f68a133e3ea277a3a4dab9adb3a8,gfs-ml-v1:30e504d3fa915c28313a72a3c8f0d5412a78763b1207789a749d094d1a620668,2,2026-02-08T06:00:00+00:00,2026-02-08T11:00:00+05:00,12,0.012481302472444123,0.547065171718967,1.2529298618508165,True
2026-02-07,2026-02-07T18:00:00+00:00,2026-02-07T23:00:00+05:00,2026-02-07T12:00:00+00:00,2026-02-07T16:01:21+00:00,9e22e96cb17480e6070c39f28fa8e46ad690f68a133e3ea277a3a4dab9adb3a8,gfs-ml-v1:30e504d3fa915c28313a72a3c8f0d5412a78763b1207789a749d094d1a620668,2,2026-02-08T07:00:00+00:00,2026-02-08T12:00:00+05:00,13,0.03019151261827218,1.563304671176779,2.1999407834903764,True
2026-02-07,2026-02-07T18:00:00+00:00,2026-02-07T23:00:00+05:00,2026-02-07T12:00:00+00:00,2026-02-07T16:01:21+00:00,9e22e96cb17480e6070c39f28fa8e46ad690f68a133e3ea277a3a4dab9adb3a8,gfs-ml-v1:30e504d3fa915c28313a72a3c8f0d5412a78763b1207789a749d094d1a620668,2,2026-02-08T08:00:00+00:00,2026-02-08T13:00:00+05:00,14,0.13176379242739228,3.774267058587845,3.067217754295541,True
2026-02-07,2026-02-07T18:00:00+00:00,2026-02-07T23:00:00+05:00,2026-02-07T12:00:00+00:00,2026-02-07T16:01:21+00:00,9e22e96cb17480e6070c39f28fa8e46ad690f68a133e3ea277a3a4dab9adb3a8,gfs-ml-v1:30e504d3fa915c28313a72a3c8f0d5412a78763b1207789a749d094d1a620668,2,2026-02-08T09:00:00+00:00,2026-02-08T14:00:00+05:00,15,0.40862103905811714,6.163852510412836,3.3341345050682207,True
2026-02-07,2026-02-07T18:00:00+00:00,2026-02-07T23:00:00+05:00,2026-02-07T12:00:00+00:00,2026-02-07T16:01:21+00:00,9e22e96cb17480e6070c39f28fa8e46ad690f68a133e3ea277a3a4dab9adb3a8,gfs-ml-v1:30e504d3fa915c28313a72a3c8f0d5412a78763b1207789a749d094d1a620668,2,2026-02-08T10:00:00+00:00,2026-02-08T15:00:00+05:00,16,0.7051717912770223,8.30001296201807,3.2769859914741915,True
2026-02-07,2026-02-07T18:00:00+00:00,2026-02-07T23:00:00+05:00,2026-02-07T12:00:00+00:00,2026-02-07T16:01:21+00:00,9e22e96cb17480e6070c39f28fa8e46ad690f68a133e3ea277a3a4dab9adb3a8,gfs-ml-v1:30e504d3fa915c28313a72a3c8f0d5412a78763b1207789a749d094d1a620668,2,2026-02-08T11:00:00+00:00,2026-02-08T16:00:00+05:00,17,0.8965959057611019,9.81409033071872,2.19276394641588,True
2026-02-07,2026-02-07T18:00:00+00:00,2026-02-07T23:00:00+05:00,2026-02-07T12:00:00+00:00,2026-02-07T16:01:21+00:00,9e22e96cb17480e6070c39f28fa8e46ad690f68a133e3ea277a3a4dab9adb3a8,gfs-ml-v1:30e504d3fa915c28313a72a3c8f0d5412a78763b1207789a749d094d1a620668,2,2026-02-08T12:00:00+00:00,2026-02-08T17:00:00+05:00,18,0.941044693647327,10.488766743089165,0.25038629073731045,True
2026-02-07,2026-02-07T18:00:00+00:00,2026-02-07T23:00:00+05:00,2026-02-07T12:00:00+00:00,2026-02-07T16:01:21+00:00,9e22e96cb17480e6070c39f28fa8e46ad690f68a133e3ea277a3a4dab9adb3a8,gfs-ml-v1:30e504d3fa915c28313a72a3c8f0d5412a78763b1207789a749d094d1a620668,2,2026-02-08T13:00:00+00:00,2026-02-08T18:00:00+05:00,19,0.9296019819488037,10.260315264472398,-0.7101782278796804,True
2026-02-07,2026-02-07T18:00:00+00:00,2026-02-07T23:00:00+05:00,2026-02-07T12:00:00+00:00,2026-02-07T16:01:21+00:00,9e22e96cb17480e6070c39f28fa8e46ad690f68a133e3ea277a3a4dab9adb3a8,gfs-ml-v1:30e504d3fa915c28313a72a3c8f0d5412a78763b1207789a749d094d1a620668,2,2026-02-08T14:00:00+00:00,2026-02-08T19:00:00+05:00,20,0.9382564218093342,10.433099446651282,-1.4737492564089507,True
2026-02-07,2026-02-07T18:00:00+00:00,2026-02-07T23:00:00+05:00,2026-02-07T12:00:00+00:00,2026-02-07T16:01:21+00:00,9e22e96cb17480e6070c39f28fa8e46ad690f68a133e3ea277a3a4dab9adb3a8,gfs-ml-v1:30e504d3fa915c28313a72a3c8f0d5412a78763b1207789a749d094d1a620668,2,2026-02-08T15:00:00+00:00,2026-02-08T20:00:00+05:00,21,0.9522457051871428,10.740453379749841,-1.7603126440096162,True
2026-02-07,2026-02-07T18:00:00+00:00,2026-02-07T23:00:00+05:00,2026-02-07T12:00:00+00:00,2026-02-07T16:01:21+00:00,9e22e96cb17480e6070c39f28fa8e46ad690f68a133e3ea277a3a4dab9adb3a8,gfs-ml-v1:30e504d3fa915c28313a72a3c8f0d5412a78763b1207789a749d094d1a620668,2,2026-02-08T16:00:00+00:00,2026-02-08T21:00:00+05:00,22,0.9555713721699938,11.053274282257934,-1.7870772321880963,True
2026-02-07,2026-02-07T18:00:00+00:00,2026-02-07T23:00:00+05:00,2026-02-07T12:00:00+00:00,2026-02-07T16:01:21+00:00,9e22e96cb17480e6070c39f28fa8e46ad690f68a133e3ea277a3a4dab9adb3a8,gfs-ml-v1:30e504d3fa915c28313a72a3c8f0d5412a78763b1207789a749d094d1a620668,2,2026-02-08T17:00:00+00:00,2026-02-08T22:00:00+05:00,23,0.9563117518627988,11.122916325461965,-1.9015180331685997,True
2026-02-07,2026-02-07T18:00:00+00:00,2026-02-07T23:00:00+05:00,2026-02-07T12:00:00+00:00,2026-02-07T16:01:21+00:00,9e22e96cb17480e6070c39f28fa8e46ad690f68a133e3ea277a3a4dab9adb3a8,gfs-ml-v1:30e504d3fa915c28313a72a3c8f0d5412a78763b1207789a749d094d1a620668,2,2026-02-08T18:00:00+00:00,2026-02-08T23:00:00+05:00,24,0.9607323587447546,11.51905992083314,-2.1723581052660847,True
2026-02-08,2026-02-08T18:00:00+00:00,2026-02-08T23:00:00+05:00,2026-02-08T12:00:00+00:00,2026-02-08T16:02:14+00:00,cd8d6e703363c182e1814c6149ebfe19fa8e566bbacf80f17a5099be1a9cee8f,gfs-ml-v1:30e504d3fa915c28313a72a3c8f0d5412a78763b1207789a749d094d1a620668,1,2026-02-08T19:00:00+00:00,2026-02-09T00:00:00+05:00,1,0.9741175846204708,12.3351336054986,-2.8790554505000046,True
2026-02-08,2026-02-08T18:00:00+00:00,2026-02-08T23:00:00+05:00,2026-02-08T12:00:00+00:00,2026-02-08T16:02:14+00:00,cd8d6e703363c182e1814c6149ebfe19fa8e566bbacf80f17a5099be1a9cee8f,gfs-ml-v1:30e504d3fa915c28313a72a3c8f0d5412a78763b1207789a749d094d1a620668,1,2026-02-08T20:00:00+00:00,2026-02-09T01:00:00+05:00,2,0.9708390073192278,12.734785928726092,-3.349361601011992,True
2026-02-08,2026-02-08T18:00:00+00:00,2026-02-08T23:00:00+05:00,2026-02-08T12:00:00+00:00,2026-02-08T16:02:14+00:00,cd8d6e703363c182e1814c6149ebfe19fa8e566bbacf80f17a5099be1a9cee8f,gfs-ml-v1:30e504d3fa915c28313a72a3c8f0d5412a78763b1207789a749d094d1a620668,1,2026-02-08T21:00:00+00:00,2026-02-09T02:00:00+05:00,3,0.971269305484942,12.712151736276137,-3.8041340720059793,True
2026-02-08,2026-02-08T18:00:00+00:00,2026-02-08T23:00:00+05:00,2026-02-08T12:00:00+00:00,2026-02-08T16:02:14+00:00,cd8d6e703363c182e1814c6149ebfe19fa8e566bbacf80f17a5099be1a9cee8f,gfs-ml-v1:30e504d3fa915c28313a72a3c8f0d5412a78763b1207789a749d094d1a620668,1,2026-02-08T22:00:00+00:00,2026-02-09T03:00:00+05:00,4,0.9744651949390762,12.544044171063542,-3.8536827704999723,True
2026-02-08,2026-02-08T18:00:00+00:00,2026-02-08T23:00:00+05:00,2026-02-08T12:00:00+00:00,2026-02-08T16:02:14+00:00,cd8d6e703363c182e1814c6149ebfe19fa8e566bbacf80f17a5099be1a9cee8f,gfs-ml-v1:30e504d3fa915c28313a72a3c8f0d5412a78763b1207789a749d094d1a620668,1,2026-02-08T23:00:00+00:00,2026-02-09T04:00:00+05:00,5,0.9738278714651651,12.577568139582992,-3.7846763429739667,True
2026-02-08,2026-02-08T18:00:00+00:00,2026-02-08T23:00:00+05:00,2026-02-08T12:00:00+00:00,2026-02-08T16:02:14+00:00,cd8d6e703363c182e1814c6149ebfe19fa8e566bbacf80f17a5099be1a9cee8f,gfs-ml-v1:30e504d3fa915c28313a72a3c8f0d5412a78763b1207789a749d094d1a620668,1,2026-02-09T00:00:00+00:00,2026-02-09T05:00:00+05:00,6,0.9694074856656136,12.052544296768273,-3.7112719721839653,True
2026-02-08,2026-02-08T18:00:00+00:00,2026-02-08T23:00:00+05:00,2026-02-08T12:00:00+00:00,2026-02-08T16:02:14+00:00,cd8d6e703363c182e1814c6149ebfe19fa8e566bbacf80f17a5099be1a9cee8f,gfs-ml-v1:30e504d3fa915c28313a72a3c8f0d5412a78763b1207789a749d094d1a620668,1,2026-02-09T01:00:00+00:00,2026-02-09T06:00:00+05:00,7,0.9586501460656089,11.415931162366709,-3.7913761860599493,True
2026-02-08,2026-02-08T18:00:00+00:00,2026-02-08T23:00:00+05:00,2026-02-08T12:00:00+00:00,2026-02-08T16:02:14+00:00,cd8d6e703363c182e1814c6149ebfe19fa8e566bbacf80f17a5099be1a9cee8f,gfs-ml-v1:30e504d3fa915c28313a72a3c8f0d5412a78763b1207789a749d094d1a620668,1,2026-02-09T02:00:00+00:00,2026-02-09T07:00:00+05:00,8,0.9593819300557734,11.133403405597104,-3.6625795365979457,True
2026-02-08,2026-02-08T18:00:00+00:00,2026-02-08T23:00:00+05:00,2026-02-08T12:00:00+00:00,2026-02-08T16:02:14+00:00,cd8d6e703363c182e1814c6149ebfe19fa8e566bbacf80f17a5099be1a9cee8f,gfs-ml-v1:30e504d3fa915c28313a72a3c8f0d5412a78763b1207789a749d094d1a620668,1,2026-02-09T03:00:00+00:00,2026-02-09T08:00:00+05:00,9,0.9597310621540781,11.039595480701033,-2.739130994761979,True
2026-02-08,2026-02-08T18:00:00+00:00,2026-02-08T23:00:00+05:00,2026-02-08T12:00:00+00:00,2026-02-08T16:02:14+00:00,cd8d6e703363c182e1814c6149ebfe19fa8e566bbacf80f17a5099be1a9cee8f,gfs-ml-v1:30e504d3fa915c28313a72a3c8f0d5412a78763b1207789a749d094d1a620668,1,2026-02-09T04:00:00+00:00,2026-02-09T09:00:00+05:00,10,0.9587800908795404,11.295110921227273,-1.052461933282018,True
2026-02-08,2026-02-08T18:00:00+00:00,2026-02-08T23:00:00+05:00,2026-02-08T12:00:00+00:00,2026-02-08T16:02:14+00:00,cd8d6e703363c182e1814c6149ebfe19fa8e566bbacf80f17a5099be1a9cee8f,gfs-ml-v1:30e504d3fa915c28313a72a3c8f0d5412a78763b1207789a749d094d1a620668,1,2026-02-09T05:00:00+00:00,2026-02-09T10:00:00+05:00,11,0.9630260766469485,11.674044091501367,0.9885033299260044,True
2026-02-08,2026-02-08T18:00:00+00:00,2026-02-08T23:00:00+05:00,2026-02-08T12:00:00+00:00,2026-02-08T16:02:14+00:00,cd8d6e703363c182e1814c6149ebfe19fa8e566bbacf80f17a5099be1a9cee8f,gfs-ml-v1:30e504d3fa915c28313a72a3c8f0d5412a78763b1207789a749d094d1a620668,1,2026-02-09T06:00:00+00:00,2026-02-09T11:00:00+05:00,12,0.9711171809012648,12.155119974989208,2.505634426454037,True
2026-02-08,2026-02-08T18:00:00+00:00,2026-02-08T23:00:00+05:00,2026-02-08T12:00:00+00:00,2026-02-08T16:02:14+00:00,cd8d6e703363c182e1814c6149ebfe19fa8e566bbacf80f17a5099be1a9cee8f,gfs-ml-v1:30e504d3fa915c28313a72a3c8f0d5412a78763b1207789a749d094d1a620668,1,2026-02-09T07:00:00+00:00,2026-02-09T12:00:00+05:00,13,0.9723747969715122,12.230572499308867,4.1360474983679865,True
2026-02-08,2026-02-08T18:00:00+00:00,2026-02-08T23:00:00+05:00,2026-02-08T12:00:00+00:00,2026-02-08T16:02:14+00:00,cd8d6e703363c182e1814c6149ebfe19fa8e566bbacf80f17a5099be1a9cee8f,gfs-ml-v1:30e504d3fa915c28313a72a3c8f0d5412a78763b1207789a749d094d1a620668,1,2026-02-09T08:00:00+00:00,2026-02-09T13:00:00+05:00,14,0.9672151773346048,11.921136916406278,4.832714558750013,True
2026-02-08,2026-02-08T18:00:00+00:00,2026-02-08T23:00:00+05:00,2026-02-08T12:00:00+00:00,2026-02-08T16:02:14+00:00,cd8d6e703363c182e1814c6149ebfe19fa8e566bbacf80f17a5099be1a9cee8f,gfs-ml-v1:30e504d3fa915c28313a72a3c8f0d5412a78763b1207789a749d094d1a620668,1,2026-02-09T09:00:00+00:00,2026-02-09T14:00:00+05:00,15,0.9598510895949943,11.007345437758518,4.521073653654014,True
2026-02-08,2026-02-08T18:00:00+00:00,2026-02-08T23:00:00+05:00,2026-02-08T12:00:00+00:00,2026-02-08T16:02:14+00:00,cd8d6e703363c182e1814c6149ebfe19fa8e566bbacf80f17a5099be1a9cee8f,gfs-ml-v1:30e504d3fa915c28313a72a3c8f0d5412a78763b1207789a749d094d1a620668,1,2026-02-09T10:00:00+00:00,2026-02-09T15:00:00+05:00,16,0.8564080653999877,9.5072752808117,4.302192764144024,True
2026-02-08,2026-02-08T18:00:00+00:00,2026-02-08T23:00:00+05:00,2026-02-08T12:00:00+00:00,2026-02-08T16:02:14+00:00,cd8d6e703363c182e1814c6149ebfe19fa8e566bbacf80f17a5099be1a9cee8f,gfs-ml-v1:30e504d3fa915c28313a72a3c8f0d5412a78763b1207789a749d094d1a620668,1,2026-02-09T11:00:00+00:00,2026-02-09T16:00:00+05:00,17,0.5848925167470946,7.424574021708781,3.4458997838140135,True
2026-02-08,2026-02-08T18:00:00+00:00,2026-02-08T23:00:00+05:00,2026-02-08T12:00:00+00:00,2026-02-08T16:02:14+00:00,cd8d6e703363c182e1814c6149ebfe19fa8e566bbacf80f17a5099be1a9cee8f,gfs-ml-v1:30e504d3fa915c28313a72a3c8f0d5412a78763b1207789a749d094d1a620668,1,2026-02-09T12:00:00+00:00,2026-02-09T17:00:00+05:00,18,0.4408836245456038,6.414516473478865,1.5989685226600159,True
2026-02-08,2026-02-08T18:00:00+00:00,2026-02-08T23:00:00+05:00,2026-02-08T12:00:00+00:00,2026-02-08T16:02:14+00:00,cd8d6e703363c182e1814c6149ebfe19fa8e566bbacf80f17a5099be1a9cee8f,gfs-ml-v1:30e504d3fa915c28313a72a3c8f0d5412a78763b1207789a749d094d1a620668,1,2026-02-09T13:00:00+00:00,2026-02-09T18:00:00+05:00,19,0.25203288989530076,5.031271267069624,0.3300320553420306,True
2026-02-08,2026-02-08T18:00:00+00:00,2026-02-08T23:00:00+05:00,2026-02-08T12:00:00+00:00,2026-02-08T16:02:14+00:00,cd8d6e703363c182e1814c6149ebfe19fa8e566bbacf80f17a5099be1a9cee8f,gfs-ml-v1:30e504d3fa915c28313a72a3c8f0d5412a78763b1207789a749d094d1a620668,1,2026-02-09T14:00:00+00:00,2026-02-09T19:00:00+05:00,20,0.13691279844855037,3.8427364211550104,0.06596783077600321,True
2026-02-08,2026-02-08T18:00:00+00:00,2026-02-08T23:00:00+05:00,2026-02-08T12:00:00+00:00,2026-02-08T16:02:14+00:00,cd8d6e703363c182e1814c6149ebfe19fa8e566bbacf80f17a5099be1a9cee8f,gfs-ml-v1:30e504d3fa915c28313a72a3c8f0d5412a78763b1207789a749d094d1a620668,1,2026-02-09T15:00:00+00:00,2026-02-09T20:00:00+05:00,21,0.11859347765036024,3.5817969399307046,0.1970286718440093,True
2026-02-08,2026-02-08T18:00:00+00:00,2026-02-08T23:00:00+05:00,2026-02-08T12:00:00+00:00,2026-02-08T16:02:14+00:00,cd8d6e703363c182e1814c6149ebfe19fa8e566bbacf80f17a5099be1a9cee8f,gfs-ml-v1:30e504d3fa915c28313a72a3c8f0d5412a78763b1207789a749d094d1a620668,1,2026-02-09T16:00:00+00:00,2026-02-09T21:00:00+05:00,22,0.08531846308170563,3.0232889069420907,0.5515890556200134,True
2026-02-08,2026-02-08T18:00:00+00:00,2026-02-08T23:00:00+05:00,2026-02-08T12:00:00+00:00,2026-02-08T16:02:14+00:00,cd8d6e703363c182e1814c6149ebfe19fa8e566bbacf80f17a5099be1a9cee8f,gfs-ml-v1:30e504d3fa915c28313a72a3c8f0d5412a78763b1207789a749d094d1a620668,1,2026-02-09T17:00:00+00:00,2026-02-09T22:00:00+05:00,23,0.07511418020701051,2.8121493374449216,0.9679901864399767,True
2026-02-08,2026-02-08T18:00:00+00:00,2026-02-08T23:00:00+05:00,2026-02-08T12:00:00+00:00,2026-02-08T16:02:14+00:00,cd8d6e703363c182e1814c6149ebfe19fa8e566bbacf80f17a5099be1a9cee8f,gfs-ml-v1:30e504d3fa915c28313a72a3c8f0d5412a78763b1207789a749d094d1a620668,1,2026-02-09T18:00:00+00:00,2026-02-09T23:00:00+05:00,24,0.036445085293396545,1.7699307573326697,1.0731081264399904,True
2026-02-08,2026-02-08T18:00:00+00:00,2026-02-08T23:00:00+05:00,2026-02-08T12:00:00+00:00,2026-02-08T16:02:14+00:00,cd8d6e703363c182e1814c6149ebfe19fa8e566bbacf80f17a5099be1a9cee8f,gfs-ml-v1:30e504d3fa915c28313a72a3c8f0d5412a78763b1207789a749d094d1a620668,2,2026-02-08T19:00:00+00:00,2026-02-09T00:00:00+05:00,1,0.9694820102881181,12.224798991831113,-2.9220424236200415,True
2026-02-08,2026-02-08T18:00:00+00:00,2026-02-08T23:00:00+05:00,2026-02-08T12:00:00+00:00,2026-02-08T16:02:14+00:00,cd8d6e703363c182e1814c6149ebfe19fa8e566bbacf80f17a5099be1a9cee8f,gfs-ml-v1:30e504d3fa915c28313a72a3c8f0d5412a78763b1207789a749d094d1a620668,2,2026-02-08T20:00:00+00:00,2026-02-09T01:00:00+05:00,2,0.9632796132074893,12.617001706461856,-3.395314297262871,True
2026-02-08,2026-02-08T18:00:00+00:00,2026-02-08T23:00:00+05:00,2026-02-08T12:00:00+00:00,2026-02-08T16:02:14+00:00,cd8d6e703363c182e1814c6149ebfe19fa8e566bbacf80f17a5099be1a9cee8f,gfs-ml-v1:30e504d3fa915c28313a72a3c8f0d5412a78763b1207789a749d094d1a620668,2,2026-02-08T21:00:00+00:00,2026-02-09T02:00:00+05:00,3,0.9638976016220739,12.585338431005484,-3.8461917466914315,True
2026-02-08,2026-02-08T18:00:00+00:00,2026-02-08T23:00:00+05:00,2026-02-08T12:00:00+00:00,2026-02-08T16:02:14+00:00,cd8d6e703363c182e1814c6149ebfe19fa8e566bbacf80f17a5099be1a9cee8f,gfs-ml-v1:30e504d3fa915c28313a72a3c8f0d5412a78763b1207789a749d094d1a620668,2,2026-02-08T22:00:00+00:00,2026-02-09T03:00:00+05:00,4,0.9672547975045592,12.413329028435044,-3.894272943619967,True
2026-02-08,2026-02-08T18:00:00+00:00,2026-02-08T23:00:00+05:00,2026-02-08T12:00:00+00:00,2026-02-08T16:02:14+00:00,cd8d6e703363c182e1814c6149ebfe19fa8e566bbacf80f17a5099be1a9cee8f,gfs-ml-v1:30e504d3fa915c28313a72a3c8f0d5412a78763b1207789a749d094d1a620668,2,2026-02-08T23:00:00+00:00,2026-02-09T04:00:00+05:00,5,0.9667313639326034,12.440147688754255,-3.8259489116037457,True
2026-02-08,2026-02-08T18:00:00+00:00,2026-02-08T23:00:00+05:00,2026-02-08T12:00:00+00:00,2026-02-08T16:02:14+00:00,cd8d6e703363c182e1814c6149ebfe19fa8e566bbacf80f17a5099be1a9cee8f,gfs-ml-v1:30e504d3fa915c28313a72a3c8f0d5412a78763b1207789a749d094d1a620668,2,2026-02-09T00:00:00+00:00,2026-02-09T05:00:00+05:00,6,0.965500143649723,11.916199839899624,-3.7486408149641193,True
2026-02-08,2026-02-08T18:00:00+00:00,2026-02-08T23:00:00+05:00,2026-02-08T12:00:00+00:00,2026-02-08T16:02:14+00:00,cd8d6e703363c182e1814c6149ebfe19fa8e566bbacf80f17a5099be1a9cee8f,gfs-ml-v1:30e504d3fa915c28313a72a3c8f0d5412a78763b1207789a749d094d1a620668,2,2026-02-09T01:00:00+00:00,2026-02-09T06:00:00+05:00,7,0.9580863434173422,11.28584476021715,-3.8289371479543775,True
2026-02-08,2026-02-08T18:00:00+00:00,2026-02-08T23:00:00+05:00,2026-02-08T12:00:00+00:00,2026-02-08T16:02:14+00:00,cd8d6e703363c182e1814c6149ebfe19fa8e566bbacf80f17a5099be1a9cee8f,gfs-ml-v1:30e504d3fa915c28313a72a3c8f0d5412a78763b1207789a749d094d1a620668,2,2026-02-09T02:00:00+00:00,2026-02-09T07:00:00+05:00,8,0.9550076113629195,11.000245471683375,-3.6955230261135057,True
2026-02-08,2026-02-08T18:00:00+00:00,2026-02-08T23:00:00+05:00,2026-02-08T12:00:00+00:00,2026-02-08T16:02:14+00:00,cd8d6e703363c182e1814c6149ebfe19fa8e566bbacf80f17a5099be1a9cee8f,gfs-ml-v1:30e504d3fa915c28313a72a3c8f0d5412a78763b1207789a749d094d1a620668,2,2026-02-09T03:00:00+00:00,2026-02-09T08:00:00+05:00,9,0.9538875166219256,10.89488644157631,-2.7630625710128243,True
2026-02-08,2026-02-08T18:00:00+00:00,2026-02-08T23:00:00+05:00,2026-02-08T12:00:00+00:00,2026-02-08T16:02:14+00:00,cd8d6e703363c182e1814c6149ebfe19fa8e566bbacf80f17a5099be1a9cee8f,gfs-ml-v1:30e504d3fa915c28313a72a3c8f0d5412a78763b1207789a749d094d1a620668,2,2026-02-09T04:00:00+00:00,2026-02-09T09:00:00+05:00,10,0.9565882319457376,11.148922762521481,-1.0662013724576695,True
2026-02-08,2026-02-08T18:00:00+00:00,2026-02-08T23:00:00+05:00,2026-02-08T12:00:00+00:00,2026-02-08T16:02:14+00:00,cd8d6e703363c182e1814c6149ebfe19fa8e566bbacf80f17a5099be1a9cee8f,gfs-ml-v1:30e504d3fa915c28313a72a3c8f0d5412a78763b1207789a749d094d1a620668,2,2026-02-09T05:00:00+00:00,2026-02-09T10:00:00+05:00,11,0.9607662851339005,11.522050133403644,0.9725729797922895,True
2026-02-08,2026-02-08T18:00:00+00:00,2026-02-08T23:00:00+05:00,2026-02-08T12:00:00+00:00,2026-02-08T16:02:14+00:00,cd8d6e703363c182e1814c6149ebfe19fa8e566bbacf80f17a5099be1a9cee8f,gfs-ml-v1:30e504d3fa915c28313a72a3c8f0d5412a78763b1207789a749d094d1a620668,2,2026-02-09T06:00:00+00:00,2026-02-09T11:00:00+05:00,12,0.9666019290994105,12.001589453932768,2.4887742390389462,True
2026-02-08,2026-02-08T18:00:00+00:00,2026-02-08T23:00:00+05:00,2026-02-08T12:00:00+00:00,2026-02-08T16:02:14+00:00,cd8d6e703363c182e1814c6149ebfe19fa8e566bbacf80f17a5099be1a9cee8f,gfs-ml-v1:30e504d3fa915c28313a72a3c8f0d5412a78763b1207789a749d094d1a620668,2,2026-02-09T07:00:00+00:00,2026-02-09T12:00:00+05:00,13,0.967670298462331,12.084389283582446,4.109944677688304,True
2026-02-08,2026-02-08T18:00:00+00:00,2026-02-08T23:00:00+05:00,2026-02-08T12:00:00+00:00,2026-02-08T16:02:14+00:00,cd8d6e703363c182e1814c6149ebfe19fa8e566bbacf80f17a5099be1a9cee8f,gfs-ml-v1:30e504d3fa915c28313a72a3c8f0d5412a78763b1207789a749d094d1a620668,2,2026-02-09T08:00:00+00:00,2026-02-09T13:00:00+05:00,14,0.9638576345464264,11.788903533330851,4.799935358750076,True
2026-02-08,2026-02-08T18:00:00+00:00,2026-02-08T23:00:00+05:00,2026-02-08T12:00:00+00:00,2026-02-08T16:02:14+00:00,cd8d6e703363c182e1814c6149ebfe19fa8e566bbacf80f17a5099be1a9cee8f,gfs-ml-v1:30e504d3fa915c28313a72a3c8f0d5412a78763b1207789a749d094d1a620668,2,2026-02-09T09:00:00+00:00,2026-02-09T14:00:00+05:00,15,0.9536043157910016,10.868247833448219,4.490244642366974,True
2026-02-08,2026-02-08T18:00:00+00:00,2026-02-08T23:00:00+05:00,2026-02-08T12:00:00+00:00,2026-02-08T16:02:14+00:00,cd8d6e703363c182e1814c6149ebfe19fa8e566bbacf80f17a5099be1a9cee8f,gfs-ml-v1:30e504d3fa915c28313a72a3c8f0d5412a78763b1207789a749d094d1a620668,2,2026-02-09T10:00:00+00:00,2026-02-09T15:00:00+05:00,16,0.8529285532132643,9.38907088508571,4.268796894834566,True
2026-02-08,2026-02-08T18:00:00+00:00,2026-02-08T23:00:00+05:00,2026-02-08T12:00:00+00:00,2026-02-08T16:02:14+00:00,cd8d6e703363c182e1814c6149ebfe19fa8e566bbacf80f17a5099be1a9cee8f,gfs-ml-v1:30e504d3fa915c28313a72a3c8f0d5412a78763b1207789a749d094d1a620668,2,2026-02-09T11:00:00+00:00,2026-02-09T16:00:00+05:00,17,0.5777231587293304,7.332442789261648,3.4066449428053716,True
2026-02-08,2026-02-08T18:00:00+00:00,2026-02-08T23:00:00+05:00,2026-02-08T12:00:00+00:00,2026-02-08T16:02:14+00:00,cd8d6e703363c182e1814c6149ebfe19fa8e566bbacf80f17a5099be1a9cee8f,gfs-ml-v1:30e504d3fa915c28313a72a3c8f0d5412a78763b1207789a749d094d1a620668,2,2026-02-09T12:00:00+00:00,2026-02-09T17:00:00+05:00,18,0.43198707617955046,6.331422927676436,1.5594908529384384,True
2026-02-08,2026-02-08T18:00:00+00:00,2026-02-08T23:00:00+05:00,2026-02-08T12:00:00+00:00,2026-02-08T16:02:14+00:00,cd8d6e703363c182e1814c6149ebfe19fa8e566bbacf80f17a5099be1a9cee8f,gfs-ml-v1:30e504d3fa915c28313a72a3c8f0d5412a78763b1207789a749d094d1a620668,2,2026-02-09T13:00:00+00:00,2026-02-09T18:00:00+05:00,19,0.24358137382295572,4.952793350714132,0.2990028970521621,True
2026-02-08,2026-02-08T18:00:00+00:00,2026-02-08T23:00:00+05:00,2026-02-08T12:00:00+00:00,2026-02-08T16:02:14+00:00,cd8d6e703363c182e1814c6149ebfe19fa8e566bbacf80f17a5099be1a9cee8f,gfs-ml-v1:30e504d3fa915c28313a72a3c8f0d5412a78763b1207789a749d094d1a620668,2,2026-02-09T14:00:00+00:00,2026-02-09T19:00:00+05:00,20,0.13077815029399711,3.760600706075611,0.04477590214622751,True
2026-02-08,2026-02-08T18:00:00+00:00,2026-02-08T23:00:00+05:00,2026-02-08T12:00:00+00:00,2026-02-08T16:02:14+00:00,cd8d6e703363c182e1814c6149ebfe19fa8e566bbacf80f17a5099be1a9cee8f,gfs-ml-v1:30e504d3fa915c28313a72a3c8f0d5412a78763b1207789a749d094d1a620668,2,2026-02-09T15:00:00+00:00,2026-02-09T20:00:00+05:00,21,0.11262368569484392,3.508881238657688,0.18522983178257846,True
2026-02-08,2026-02-08T18:00:00+00:00,2026-02-08T23:00:00+05:00,2026-02-08T12:00:00+00:00,2026-02-08T16:02:14+00:00,cd8d6e703363c182e1814c6149ebfe19fa8e566bbacf80f17a5099be1a9cee8f,gfs-ml-v1:30e504d3fa915c28313a72a3c8f0d5412a78763b1207789a749d094d1a620668,2,2026-02-09T16:00:00+00:00,2026-02-09T21:00:00+05:00,22,0.08205790255506512,2.9434287170529307,0.5430319800488519,True
2026-02-08,2026-02-08T18:00:00+00:00,2026-02-08T23:00:00+05:00,2026-02-08T12:00:00+00:00,2026-02-08T16:02:14+00:00,cd8d6e703363c182e1814c6149ebfe19fa8e566bbacf80f17a5099be1a9cee8f,gfs-ml-v1:30e504d3fa915c28313a72a3c8f0d5412a78763b1207789a749d094d1a620668,2,2026-02-09T17:00:00+00:00,2026-02-09T22:00:00+05:00,23,0.0727205338109367,2.7440535626337392,0.9608583445456134,True
2026-02-08,2026-02-08T18:00:00+00:00,2026-02-08T23:00:00+05:00,2026-02-08T12:00:00+00:00,2026-02-08T16:02:14+00:00,cd8d6e703363c182e1814c6149ebfe19fa8e566bbacf80f17a5099be1a9cee8f,gfs-ml-v1:30e504d3fa915c28313a72a3c8f0d5412a78763b1207789a749d094d1a620668,2,2026-02-09T18:00:00+00:00,2026-02-09T23:00:00+05:00,24,0.033997761915100115,1.7145573039063502,1.0692450845456278,True
2026-02-09,2026-02-09T18:00:00+00:00,2026-02-09T23:00:00+05:00,2026-02-09T12:00:00+00:00,2026-02-09T16:02:12+00:00,b005a23028e6bc7e8be86fa5458741f1317d51521e82b1d8012cd85994bc6a9f,gfs-ml-v1:30e504d3fa915c28313a72a3c8f0d5412a78763b1207789a749d094d1a620668,1,2026-02-09T19:00:00+00:00,2026-02-10T00:00:00+05:00,1,0.010993821509174351,0.29793681031491975,1.4889070438360363,True
2026-02-09,2026-02-09T18:00:00+00:00,2026-02-09T23:00:00+05:00,2026-02-09T12:00:00+00:00,2026-02-09T16:02:12+00:00,b005a23028e6bc7e8be86fa5458741f1317d51521e82b1d8012cd85994bc6a9f,gfs-ml-v1:30e504d3fa915c28313a72a3c8f0d5412a78763b1207789a749d094d1a620668,1,2026-02-09T20:00:00+00:00,2026-02-10T01:00:00+05:00,2,0.012743367893905686,0.4975408205078977,1.6876130015400577,True
2026-02-09,2026-02-09T18:00:00+00:00,2026-02-09T23:00:00+05:00,2026-02-09T12:00:00+00:00,2026-02-09T16:02:12+00:00,b005a23028e6bc7e8be86fa5458741f1317d51521e82b1d8012cd85994bc6a9f,gfs-ml-v1:30e504d3fa915c28313a72a3c8f0d5412a78763b1207789a749d094d1a620668,1,2026-02-09T21:00:00+00:00,2026-02-10T02:00:00+05:00,3,0.014099980173443782,0.6417118531550884,1.067816041548042,True
2026-02-09,2026-02-09T18:00:00+00:00,2026-02-09T23:00:00+05:00,2026-02-09T12:00:00+00:00,2026-02-09T16:02:12+00:00,b005a23028e6bc7e8be86fa5458741f1317d51521e82b1d8012cd85994bc6a9f,gfs-ml-v1:30e504d3fa915c28313a72a3c8f0d5412a78763b1207789a749d094d1a620668,1,2026-02-09T22:00:00+00:00,2026-02-10T03:00:00+05:00,4,0.010911798126929112,0.25738042877942013,0.9039774928980364,True
2026-02-09,2026-02-09T18:00:00+00:00,2026-02-09T23:00:00+05:00,2026-02-09T12:00:00+00:00,2026-02-09T16:02:12+00:00,b005a23028e6bc7e8be86fa5458741f1317d51521e82b1d8012cd85994bc6a9f,gfs-ml-v1:30e504d3fa915c28313a72a3c8f0d5412a78763b1207789a749d094d1a620668,1,2026-02-09T23:00:00+00:00,2026-02-10T04:00:00+05:00,5,0.046251099175070934,2.0792501367397884,1.622528432998024,True
2026-02-09,2026-02-09T18:00:00+00:00,2026-02-09T23:00:00+05:00,2026-02-09T12:00:00+00:00,2026-02-09T16:02:12+00:00,b005a23028e6bc7e8be86fa5458741f1317d51521e82b1d8012cd85994bc6a9f,gfs-ml-v1:30e504d3fa915c28313a72a3c8f0d5412a78763b1207789a749d094d1a620668,1,2026-02-10T00:00:00+00:00,2026-02-10T05:00:00+05:00,6,0.0968387899543792,3.2244071363116245,2.0797794177980222,True
2026-02-09,2026-02-09T18:00:00+00:00,2026-02-09T23:00:00+05:00,2026-02-09T12:00:00+00:00,2026-02-09T16:02:12+00:00,b005a23028e6bc7e8be86fa5458741f1317d51521e82b1d8012cd85994bc6a9f,gfs-ml-v1:30e504d3fa915c28313a72a3c8f0d5412a78763b1207789a749d094d1a620668,1,2026-02-10T01:00:00+00:00,2026-02-10T06:00:00+05:00,7,0.18379689848283723,4.412974723625664,1.0121838896220083,True
2026-02-09,2026-02-09T18:00:00+00:00,2026-02-09T23:00:00+05:00,2026-02-09T12:00:00+00:00,2026-02-09T16:02:12+00:00,b005a23028e6bc7e8be86fa5458741f1317d51521e82b1d8012cd85994bc6a9f,gfs-ml-v1:30e504d3fa915c28313a72a3c8f0d5412a78763b1207789a749d094d1a620668,1,2026-02-10T02:00:00+00:00,2026-02-10T07:00:00+05:00,8,0.2597641825946916,5.094534633646544,-0.7911285391459728,True
2026-02-09,2026-02-09T18:00:00+00:00,2026-02-09T23:00:00+05:00,2026-02-09T12:00:00+00:00,2026-02-09T16:02:12+00:00,b005a23028e6bc7e8be86fa5458741f1317d51521e82b1d8012cd85994bc6a9f,gfs-ml-v1:30e504d3fa915c28313a72a3c8f0d5412a78763b1207789a749d094d1a620668,1,2026-02-10T03:00:00+00:00,2026-02-10T08:00:00+05:00,9,0.12483267373453859,3.6706677341810603,-0.22889394305195765,True
2026-02-09,2026-02-09T18:00:00+00:00,2026-02-09T23:00:00+05:00,2026-02-09T12:00:00+00:00,2026-02-09T16:02:12+00:00,b005a23028e6bc7e8be86fa5458741f1317d51521e82b1d8012cd85994bc6a9f,gfs-ml-v1:30e504d3fa915c28313a72a3c8f0d5412a78763b1207789a749d094d1a620668,1,2026-02-10T04:00:00+00:00,2026-02-10T09:00:00+05:00,10,0.15777711130002547,4.114655720986495,1.0542258787360197,True
2026-02-09,2026-02-09T18:00:00+00:00,2026-02-09T23:00:00+05:00,2026-02-09T12:00:00+00:00,2026-02-09T16:02:12+00:00,b005a23028e6bc7e8be86fa5458741f1317d51521e82b1d8012cd85994bc6a9f,gfs-ml-v1:30e504d3fa915c28313a72a3c8f0d5412a78763b1207789a749d094d1a620668,1,2026-02-10T05:00:00+00:00,2026-02-10T10:00:00+05:00,11,0.30005214394253404,5.405579251744982,2.573899685133995,True
2026-02-09,2026-02-09T18:00:00+00:00,2026-02-09T23:00:00+05:00,2026-02-09T12:00:00+00:00,2026-02-09T16:02:12+00:00,b005a23028e6bc7e8be86fa5458741f1317d51521e82b1d8012cd85994bc6a9f,gfs-ml-v1:30e504d3fa915c28313a72a3c8f0d5412a78763b1207789a749d094d1a620668,1,2026-02-10T06:00:00+00:00,2026-02-10T11:00:00+05:00,12,0.24361060413012123,4.958816110501361,3.844105185972012,True
2026-02-09,2026-02-09T18:00:00+00:00,2026-02-09T23:00:00+05:00,2026-02-09T12:00:00+00:00,2026-02-09T16:02:12+00:00,b005a23028e6bc7e8be86fa5458741f1317d51521e82b1d8012cd85994bc6a9f,gfs-ml-v1:30e504d3fa915c28313a72a3c8f0d5412a78763b1207789a749d094d1a620668,1,2026-02-10T07:00:00+00:00,2026-02-10T12:00:00+05:00,13,0.11521878132355699,3.533727935707982,4.6210217494920585,True
2026-02-09,2026-02-09T18:00:00+00:00,2026-02-09T23:00:00+05:00,2026-02-09T12:00:00+00:00,2026-02-09T16:02:12+00:00,b005a23028e6bc7e8be86fa5458741f1317d51521e82b1d8012cd85994bc6a9f,gfs-ml-v1:30e504d3fa915c28313a72a3c8f0d5412a78763b1207789a749d094d1a620668,1,2026-02-10T08:00:00+00:00,2026-02-10T13:00:00+05:00,14,0.010696865842425518,0.15110736985383327,4.5305763281940585,True
2026-02-09,2026-02-09T18:00:00+00:00,2026-02-09T23:00:00+05:00,2026-02-09T12:00:00+00:00,2026-02-09T16:02:12+00:00,b005a23028e6bc7e8be86fa5458741f1317d51521e82b1d8012cd85994bc6a9f,gfs-ml-v1:30e504d3fa915c28313a72a3c8f0d5412a78763b1207789a749d094d1a620668,1,2026-02-10T09:00:00+00:00,2026-02-10T14:00:00+05:00,15,0.040558379544400704,1.9129935236219804,4.991891724890024,True
2026-02-09,2026-02-09T18:00:00+00:00,2026-02-09T23:00:00+05:00,2026-02-09T12:00:00+00:00,2026-02-09T16:02:12+00:00,b005a23028e6bc7e8be86fa5458741f1317d51521e82b1d8012cd85994bc6a9f,gfs-ml-v1:30e504d3fa915c28313a72a3c8f0d5412a78763b1207789a749d094d1a620668,1,2026-02-10T10:00:00+00:00,2026-02-10T15:00:00+05:00,16,0.028998369378194087,1.5054302316361605,5.622311475376023,True
2026-02-09,2026-02-09T18:00:00+00:00,2026-02-09T23:00:00+05:00,2026-02-09T12:00:00+00:00,2026-02-09T16:02:12+00:00,b005a23028e6bc7e8be86fa5458741f1317d51521e82b1d8012cd85994bc6a9f,gfs-ml-v1:30e504d3fa915c28313a72a3c8f0d5412a78763b1207789a749d094d1a620668,1,2026-02-10T11:00:00+00:00,2026-02-10T16:00:00+05:00,17,0.01643493590451739,0.8683425997496962,5.237441190471998,True
2026-02-09,2026-02-09T18:00:00+00:00,2026-02-09T23:00:00+05:00,2026-02-09T12:00:00+00:00,2026-02-09T16:02:12+00:00,b005a23028e6bc7e8be86fa5458741f1317d51521e82b1d8012cd85994bc6a9f,gfs-ml-v1:30e504d3fa915c28313a72a3c8f0d5412a78763b1207789a749d094d1a620668,1,2026-02-10T12:00:00+00:00,2026-02-10T17:00:00+05:00,18,0.013768355764203153,0.6064691871020327,3.4815100574340363,True
2026-02-09,2026-02-09T18:00:00+00:00,2026-02-09T23:00:00+05:00,2026-02-09T12:00:00+00:00,2026-02-09T16:02:12+00:00,b005a23028e6bc7e8be86fa5458741f1317d51521e82b1d8012cd85994bc6a9f,gfs-ml-v1:30e504d3fa915c28313a72a3c8f0d5412a78763b1207789a749d094d1a620668,1,2026-02-10T13:00:00+00:00,2026-02-10T18:00:00+05:00,19,0.07815154549143588,2.8811500101479184,3.33851173399205,True
2026-02-09,2026-02-09T18:00:00+00:00,2026-02-09T23:00:00+05:00,2026-02-09T12:00:00+00:00,2026-02-09T16:02:12+00:00,b005a23028e6bc7e8be86fa5458741f1317d51521e82b1d8012cd85994bc6a9f,gfs-ml-v1:30e504d3fa915c28313a72a3c8f0d5412a78763b1207789a749d094d1a620668,1,2026-02-10T14:00:00+00:00,2026-02-10T19:00:00+05:00,20,0.16469873498206025,4.194012706459161,3.0227930388880395,True
2026-02-09,2026-02-09T18:00:00+00:00,2026-02-09T23:00:00+05:00,2026-02-09T12:00:00+00:00,2026-02-09T16:02:12+00:00,b005a23028e6bc7e8be86fa5458741f1317d51521e82b1d8012cd85994bc6a9f,gfs-ml-v1:30e504d3fa915c28313a72a3c8f0d5412a78763b1207789a749d094d1a620668,1,2026-02-10T15:00:00+00:00,2026-02-10T20:00:00+05:00,21,0.3003570137639962,5.407933009890441,2.6245347836320434,True
2026-02-09,2026-02-09T18:00:00+00:00,2026-02-09T23:00:00+05:00,2026-02-09T12:00:00+00:00,2026-02-09T16:02:12+00:00,b005a23028e6bc7e8be86fa5458741f1317d51521e82b1d8012cd85994bc6a9f,gfs-ml-v1:30e504d3fa915c28313a72a3c8f0d5412a78763b1207789a749d094d1a620668,1,2026-02-10T16:00:00+00:00,2026-02-10T21:00:00+05:00,22,0.5129994679463791,6.923528225395789,1.9697538362060527,True
2026-02-09,2026-02-09T18:00:00+00:00,2026-02-09T23:00:00+05:00,2026-02-09T12:00:00+00:00,2026-02-09T16:02:12+00:00,b005a23028e6bc7e8be86fa5458741f1317d51521e82b1d8012cd85994bc6a9f,gfs-ml-v1:30e504d3fa915c28313a72a3c8f0d5412a78763b1207789a749d094d1a620668,1,2026-02-10T17:00:00+00:00,2026-02-10T22:00:00+05:00,23,0.6508311305940866,7.890150941706119,1.6367089947000295,True
2026-02-09,2026-02-09T18:00:00+00:00,2026-02-09T23:00:00+05:00,2026-02-09T12:00:00+00:00,2026-02-09T16:02:12+00:00,b005a23028e6bc7e8be86fa5458741f1317d51521e82b1d8012cd85994bc6a9f,gfs-ml-v1:30e504d3fa915c28313a72a3c8f0d5412a78763b1207789a749d094d1a620668,1,2026-02-10T18:00:00+00:00,2026-02-10T23:00:00+05:00,24,0.7337146385694181,8.522973282594082,1.1513589005940617,True
2026-02-09,2026-02-09T18:00:00+00:00,2026-02-09T23:00:00+05:00,2026-02-09T12:00:00+00:00,2026-02-09T16:02:12+00:00,b005a23028e6bc7e8be86fa5458741f1317d51521e82b1d8012cd85994bc6a9f,gfs-ml-v1:30e504d3fa915c28313a72a3c8f0d5412a78763b1207789a749d094d1a620668,2,2026-02-09T19:00:00+00:00,2026-02-10T00:00:00+05:00,1,0.010110825913160568,0.25219752304748944,1.481884303980678,True
2026-02-09,2026-02-09T18:00:00+00:00,2026-02-09T23:00:00+05:00,2026-02-09T12:00:00+00:00,2026-02-09T16:02:12+00:00,b005a23028e6bc7e8be86fa5458741f1317d51521e82b1d8012cd85994bc6a9f,gfs-ml-v1:30e504d3fa915c28313a72a3c8f0d5412a78763b1207789a749d094d1a620668,2,2026-02-09T20:00:00+00:00,2026-02-10T01:00:00+05:00,2,0.01175547961502236,0.46257224552118703,1.6683041542696628,True
2026-02-09,2026-02-09T18:00:00+00:00,2026-02-09T23:00:00+05:00,2026-02-09T12:00:00+00:00,2026-02-09T16:02:12+00:00,b005a23028e6bc7e8be86fa5458741f1317d51521e82b1d8012cd85994bc6a9f,gfs-ml-v1:30e504d3fa915c28313a72a3c8f0d5412a78763b1207789a749d094d1a620668,2,2026-02-09T21:00:00+00:00,2026-02-10T02:00:00+05:00,3,0.013542823935372613,0.6706367204893822,1.0607326009515532,True
2026-02-09,2026-02-09T18:00:00+00:00,2026-02-09T23:00:00+05:00,2026-02-09T12:00:00+00:00,2026-02-09T16:02:12+00:00,b005a23028e6bc7e8be86fa5458741f1317d51521e82b1d8012cd85994bc6a9f,gfs-ml-v1:30e504d3fa915c28313a72a3c8f0d5412a78763b1207789a749d094d1a620668,2,2026-02-09T22:00:00+00:00,2026-02-10T03:00:00+05:00,4,0.010117072778922405,0.2600252427020526,0.8889071269255169,True
2026-02-09,2026-02-09T18:00:00+00:00,2026-02-09T23:00:00+05:00,2026-02-09T12:00:00+00:00,2026-02-09T16:02:12+00:00,b005a23028e6bc7e8be86fa5458741f1317d51521e82b1d8012cd85994bc6a9f,gfs-ml-v1:30e504d3fa915c28313a72a3c8f0d5412a78763b1207789a749d094d1a620668,2,2026-02-09T23:00:00+00:00,2026-02-10T04:00:00+05:00,5,0.045020628733369636,2.0655784868359697,1.5952583416495258,True
2026-02-09,2026-02-09T18:00:00+00:00,2026-02-09T23:00:00+05:00,2026-02-09T12:00:00+00:00,2026-02-09T16:02:12+00:00,b005a23028e6bc7e8be86fa5458741f1317d51521e82b1d8012cd85994bc6a9f,gfs-ml-v1:30e504d3fa915c28313a72a3c8f0d5412a78763b1207789a749d094d1a620668,2,2026-02-10T00:00:00+00:00,2026-02-10T05:00:00+05:00,6,0.09523402140673842,3.2076210886842174,2.0568390172015825,True
2026-02-09,2026-02-09T18:00:00+00:00,2026-02-09T23:00:00+05:00,2026-02-09T12:00:00+00:00,2026-02-09T16:02:12+00:00,b005a23028e6bc7e8be86fa5458741f1317d51521e82b1d8012cd85994bc6a9f,gfs-ml-v1:30e504d3fa915c28313a72a3c8f0d5412a78763b1207789a749d094d1a620668,2,2026-02-10T01:00:00+00:00,2026-02-10T06:00:00+05:00,7,0.1804121685894456,4.35865635441604,0.9906692922793354,True
2026-02-09,2026-02-09T18:00:00+00:00,2026-02-09T23:00:00+05:00,2026-02-09T12:00:00+00:00,2026-02-09T16:02:12+00:00,b005a23028e6bc7e8be86fa5458741f1317d51521e82b1d8012cd85994bc6a9f,gfs-ml-v1:30e504d3fa915c28313a72a3c8f0d5412a78763b1207789a749d094d1a620668,2,2026-02-10T02:00:00+00:00,2026-02-10T07:00:00+05:00,8,0.25023106622518876,5.005962807730657,-0.798856934304979,True
2026-02-09,2026-02-09T18:00:00+00:00,2026-02-09T23:00:00+05:00,2026-02-09T12:00:00+00:00,2026-02-09T16:02:12+00:00,b005a23028e6bc7e8be86fa5458741f1317d51521e82b1d8012cd85994bc6a9f,gfs-ml-v1:30e504d3fa915c28313a72a3c8f0d5412a78763b1207789a749d094d1a620668,2,2026-02-10T03:00:00+00:00,2026-02-10T08:00:00+05:00,9,0.11866441936800248,3.592638611656278,-0.2321586851523989,True
2026-02-09,2026-02-09T18:00:00+00:00,2026-02-09T23:00:00+05:00,2026-02-09T12:00:00+00:00,2026-02-09T16:02:12+00:00,b005a23028e6bc7e8be86fa5458741f1317d51521e82b1d8012cd85994bc6a9f,gfs-ml-v1:30e504d3fa915c28313a72a3c8f0d5412a78763b1207789a749d094d1a620668,2,2026-02-10T04:00:00+00:00,2026-02-10T09:00:00+05:00,10,0.15325461423713088,4.046805037365715,1.0606671842567152,True
2026-02-09,2026-02-09T18:00:00+00:00,2026-02-09T23:00:00+05:00,2026-02-09T12:00:00+00:00,2026-02-09T16:02:12+00:00,b005a23028e6bc7e8be86fa5458741f1317d51521e82b1d8012cd85994bc6a9f,gfs-ml-v1:30e504d3fa915c28313a72a3c8f0d5412a78763b1207789a749d094d1a620668,2,2026-02-10T05:00:00+00:00,2026-02-10T10:00:00+05:00,11,0.29209718885013547,5.325820694115884,2.5718973709222155,True
2026-02-09,2026-02-09T18:00:00+00:00,2026-02-09T23:00:00+05:00,2026-02-09T12:00:00+00:00,2026-02-09T16:02:12+00:00,b005a23028e6bc7e8be86fa5458741f1317d51521e82b1d8012cd85994bc6a9f,gfs-ml-v1:30e504d3fa915c28313a72a3c8f0d5412a78763b1207789a749d094d1a620668,2,2026-02-10T06:00:00+00:00,2026-02-10T11:00:00+05:00,12,0.23764847736207703,4.8986738230308635,3.837109583253323,True
2026-02-09,2026-02-09T18:00:00+00:00,2026-02-09T23:00:00+05:00,2026-02-09T12:00:00+00:00,2026-02-09T16:02:12+00:00,b005a23028e6bc7e8be86fa5458741f1317d51521e82b1d8012cd85994bc6a9f,gfs-ml-v1:30e504d3fa915c28313a72a3c8f0d5412a78763b1207789a749d094d1a620668,2,2026-02-10T07:00:00+00:00,2026-02-10T12:00:00+05:00,13,0.11207028928143711,3.5012081591409143,4.6121005696981,True
2026-02-09,2026-02-09T18:00:00+00:00,2026-02-09T23:00:00+05:00,2026-02-09T12:00:00+00:00,2026-02-09T16:02:12+00:00,b005a23028e6bc7e8be86fa5458741f1317d51521e82b1d8012cd85994bc6a9f,gfs-ml-v1:30e504d3fa915c28313a72a3c8f0d5412a78763b1207789a749d094d1a620668,2,2026-02-10T08:00:00+00:00,2026-02-10T13:00:00+05:00,14,0.01003443923311664,0.15648016020938094,4.498926562756594,True
2026-02-09,2026-02-09T18:00:00+00:00,2026-02-09T23:00:00+05:00,2026-02-09T12:00:00+00:00,2026-02-09T16:02:12+00:00,b005a23028e6bc7e8be86fa5458741f1317d51521e82b1d8012cd85994bc6a9f,gfs-ml-v1:30e504d3fa915c28313a72a3c8f0d5412a78763b1207789a749d094d1a620668,2,2026-02-10T09:00:00+00:00,2026-02-10T14:00:00+05:00,15,0.03947609564147532,1.9061524315308283,4.948197139123636,True
2026-02-09,2026-02-09T18:00:00+00:00,2026-02-09T23:00:00+05:00,2026-02-09T12:00:00+00:00,2026-02-09T16:02:12+00:00,b005a23028e6bc7e8be86fa5458741f1317d51521e82b1d8012cd85994bc6a9f,gfs-ml-v1:30e504d3fa915c28313a72a3c8f0d5412a78763b1207789a749d094d1a620668,2,2026-02-10T10:00:00+00:00,2026-02-10T15:00:00+05:00,16,0.029306958922470698,1.5281543000772966,5.582760688250289,True
2026-02-09,2026-02-09T18:00:00+00:00,2026-02-09T23:00:00+05:00,2026-02-09T12:00:00+00:00,2026-02-09T16:02:12+00:00,b005a23028e6bc7e8be86fa5458741f1317d51521e82b1d8012cd85994bc6a9f,gfs-ml-v1:30e504d3fa915c28313a72a3c8f0d5412a78763b1207789a749d094d1a620668,2,2026-02-10T11:00:00+00:00,2026-02-10T16:00:00+05:00,17,0.016293512811128397,0.8885059574082389,5.194802294633291,True
2026-02-09,2026-02-09T18:00:00+00:00,2026-02-09T23:00:00+05:00,2026-02-09T12:00:00+00:00,2026-02-09T16:02:12+00:00,b005a23028e6bc7e8be86fa5458741f1317d51521e82b1d8012cd85994bc6a9f,gfs-ml-v1:30e504d3fa915c28313a72a3c8f0d5412a78763b1207789a749d094d1a620668,2,2026-02-10T12:00:00+00:00,2026-02-10T17:00:00+05:00,18,0.01273284541918407,0.5763472471140108,3.442311353974162,True
2026-02-09,2026-02-09T18:00:00+00:00,2026-02-09T23:00:00+05:00,2026-02-09T12:00:00+00:00,2026-02-09T16:02:12+00:00,b005a23028e6bc7e8be86fa5458741f1317d51521e82b1d8012cd85994bc6a9f,gfs-ml-v1:30e504d3fa915c28313a72a3c8f0d5412a78763b1207789a749d094d1a620668,2,2026-02-10T13:00:00+00:00,2026-02-10T18:00:00+05:00,19,0.07755485372130465,2.8504254945430465,3.300222781078105,True
2026-02-09,2026-02-09T18:00:00+00:00,2026-02-09T23:00:00+05:00,2026-02-09T12:00:00+00:00,2026-02-09T16:02:12+00:00,b005a23028e6bc7e8be86fa5458741f1317d51521e82b1d8012cd85994bc6a9f,gfs-ml-v1:30e504d3fa915c28313a72a3c8f0d5412a78763b1207789a749d094d1a620668,2,2026-02-10T14:00:00+00:00,2026-02-10T19:00:00+05:00,20,0.16254158657291257,4.1534477238444625,2.9880391080131403,True
2026-02-09,2026-02-09T18:00:00+00:00,2026-02-09T23:00:00+05:00,2026-02-09T12:00:00+00:00,2026-02-09T16:02:12+00:00,b005a23028e6bc7e8be86fa5458741f1317d51521e82b1d8012cd85994bc6a9f,gfs-ml-v1:30e504d3fa915c28313a72a3c8f0d5412a78763b1207789a749d094d1a620668,2,2026-02-10T15:00:00+00:00,2026-02-10T20:00:00+05:00,21,0.2940970849248276,5.341099934019987,2.5962467911917315,True
2026-02-09,2026-02-09T18:00:00+00:00,2026-02-09T23:00:00+05:00,2026-02-09T12:00:00+00:00,2026-02-09T16:02:12+00:00,b005a23028e6bc7e8be86fa5458741f1317d51521e82b1d8012cd85994bc6a9f,gfs-ml-v1:30e504d3fa915c28313a72a3c8f0d5412a78763b1207789a749d094d1a620668,2,2026-02-10T16:00:00+00:00,2026-02-10T21:00:00+05:00,22,0.5045464864627603,6.848353504922929,1.9489971538994268,True
2026-02-09,2026-02-09T18:00:00+00:00,2026-02-09T23:00:00+05:00,2026-02-09T12:00:00+00:00,2026-02-09T16:02:12+00:00,b005a23028e6bc7e8be86fa5458741f1317d51521e82b1d8012cd85994bc6a9f,gfs-ml-v1:30e504d3fa915c28313a72a3c8f0d5412a78763b1207789a749d094d1a620668,2,2026-02-10T17:00:00+00:00,2026-02-10T22:00:00+05:00,23,0.6415665265881986,7.802895426093829,1.618850250828018,True
2026-02-09,2026-02-09T18:00:00+00:00,2026-02-09T23:00:00+05:00,2026-02-09T12:00:00+00:00,2026-02-09T16:02:12+00:00,b005a23028e6bc7e8be86fa5458741f1317d51521e82b1d8012cd85994bc6a9f,gfs-ml-v1:30e504d3fa915c28313a72a3c8f0d5412a78763b1207789a749d094d1a620668,2,2026-02-10T18:00:00+00:00,2026-02-10T23:00:00+05:00,24,0.7234709728176616,8.420236864403456,1.139908220532618,True
2026-02-10,2026-02-10T18:00:00+00:00,2026-02-10T23:00:00+05:00,2026-02-10T12:00:00+00:00,2026-02-10T16:02:02+00:00,26834a4c5a08a5f23dec9699802def532d6308427e60e052f18a4438059b76d2,gfs-ml-v1:30e504d3fa915c28313a72a3c8f0d5412a78763b1207789a749d094d1a620668,1,2026-02-10T19:00:00+00:00,2026-02-11T00:00:00+05:00,1,0.9590895495150727,11.211962816021753,0.9941352618479868,True
2026-02-10,2026-02-10T18:00:00+00:00,2026-02-10T23:00:00+05:00,2026-02-10T12:00:00+00:00,2026-02-10T16:02:02+00:00,26834a4c5a08a5f23dec9699802def532d6308427e60e052f18a4438059b76d2,gfs-ml-v1:30e504d3fa915c28313a72a3c8f0d5412a78763b1207789a749d094d1a620668,1,2026-02-10T20:00:00+00:00,2026-02-11T01:00:00+05:00,2,0.9480623357436448,10.58017286829007,0.5804841249640162,True
2026-02-10,2026-02-10T18:00:00+00:00,2026-02-10T23:00:00+05:00,2026-02-10T12:00:00+00:00,2026-02-10T16:02:02+00:00,26834a4c5a08a5f23dec9699802def532d6308427e60e052f18a4438059b76d2,gfs-ml-v1:30e504d3fa915c28313a72a3c8f0d5412a78763b1207789a749d094d1a620668,1,2026-02-10T21:00:00+00:00,2026-02-11T02:00:00+05:00,3,0.7847821740649683,8.92095874529233,0.11853084756398857,True
2026-02-10,2026-02-10T18:00:00+00:00,2026-02-10T23:00:00+05:00,2026-02-10T12:00:00+00:00,2026-02-10T16:02:02+00:00,26834a4c5a08a5f23dec9699802def532d6308427e60e052f18a4438059b76d2,gfs-ml-v1:30e504d3fa915c28313a72a3c8f0d5412a78763b1207789a749d094d1a620668,1,2026-02-10T22:00:00+00:00,2026-02-11T03:00:00+05:00,4,0.6175791455620984,7.643830010319746,0.0513676285580118,True
2026-02-10,2026-02-10T18:00:00+00:00,2026-02-10T23:00:00+05:00,2026-02-10T12:00:00+00:00,2026-02-10T16:02:02+00:00,26834a4c5a08a5f23dec9699802def532d6308427e60e052f18a4438059b76d2,gfs-ml-v1:30e504d3fa915c28313a72a3c8f0d5412a78763b1207789a749d094d1a620668,1,2026-02-10T23:00:00+00:00,2026-02-11T04:00:00+05:00,5,0.17776128030272956,4.343775864190335,0.4449951870820428,True
2026-02-10,2026-02-10T18:00:00+00:00,2026-02-10T23:00:00+05:00,2026-02-10T12:00:00+00:00,2026-02-10T16:02:02+00:00,26834a4c5a08a5f23dec9699802def532d6308427e60e052f18a4438059b76d2,gfs-ml-v1:30e504d3fa915c28313a72a3c8f0d5412a78763b1207789a749d094d1a620668,1,2026-02-11T00:00:00+00:00,2026-02-11T05:00:00+05:00,6,0.025100269989688527,1.3644602480776262,0.6900799944260143,True
2026-02-10,2026-02-10T18:00:00+00:00,2026-02-10T23:00:00+05:00,2026-02-10T12:00:00+00:00,2026-02-10T16:02:02+00:00,26834a4c5a08a5f23dec9699802def532d6308427e60e052f18a4438059b76d2,gfs-ml-v1:30e504d3fa915c28313a72a3c8f0d5412a78763b1207789a749d094d1a620668,1,2026-02-11T01:00:00+00:00,2026-02-11T06:00:00+05:00,7,0.04087883428542882,1.9223524457817578,0.258905737029977,True
2026-02-10,2026-02-10T18:00:00+00:00,2026-02-10T23:00:00+05:00,2026-02-10T12:00:00+00:00,2026-02-10T16:02:02+00:00,26834a4c5a08a5f23dec9699802def532d6308427e60e052f18a4438059b76d2,gfs-ml-v1:30e504d3fa915c28313a72a3c8f0d5412a78763b1207789a749d094d1a620668,1,2026-02-11T02:00:00+00:00,2026-02-11T07:00:00+05:00,8,0.07983213282831178,2.919328380518841,1.4168792664260081,True
2026-02-10,2026-02-10T18:00:00+00:00,2026-02-10T23:00:00+05:00,2026-02-10T12:00:00+00:00,2026-02-10T16:02:02+00:00,26834a4c5a08a5f23dec9699802def532d6308427e60e052f18a4438059b76d2,gfs-ml-v1:30e504d3fa915c28313a72a3c8f0d5412a78763b1207789a749d094d1a620668,1,2026-02-11T03:00:00+00:00,2026-02-11T08:00:00+05:00,9,0.16130605020309668,4.155115296099169,2.775080370250066,True
2026-02-10,2026-02-10T18:00:00+00:00,2026-02-10T23:00:00+05:00,2026-02-10T12:00:00+00:00,2026-02-10T16:02:02+00:00,26834a4c5a08a5f23dec9699802def532d6308427e60e052f18a4438059b76d2,gfs-ml-v1:30e504d3fa915c28313a72a3c8f0d5412a78763b1207789a749d094d1a620668,1,2026-02-11T04:00:00+00:00,2026-02-11T09:00:00+05:00,10,0.2329981470608841,4.867519369929514,3.8491685718700523,True
2026-02-10,2026-02-10T18:00:00+00:00,2026-02-10T23:00:00+05:00,2026-02-10T12:00:00+00:00,2026-02-10T16:02:02+00:00,26834a4c5a08a5f23dec9699802def532d6308427e60e052f18a4438059b76d2,gfs-ml-v1:30e504d3fa915c28313a72a3c8f0d5412a78763b1207789a749d094d1a620668,1,2026-02-11T05:00:00+00:00,2026-02-11T10:00:00+05:00,11,0.37582295712831515,5.961765223186154,4.972133764244063,True
2026-02-10,2026-02-10T18:00:00+00:00,2026-02-10T23:00:00+05:00,2026-02-10T12:00:00+00:00,2026-02-10T16:02:02+00:00,26834a4c5a08a5f23dec9699802def532d6308427e60e052f18a4438059b76d2,gfs-ml-v1:30e504d3fa915c28313a72a3c8f0d5412a78763b1207789a749d094d1a620668,1,2026-02-11T06:00:00+00:00,2026-02-11T11:00:00+05:00,12,0.7570711981384504,8.700217458856018,6.678974188424036,True
2026-02-10,2026-02-10T18:00:00+00:00,2026-02-10T23:00:00+05:00,2026-02-10T12:00:00+00:00,2026-02-10T16:02:02+00:00,26834a4c5a08a5f23dec9699802def532d6308427e60e052f18a4438059b76d2,gfs-ml-v1:30e504d3fa915c28313a72a3c8f0d5412a78763b1207789a749d094d1a620668,1,2026-02-11T07:00:00+00:00,2026-02-11T12:00:00+05:00,13,0.9584279918552202,11.38971602625713,7.336963085642083,True
2026-02-10,2026-02-10T18:00:00+00:00,2026-02-10T23:00:00+05:00,2026-02-10T12:00:00+00:00,2026-02-10T16:02:02+00:00,26834a4c5a08a5f23dec9699802def532d6308427e60e052f18a4438059b76d2,gfs-ml-v1:30e504d3fa915c28313a72a3c8f0d5412a78763b1207789a749d094d1a620668,1,2026-02-11T08:00:00+00:00,2026-02-11T13:00:00+05:00,14,0.9591214726333376,11.443732216042969,7.799803851948013,True
2026-02-10,2026-02-10T18:00:00+00:00,2026-02-10T23:00:00+05:00,2026-02-10T12:00:00+00:00,2026-02-10T16:02:02+00:00,26834a4c5a08a5f23dec9699802def532d6308427e60e052f18a4438059b76d2,gfs-ml-v1:30e504d3fa915c28313a72a3c8f0d5412a78763b1207789a749d094d1a620668,1,2026-02-11T09:00:00+00:00,2026-02-11T14:00:00+05:00,15,0.41419262944120483,6.231583299064534,7.276929856588026,True
2026-02-10,2026-02-10T18:00:00+00:00,2026-02-10T23:00:00+05:00,2026-02-10T12:00:00+00:00,2026-02-10T16:02:02+00:00,26834a4c5a08a5f23dec9699802def532d6308427e60e052f18a4438059b76d2,gfs-ml-v1:30e504d3fa915c28313a72a3c8f0d5412a78763b1207789a749d094d1a620668,1,2026-02-11T10:00:00+00:00,2026-02-11T15:00:00+05:00,16,0.0227900093624269,1.2321905562046886,5.731448015700039,True
2026-02-10,2026-02-10T18:00:00+00:00,2026-02-10T23:00:00+05:00,2026-02-10T12:00:00+00:00,2026-02-10T16:02:02+00:00,26834a4c5a08a5f23dec9699802def532d6308427e60e052f18a4438059b76d2,gfs-ml-v1:30e504d3fa915c28313a72a3c8f0d5412a78763b1207789a749d094d1a620668,1,2026-02-11T11:00:00+00:00,2026-02-11T16:00:00+05:00,17,0.031921913009330324,1.60927182249819,5.570298069490036,True
2026-02-10,2026-02-10T18:00:00+00:00,2026-02-10T23:00:00+05:00,2026-02-10T12:00:00+00:00,2026-02-10T16:02:02+00:00,26834a4c5a08a5f23dec9699802def532d6308427e60e052f18a4438059b76d2,gfs-ml-v1:30e504d3fa915c28313a72a3c8f0d5412a78763b1207789a749d094d1a620668,1,2026-02-11T12:00:00+00:00,2026-02-11T17:00:00+05:00,18,0.34091165525734557,5.711808146199106,4.112983024204084,True
2026-02-10,2026-02-10T18:00:00+00:00,2026-02-10T23:00:00+05:00,2026-02-10T12:00:00+00:00,2026-02-10T16:02:02+00:00,26834a4c5a08a5f23dec9699802def532d6308427e60e052f18a4438059b76d2,gfs-ml-v1:30e504d3fa915c28313a72a3c8f0d5412a78763b1207789a749d094d1a620668,1,2026-02-11T13:00:00+00:00,2026-02-11T18:00:00+05:00,19,0.6428265547905491,7.828717862342376,3.453831431573974,True
2026-02-10,2026-02-10T18:00:00+00:00,2026-02-10T23:00:00+05:00,2026-02-10T12:00:00+00:00,2026-02-10T16:02:02+00:00,26834a4c5a08a5f23dec9699802def532d6308427e60e052f18a4438059b76d2,gfs-ml-v1:30e504d3fa915c28313a72a3c8f0d5412a78763b1207789a749d094d1a620668,1,2026-02-11T14:00:00+00:00,2026-02-11T19:00:00+05:00,20,0.9467910465953187,10.5499239969418,2.8707623942780742,True
2026-02-10,2026-02-10T18:00:00+00:00,2026-02-10T23:00:00+05:00,2026-02-10T12:00:00+00:00,2026-02-10T16:02:02+00:00,26834a4c5a08a5f23dec9699802def532d6308427e60e052f18a4438059b76d2,gfs-ml-v1:30e504d3fa915c28313a72a3c8f0d5412a78763b1207789a749d094d1a620668,1,2026-02-11T15:00:00+00:00,2026-02-11T20:00:00+05:00,21,0.9480799839934628,10.580592788210701,2.1403753057500694,True
2026-02-10,2026-02-10T18:00:00+00:00,2026-02-10T23:00:00+05:00,2026-02-10T12:00:00+00:00,2026-02-10T16:02:02+00:00,26834a4c5a08a5f23dec9699802def532d6308427e60e052f18a4438059b76d2,gfs-ml-v1:30e504d3fa915c28313a72a3c8f0d5412a78763b1207789a749d094d1a620668,1,2026-02-11T16:00:00+00:00,2026-02-11T21:00:00+05:00,22,0.7909834370761566,8.971311474984358,1.8444105085320643,True
2026-02-10,2026-02-10T18:00:00+00:00,2026-02-10T23:00:00+05:00,2026-02-10T12:00:00+00:00,2026-02-10T16:02:02+00:00,26834a4c5a08a5f23dec9699802def532d6308427e60e052f18a4438059b76d2,gfs-ml-v1:30e504d3fa915c28313a72a3c8f0d5412a78763b1207789a749d094d1a620668,1,2026-02-11T17:00:00+00:00,2026-02-11T22:00:00+05:00,23,0.5333925773355603,7.071253993974342,1.8661821081240078,True
2026-02-10,2026-02-10T18:00:00+00:00,2026-02-10T23:00:00+05:00,2026-02-10T12:00:00+00:00,2026-02-10T16:02:02+00:00,26834a4c5a08a5f23dec9699802def532d6308427e60e052f18a4438059b76d2,gfs-ml-v1:30e504d3fa915c28313a72a3c8f0d5412a78763b1207789a749d094d1a620668,1,2026-02-11T18:00:00+00:00,2026-02-11T23:00:00+05:00,24,0.603730482200225,7.550935683604897,1.329417365064046,True
2026-02-10,2026-02-10T18:00:00+00:00,2026-02-10T23:00:00+05:00,2026-02-10T12:00:00+00:00,2026-02-10T16:02:02+00:00,26834a4c5a08a5f23dec9699802def532d6308427e60e052f18a4438059b76d2,gfs-ml-v1:30e504d3fa915c28313a72a3c8f0d5412a78763b1207789a749d094d1a620668,2,2026-02-10T19:00:00+00:00,2026-02-11T00:00:00+05:00,1,0.9558262744622875,11.077251056101469,0.9849592051235732,True
2026-02-10,2026-02-10T18:00:00+00:00,2026-02-10T23:00:00+05:00,2026-02-10T12:00:00+00:00,2026-02-10T16:02:02+00:00,26834a4c5a08a5f23dec9699802def532d6308427e60e052f18a4438059b76d2,gfs-ml-v1:30e504d3fa915c28313a72a3c8f0d5412a78763b1207789a749d094d1a620668,2,2026-02-10T20:00:00+00:00,2026-02-11T01:00:00+05:00,2,0.9395957876687077,10.459839621449373,0.5681534893313938,True
2026-02-10,2026-02-10T18:00:00+00:00,2026-02-10T23:00:00+05:00,2026-02-10T12:00:00+00:00,2026-02-10T16:02:02+00:00,26834a4c5a08a5f23dec9699802def532d6308427e60e052f18a4438059b76d2,gfs-ml-v1:30e504d3fa915c28313a72a3c8f0d5412a78763b1207789a749d094d1a620668,2,2026-02-10T21:00:00+00:00,2026-02-11T02:00:00+05:00,3,0.7837328002545076,8.841434890349813,0.11060496655539964,True
2026-02-10,2026-02-10T18:00:00+00:00,2026-02-10T23:00:00+05:00,2026-02-10T12:00:00+00:00,2026-02-10T16:02:02+00:00,26834a4c5a08a5f23dec9699802def532d6308427e60e052f18a4438059b76d2,gfs-ml-v1:30e504d3fa915c28313a72a3c8f0d5412a78763b1207789a749d094d1a620668,2,2026-02-10T22:00:00+00:00,2026-02-11T03:00:00+05:00,4,0.615443947817006,7.570149936803675,0.03659024598397309,True
2026-02-10,2026-02-10T18:00:00+00:00,2026-02-10T23:00:00+05:00,2026-02-10T12:00:00+00:00,2026-02-10T16:02:02+00:00,26834a4c5a08a5f23dec9699802def532d6308427e60e052f18a4438059b76d2,gfs-ml-v1:30e504d3fa915c28313a72a3c8f0d5412a78763b1207789a749d094d1a620668,2,2026-02-10T23:00:00+00:00,2026-02-11T04:00:00+05:00,5,0.17370643474468106,4.281654136022228,0.4441370907697433,True
2026-02-10,2026-02-10T18:00:00+00:00,2026-02-10T23:00:00+05:00,2026-02-10T12:00:00+00:00,2026-02-10T16:02:02+00:00,26834a4c5a08a5f23dec9699802def532d6308427e60e052f18a4438059b76d2,gfs-ml-v1:30e504d3fa915c28313a72a3c8f0d5412a78763b1207789a749d094d1a620668,2,2026-02-11T00:00:00+00:00,2026-02-11T05:00:00+05:00,6,0.024428493317269182,1.3342939643703509,0.6789473111722373,True
2026-02-10,2026-02-10T18:00:00+00:00,2026-02-10T23:00:00+05:00,2026-02-10T12:00:00+00:00,2026-02-10T16:02:02+00:00,26834a4c5a08a5f23dec9699802def532d6308427e60e052f18a4438059b76d2,gfs-ml-v1:30e504d3fa915c28313a72a3c8f0d5412a78763b1207789a749d094d1a620668,2,2026-02-11T01:00:00+00:00,2026-02-11T06:00:00+05:00,7,0.03767286623879644,1.8543028446107648,0.24145787173728195,True
2026-02-10,2026-02-10T18:00:00+00:00,2026-02-10T23:00:00+05:00,2026-02-10T12:00:00+00:00,2026-02-10T16:02:02+00:00,26834a4c5a08a5f23dec9699802def532d6308427e60e052f18a4438059b76d2,gfs-ml-v1:30e504d3fa915c28313a72a3c8f0d5412a78763b1207789a749d094d1a620668,2,2026-02-11T02:00:00+00:00,2026-02-11T07:00:00+05:00,8,0.08001071406717156,2.9023808494766463,1.4052434500522963,True
2026-02-10,2026-02-10T18:00:00+00:00,2026-02-10T23:00:00+05:00,2026-02-10T12:00:00+00:00,2026-02-10T16:02:02+00:00,26834a4c5a08a5f23dec9699802def532d6308427e60e052f18a4438059b76d2,gfs-ml-v1:30e504d3fa915c28313a72a3c8f0d5412a78763b1207789a749d094d1a620668,2,2026-02-11T03:00:00+00:00,2026-02-11T08:00:00+05:00,9,0.15937518303795725,4.117087781418187,2.769853624010011,True
2026-02-10,2026-02-10T18:00:00+00:00,2026-02-10T23:00:00+05:00,2026-02-10T12:00:00+00:00,2026-02-10T16:02:02+00:00,26834a4c5a08a5f23dec9699802def532d6308427e60e052f18a4438059b76d2,gfs-ml-v1:30e504d3fa915c28313a72a3c8f0d5412a78763b1207789a749d094d1a620668,2,2026-02-11T04:00:00+00:00,2026-02-11T09:00:00+05:00,10,0.22719002227785967,4.803272419485941,3.8334262162987898,True
2026-02-10,2026-02-10T18:00:00+00:00,2026-02-10T23:00:00+05:00,2026-02-10T12:00:00+00:00,2026-02-10T16:02:02+00:00,26834a4c5a08a5f23dec9699802def532d6308427e60e052f18a4438059b76d2,gfs-ml-v1:30e504d3fa915c28313a72a3c8f0d5412a78763b1207789a749d094d1a620668,2,2026-02-11T05:00:00+00:00,2026-02-11T10:00:00+05:00,11,0.3712458251139866,5.897467836287639,4.953232249558596,True
2026-02-10,2026-02-10T18:00:00+00:00,2026-02-10T23:00:00+05:00,2026-02-10T12:00:00+00:00,2026-02-10T16:02:02+00:00,26834a4c5a08a5f23dec9699802def532d6308427e60e052f18a4438059b76d2,gfs-ml-v1:30e504d3fa915c28313a72a3c8f0d5412a78763b1207789a749d094d1a620668,2,2026-02-11T06:00:00+00:00,2026-02-11T11:00:00+05:00,12,0.7536682461451528,8.618649706396376,6.658155280061806,True
2026-02-10,2026-02-10T18:00:00+00:00,2026-02-10T23:00:00+05:00,2026-02-10T12:00:00+00:00,2026-02-10T16:02:02+00:00,26834a4c5a08a5f23dec9699802def532d6308427e60e052f18a4438059b76d2,gfs-ml-v1:30e504d3fa915c28313a72a3c8f0d5412a78763b1207789a749d094d1a620668,2,2026-02-11T07:00:00+00:00,2026-02-11T12:00:00+05:00,13,0.9579873986967657,11.2771239456919,7.327568351224102,True
2026-02-10,2026-02-10T18:00:00+00:00,2026-02-10T23:00:00+05:00,2026-02-10T12:00:00+00:00,2026-02-10T16:02:02+00:00,26834a4c5a08a5f23dec9699802def532d6308427e60e052f18a4438059b76d2,gfs-ml-v1:30e504d3fa915c28313a72a3c8f0d5412a78763b1207789a749d094d1a620668,2,2026-02-11T08:00:00+00:00,2026-02-11T13:00:00+05:00,14,0.958486912540742,11.321150221785606,7.78981014984754,True
2026-02-10,2026-02-10T18:00:00+00:00,2026-02-10T23:00:00+05:00,2026-02-10T12:00:00+00:00,2026-02-10T16:02:02+00:00,26834a4c5a08a5f23dec9699802def532d6308427e60e052f18a4438059b76d2,gfs-ml-v1:30e504d3fa915c28313a72a3c8f0d5412a78763b1207789a749d094d1a620668,2,2026-02-11T09:00:00+00:00,2026-02-11T14:00:00+05:00,15,0.40357437074316915,6.12766013808492,7.2585697549611154,True
2026-02-10,2026-02-10T18:00:00+00:00,2026-02-10T23:00:00+05:00,2026-02-10T12:00:00+00:00,2026-02-10T16:02:02+00:00,26834a4c5a08a5f23dec9699802def532d6308427e60e052f18a4438059b76d2,gfs-ml-v1:30e504d3fa915c28313a72a3c8f0d5412a78763b1207789a749d094d1a620668,2,2026-02-11T10:00:00+00:00,2026-02-11T15:00:00+05:00,16,0.021465691531517592,1.1765451750236304,5.693873938068009,True
2026-02-10,2026-02-10T18:00:00+00:00,2026-02-10T23:00:00+05:00,2026-02-10T12:00:00+00:00,2026-02-10T16:02:02+00:00,26834a4c5a08a5f23dec9699802def532d6308427e60e052f18a4438059b76d2,gfs-ml-v1:30e504d3fa915c28313a72a3c8f0d5412a78763b1207789a749d094d1a620668,2,2026-02-11T11:00:00+00:00,2026-02-11T16:00:00+05:00,17,0.032585726501285564,1.6584458784080707,5.518062545227622,True
2026-02-10,2026-02-10T18:00:00+00:00,2026-02-10T23:00:00+05:00,2026-02-10T12:00:00+00:00,2026-02-10T16:02:02+00:00,26834a4c5a08a5f23dec9699802def532d6308427e60e052f18a4438059b76d2,gfs-ml-v1:30e504d3fa915c28313a72a3c8f0d5412a78763b1207789a749d094d1a620668,2,2026-02-11T12:00:00+00:00,2026-02-11T17:00:00+05:00,18,0.345573043143596,5.716007575943835,4.067423770548942,True
2026-02-10,2026-02-10T18:00:00+00:00,2026-02-10T23:00:00+05:00,2026-02-10T12:00:00+00:00,2026-02-10T16:02:02+00:00,26834a4c5a08a5f23dec9699802def532d6308427e60e052f18a4438059b76d2,gfs-ml-v1:30e504d3fa915c28313a72a3c8f0d5412a78763b1207789a749d094d1a620668,2,2026-02-11T13:00:00+00:00,2026-02-11T18:00:00+05:00,19,0.6393836927288018,7.7832631097482645,3.419064955467775,True
2026-02-10,2026-02-10T18:00:00+00:00,2026-02-10T23:00:00+05:00,2026-02-10T12:00:00+00:00,2026-02-10T16:02:02+00:00,26834a4c5a08a5f23dec9699802def532d6308427e60e052f18a4438059b76d2,gfs-ml-v1:30e504d3fa915c28313a72a3c8f0d5412a78763b1207789a749d094d1a620668,2,2026-02-11T14:00:00+00:00,2026-02-11T19:00:00+05:00,20,0.9411568044419762,10.491005012957471,2.845417650756758,True
2026-02-10,2026-02-10T18:00:00+00:00,2026-02-10T23:00:00+05:00,2026-02-10T12:00:00+00:00,2026-02-10T16:02:02+00:00,26834a4c5a08a5f23dec9699802def532d6308427e60e052f18a4438059b76d2,gfs-ml-v1:30e504d3fa915c28313a72a3c8f0d5412a78763b1207789a749d094d1a620668,2,2026-02-11T15:00:00+00:00,2026-02-11T20:00:00+05:00,21,0.9422299581190108,10.512430314123906,2.119492652630015,True
2026-02-10,2026-02-10T18:00:00+00:00,2026-02-10T23:00:00+05:00,2026-02-10T12:00:00+00:00,2026-02-10T16:02:02+00:00,26834a4c5a08a5f23dec9699802def532d6308427e60e052f18a4438059b76d2,gfs-ml-v1:30e504d3fa915c28313a72a3c8f0d5412a78763b1207789a749d094d1a620668,2,2026-02-11T16:00:00+00:00,2026-02-11T21:00:00+05:00,22,0.7942787232044349,8.919582578015905,1.8255184014677184,True
2026-02-10,2026-02-10T18:00:00+00:00,2026-02-10T23:00:00+05:00,2026-02-10T12:00:00+00:00,2026-02-10T16:02:02+00:00,26834a4c5a08a5f23dec9699802def532d6308427e60e052f18a4438059b76d2,gfs-ml-v1:30e504d3fa915c28313a72a3c8f0d5412a78763b1207789a749d094d1a620668,2,2026-02-11T17:00:00+00:00,2026-02-11T22:00:00+05:00,23,0.5287250728981608,7.0198895192389585,1.847714695889806,True
2026-02-10,2026-02-10T18:00:00+00:00,2026-02-10T23:00:00+05:00,2026-02-10T12:00:00+00:00,2026-02-10T16:02:02+00:00,26834a4c5a08a5f23dec9699802def532d6308427e60e052f18a4438059b76d2,gfs-ml-v1:30e504d3fa915c28313a72a3c8f0d5412a78763b1207789a749d094d1a620668,2,2026-02-11T18:00:00+00:00,2026-02-11T23:00:00+05:00,24,0.604438156386185,7.5007941425390845,1.3130956440553518,True
2026-02-11,2026-02-11T18:00:00+00:00,2026-02-11T23:00:00+05:00,2026-02-11T12:00:00+00:00,2026-02-11T16:01:35+00:00,27c3694e7b0887bb999c8d42ada0cfa4b0462cc15faff0f9e67ad33b41f3aa39,gfs-ml-v1:30e504d3fa915c28313a72a3c8f0d5412a78763b1207789a749d094d1a620668,1,2026-02-11T19:00:00+00:00,2026-02-12T00:00:00+05:00,1,0.4694754570342363,6.6104774955018435,-0.10629221229197583,True
2026-02-11,2026-02-11T18:00:00+00:00,2026-02-11T23:00:00+05:00,2026-02-11T12:00:00+00:00,2026-02-11T16:01:35+00:00,27c3694e7b0887bb999c8d42ada0cfa4b0462cc15faff0f9e67ad33b41f3aa39,gfs-ml-v1:30e504d3fa915c28313a72a3c8f0d5412a78763b1207789a749d094d1a620668,1,2026-02-11T20:00:00+00:00,2026-02-12T01:00:00+05:00,2,0.49976670561596404,6.827671338230022,0.2392463371219833,True
2026-02-11,2026-02-11T18:00:00+00:00,2026-02-11T23:00:00+05:00,2026-02-11T12:00:00+00:00,2026-02-11T16:01:35+00:00,27c3694e7b0887bb999c8d42ada0cfa4b0462cc15faff0f9e67ad33b41f3aa39,gfs-ml-v1:30e504d3fa915c28313a72a3c8f0d5412a78763b1207789a749d094d1a620668,1,2026-02-11T21:00:00+00:00,2026-02-12T02:00:00+05:00,3,0.606351807919837,7.568519061975843,0.10452191503401309,True
2026-02-11,2026-02-11T18:00:00+00:00,2026-02-11T23:00:00+05:00,2026-02-11T12:00:00+00:00,2026-02-11T16:01:35+00:00,27c3694e7b0887bb999c8d42ada0cfa4b0462cc15faff0f9e67ad33b41f3aa39,gfs-ml-v1:30e504d3fa915c28313a72a3c8f0d5412a78763b1207789a749d094d1a620668,1,2026-02-11T22:00:00+00:00,2026-02-12T03:00:00+05:00,4,0.37249831432330643,5.9379615277342515,-0.024630802439958188,True
2026-02-11,2026-02-11T18:00:00+00:00,2026-02-11T23:00:00+05:00,2026-02-11T12:00:00+00:00,2026-02-11T16:01:35+00:00,27c3694e7b0887bb999c8d42ada0cfa4b0462cc15faff0f9e67ad33b41f3aa39,gfs-ml-v1:30e504d3fa915c28313a72a3c8f0d5412a78763b1207789a749d094d1a620668,1,2026-02-11T23:00:00+00:00,2026-02-12T04:00:00+05:00,5,0.2096137026792631,4.666347903397582,-0.031287873715996284,True
2026-02-11,2026-02-11T18:00:00+00:00,2026-02-11T23:00:00+05:00,2026-02-11T12:00:00+00:00,2026-02-11T16:01:35+00:00,27c3694e7b0887bb999c8d42ada0cfa4b0462cc15faff0f9e67ad33b41f3aa39,gfs-ml-v1:30e504d3fa915c28313a72a3c8f0d5412a78763b1207789a749d094d1a620668,1,2026-02-12T00:00:00+00:00,2026-02-12T05:00:00+05:00,6,0.2226300489618946,4.778324798286838,-0.08870303902398291,True
2026-02-11,2026-02-11T18:00:00+00:00,2026-02-11T23:00:00+05:00,2026-02-11T12:00:00+00:00,2026-02-11T16:01:35+00:00,27c3694e7b0887bb999c8d42ada0cfa4b0462cc15faff0f9e67ad33b41f3aa39,gfs-ml-v1:30e504d3fa915c28313a72a3c8f0d5412a78763b1207789a749d094d1a620668,1,2026-02-12T01:00:00+00:00,2026-02-12T06:00:00+05:00,7,0.1643703147310407,4.190247341237598,-0.1343058942539983,True
2026-02-11,2026-02-11T18:00:00+00:00,2026-02-11T23:00:00+05:00,2026-02-11T12:00:00+00:00,2026-02-11T16:01:35+00:00,27c3694e7b0887bb999c8d42ada0cfa4b0462cc15faff0f9e67ad33b41f3aa39,gfs-ml-v1:30e504d3fa915c28313a72a3c8f0d5412a78763b1207789a749d094d1a620668,1,2026-02-12T02:00:00+00:00,2026-02-12T07:00:00+05:00,8,0.11144870663261155,3.4794624490677477,-0.11410934575991405,True
2026-02-11,2026-02-11T18:00:00+00:00,2026-02-11T23:00:00+05:00,2026-02-11T12:00:00+00:00,2026-02-11T16:01:35+00:00,27c3694e7b0887bb999c8d42ada0cfa4b0462cc15faff0f9e67ad33b41f3aa39,gfs-ml-v1:30e504d3fa915c28313a72a3c8f0d5412a78763b1207789a749d094d1a620668,1,2026-02-12T03:00:00+00:00,2026-02-12T08:00:00+05:00,9,0.08791362499519362,3.0685944242886505,0.14031657911402817,True
2026-02-11,2026-02-11T18:00:00+00:00,2026-02-11T23:00:00+05:00,2026-02-11T12:00:00+00:00,2026-02-11T16:01:35+00:00,27c3694e7b0887bb999c8d42ada0cfa4b0462cc15faff0f9e67ad33b41f3aa39,gfs-ml-v1:30e504d3fa915c28313a72a3c8f0d5412a78763b1207789a749d094d1a620668,1,2026-02-12T04:00:00+00:00,2026-02-12T09:00:00+05:00,10,0.03852610071143099,1.8438465180949342,0.5563856729640406,True
2026-02-11,2026-02-11T18:00:00+00:00,2026-02-11T23:00:00+05:00,2026-02-11T12:00:00+00:00,2026-02-11T16:01:35+00:00,27c3694e7b0887bb999c8d42ada0cfa4b0462cc15faff0f9e67ad33b41f3aa39,gfs-ml-v1:30e504d3fa915c28313a72a3c8f0d5412a78763b1207789a749d094d1a620668,1,2026-02-12T05:00:00+00:00,2026-02-12T10:00:00+05:00,11,0.014896240630587386,0.7263327091609063,1.161714469978051,True
2026-02-11,2026-02-11T18:00:00+00:00,2026-02-11T23:00:00+05:00,2026-02-11T12:00:00+00:00,2026-02-11T16:01:35+00:00,27c3694e7b0887bb999c8d42ada0cfa4b0462cc15faff0f9e67ad33b41f3aa39,gfs-ml-v1:30e504d3fa915c28313a72a3c8f0d5412a78763b1207789a749d094d1a620668,1,2026-02-12T06:00:00+00:00,2026-02-12T11:00:00+05:00,12,0.09460458528364268,3.185403096548351,2.05723298852007,True
2026-02-11,2026-02-11T18:00:00+00:00,2026-02-11T23:00:00+05:00,2026-02-11T12:00:00+00:00,2026-02-11T16:01:35+00:00,27c3694e7b0887bb999c8d42ada0cfa4b0462cc15faff0f9e67ad33b41f3aa39,gfs-ml-v1:30e504d3fa915c28313a72a3c8f0d5412a78763b1207789a749d094d1a620668,1,2026-02-12T07:00:00+00:00,2026-02-12T12:00:00+05:00,13,0.08296536876589752,2.9822093292907477,2.418527840174079,True
2026-02-11,2026-02-11T18:00:00+00:00,2026-02-11T23:00:00+05:00,2026-02-11T12:00:00+00:00,2026-02-11T16:01:35+00:00,27c3694e7b0887bb999c8d42ada0cfa4b0462cc15faff0f9e67ad33b41f3aa39,gfs-ml-v1:30e504d3fa915c28313a72a3c8f0d5412a78763b1207789a749d094d1a620668,1,2026-02-12T08:00:00+00:00,2026-02-12T13:00:00+05:00,14,0.1700307604711171,4.255144817754553,2.4334535062200757,True
2026-02-11,2026-02-11T18:00:00+00:00,2026-02-11T23:00:00+05:00,2026-02-11T12:00:00+00:00,2026-02-11T16:01:35+00:00,27c3694e7b0887bb999c8d42ada0cfa4b0462cc15faff0f9e67ad33b41f3aa39,gfs-ml-v1:30e504d3fa915c28313a72a3c8f0d5412a78763b1207789a749d094d1a620668,1,2026-02-12T09:00:00+00:00,2026-02-12T14:00:00+05:00,15,0.20791722352364148,4.6517534493191475,2.892456006710063,True
2026-02-11,2026-02-11T18:00:00+00:00,2026-02-11T23:00:00+05:00,2026-02-11T12:00:00+00:00,2026-02-11T16:01:35+00:00,27c3694e7b0887bb999c8d42ada0cfa4b0462cc15faff0f9e67ad33b41f3aa39,gfs-ml-v1:30e504d3fa915c28313a72a3c8f0d5412a78763b1207789a749d094d1a620668,1,2026-02-12T10:00:00+00:00,2026-02-12T15:00:00+05:00,16,0.257341278007689,5.075828513834564,2.664950818984039,True
2026-02-11,2026-02-11T18:00:00+00:00,2026-02-11T23:00:00+05:00,2026-02-11T12:00:00+00:00,2026-02-11T16:01:35+00:00,27c3694e7b0887bb999c8d42ada0cfa4b0462cc15faff0f9e67ad33b41f3aa39,gfs-ml-v1:30e504d3fa915c28313a72a3c8f0d5412a78763b1207789a749d094d1a620668,1,2026-02-12T11:00:00+00:00,2026-02-12T16:00:00+05:00,17,0.14469894651721668,3.953641921427386,2.282530454896005,True
2026-02-11,2026-02-11T18:00:00+00:00,2026-02-11T23:00:00+05:00,2026-02-11T12:00:00+00:00,2026-02-11T16:01:35+00:00,27c3694e7b0887bb999c8d42ada0cfa4b0462cc15faff0f9e67ad33b41f3aa39,gfs-ml-v1:30e504d3fa915c28313a72a3c8f0d5412a78763b1207789a749d094d1a620668,1,2026-02-12T12:00:00+00:00,2026-02-12T17:00:00+05:00,18,0.039035659577379776,1.8619455820919402,1.644008740022059,True
2026-02-11,2026-02-11T18:00:00+00:00,2026-02-11T23:00:00+05:00,2026-02-11T12:00:00+00:00,2026-02-11T16:01:35+00:00,27c3694e7b0887bb999c8d42ada0cfa4b0462cc15faff0f9e67ad33b41f3aa39,gfs-ml-v1:30e504d3fa915c28313a72a3c8f0d5412a78763b1207789a749d094d1a620668,1,2026-02-12T13:00:00+00:00,2026-02-12T18:00:00+05:00,19,0.11191521121107813,3.4866720496937185,0.27575849791202245,True
2026-02-11,2026-02-11T18:00:00+00:00,2026-02-11T23:00:00+05:00,2026-02-11T12:00:00+00:00,2026-02-11T16:01:35+00:00,27c3694e7b0887bb999c8d42ada0cfa4b0462cc15faff0f9e67ad33b41f3aa39,gfs-ml-v1:30e504d3fa915c28313a72a3c8f0d5412a78763b1207789a749d094d1a620668,1,2026-02-12T14:00:00+00:00,2026-02-12T19:00:00+05:00,20,0.21325820688434666,4.697700808078725,0.01923643691804955,True
2026-02-11,2026-02-11T18:00:00+00:00,2026-02-11T23:00:00+05:00,2026-02-11T12:00:00+00:00,2026-02-11T16:01:35+00:00,27c3694e7b0887bb999c8d42ada0cfa4b0462cc15faff0f9e67ad33b41f3aa39,gfs-ml-v1:30e504d3fa915c28313a72a3c8f0d5412a78763b1207789a749d094d1a620668,1,2026-02-12T15:00:00+00:00,2026-02-12T20:00:00+05:00,21,0.09371879293101065,3.1699392133166167,0.09465749592402517,True
2026-02-11,2026-02-11T18:00:00+00:00,2026-02-11T23:00:00+05:00,2026-02-11T12:00:00+00:00,2026-02-11T16:01:35+00:00,27c3694e7b0887bb999c8d42ada0cfa4b0462cc15faff0f9e67ad33b41f3aa39,gfs-ml-v1:30e504d3fa915c28313a72a3c8f0d5412a78763b1207789a749d094d1a620668,1,2026-02-12T16:00:00+00:00,2026-02-12T21:00:00+05:00,22,0.10878893446408752,3.433028986287383,-0.37917972897594154,True
2026-02-11,2026-02-11T18:00:00+00:00,2026-02-11T23:00:00+05:00,2026-02-11T12:00:00+00:00,2026-02-11T16:01:35+00:00,27c3694e7b0887bb999c8d42ada0cfa4b0462cc15faff0f9e67ad33b41f3aa39,gfs-ml-v1:30e504d3fa915c28313a72a3c8f0d5412a78763b1207789a749d094d1a620668,1,2026-02-12T17:00:00+00:00,2026-02-12T22:00:00+05:00,23,0.09818815963116978,3.247964006108852,-0.3202243337199775,True
2026-02-11,2026-02-11T18:00:00+00:00,2026-02-11T23:00:00+05:00,2026-02-11T12:00:00+00:00,2026-02-11T16:01:35+00:00,27c3694e7b0887bb999c8d42ada0cfa4b0462cc15faff0f9e67ad33b41f3aa39,gfs-ml-v1:30e504d3fa915c28313a72a3c8f0d5412a78763b1207789a749d094d1a620668,1,2026-02-12T18:00:00+00:00,2026-02-12T23:00:00+05:00,24,0.04401981359161645,2.014085152677494,-0.4591192302524405,True
2026-02-11,2026-02-11T18:00:00+00:00,2026-02-11T23:00:00+05:00,2026-02-11T12:00:00+00:00,2026-02-11T16:01:35+00:00,27c3694e7b0887bb999c8d42ada0cfa4b0462cc15faff0f9e67ad33b41f3aa39,gfs-ml-v1:30e504d3fa915c28313a72a3c8f0d5412a78763b1207789a749d094d1a620668,2,2026-02-11T19:00:00+00:00,2026-02-12T00:00:00+05:00,1,0.4669570344785417,6.581673532091429,-0.12565057637004884,True
2026-02-11,2026-02-11T18:00:00+00:00,2026-02-11T23:00:00+05:00,2026-02-11T12:00:00+00:00,2026-02-11T16:01:35+00:00,27c3694e7b0887bb999c8d42ada0cfa4b0462cc15faff0f9e67ad33b41f3aa39,gfs-ml-v1:30e504d3fa915c28313a72a3c8f0d5412a78763b1207789a749d094d1a620668,2,2026-02-11T20:00:00+00:00,2026-02-12T01:00:00+05:00,2,0.4978449661109667,6.800809282514568,0.21867189977928092,True
2026-02-11,2026-02-11T18:00:00+00:00,2026-02-11T23:00:00+05:00,2026-02-11T12:00:00+00:00,2026-02-11T16:01:35+00:00,27c3694e7b0887bb999c8d42ada0cfa4b0462cc15faff0f9e67ad33b41f3aa39,gfs-ml-v1:30e504d3fa915c28313a72a3c8f0d5412a78763b1207789a749d094d1a620668,2,2026-02-11T21:00:00+00:00,2026-02-12T02:00:00+05:00,3,0.6077840804273434,7.521879333993255,0.08366204619818518,True
2026-02-11,2026-02-11T18:00:00+00:00,2026-02-11T23:00:00+05:00,2026-02-11T12:00:00+00:00,2026-02-11T16:01:35+00:00,27c3694e7b0887bb999c8d42ada0cfa4b0462cc15faff0f9e67ad33b41f3aa39,gfs-ml-v1:30e504d3fa915c28313a72a3c8f0d5412a78763b1207789a749d094d1a620668,2,2026-02-11T22:00:00+00:00,2026-02-12T03:00:00+05:00,4,0.371176825088302,5.896980130567281,-0.04299802678559672,True
2026-02-11,2026-02-11T18:00:00+00:00,2026-02-11T23:00:00+05:00,2026-02-11T12:00:00+00:00,2026-02-11T16:01:35+00:00,27c3694e7b0887bb999c8d42ada0cfa4b0462cc15faff0f9e67ad33b41f3aa39,gfs-ml-v1:30e504d3fa915c28313a72a3c8f0d5412a78763b1207789a749d094d1a620668,2,2026-02-11T23:00:00+00:00,2026-02-12T04:00:00+05:00,5,0.20941856633356828,4.641162258236534,-0.04842358255183399,True
2026-02-11,2026-02-11T18:00:00+00:00,2026-02-11T23:00:00+05:00,2026-02-11T12:00:00+00:00,2026-02-11T16:01:35+00:00,27c3694e7b0887bb999c8d42ada0cfa4b0462cc15faff0f9e67ad33b41f3aa39,gfs-ml-v1:30e504d3fa915c28313a72a3c8f0d5412a78763b1207789a749d094d1a620668,2,2026-02-12T00:00:00+00:00,2026-02-12T05:00:00+05:00,6,0.2222189497664003,4.757926592506918,-0.10610465840574079,True
2026-02-11,2026-02-11T18:00:00+00:00,2026-02-11T23:00:00+05:00,2026-02-11T12:00:00+00:00,2026-02-11T16:01:35+00:00,27c3694e7b0887bb999c8d42ada0cfa4b0462cc15faff0f9e67ad33b41f3aa39,gfs-ml-v1:30e504d3fa915c28313a72a3c8f0d5412a78763b1207789a749d094d1a620668,2,2026-02-12T01:00:00+00:00,2026-02-12T06:00:00+05:00,7,0.1641643074187498,4.172081494264818,-0.1521975707109391,True
2026-02-11,2026-02-11T18:00:00+00:00,2026-02-11T23:00:00+05:00,2026-02-11T12:00:00+00:00,2026-02-11T16:01:35+00:00,27c3694e7b0887bb999c8d42ada0cfa4b0462cc15faff0f9e67ad33b41f3aa39,gfs-ml-v1:30e504d3fa915c28313a72a3c8f0d5412a78763b1207789a749d094d1a620668,2,2026-02-12T02:00:00+00:00,2026-02-12T07:00:00+05:00,8,0.1092957549619514,3.462738046325454,-0.1321789237823623,True
2026-02-11,2026-02-11T18:00:00+00:00,2026-02-11T23:00:00+05:00,2026-02-11T12:00:00+00:00,2026-02-11T16:01:35+00:00,27c3694e7b0887bb999c8d42ada0cfa4b0462cc15faff0f9e67ad33b41f3aa39,gfs-ml-v1:30e504d3fa915c28313a72a3c8f0d5412a78763b1207789a749d094d1a620668,2,2026-02-12T03:00:00+00:00,2026-02-12T08:00:00+05:00,9,0.08826021322918161,3.0677903128335267,0.12274352197738381,True
2026-02-11,2026-02-11T18:00:00+00:00,2026-02-11T23:00:00+05:00,2026-02-11T12:00:00+00:00,2026-02-11T16:01:35+00:00,27c3694e7b0887bb999c8d42ada0cfa4b0462cc15faff0f9e67ad33b41f3aa39,gfs-ml-v1:30e504d3fa915c28313a72a3c8f0d5412a78763b1207789a749d094d1a620668,2,2026-02-12T04:00:00+00:00,2026-02-12T09:00:00+05:00,10,0.03682961331661563,1.827089339139856,0.5417383304513805,True
2026-02-11,2026-02-11T18:00:00+00:00,2026-02-11T23:00:00+05:00,2026-02-11T12:00:00+00:00,2026-02-11T16:01:35+00:00,27c3694e7b0887bb999c8d42ada0cfa4b0462cc15faff0f9e67ad33b41f3aa39,gfs-ml-v1:30e504d3fa915c28313a72a3c8f0d5412a78763b1207789a749d094d1a620668,2,2026-02-12T05:00:00+00:00,2026-02-12T10:00:00+05:00,11,0.014064996933652488,0.7314227981872594,1.1453191688247557,True
2026-02-11,2026-02-11T18:00:00+00:00,2026-02-11T23:00:00+05:00,2026-02-11T12:00:00+00:00,2026-02-11T16:01:35+00:00,27c3694e7b0887bb999c8d42ada0cfa4b0462cc15faff0f9e67ad33b41f3aa39,gfs-ml-v1:30e504d3fa915c28313a72a3c8f0d5412a78763b1207789a749d094d1a620668,2,2026-02-12T06:00:00+00:00,2026-02-12T11:00:00+05:00,12,0.0937532976461205,3.17793131990995,2.0359509314448587,True
2026-02-11,2026-02-11T18:00:00+00:00,2026-02-11T23:00:00+05:00,2026-02-11T12:00:00+00:00,2026-02-11T16:01:35+00:00,27c3694e7b0887bb999c8d42ada0cfa4b0462cc15faff0f9e67ad33b41f3aa39,gfs-ml-v1:30e504d3fa915c28313a72a3c8f0d5412a78763b1207789a749d094d1a620668,2,2026-02-12T07:00:00+00:00,2026-02-12T12:00:00+05:00,13,0.08368255309955822,2.9760043400610052,2.389838944931796,True
2026-02-11,2026-02-11T18:00:00+00:00,2026-02-11T23:00:00+05:00,2026-02-11T12:00:00+00:00,2026-02-11T16:01:35+00:00,27c3694e7b0887bb999c8d42ada0cfa4b0462cc15faff0f9e67ad33b41f3aa39,gfs-ml-v1:30e504d3fa915c28313a72a3c8f0d5412a78763b1207789a749d094d1a620668,2,2026-02-12T08:00:00+00:00,2026-02-12T13:00:00+05:00,14,0.17023725245884974,4.241817372708084,2.4039044783928603,True
2026-02-11,2026-02-11T18:00:00+00:00,2026-02-11T23:00:00+05:00,2026-02-11T12:00:00+00:00,2026-02-11T16:01:35+00:00,27c3694e7b0887bb999c8d42ada0cfa4b0462cc15faff0f9e67ad33b41f3aa39,gfs-ml-v1:30e504d3fa915c28313a72a3c8f0d5412a78763b1207789a749d094d1a620668,2,2026-02-12T09:00:00+00:00,2026-02-12T14:00:00+05:00,15,0.20821107578315023,4.630147601449323,2.8547430008604238,True
2026-02-11,2026-02-11T18:00:00+00:00,2026-02-11T23:00:00+05:00,2026-02-11T12:00:00+00:00,2026-02-11T16:01:35+00:00,27c3694e7b0887bb999c8d42ada0cfa4b0462cc15faff0f9e67ad33b41f3aa39,gfs-ml-v1:30e504d3fa915c28313a72a3c8f0d5412a78763b1207789a749d094d1a620668,2,2026-02-12T10:00:00+00:00,2026-02-12T15:00:00+05:00,16,0.25504307134787685,5.042726608419971,2.62666237939618,True
2026-02-11,2026-02-11T18:00:00+00:00,2026-02-11T23:00:00+05:00,2026-02-11T12:00:00+00:00,2026-02-11T16:01:35+00:00,27c3694e7b0887bb999c8d42ada0cfa4b0462cc15faff0f9e67ad33b41f3aa39,gfs-ml-v1:30e504d3fa915c28313a72a3c8f0d5412a78763b1207789a749d094d1a620668,2,2026-02-12T11:00:00+00:00,2026-02-12T16:00:00+05:00,17,0.14246716255210887,3.9226738933174263,2.240826756935121,True
2026-02-11,2026-02-11T18:00:00+00:00,2026-02-11T23:00:00+05:00,2026-02-11T12:00:00+00:00,2026-02-11T16:01:35+00:00,27c3694e7b0887bb999c8d42ada0cfa4b0462cc15faff0f9e67ad33b41f3aa39,gfs-ml-v1:30e504d3fa915c28313a72a3c8f0d5412a78763b1207789a749d094d1a620668,2,2026-02-12T12:00:00+00:00,2026-02-12T17:00:00+05:00,18,0.0378163396660616,1.8584282420375442,1.60351924117532,True
2026-02-11,2026-02-11T18:00:00+00:00,2026-02-11T23:00:00+05:00,2026-02-11T12:00:00+00:00,2026-02-11T16:01:35+00:00,27c3694e7b0887bb999c8d42ada0cfa4b0462cc15faff0f9e67ad33b41f3aa39,gfs-ml-v1:30e504d3fa915c28313a72a3c8f0d5412a78763b1207789a749d094d1a620668,2,2026-02-12T13:00:00+00:00,2026-02-12T18:00:00+05:00,19,0.10797519966525684,3.444427978619278,0.25724362641886955,True
2026-02-11,2026-02-11T18:00:00+00:00,2026-02-11T23:00:00+05:00,2026-02-11T12:00:00+00:00,2026-02-11T16:01:35+00:00,27c3694e7b0887bb999c8d42ada0cfa4b0462cc15faff0f9e67ad33b41f3aa39,gfs-ml-v1:30e504d3fa915c28313a72a3c8f0d5412a78763b1207789a749d094d1a620668,2,2026-02-12T14:00:00+00:00,2026-02-12T19:00:00+05:00,20,0.21147706846954947,4.659939791953649,-0.0026947730096367195,True
2026-02-11,2026-02-11T18:00:00+00:00,2026-02-11T23:00:00+05:00,2026-02-11T12:00:00+00:00,2026-02-11T16:01:35+00:00,27c3694e7b0887bb999c8d42ada0cfa4b0462cc15faff0f9e67ad33b41f3aa39,gfs-ml-v1:30e504d3fa915c28313a72a3c8f0d5412a78763b1207789a749d094d1a620668,2,2026-02-12T15:00:00+00:00,2026-02-12T20:00:00+05:00,21,0.09161760154398042,3.1351087995107485,0.0699003475617701,True
2026-02-11,2026-02-11T18:00:00+00:00,2026-02-11T23:00:00+05:00,2026-02-11T12:00:00+00:00,2026-02-11T16:01:35+00:00,27c3694e7b0887bb999c8d42ada0cfa4b0462cc15faff0f9e67ad33b41f3aa39,gfs-ml-v1:30e504d3fa915c28313a72a3c8f0d5412a78763b1207789a749d094d1a620668,2,2026-02-12T16:00:00+00:00,2026-02-12T21:00:00+05:00,22,0.10533266771857352,3.4077881355315895,-0.403192282714258,True
2026-02-11,2026-02-11T18:00:00+00:00,2026-02-11T23:00:00+05:00,2026-02-11T12:00:00+00:00,2026-02-11T16:01:35+00:00,27c3694e7b0887bb999c8d42ada0cfa4b0462cc15faff0f9e67ad33b41f3aa39,gfs-ml-v1:30e504d3fa915c28313a72a3c8f0d5412a78763b1207789a749d094d1a620668,2,2026-02-12T17:00:00+00:00,2026-02-12T22:00:00+05:00,23,0.09563299955736479,3.2156209394012327,-0.3481242658927499,True
2026-02-11,2026-02-11T18:00:00+00:00,2026-02-11T23:00:00+05:00,2026-02-11T12:00:00+00:00,2026-02-11T16:01:35+00:00,27c3694e7b0887bb999c8d42ada0cfa4b0462cc15faff0f9e67ad33b41f3aa39,gfs-ml-v1:30e504d3fa915c28313a72a3c8f0d5412a78763b1207789a749d094d1a620668,2,2026-02-12T18:00:00+00:00,2026-02-12T23:00:00+05:00,24,0.04263812638067395,1.9970726369203513,-0.48385221459807326,True
2026-02-12,2026-02-12T18:00:00+00:00,2026-02-12T23:00:00+05:00,2026-02-12T12:00:00+00:00,2026-02-12T16:02:08+00:00,af0a1505f84c2b2a8375365a1f127ec67e582ddf8ddba48e13b194d13b33a9d8,gfs-ml-v1:30e504d3fa915c28313a72a3c8f0d5412a78763b1207789a749d094d1a620668,1,2026-02-12T19:00:00+00:00,2026-02-13T00:00:00+05:00,1,0.01346200763388461,0.5739127028627785,-0.03389048927994054,True
2026-02-12,2026-02-12T18:00:00+00:00,2026-02-12T23:00:00+05:00,2026-02-12T12:00:00+00:00,2026-02-12T16:02:08+00:00,af0a1505f84c2b2a8375365a1f127ec67e582ddf8ddba48e13b194d13b33a9d8,gfs-ml-v1:30e504d3fa915c28313a72a3c8f0d5412a78763b1207789a749d094d1a620668,1,2026-02-12T20:00:00+00:00,2026-02-13T01:00:00+05:00,2,0.01069462095900603,0.14999738943152835,0.11688724085001923,True
2026-02-12,2026-02-12T18:00:00+00:00,2026-02-12T23:00:00+05:00,2026-02-12T12:00:00+00:00,2026-02-12T16:02:08+00:00,af0a1505f84c2b2a8375365a1f127ec67e582ddf8ddba48e13b194d13b33a9d8,gfs-ml-v1:30e504d3fa915c28313a72a3c8f0d5412a78763b1207789a749d094d1a620668,1,2026-02-12T21:00:00+00:00,2026-02-13T02:00:00+05:00,3,0.022373596330081354,1.208349599547991,0.09285730271602688,True
2026-02-12,2026-02-12T18:00:00+00:00,2026-02-12T23:00:00+05:00,2026-02-12T12:00:00+00:00,2026-02-12T16:02:08+00:00,af0a1505f84c2b2a8375365a1f127ec67e582ddf8ddba48e13b194d13b33a9d8,gfs-ml-v1:30e504d3fa915c28313a72a3c8f0d5412a78763b1207789a749d094d1a620668,1,2026-02-12T22:00:00+00:00,2026-02-13T03:00:00+05:00,4,0.02288638868955598,1.2377085760124342,0.27535369648802543,True
2026-02-12,2026-02-12T18:00:00+00:00,2026-02-12T23:00:00+05:00,2026-02-12T12:00:00+00:00,2026-02-12T16:02:08+00:00,af0a1505f84c2b2a8375365a1f127ec67e582ddf8ddba48e13b194d13b33a9d8,gfs-ml-v1:30e504d3fa915c28313a72a3c8f0d5412a78763b1207789a749d094d1a620668,1,2026-02-12T23:00:00+00:00,2026-02-13T04:00:00+05:00,5,0.03567219829006413,1.7424785191899363,0.35325779651003586,True
2026-02-12,2026-02-12T18:00:00+00:00,2026-02-12T23:00:00+05:00,2026-02-12T12:00:00+00:00,2026-02-12T16:02:08+00:00,af0a1505f84c2b2a8375365a1f127ec67e582ddf8ddba48e13b194d13b33a9d8,gfs-ml-v1:30e504d3fa915c28313a72a3c8f0d5412a78763b1207789a749d094d1a620668,1,2026-02-13T00:00:00+00:00,2026-02-13T05:00:00+05:00,6,0.055510007182996875,2.349657742670995,0.38588980528203365,True
2026-02-12,2026-02-12T18:00:00+00:00,2026-02-12T23:00:00+05:00,2026-02-12T12:00:00+00:00,2026-02-12T16:02:08+00:00,af0a1505f84c2b2a8375365a1f127ec67e582ddf8ddba48e13b194d13b33a9d8,gfs-ml-v1:30e504d3fa915c28313a72a3c8f0d5412a78763b1207789a749d094d1a620668,1,2026-02-13T01:00:00+00:00,2026-02-13T06:00:00+05:00,7,0.09758320609408919,3.2374029182531685,0.46518358339403676,True
2026-02-12,2026-02-12T18:00:00+00:00,2026-02-12T23:00:00+05:00,2026-02-12T12:00:00+00:00,2026-02-12T16:02:08+00:00,af0a1505f84c2b2a8375365a1f127ec67e582ddf8ddba48e13b194d13b33a9d8,gfs-ml-v1:30e504d3fa915c28313a72a3c8f0d5412a78763b1207789a749d094d1a620668,1,2026-02-13T02:00:00+00:00,2026-02-13T07:00:00+05:00,8,0.021791157832115386,1.1750031624612756,0.11175896793002948,True
2026-02-12,2026-02-12T18:00:00+00:00,2026-02-12T23:00:00+05:00,2026-02-12T12:00:00+00:00,2026-02-12T16:02:08+00:00,af0a1505f84c2b2a8375365a1f127ec67e582ddf8ddba48e13b194d13b33a9d8,gfs-ml-v1:30e504d3fa915c28313a72a3c8f0d5412a78763b1207789a749d094d1a620668,1,2026-02-13T03:00:00+00:00,2026-02-13T08:00:00+05:00,9,0.010825023083411276,0.21447459295145216,0.14462151773403775,True
2026-02-12,2026-02-12T18:00:00+00:00,2026-02-12T23:00:00+05:00,2026-02-12T12:00:00+00:00,2026-02-12T16:02:08+00:00,af0a1505f84c2b2a8375365a1f127ec67e582ddf8ddba48e13b194d13b33a9d8,gfs-ml-v1:30e504d3fa915c28313a72a3c8f0d5412a78763b1207789a749d094d1a620668,1,2026-02-13T04:00:00+00:00,2026-02-13T09:00:00+05:00,10,0.01969932260422804,1.0552390121413295,0.16442724246007856,True
2026-02-12,2026-02-12T18:00:00+00:00,2026-02-12T23:00:00+05:00,2026-02-12T12:00:00+00:00,2026-02-12T16:02:08+00:00,af0a1505f84c2b2a8375365a1f127ec67e582ddf8ddba48e13b194d13b33a9d8,gfs-ml-v1:30e504d3fa915c28313a72a3c8f0d5412a78763b1207789a749d094d1a620668,1,2026-02-13T05:00:00+00:00,2026-02-13T10:00:00+05:00,11,0.02748604303065055,1.451713785553757,-0.1067733547799321,True
2026-02-12,2026-02-12T18:00:00+00:00,2026-02-12T23:00:00+05:00,2026-02-12T12:00:00+00:00,2026-02-12T16:02:08+00:00,af0a1505f84c2b2a8375365a1f127ec67e582ddf8ddba48e13b194d13b33a9d8,gfs-ml-v1:30e504d3fa915c28313a72a3c8f0d5412a78763b1207789a749d094d1a620668,1,2026-02-13T06:00:00+00:00,2026-02-13T11:00:00+05:00,12,0.01472927600067977,0.708588904632222,-0.07988814049593884,True
2026-02-12,2026-02-12T18:00:00+00:00,2026-02-12T23:00:00+05:00,2026-02-12T12:00:00+00:00,2026-02-12T16:02:08+00:00,af0a1505f84c2b2a8375365a1f127ec67e582ddf8ddba48e13b194d13b33a9d8,gfs-ml-v1:30e504d3fa915c28313a72a3c8f0d5412a78763b1207789a749d094d1a620668,1,2026-02-13T07:00:00+00:00,2026-02-13T12:00:00+05:00,13,0.013785486117695181,0.608289678328456,0.06750828335401593,True
2026-02-12,2026-02-12T18:00:00+00:00,2026-02-12T23:00:00+05:00,2026-02-12T12:00:00+00:00,2026-02-12T16:02:08+00:00,af0a1505f84c2b2a8375365a1f127ec67e582ddf8ddba48e13b194d13b33a9d8,gfs-ml-v1:30e504d3fa915c28313a72a3c8f0d5412a78763b1207789a749d094d1a620668,1,2026-02-13T08:00:00+00:00,2026-02-13T13:00:00+05:00,14,0.01796116293240019,0.9557239005103334,0.4032427674560495,True
2026-02-12,2026-02-12T18:00:00+00:00,2026-02-12T23:00:00+05:00,2026-02-12T12:00:00+00:00,2026-02-12T16:02:08+00:00,af0a1505f84c2b2a8375365a1f127ec67e582ddf8ddba48e13b194d13b33a9d8,gfs-ml-v1:30e504d3fa915c28313a72a3c8f0d5412a78763b1207789a749d094d1a620668,1,2026-02-13T09:00:00+00:00,2026-02-13T14:00:00+05:00,15,0.01332123300012216,0.5589521834673822,0.6028236593400607,True
2026-02-12,2026-02-12T18:00:00+00:00,2026-02-12T23:00:00+05:00,2026-02-12T12:00:00+00:00,2026-02-12T16:02:08+00:00,af0a1505f84c2b2a8375365a1f127ec67e582ddf8ddba48e13b194d13b33a9d8,gfs-ml-v1:30e504d3fa915c28313a72a3c8f0d5412a78763b1207789a749d094d1a620668,1,2026-02-13T10:00:00+00:00,2026-02-13T15:00:00+05:00,16,0.010835278804853007,0.21954552443863598,0.8603970278080055,True
2026-02-12,2026-02-12T18:00:00+00:00,2026-02-12T23:00:00+05:00,2026-02-12T12:00:00+00:00,2026-02-12T16:02:08+00:00,af0a1505f84c2b2a8375365a1f127ec67e582ddf8ddba48e13b194d13b33a9d8,gfs-ml-v1:30e504d3fa915c28313a72a3c8f0d5412a78763b1207789a749d094d1a620668,1,2026-02-13T11:00:00+00:00,2026-02-13T16:00:00+05:00,17,0.015456433426100808,0.7858659855648213,1.0168619466840596,True
2026-02-12,2026-02-12T18:00:00+00:00,2026-02-12T23:00:00+05:00,2026-02-12T12:00:00+00:00,2026-02-12T16:02:08+00:00,af0a1505f84c2b2a8375365a1f127ec67e582ddf8ddba48e13b194d13b33a9d8,gfs-ml-v1:30e504d3fa915c28313a72a3c8f0d5412a78763b1207789a749d094d1a620668,1,2026-02-13T12:00:00+00:00,2026-02-13T17:00:00+05:00,18,0.03804707677564817,1.8268320268375056,0.8447114242360385,True
2026-02-12,2026-02-12T18:00:00+00:00,2026-02-12T23:00:00+05:00,2026-02-12T12:00:00+00:00,2026-02-12T16:02:08+00:00,af0a1505f84c2b2a8375365a1f127ec67e582ddf8ddba48e13b194d13b33a9d8,gfs-ml-v1:30e504d3fa915c28313a72a3c8f0d5412a78763b1207789a749d094d1a620668,1,2026-02-13T13:00:00+00:00,2026-02-13T18:00:00+05:00,19,0.057191292065407344,2.3987598851214615,0.28383126314605533,True
2026-02-12,2026-02-12T18:00:00+00:00,2026-02-12T23:00:00+05:00,2026-02-12T12:00:00+00:00,2026-02-12T16:02:08+00:00,af0a1505f84c2b2a8375365a1f127ec67e582ddf8ddba48e13b194d13b33a9d8,gfs-ml-v1:30e504d3fa915c28313a72a3c8f0d5412a78763b1207789a749d094d1a620668,1,2026-02-13T14:00:00+00:00,2026-02-13T19:00:00+05:00,20,0.11510517413994699,3.5321097207162184,0.14830999975202985,True
2026-02-12,2026-02-12T18:00:00+00:00,2026-02-12T23:00:00+05:00,2026-02-12T12:00:00+00:00,2026-02-12T16:02:08+00:00,af0a1505f84c2b2a8375365a1f127ec67e582ddf8ddba48e13b194d13b33a9d8,gfs-ml-v1:30e504d3fa915c28313a72a3c8f0d5412a78763b1207789a749d094d1a620668,1,2026-02-13T15:00:00+00:00,2026-02-13T20:00:00+05:00,21,0.1814844727284464,4.386462571935864,0.5871549222780459,True
2026-02-12,2026-02-12T18:00:00+00:00,2026-02-12T23:00:00+05:00,2026-02-12T12:00:00+00:00,2026-02-12T16:02:08+00:00,af0a1505f84c2b2a8375365a1f127ec67e582ddf8ddba48e13b194d13b33a9d8,gfs-ml-v1:30e504d3fa915c28313a72a3c8f0d5412a78763b1207789a749d094d1a620668,1,2026-02-13T16:00:00+00:00,2026-02-13T21:00:00+05:00,22,0.28855702712901077,5.316830799362673,0.42541822929200634,True
2026-02-12,2026-02-12T18:00:00+00:00,2026-02-12T23:00:00+05:00,2026-02-12T12:00:00+00:00,2026-02-12T16:02:08+00:00,af0a1505f84c2b2a8375365a1f127ec67e582ddf8ddba48e13b194d13b33a9d8,gfs-ml-v1:30e504d3fa915c28313a72a3c8f0d5412a78763b1207789a749d094d1a620668,1,2026-02-13T17:00:00+00:00,2026-02-13T22:00:00+05:00,23,0.3518377958768654,5.790036857981282,0.3809972634500127,True
2026-02-12,2026-02-12T18:00:00+00:00,2026-02-12T23:00:00+05:00,2026-02-12T12:00:00+00:00,2026-02-12T16:02:08+00:00,af0a1505f84c2b2a8375365a1f127ec67e582ddf8ddba48e13b194d13b33a9d8,gfs-ml-v1:30e504d3fa915c28313a72a3c8f0d5412a78763b1207789a749d094d1a620668,1,2026-02-13T18:00:00+00:00,2026-02-13T23:00:00+05:00,24,0.4170831160462918,6.251393946370955,0.4163375008980097,True
2026-02-12,2026-02-12T18:00:00+00:00,2026-02-12T23:00:00+05:00,2026-02-12T12:00:00+00:00,2026-02-12T16:02:08+00:00,af0a1505f84c2b2a8375365a1f127ec67e582ddf8ddba48e13b194d13b33a9d8,gfs-ml-v1:30e504d3fa915c28313a72a3c8f0d5412a78763b1207789a749d094d1a620668,2,2026-02-12T19:00:00+00:00,2026-02-13T00:00:00+05:00,1,0.012838698284254891,0.5886695627104389,-0.06351097022718477,True
2026-02-12,2026-02-12T18:00:00+00:00,2026-02-12T23:00:00+05:00,2026-02-12T12:00:00+00:00,2026-02-12T16:02:08+00:00,af0a1505f84c2b2a8375365a1f127ec67e582ddf8ddba48e13b194d13b33a9d8,gfs-ml-v1:30e504d3fa915c28313a72a3c8f0d5412a78763b1207789a749d094d1a620668,2,2026-02-12T20:00:00+00:00,2026-02-13T01:00:00+05:00,2,0.010052989586770518,0.17972493181671434,0.08902470235403825,True
2026-02-12,2026-02-12T18:00:00+00:00,2026-02-12T23:00:00+05:00,2026-02-12T12:00:00+00:00,2026-02-12T16:02:08+00:00,af0a1505f84c2b2a8375365a1f127ec67e582ddf8ddba48e13b194d13b33a9d8,gfs-ml-v1:30e504d3fa915c28313a72a3c8f0d5412a78763b1207789a749d094d1a620668,2,2026-02-12T21:00:00+00:00,2026-02-13T02:00:00+05:00,3,0.02239411217051523,1.2282490253605614,0.06402290531190147,True
2026-02-12,2026-02-12T18:00:00+00:00,2026-02-12T23:00:00+05:00,2026-02-12T12:00:00+00:00,2026-02-12T16:02:08+00:00,af0a1505f84c2b2a8375365a1f127ec67e582ddf8ddba48e13b194d13b33a9d8,gfs-ml-v1:30e504d3fa915c28313a72a3c8f0d5412a78763b1207789a749d094d1a620668,2,2026-02-12T22:00:00+00:00,2026-02-13T03:00:00+05:00,4,0.022742300962193613,1.2476396985293228,0.25073764023716194,True
2026-02-12,2026-02-12T18:00:00+00:00,2026-02-12T23:00:00+05:00,2026-02-12T12:00:00+00:00,2026-02-12T16:02:08+00:00,af0a1505f84c2b2a8375365a1f127ec67e582ddf8ddba48e13b194d13b33a9d8,gfs-ml-v1:30e504d3fa915c28313a72a3c8f0d5412a78763b1207789a749d094d1a620668,2,2026-02-12T23:00:00+00:00,2026-02-13T04:00:00+05:00,5,0.034785115778769596,1.7458451506769377,0.328172721412443,True
2026-02-12,2026-02-12T18:00:00+00:00,2026-02-12T23:00:00+05:00,2026-02-12T12:00:00+00:00,2026-02-12T16:02:08+00:00,af0a1505f84c2b2a8375365a1f127ec67e582ddf8ddba48e13b194d13b33a9d8,gfs-ml-v1:30e504d3fa915c28313a72a3c8f0d5412a78763b1207789a749d094d1a620668,2,2026-02-13T00:00:00+00:00,2026-02-13T05:00:00+05:00,6,0.05482566159725673,2.3475098389839157,0.3571792313376818,True
2026-02-12,2026-02-12T18:00:00+00:00,2026-02-12T23:00:00+05:00,2026-02-12T12:00:00+00:00,2026-02-12T16:02:08+00:00,af0a1505f84c2b2a8375365a1f127ec67e582ddf8ddba48e13b194d13b33a9d8,gfs-ml-v1:30e504d3fa915c28313a72a3c8f0d5412a78763b1207789a749d094d1a620668,2,2026-02-13T01:00:00+00:00,2026-02-13T06:00:00+05:00,7,0.09596983594694176,3.222374795040806,0.43530396720461795,True
2026-02-12,2026-02-12T18:00:00+00:00,2026-02-12T23:00:00+05:00,2026-02-12T12:00:00+00:00,2026-02-12T16:02:08+00:00,af0a1505f84c2b2a8375365a1f127ec67e582ddf8ddba48e13b194d13b33a9d8,gfs-ml-v1:30e504d3fa915c28313a72a3c8f0d5412a78763b1207789a749d094d1a620668,2,2026-02-13T02:00:00+00:00,2026-02-13T07:00:00+05:00,8,0.021348932307732462,1.1700428406522614,0.07780861425322882,True
2026-02-12,2026-02-12T18:00:00+00:00,2026-02-12T23:00:00+05:00,2026-02-12T12:00:00+00:00,2026-02-12T16:02:08+00:00,af0a1505f84c2b2a8375365a1f127ec67e582ddf8ddba48e13b194d13b33a9d8,gfs-ml-v1:30e504d3fa915c28313a72a3c8f0d5412a78763b1207789a749d094d1a620668,2,2026-02-13T03:00:00+00:00,2026-02-13T08:00:00+05:00,9,0.010064662831460945,0.1943522489993573,0.12206907814618262,True
2026-02-12,2026-02-12T18:00:00+00:00,2026-02-12T23:00:00+05:00,2026-02-12T12:00:00+00:00,2026-02-12T16:02:08+00:00,af0a1505f84c2b2a8375365a1f127ec67e582ddf8ddba48e13b194d13b33a9d8,gfs-ml-v1:30e504d3fa915c28313a72a3c8f0d5412a78763b1207789a749d094d1a620668,2,2026-02-13T04:00:00+00:00,2026-02-13T09:00:00+05:00,10,0.018584287413570526,1.0160794539735296,0.15269142349040976,True
2026-02-12,2026-02-12T18:00:00+00:00,2026-02-12T23:00:00+05:00,2026-02-12T12:00:00+00:00,2026-02-12T16:02:08+00:00,af0a1505f84c2b2a8375365a1f127ec67e582ddf8ddba48e13b194d13b33a9d8,gfs-ml-v1:30e504d3fa915c28313a72a3c8f0d5412a78763b1207789a749d094d1a620668,2,2026-02-13T05:00:00+00:00,2026-02-13T10:00:00+05:00,11,0.02641877622665155,1.4133837733777723,-0.10638016884718127,True
2026-02-12,2026-02-12T18:00:00+00:00,2026-02-12T23:00:00+05:00,2026-02-12T12:00:00+00:00,2026-02-12T16:02:08+00:00,af0a1505f84c2b2a8375365a1f127ec67e582ddf8ddba48e13b194d13b33a9d8,gfs-ml-v1:30e504d3fa915c28313a72a3c8f0d5412a78763b1207789a749d094d1a620668,2,2026-02-13T06:00:00+00:00,2026-02-13T11:00:00+05:00,12,0.013674989091109046,0.6860220457589987,-0.0789291302789934,True
2026-02-12,2026-02-12T18:00:00+00:00,2026-02-12T23:00:00+05:00,2026-02-12T12:00:00+00:00,2026-02-12T16:02:08+00:00,af0a1505f84c2b2a8375365a1f127ec67e582ddf8ddba48e13b194d13b33a9d8,gfs-ml-v1:30e504d3fa915c28313a72a3c8f0d5412a78763b1207789a749d094d1a620668,2,2026-02-13T07:00:00+00:00,2026-02-13T12:00:00+05:00,13,0.012923318347921531,0.5985201711903565,0.0654730081949424,True
2026-02-12,2026-02-12T18:00:00+00:00,2026-02-12T23:00:00+05:00,2026-02-12T12:00:00+00:00,2026-02-12T16:02:08+00:00,af0a1505f84c2b2a8375365a1f127ec67e582ddf8ddba48e13b194d13b33a9d8,gfs-ml-v1:30e504d3fa915c28313a72a3c8f0d5412a78763b1207789a749d094d1a620668,2,2026-02-13T08:00:00+00:00,2026-02-13T13:00:00+05:00,14,0.017263071451489503,0.9425007876914512,0.39641216514945654,True
2026-02-12,2026-02-12T18:00:00+00:00,2026-02-12T23:00:00+05:00,2026-02-12T12:00:00+00:00,2026-02-12T16:02:08+00:00,af0a1505f84c2b2a8375365a1f127ec67e582ddf8ddba48e13b194d13b33a9d8,gfs-ml-v1:30e504d3fa915c28313a72a3c8f0d5412a78763b1207789a749d094d1a620668,2,2026-02-13T09:00:00+00:00,2026-02-13T14:00:00+05:00,15,0.012567282181980732,0.5570740563636146,0.5929908359415776,True
2026-02-12,2026-02-12T18:00:00+00:00,2026-02-12T23:00:00+05:00,2026-02-12T12:00:00+00:00,2026-02-12T16:02:08+00:00,af0a1505f84c2b2a8375365a1f127ec67e582ddf8ddba48e13b194d13b33a9d8,gfs-ml-v1:30e504d3fa915c28313a72a3c8f0d5412a78763b1207789a749d094d1a620668,2,2026-02-13T10:00:00+00:00,2026-02-13T15:00:00+05:00,16,0.010086536312157746,0.22176110990526388,0.8466840583539579,True
2026-02-12,2026-02-12T18:00:00+00:00,2026-02-12T23:00:00+05:00,2026-02-12T12:00:00+00:00,2026-02-12T16:02:08+00:00,af0a1505f84c2b2a8375365a1f127ec67e582ddf8ddba48e13b194d13b33a9d8,gfs-ml-v1:30e504d3fa915c28313a72a3c8f0d5412a78763b1207789a749d094d1a620668,2,2026-02-13T11:00:00+00:00,2026-02-13T16:00:00+05:00,17,0.014448793643976986,0.7761005136777693,1.0010127763441687,True
2026-02-12,2026-02-12T18:00:00+00:00,2026-02-12T23:00:00+05:00,2026-02-12T12:00:00+00:00,2026-02-12T16:02:08+00:00,af0a1505f84c2b2a8375365a1f127ec67e582ddf8ddba48e13b194d13b33a9d8,gfs-ml-v1:30e504d3fa915c28313a72a3c8f0d5412a78763b1207789a749d094d1a620668,2,2026-02-13T12:00:00+00:00,2026-02-13T17:00:00+05:00,18,0.03648757809229511,1.813497552546203,0.8251883428766291,True
2026-02-12,2026-02-12T18:00:00+00:00,2026-02-12T23:00:00+05:00,2026-02-12T12:00:00+00:00,2026-02-12T16:02:08+00:00,af0a1505f84c2b2a8375365a1f127ec67e582ddf8ddba48e13b194d13b33a9d8,gfs-ml-v1:30e504d3fa915c28313a72a3c8f0d5412a78763b1207789a749d094d1a620668,2,2026-02-13T13:00:00+00:00,2026-02-13T18:00:00+05:00,19,0.05593893616040302,2.374799769813047,0.2576877920650418,True
2026-02-12,2026-02-12T18:00:00+00:00,2026-02-12T23:00:00+05:00,2026-02-12T12:00:00+00:00,2026-02-12T16:02:08+00:00,af0a1505f84c2b2a8375365a1f127ec67e582ddf8ddba48e13b194d13b33a9d8,gfs-ml-v1:30e504d3fa915c28313a72a3c8f0d5412a78763b1207789a749d094d1a620668,2,2026-02-13T14:00:00+00:00,2026-02-13T19:00:00+05:00,20,0.1114531285332529,3.4926509596710154,0.11759110486053714,True
2026-02-12,2026-02-12T18:00:00+00:00,2026-02-12T23:00:00+05:00,2026-02-12T12:00:00+00:00,2026-02-12T16:02:08+00:00,af0a1505f84c2b2a8375365a1f127ec67e582ddf8ddba48e13b194d13b33a9d8,gfs-ml-v1:30e504d3fa915c28313a72a3c8f0d5412a78763b1207789a749d094d1a620668,2,2026-02-13T15:00:00+00:00,2026-02-13T20:00:00+05:00,21,0.17913979893252918,4.344045681152289,0.5597795518767157,True
2026-02-12,2026-02-12T18:00:00+00:00,2026-02-12T23:00:00+05:00,2026-02-12T12:00:00+00:00,2026-02-12T16:02:08+00:00,af0a1505f84c2b2a8375365a1f127ec67e582ddf8ddba48e13b194d13b33a9d8,gfs-ml-v1:30e504d3fa915c28313a72a3c8f0d5412a78763b1207789a749d094d1a620668,2,2026-02-13T16:00:00+00:00,2026-02-13T21:00:00+05:00,22,0.2842482620741677,5.265854760526956,0.3918347402500899,True
2026-02-12,2026-02-12T18:00:00+00:00,2026-02-12T23:00:00+05:00,2026-02-12T12:00:00+00:00,2026-02-12T16:02:08+00:00,af0a1505f84c2b2a8375365a1f127ec67e582ddf8ddba48e13b194d13b33a9d8,gfs-ml-v1:30e504d3fa915c28313a72a3c8f0d5412a78763b1207789a749d094d1a620668,2,2026-02-13T17:00:00+00:00,2026-02-13T22:00:00+05:00,23,0.3473874961959624,5.728832486140313,0.3480111595779931,True
2026-02-12,2026-02-12T18:00:00+00:00,2026-02-12T23:00:00+05:00,2026-02-12T12:00:00+00:00,2026-02-12T16:02:08+00:00,af0a1505f84c2b2a8375365a1f127ec67e582ddf8ddba48e13b194d13b33a9d8,gfs-ml-v1:30e504d3fa915c28313a72a3c8f0d5412a78763b1207789a749d094d1a620668,2,2026-02-13T18:00:00+00:00,2026-02-13T23:00:00+05:00,24,0.4113349910608521,6.183315719649738,0.38244578804551566,True
2026-02-13,2026-02-13T18:00:00+00:00,2026-02-13T23:00:00+05:00,2026-02-13T12:00:00+00:00,2026-02-13T16:00:11+00:00,73a7c5c798e755cf9d42ef777ae5218c583fd4a38a87c7c397e3ed94bcac8632,gfs-ml-v1:30e504d3fa915c28313a72a3c8f0d5412a78763b1207789a749d094d1a620668,1,2026-02-13T19:00:00+00:00,2026-02-14T00:00:00+05:00,1,0.5864318799747336,7.4348997915585135,1.073061802816028,True
2026-02-13,2026-02-13T18:00:00+00:00,2026-02-13T23:00:00+05:00,2026-02-13T12:00:00+00:00,2026-02-13T16:00:11+00:00,73a7c5c798e755cf9d42ef777ae5218c583fd4a38a87c7c397e3ed94bcac8632,gfs-ml-v1:30e504d3fa915c28313a72a3c8f0d5412a78763b1207789a749d094d1a620668,1,2026-02-13T20:00:00+00:00,2026-02-14T01:00:00+05:00,2,0.6217936432958493,7.672100098138901,0.4757946415020342,True
2026-02-13,2026-02-13T18:00:00+00:00,2026-02-13T23:00:00+05:00,2026-02-13T12:00:00+00:00,2026-02-13T16:00:11+00:00,73a7c5c798e755cf9d42ef777ae5218c583fd4a38a87c7c397e3ed94bcac8632,gfs-ml-v1:30e504d3fa915c28313a72a3c8f0d5412a78763b1207789a749d094d1a620668,1,2026-02-13T21:00:00+00:00,2026-02-14T02:00:00+05:00,3,0.6404542805940949,7.810511262447487,0.1358922891280372,True
2026-02-13,2026-02-13T18:00:00+00:00,2026-02-13T23:00:00+05:00,2026-02-13T12:00:00+00:00,2026-02-13T16:00:11+00:00,73a7c5c798e755cf9d42ef777ae5218c583fd4a38a87c7c397e3ed94bcac8632,gfs-ml-v1:30e504d3fa915c28313a72a3c8f0d5412a78763b1207789a749d094d1a620668,1,2026-02-13T22:00:00+00:00,2026-02-14T03:00:00+05:00,4,0.49687486669325476,6.806723128748577,0.09168434341205511,True
2026-02-13,2026-02-13T18:00:00+00:00,2026-02-13T23:00:00+05:00,2026-02-13T12:00:00+00:00,2026-02-13T16:00:11+00:00,73a7c5c798e755cf9d42ef777ae5218c583fd4a38a87c7c397e3ed94bcac8632,gfs-ml-v1:30e504d3fa915c28313a72a3c8f0d5412a78763b1207789a749d094d1a620668,1,2026-02-13T23:00:00+00:00,2026-02-14T04:00:00+05:00,5,0.39607607552077234,6.1067730000935185,0.07584717764808602,True
2026-02-13,2026-02-13T18:00:00+00:00,2026-02-13T23:00:00+05:00,2026-02-13T12:00:00+00:00,2026-02-13T16:00:11+00:00,73a7c5c798e755cf9d42ef777ae5218c583fd4a38a87c7c397e3ed94bcac8632,gfs-ml-v1:30e504d3fa915c28313a72a3c8f0d5412a78763b1207789a749d094d1a620668,1,2026-02-14T00:00:00+00:00,2026-02-14T05:00:00+05:00,6,0.2584561472792229,5.084435901133214,-0.015675520949912425,True
2026-02-13,2026-02-13T18:00:00+00:00,2026-02-13T23:00:00+05:00,2026-02-13T12:00:00+00:00,2026-02-13T16:00:11+00:00,73a7c5c798e755cf9d42ef777ae5218c583fd4a38a87c7c397e3ed94bcac8632,gfs-ml-v1:30e504d3fa915c28313a72a3c8f0d5412a78763b1207789a749d094d1a620668,1,2026-02-14T01:00:00+00:00,2026-02-14T06:00:00+05:00,7,0.256593216363634,5.070053077684289,-0.13846643979996998,True
2026-02-13,2026-02-13T18:00:00+00:00,2026-02-13T23:00:00+05:00,2026-02-13T12:00:00+00:00,2026-02-13T16:00:11+00:00,73a7c5c798e755cf9d42ef777ae5218c583fd4a38a87c7c397e3ed94bcac8632,gfs-ml-v1:30e504d3fa915c28313a72a3c8f0d5412a78763b1207789a749d094d1a620668,1,2026-02-14T02:00:00+00:00,2026-02-14T07:00:00+05:00,8,0.20741301220160066,4.64741582515149,-0.1475957006419435,True
2026-02-13,2026-02-13T18:00:00+00:00,2026-02-13T23:00:00+05:00,2026-02-13T12:00:00+00:00,2026-02-13T16:00:11+00:00,73a7c5c798e755cf9d42ef777ae5218c583fd4a38a87c7c397e3ed94bcac8632,gfs-ml-v1:30e504d3fa915c28313a72a3c8f0d5412a78763b1207789a749d094d1a620668,1,2026-02-14T03:00:00+00:00,2026-02-14T08:00:00+05:00,9,0.17342281770490847,4.2940350332574715,0.8924067325300484,True
2026-02-13,2026-02-13T18:00:00+00:00,2026-02-13T23:00:00+05:00,2026-02-13T12:00:00+00:00,2026-02-13T16:00:11+00:00,73a7c5c798e755cf9d42ef777ae5218c583fd4a38a87c7c397e3ed94bcac8632,gfs-ml-v1:30e504d3fa915c28313a72a3c8f0d5412a78763b1207789a749d094d1a620668,1,2026-02-14T04:00:00+00:00,2026-02-14T09:00:00+05:00,10,0.2130809760267737,4.69617612821245,2.017727709422047,True
2026-02-13,2026-02-13T18:00:00+00:00,2026-02-13T23:00:00+05:00,2026-02-13T12:00:00+00:00,2026-02-13T16:00:11+00:00,73a7c5c798e755cf9d42ef777ae5218c583fd4a38a87c7c397e3ed94bcac8632,gfs-ml-v1:30e504d3fa915c28313a72a3c8f0d5412a78763b1207789a749d094d1a620668,1,2026-02-14T05:00:00+00:00,2026-02-14T10:00:00+05:00,11,0.3034744757214559,5.432001484232502,2.708352587356046,True
2026-02-13,2026-02-13T18:00:00+00:00,2026-02-13T23:00:00+05:00,2026-02-13T12:00:00+00:00,2026-02-13T16:00:11+00:00,73a7c5c798e755cf9d42ef777ae5218c583fd4a38a87c7c397e3ed94bcac8632,gfs-ml-v1:30e504d3fa915c28313a72a3c8f0d5412a78763b1207789a749d094d1a620668,1,2026-02-14T06:00:00+00:00,2026-02-14T11:00:00+05:00,12,0.26470132275146263,5.13265199732505,3.443626418246083,True
2026-02-13,2026-02-13T18:00:00+00:00,2026-02-13T23:00:00+05:00,2026-02-13T12:00:00+00:00,2026-02-13T16:00:11+00:00,73a7c5c798e755cf9d42ef777ae5218c583fd4a38a87c7c397e3ed94bcac8632,gfs-ml-v1:30e504d3fa915c28313a72a3c8f0d5412a78763b1207789a749d094d1a620668,1,2026-02-14T07:00:00+00:00,2026-02-14T12:00:00+05:00,13,0.22397303577494218,4.7898782319414845,3.962782193194016,True
2026-02-13,2026-02-13T18:00:00+00:00,2026-02-13T23:00:00+05:00,2026-02-13T12:00:00+00:00,2026-02-13T16:00:11+00:00,73a7c5c798e755cf9d42ef777ae5218c583fd4a38a87c7c397e3ed94bcac8632,gfs-ml-v1:30e504d3fa915c28313a72a3c8f0d5412a78763b1207789a749d094d1a620668,1,2026-02-14T08:00:00+00:00,2026-02-14T13:00:00+05:00,14,0.15545330393900902,4.088013078239519,4.228558074448017,True
2026-02-13,2026-02-13T18:00:00+00:00,2026-02-13T23:00:00+05:00,2026-02-13T12:00:00+00:00,2026-02-13T16:00:11+00:00,73a7c5c798e755cf9d42ef777ae5218c583fd4a38a87c7c397e3ed94bcac8632,gfs-ml-v1:30e504d3fa915c28313a72a3c8f0d5412a78763b1207789a749d094d1a620668,1,2026-02-14T09:00:00+00:00,2026-02-14T14:00:00+05:00,15,0.06766805584432845,2.642993657458135,4.431904374960027,True
2026-02-13,2026-02-13T18:00:00+00:00,2026-02-13T23:00:00+05:00,2026-02-13T12:00:00+00:00,2026-02-13T16:00:11+00:00,73a7c5c798e755cf9d42ef777ae5218c583fd4a38a87c7c397e3ed94bcac8632,gfs-ml-v1:30e504d3fa915c28313a72a3c8f0d5412a78763b1207789a749d094d1a620668,1,2026-02-14T10:00:00+00:00,2026-02-14T15:00:00+05:00,16,0.032087098278064385,1.615139051880243,4.4059386432460315,True
2026-02-13,2026-02-13T18:00:00+00:00,2026-02-13T23:00:00+05:00,2026-02-13T12:00:00+00:00,2026-02-13T16:00:11+00:00,73a7c5c798e755cf9d42ef777ae5218c583fd4a38a87c7c397e3ed94bcac8632,gfs-ml-v1:30e504d3fa915c28313a72a3c8f0d5412a78763b1207789a749d094d1a620668,1,2026-02-14T11:00:00+00:00,2026-02-14T16:00:00+05:00,17,0.09183166024315195,3.1369942466535816,4.0901407691920895,True
2026-02-13,2026-02-13T18:00:00+00:00,2026-02-13T23:00:00+05:00,2026-02-13T12:00:00+00:00,2026-02-13T16:00:11+00:00,73a7c5c798e755cf9d42ef777ae5218c583fd4a38a87c7c397e3ed94bcac8632,gfs-ml-v1:30e504d3fa915c28313a72a3c8f0d5412a78763b1207789a749d094d1a620668,1,2026-02-14T12:00:00+00:00,2026-02-14T17:00:00+05:00,18,0.07102306910473324,2.719210427657772,2.9940279186060366,True
2026-02-13,2026-02-13T18:00:00+00:00,2026-02-13T23:00:00+05:00,2026-02-13T12:00:00+00:00,2026-02-13T16:00:11+00:00,73a7c5c798e755cf9d42ef777ae5218c583fd4a38a87c7c397e3ed94bcac8632,gfs-ml-v1:30e504d3fa915c28313a72a3c8f0d5412a78763b1207789a749d094d1a620668,1,2026-02-14T13:00:00+00:00,2026-02-14T18:00:00+05:00,19,0.04045931244932251,1.910100256296749,1.801133583940043,True
2026-02-13,2026-02-13T18:00:00+00:00,2026-02-13T23:00:00+05:00,2026-02-13T12:00:00+00:00,2026-02-13T16:00:11+00:00,73a7c5c798e755cf9d42ef777ae5218c583fd4a38a87c7c397e3ed94bcac8632,gfs-ml-v1:30e504d3fa915c28313a72a3c8f0d5412a78763b1207789a749d094d1a620668,1,2026-02-14T14:00:00+00:00,2026-02-14T19:00:00+05:00,20,0.012004941020057351,0.4190661033444951,1.097764730850031,True
2026-02-13,2026-02-13T18:00:00+00:00,2026-02-13T23:00:00+05:00,2026-02-13T12:00:00+00:00,2026-02-13T16:00:11+00:00,73a7c5c798e755cf9d42ef777ae5218c583fd4a38a87c7c397e3ed94bcac8632,gfs-ml-v1:30e504d3fa915c28313a72a3c8f0d5412a78763b1207789a749d094d1a620668,1,2026-02-14T15:00:00+00:00,2026-02-14T20:00:00+05:00,21,0.015084335830721433,0.7463221192881233,0.9677008088180514,True
2026-02-13,2026-02-13T18:00:00+00:00,2026-02-13T23:00:00+05:00,2026-02-13T12:00:00+00:00,2026-02-13T16:00:11+00:00,73a7c5c798e755cf9d42ef777ae5218c583fd4a38a87c7c397e3ed94bcac8632,gfs-ml-v1:30e504d3fa915c28313a72a3c8f0d5412a78763b1207789a749d094d1a620668,1,2026-02-14T16:00:00+00:00,2026-02-14T21:00:00+05:00,22,0.029156112481692534,1.5110331221284865,1.0271965564480183,True
2026-02-13,2026-02-13T18:00:00+00:00,2026-02-13T23:00:00+05:00,2026-02-13T12:00:00+00:00,2026-02-13T16:00:11+00:00,73a7c5c798e755cf9d42ef777ae5218c583fd4a38a87c7c397e3ed94bcac8632,gfs-ml-v1:30e504d3fa915c28313a72a3c8f0d5412a78763b1207789a749d094d1a620668,1,2026-02-14T17:00:00+00:00,2026-02-14T22:00:00+05:00,23,0.02617418368143804,1.4051177435591626,1.1052461873080688,True
2026-02-13,2026-02-13T18:00:00+00:00,2026-02-13T23:00:00+05:00,2026-02-13T12:00:00+00:00,2026-02-13T16:00:11+00:00,73a7c5c798e755cf9d42ef777ae5218c583fd4a38a87c7c397e3ed94bcac8632,gfs-ml-v1:30e504d3fa915c28313a72a3c8f0d5412a78763b1207789a749d094d1a620668,1,2026-02-14T18:00:00+00:00,2026-02-14T23:00:00+05:00,24,0.04058315047042596,1.913716961720453,1.0371739089620178,True
2026-02-13,2026-02-13T18:00:00+00:00,2026-02-13T23:00:00+05:00,2026-02-13T12:00:00+00:00,2026-02-13T16:00:11+00:00,73a7c5c798e755cf9d42ef777ae5218c583fd4a38a87c7c397e3ed94bcac8632,gfs-ml-v1:30e504d3fa915c28313a72a3c8f0d5412a78763b1207789a749d094d1a620668,2,2026-02-13T19:00:00+00:00,2026-02-14T00:00:00+05:00,1,0.5801341555083344,7.347636298754198,1.047231200035867,True
2026-02-13,2026-02-13T18:00:00+00:00,2026-02-13T23:00:00+05:00,2026-02-13T12:00:00+00:00,2026-02-13T16:00:11+00:00,73a7c5c798e755cf9d42ef777ae5218c583fd4a38a87c7c397e3ed94bcac8632,gfs-ml-v1:30e504d3fa915c28313a72a3c8f0d5412a78763b1207789a749d094d1a620668,2,2026-02-13T20:00:00+00:00,2026-02-14T01:00:00+05:00,2,0.6152822640085689,7.569131045157005,0.4465295997304679,True
2026-02-13,2026-02-13T18:00:00+00:00,2026-02-13T23:00:00+05:00,2026-02-13T12:00:00+00:00,2026-02-13T16:00:11+00:00,73a7c5c798e755cf9d42ef777ae5218c583fd4a38a87c7c397e3ed94bcac8632,gfs-ml-v1:30e504d3fa915c28313a72a3c8f0d5412a78763b1207789a749d094d1a620668,2,2026-02-13T21:00:00+00:00,2026-02-14T02:00:00+05:00,3,0.6318916785786491,7.715880248140152,0.11147600647075251,True
2026-02-13,2026-02-13T18:00:00+00:00,2026-02-13T23:00:00+05:00,2026-02-13T12:00:00+00:00,2026-02-13T16:00:11+00:00,73a7c5c798e755cf9d42ef777ae5218c583fd4a38a87c7c397e3ed94bcac8632,gfs-ml-v1:30e504d3fa915c28313a72a3c8f0d5412a78763b1207789a749d094d1a620668,2,2026-02-13T22:00:00+00:00,2026-02-14T03:00:00+05:00,4,0.48728561218567734,6.725895495021827,0.06567484503887044,True
2026-02-13,2026-02-13T18:00:00+00:00,2026-02-13T23:00:00+05:00,2026-02-13T12:00:00+00:00,2026-02-13T16:00:11+00:00,73a7c5c798e755cf9d42ef777ae5218c583fd4a38a87c7c397e3ed94bcac8632,gfs-ml-v1:30e504d3fa915c28313a72a3c8f0d5412a78763b1207789a749d094d1a620668,2,2026-02-13T23:00:00+00:00,2026-02-14T04:00:00+05:00,5,0.38996664487894017,6.030071818369982,0.052640997915545995,True
2026-02-13,2026-02-13T18:00:00+00:00,2026-02-13T23:00:00+05:00,2026-02-13T12:00:00+00:00,2026-02-13T16:00:11+00:00,73a7c5c798e755cf9d42ef777ae5218c583fd4a38a87c7c397e3ed94bcac8632,gfs-ml-v1:30e504d3fa915c28313a72a3c8f0d5412a78763b1207789a749d094d1a620668,2,2026-02-14T00:00:00+00:00,2026-02-14T05:00:00+05:00,6,0.25195253650717636,5.0191148698598465,-0.037681417077976676,True
2026-02-13,2026-02-13T18:00:00+00:00,2026-02-13T23:00:00+05:00,2026-02-13T12:00:00+00:00,2026-02-13T16:00:11+00:00,73a7c5c798e755cf9d42ef777ae5218c583fd4a38a87c7c397e3ed94bcac8632,gfs-ml-v1:30e504d3fa915c28313a72a3c8f0d5412a78763b1207789a749d094d1a620668,2,2026-02-14T01:00:00+00:00,2026-02-14T06:00:00+05:00,7,0.25053578379507224,5.008290855128801,-0.16340061055200295,True
2026-02-13,2026-02-13T18:00:00+00:00,2026-02-13T23:00:00+05:00,2026-02-13T12:00:00+00:00,2026-02-13T16:00:11+00:00,73a7c5c798e755cf9d42ef777ae5218c583fd4a38a87c7c397e3ed94bcac8632,gfs-ml-v1:30e504d3fa915c28313a72a3c8f0d5412a78763b1207789a749d094d1a620668,2,2026-02-14T02:00:00+00:00,2026-02-14T07:00:00+05:00,8,0.20439594157626045,4.595346174745413,-0.17433888622406357,True
2026-02-13,2026-02-13T18:00:00+00:00,2026-02-13T23:00:00+05:00,2026-02-13T12:00:00+00:00,2026-02-13T16:00:11+00:00,73a7c5c798e755cf9d42ef777ae5218c583fd4a38a87c7c397e3ed94bcac8632,gfs-ml-v1:30e504d3fa915c28313a72a3c8f0d5412a78763b1207789a749d094d1a620668,2,2026-02-14T03:00:00+00:00,2026-02-14T08:00:00+05:00,9,0.17010499961054495,4.240298707794725,0.8655727203572496,True
2026-02-13,2026-02-13T18:00:00+00:00,2026-02-13T23:00:00+05:00,2026-02-13T12:00:00+00:00,2026-02-13T16:00:11+00:00,73a7c5c798e755cf9d42ef777ae5218c583fd4a38a87c7c397e3ed94bcac8632,gfs-ml-v1:30e504d3fa915c28313a72a3c8f0d5412a78763b1207789a749d094d1a620668,2,2026-02-14T04:00:00+00:00,2026-02-14T09:00:00+05:00,10,0.20898565843852623,4.637213298236216,1.9919143228312919,True
2026-02-13,2026-02-13T18:00:00+00:00,2026-02-13T23:00:00+05:00,2026-02-13T12:00:00+00:00,2026-02-13T16:00:11+00:00,73a7c5c798e755cf9d42ef777ae5218c583fd4a38a87c7c397e3ed94bcac8632,gfs-ml-v1:30e504d3fa915c28313a72a3c8f0d5412a78763b1207789a749d094d1a620668,2,2026-02-14T05:00:00+00:00,2026-02-14T10:00:00+05:00,11,0.2982251680968793,5.372638559415597,2.6861597904254495,True
2026-02-13,2026-02-13T18:00:00+00:00,2026-02-13T23:00:00+05:00,2026-02-13T12:00:00+00:00,2026-02-13T16:00:11+00:00,73a7c5c798e755cf9d42ef777ae5218c583fd4a38a87c7c397e3ed94bcac8632,gfs-ml-v1:30e504d3fa915c28313a72a3c8f0d5412a78763b1207789a749d094d1a620668,2,2026-02-14T06:00:00+00:00,2026-02-14T11:00:00+05:00,12,0.25966797943045666,5.0780609845520095,3.417793301789061,True
2026-02-13,2026-02-13T18:00:00+00:00,2026-02-13T23:00:00+05:00,2026-02-13T12:00:00+00:00,2026-02-13T16:00:11+00:00,73a7c5c798e755cf9d42ef777ae5218c583fd4a38a87c7c397e3ed94bcac8632,gfs-ml-v1:30e504d3fa915c28313a72a3c8f0d5412a78763b1207789a749d094d1a620668,2,2026-02-14T07:00:00+00:00,2026-02-14T12:00:00+05:00,13,0.22098845566229428,4.746702098674877,3.9296812277565323,True
2026-02-13,2026-02-13T18:00:00+00:00,2026-02-13T23:00:00+05:00,2026-02-13T12:00:00+00:00,2026-02-13T16:00:11+00:00,73a7c5c798e755cf9d42ef777ae5218c583fd4a38a87c7c397e3ed94bcac8632,gfs-ml-v1:30e504d3fa915c28313a72a3c8f0d5412a78763b1207789a749d094d1a620668,2,2026-02-14T08:00:00+00:00,2026-02-14T13:00:00+05:00,14,0.15343910810799963,4.048923588096451,4.1963851723475045,True
2026-02-13,2026-02-13T18:00:00+00:00,2026-02-13T23:00:00+05:00,2026-02-13T12:00:00+00:00,2026-02-13T16:00:11+00:00,73a7c5c798e755cf9d42ef777ae5218c583fd4a38a87c7c397e3ed94bcac8632,gfs-ml-v1:30e504d3fa915c28313a72a3c8f0d5412a78763b1207789a749d094d1a620668,2,2026-02-14T09:00:00+00:00,2026-02-14T14:00:00+05:00,15,0.06686491392762954,2.615209462313013,4.397659755990389,True
2026-02-13,2026-02-13T18:00:00+00:00,2026-02-13T23:00:00+05:00,2026-02-13T12:00:00+00:00,2026-02-13T16:00:11+00:00,73a7c5c798e755cf9d42ef777ae5218c583fd4a38a87c7c397e3ed94bcac8632,gfs-ml-v1:30e504d3fa915c28313a72a3c8f0d5412a78763b1207789a749d094d1a620668,2,2026-02-14T10:00:00+00:00,2026-02-14T15:00:00+05:00,16,0.03073838492315872,1.5850362681980024,4.367318006788992,True
2026-02-13,2026-02-13T18:00:00+00:00,2026-02-13T23:00:00+05:00,2026-02-13T12:00:00+00:00,2026-02-13T16:00:11+00:00,73a7c5c798e755cf9d42ef777ae5218c583fd4a38a87c7c397e3ed94bcac8632,gfs-ml-v1:30e504d3fa915c28313a72a3c8f0d5412a78763b1207789a749d094d1a620668,2,2026-02-14T11:00:00+00:00,2026-02-14T16:00:00+05:00,17,0.09062932771539728,3.1152930700433905,4.049913485526076,True
2026-02-13,2026-02-13T18:00:00+00:00,2026-02-13T23:00:00+05:00,2026-02-13T12:00:00+00:00,2026-02-13T16:00:11+00:00,73a7c5c798e755cf9d42ef777ae5218c583fd4a38a87c7c397e3ed94bcac8632,gfs-ml-v1:30e504d3fa915c28313a72a3c8f0d5412a78763b1207789a749d094d1a620668,2,2026-02-14T12:00:00+00:00,2026-02-14T17:00:00+05:00,18,0.07027007591088091,2.6901349255298244,2.9561058416754236,True
2026-02-13,2026-02-13T18:00:00+00:00,2026-02-13T23:00:00+05:00,2026-02-13T12:00:00+00:00,2026-02-13T16:00:11+00:00,73a7c5c798e755cf9d42ef777ae5218c583fd4a38a87c7c397e3ed94bcac8632,gfs-ml-v1:30e504d3fa915c28313a72a3c8f0d5412a78763b1207789a749d094d1a620668,2,2026-02-14T13:00:00+00:00,2026-02-14T18:00:00+05:00,19,0.03898759546457906,1.8921062251275718,1.76161422204558,True
2026-02-13,2026-02-13T18:00:00+00:00,2026-02-13T23:00:00+05:00,2026-02-13T12:00:00+00:00,2026-02-13T16:00:11+00:00,73a7c5c798e755cf9d42ef777ae5218c583fd4a38a87c7c397e3ed94bcac8632,gfs-ml-v1:30e504d3fa915c28313a72a3c8f0d5412a78763b1207789a749d094d1a620668,2,2026-02-14T14:00:00+00:00,2026-02-14T19:00:00+05:00,20,0.011458075315734258,0.4279514571928718,1.0605649123540388,True
2026-02-13,2026-02-13T18:00:00+00:00,2026-02-13T23:00:00+05:00,2026-02-13T12:00:00+00:00,2026-02-13T16:00:11+00:00,73a7c5c798e755cf9d42ef777ae5218c583fd4a38a87c7c397e3ed94bcac8632,gfs-ml-v1:30e504d3fa915c28313a72a3c8f0d5412a78763b1207789a749d094d1a620668,2,2026-02-14T15:00:00+00:00,2026-02-14T20:00:00+05:00,21,0.014057868271072565,0.730592951682571,0.9346610711463654,True
2026-02-13,2026-02-13T18:00:00+00:00,2026-02-13T23:00:00+05:00,2026-02-13T12:00:00+00:00,2026-02-13T16:00:11+00:00,73a7c5c798e755cf9d42ef777ae5218c583fd4a38a87c7c397e3ed94bcac8632,gfs-ml-v1:30e504d3fa915c28313a72a3c8f0d5412a78763b1207789a749d094d1a620668,2,2026-02-14T16:00:00+00:00,2026-02-14T21:00:00+05:00,22,0.02874156261890281,1.5056865968920428,1.0012610012275331,True
2026-02-13,2026-02-13T18:00:00+00:00,2026-02-13T23:00:00+05:00,2026-02-13T12:00:00+00:00,2026-02-13T16:00:11+00:00,73a7c5c798e755cf9d42ef777ae5218c583fd4a38a87c7c397e3ed94bcac8632,gfs-ml-v1:30e504d3fa915c28313a72a3c8f0d5412a78763b1207789a749d094d1a620668,2,2026-02-14T17:00:00+00:00,2026-02-14T22:00:00+05:00,23,0.026137889221830263,1.4022218930946944,1.08755168473391,True
2026-02-13,2026-02-13T18:00:00+00:00,2026-02-13T23:00:00+05:00,2026-02-13T12:00:00+00:00,2026-02-13T16:00:11+00:00,73a7c5c798e755cf9d42ef777ae5218c583fd4a38a87c7c397e3ed94bcac8632,gfs-ml-v1:30e504d3fa915c28313a72a3c8f0d5412a78763b1207789a749d094d1a620668,2,2026-02-14T18:00:00+00:00,2026-02-14T23:00:00+05:00,24,0.039086996614441864,1.8949643798094487,1.0153176882208754,True
2026-02-14,2026-02-14T18:00:00+00:00,2026-02-14T23:00:00+05:00,2026-02-14T12:00:00+00:00,2026-02-14T15:59:17+00:00,c7b8561116509d00f273690c780a81f0cdf00057fd03eca8ab15a5319cef3f1b,gfs-ml-v1:30e504d3fa915c28313a72a3c8f0d5412a78763b1207789a749d094d1a620668,1,2026-02-14T19:00:00+00:00,2026-02-15T00:00:00+05:00,1,0.010821903036105428,0.21293188859714499,1.4082746827160122,True
2026-02-14,2026-02-14T18:00:00+00:00,2026-02-14T23:00:00+05:00,2026-02-14T12:00:00+00:00,2026-02-14T15:59:17+00:00,c7b8561116509d00f273690c780a81f0cdf00057fd03eca8ab15a5319cef3f1b,gfs-ml-v1:30e504d3fa915c28313a72a3c8f0d5412a78763b1207789a749d094d1a620668,1,2026-02-14T20:00:00+00:00,2026-02-15T01:00:00+05:00,2,0.04035991130109919,1.9071972329062081,1.4063024518260363,True
2026-02-14,2026-02-14T18:00:00+00:00,2026-02-14T23:00:00+05:00,2026-02-14T12:00:00+00:00,2026-02-14T15:59:17+00:00,c7b8561116509d00f273690c780a81f0cdf00057fd03eca8ab15a5319cef3f1b,gfs-ml-v1:30e504d3fa915c28313a72a3c8f0d5412a78763b1207789a749d094d1a620668,1,2026-02-14T21:00:00+00:00,2026-02-15T02:00:00+05:00,3,0.01760432976175952,0.935294078448816,0.8303096671080539,True
2026-02-14,2026-02-14T18:00:00+00:00,2026-02-14T23:00:00+05:00,2026-02-14T12:00:00+00:00,2026-02-14T15:59:17+00:00,c7b8561116509d00f273690c780a81f0cdf00057fd03eca8ab15a5319cef3f1b,gfs-ml-v1:30e504d3fa915c28313a72a3c8f0d5412a78763b1207789a749d094d1a620668,1,2026-02-14T22:00:00+00:00,2026-02-15T03:00:00+05:00,4,0.05719560755658018,2.3988859195993357,1.7181225007060448,True
2026-02-14,2026-02-14T18:00:00+00:00,2026-02-14T23:00:00+05:00,2026-02-14T12:00:00+00:00,2026-02-14T15:59:17+00:00,c7b8561116509d00f273690c780a81f0cdf00057fd03eca8ab15a5319cef3f1b,gfs-ml-v1:30e504d3fa915c28313a72a3c8f0d5412a78763b1207789a749d094d1a620668,1,2026-02-14T23:00:00+00:00,2026-02-15T04:00:00+05:00,5,0.11264535151736604,3.4970721313802926,1.4259021455980587,True
2026-02-14,2026-02-14T18:00:00+00:00,2026-02-14T23:00:00+05:00,2026-02-14T12:00:00+00:00,2026-02-14T15:59:17+00:00,c7b8561116509d00f273690c780a81f0cdf00057fd03eca8ab15a5319cef3f1b,gfs-ml-v1:30e504d3fa915c28313a72a3c8f0d5412a78763b1207789a749d094d1a620668,1,2026-02-15T00:00:00+00:00,2026-02-15T05:00:00+05:00,6,0.25083630649309924,5.020977311227857,0.9392464142920289,True
2026-02-14,2026-02-14T18:00:00+00:00,2026-02-14T23:00:00+05:00,2026-02-14T12:00:00+00:00,2026-02-14T15:59:17+00:00,c7b8561116509d00f273690c780a81f0cdf00057fd03eca8ab15a5319cef3f1b,gfs-ml-v1:30e504d3fa915c28313a72a3c8f0d5412a78763b1207789a749d094d1a620668,1,2026-02-15T01:00:00+00:00,2026-02-15T06:00:00+05:00,7,0.3451659682550546,5.742268071338122,0.1817320295960485,True
2026-02-14,2026-02-14T18:00:00+00:00,2026-02-14T23:00:00+05:00,2026-02-14T12:00:00+00:00,2026-02-14T15:59:17+00:00,c7b8561116509d00f273690c780a81f0cdf00057fd03eca8ab15a5319cef3f1b,gfs-ml-v1:30e504d3fa915c28313a72a3c8f0d5412a78763b1207789a749d094d1a620668,1,2026-02-15T02:00:00+00:00,2026-02-15T07:00:00+05:00,8,0.36156435074236487,5.859676805306079,0.02289130842399345,True
2026-02-14,2026-02-14T18:00:00+00:00,2026-02-14T23:00:00+05:00,2026-02-14T12:00:00+00:00,2026-02-14T15:59:17+00:00,c7b8561116509d00f273690c780a81f0cdf00057fd03eca8ab15a5319cef3f1b,gfs-ml-v1:30e504d3fa915c28313a72a3c8f0d5412a78763b1207789a749d094d1a620668,1,2026-02-15T03:00:00+00:00,2026-02-15T08:00:00+05:00,9,0.37527784836512645,5.957862366925157,1.0375142822000498,True
2026-02-14,2026-02-14T18:00:00+00:00,2026-02-14T23:00:00+05:00,2026-02-14T12:00:00+00:00,2026-02-14T15:59:17+00:00,c7b8561116509d00f273690c780a81f0cdf00057fd03eca8ab15a5319cef3f1b,gfs-ml-v1:30e504d3fa915c28313a72a3c8f0d5412a78763b1207789a749d094d1a620668,1,2026-02-15T04:00:00+00:00,2026-02-15T09:00:00+05:00,10,0.5803822221532181,7.3943197821019995,2.4234393856719976,True
2026-02-14,2026-02-14T18:00:00+00:00,2026-02-14T23:00:00+05:00,2026-02-14T12:00:00+00:00,2026-02-14T15:59:17+00:00,c7b8561116509d00f273690c780a81f0cdf00057fd03eca8ab15a5319cef3f1b,gfs-ml-v1:30e504d3fa915c28313a72a3c8f0d5412a78763b1207789a749d094d1a620668,1,2026-02-15T05:00:00+00:00,2026-02-15T10:00:00+05:00,11,0.7079052189908083,8.327115271079633,3.5893261170519963,True
2026-02-14,2026-02-14T18:00:00+00:00,2026-02-14T23:00:00+05:00,2026-02-14T12:00:00+00:00,2026-02-14T15:59:17+00:00,c7b8561116509d00f273690c780a81f0cdf00057fd03eca8ab15a5319cef3f1b,gfs-ml-v1:30e504d3fa915c28313a72a3c8f0d5412a78763b1207789a749d094d1a620668,1,2026-02-15T06:00:00+00:00,2026-02-15T11:00:00+05:00,12,0.8005719183617723,9.049167583564271,4.41192135820603,True
2026-02-14,2026-02-14T18:00:00+00:00,2026-02-14T23:00:00+05:00,2026-02-14T12:00:00+00:00,2026-02-14T15:59:17+00:00,c7b8561116509d00f273690c780a81f0cdf00057fd03eca8ab15a5319cef3f1b,gfs-ml-v1:30e504d3fa915c28313a72a3c8f0d5412a78763b1207789a749d094d1a620668,1,2026-02-15T07:00:00+00:00,2026-02-15T12:00:00+05:00,13,0.8262156356073314,9.257388257390684,4.85988373925602,True
2026-02-14,2026-02-14T18:00:00+00:00,2026-02-14T23:00:00+05:00,2026-02-14T12:00:00+00:00,2026-02-14T15:59:17+00:00,c7b8561116509d00f273690c780a81f0cdf00057fd03eca8ab15a5319cef3f1b,gfs-ml-v1:30e504d3fa915c28313a72a3c8f0d5412a78763b1207789a749d094d1a620668,1,2026-02-15T08:00:00+00:00,2026-02-15T13:00:00+05:00,14,0.8237020072288065,9.236978213491284,4.82179467076196,True
2026-02-14,2026-02-14T18:00:00+00:00,2026-02-14T23:00:00+05:00,2026-02-14T12:00:00+00:00,2026-02-14T15:59:17+00:00,c7b8561116509d00f273690c780a81f0cdf00057fd03eca8ab15a5319cef3f1b,gfs-ml-v1:30e504d3fa915c28313a72a3c8f0d5412a78763b1207789a749d094d1a620668,1,2026-02-15T09:00:00+00:00,2026-02-15T14:00:00+05:00,15,0.7880478926359736,8.947475576486136,4.842817762342008,True
2026-02-14,2026-02-14T18:00:00+00:00,2026-02-14T23:00:00+05:00,2026-02-14T12:00:00+00:00,2026-02-14T15:59:17+00:00,c7b8561116509d00f273690c780a81f0cdf00057fd03eca8ab15a5319cef3f1b,gfs-ml-v1:30e504d3fa915c28313a72a3c8f0d5412a78763b1207789a749d094d1a620668,1,2026-02-15T10:00:00+00:00,2026-02-15T15:00:00+05:00,16,0.7519453490292957,8.661319311193909,4.810980156066023,True
2026-02-14,2026-02-14T18:00:00+00:00,2026-02-14T23:00:00+05:00,2026-02-14T12:00:00+00:00,2026-02-14T15:59:17+00:00,c7b8561116509d00f273690c780a81f0cdf00057fd03eca8ab15a5319cef3f1b,gfs-ml-v1:30e504d3fa915c28313a72a3c8f0d5412a78763b1207789a749d094d1a620668,1,2026-02-15T11:00:00+00:00,2026-02-15T16:00:00+05:00,17,0.6952939510977562,8.231391757931585,4.47232976848403,True
2026-02-14,2026-02-14T18:00:00+00:00,2026-02-14T23:00:00+05:00,2026-02-14T12:00:00+00:00,2026-02-14T15:59:17+00:00,c7b8561116509d00f273690c780a81f0cdf00057fd03eca8ab15a5319cef3f1b,gfs-ml-v1:30e504d3fa915c28313a72a3c8f0d5412a78763b1207789a749d094d1a620668,1,2026-02-15T12:00:00+00:00,2026-02-15T17:00:00+05:00,18,0.6742413175268254,8.06981816043911,3.4091631858240135,True
2026-02-14,2026-02-14T18:00:00+00:00,2026-02-14T23:00:00+05:00,2026-02-14T12:00:00+00:00,2026-02-14T15:59:17+00:00,c7b8561116509d00f273690c780a81f0cdf00057fd03eca8ab15a5319cef3f1b,gfs-ml-v1:30e504d3fa915c28313a72a3c8f0d5412a78763b1207789a749d094d1a620668,1,2026-02-15T13:00:00+00:00,2026-02-15T18:00:00+05:00,19,0.6710569615393756,8.045379039753543,2.7894404034760782,True
2026-02-14,2026-02-14T18:00:00+00:00,2026-02-14T23:00:00+05:00,2026-02-14T12:00:00+00:00,2026-02-14T15:59:17+00:00,c7b8561116509d00f273690c780a81f0cdf00057fd03eca8ab15a5319cef3f1b,gfs-ml-v1:30e504d3fa915c28313a72a3c8f0d5412a78763b1207789a749d094d1a620668,1,2026-02-15T14:00:00+00:00,2026-02-15T19:00:00+05:00,20,0.6326348057747124,7.750498785965022,2.5664362208980265,True
2026-02-14,2026-02-14T18:00:00+00:00,2026-02-14T23:00:00+05:00,2026-02-14T12:00:00+00:00,2026-02-14T15:59:17+00:00,c7b8561116509d00f273690c780a81f0cdf00057fd03eca8ab15a5319cef3f1b,gfs-ml-v1:30e504d3fa915c28313a72a3c8f0d5412a78763b1207789a749d094d1a620668,1,2026-02-15T15:00:00+00:00,2026-02-15T20:00:00+05:00,21,0.6231271245799411,7.68104484918351,2.3105172142400647,True
2026-02-14,2026-02-14T18:00:00+00:00,2026-02-14T23:00:00+05:00,2026-02-14T12:00:00+00:00,2026-02-14T15:59:17+00:00,c7b8561116509d00f273690c780a81f0cdf00057fd03eca8ab15a5319cef3f1b,gfs-ml-v1:30e504d3fa915c28313a72a3c8f0d5412a78763b1207789a749d094d1a620668,1,2026-02-15T16:00:00+00:00,2026-02-15T21:00:00+05:00,22,0.6185723246643599,7.650492075935828,2.0024063593960477,True
2026-02-14,2026-02-14T18:00:00+00:00,2026-02-14T23:00:00+05:00,2026-02-14T12:00:00+00:00,2026-02-14T15:59:17+00:00,c7b8561116509d00f273690c780a81f0cdf00057fd03eca8ab15a5319cef3f1b,gfs-ml-v1:30e504d3fa915c28313a72a3c8f0d5412a78763b1207789a749d094d1a620668,1,2026-02-15T17:00:00+00:00,2026-02-15T22:00:00+05:00,23,0.5910787264763698,7.466069996641639,1.6623178168520099,True
2026-02-14,2026-02-14T18:00:00+00:00,2026-02-14T23:00:00+05:00,2026-02-14T12:00:00+00:00,2026-02-14T15:59:17+00:00,c7b8561116509d00f273690c780a81f0cdf00057fd03eca8ab15a5319cef3f1b,gfs-ml-v1:30e504d3fa915c28313a72a3c8f0d5412a78763b1207789a749d094d1a620668,1,2026-02-15T18:00:00+00:00,2026-02-15T23:00:00+05:00,24,0.5654315457354756,7.294033351313209,1.3332112390220345,True
2026-02-14,2026-02-14T18:00:00+00:00,2026-02-14T23:00:00+05:00,2026-02-14T12:00:00+00:00,2026-02-14T15:59:17+00:00,c7b8561116509d00f273690c780a81f0cdf00057fd03eca8ab15a5319cef3f1b,gfs-ml-v1:30e504d3fa915c28313a72a3c8f0d5412a78763b1207789a749d094d1a620668,2,2026-02-14T19:00:00+00:00,2026-02-15T00:00:00+05:00,1,0.010068621636519521,0.19931288323531468,1.3841266853118555,True
2026-02-14,2026-02-14T18:00:00+00:00,2026-02-14T23:00:00+05:00,2026-02-14T12:00:00+00:00,2026-02-14T15:59:17+00:00,c7b8561116509d00f273690c780a81f0cdf00057fd03eca8ab15a5319cef3f1b,gfs-ml-v1:30e504d3fa915c28313a72a3c8f0d5412a78763b1207789a749d094d1a620668,2,2026-02-14T20:00:00+00:00,2026-02-15T01:00:00+05:00,2,0.03918378353386597,1.8977473655925947,1.3882782939482468,True
2026-02-14,2026-02-14T18:00:00+00:00,2026-02-14T23:00:00+05:00,2026-02-14T12:00:00+00:00,2026-02-14T15:59:17+00:00,c7b8561116509d00f273690c780a81f0cdf00057fd03eca8ab15a5319cef3f1b,gfs-ml-v1:30e504d3fa915c28313a72a3c8f0d5412a78763b1207789a749d094d1a620668,2,2026-02-14T21:00:00+00:00,2026-02-15T02:00:00+05:00,3,0.01676194949427458,0.9145932492459854,0.8226331752859437,True
2026-02-14,2026-02-14T18:00:00+00:00,2026-02-14T23:00:00+05:00,2026-02-14T12:00:00+00:00,2026-02-14T15:59:17+00:00,c7b8561116509d00f273690c780a81f0cdf00057fd03eca8ab15a5319cef3f1b,gfs-ml-v1:30e504d3fa915c28313a72a3c8f0d5412a78763b1207789a749d094d1a620668,2,2026-02-14T22:00:00+00:00,2026-02-15T03:00:00+05:00,4,0.056032127440739064,2.3768503036441215,1.7016396452794424,True
2026-02-14,2026-02-14T18:00:00+00:00,2026-02-14T23:00:00+05:00,2026-02-14T12:00:00+00:00,2026-02-14T15:59:17+00:00,c7b8561116509d00f273690c780a81f0cdf00057fd03eca8ab15a5319cef3f1b,gfs-ml-v1:30e504d3fa915c28313a72a3c8f0d5412a78763b1207789a749d094d1a620668,2,2026-02-14T23:00:00+00:00,2026-02-15T04:00:00+05:00,5,0.10926456373310346,3.462305566509218,1.415060808873534,True
2026-02-14,2026-02-14T18:00:00+00:00,2026-02-14T23:00:00+05:00,2026-02-14T12:00:00+00:00,2026-02-14T15:59:17+00:00,c7b8561116509d00f273690c780a81f0cdf00057fd03eca8ab15a5319cef3f1b,gfs-ml-v1:30e504d3fa915c28313a72a3c8f0d5412a78763b1207789a749d094d1a620668,2,2026-02-15T00:00:00+00:00,2026-02-15T05:00:00+05:00,6,0.24441272116664836,4.960376851602453,0.9295333252500768,True
2026-02-14,2026-02-14T18:00:00+00:00,2026-02-14T23:00:00+05:00,2026-02-14T12:00:00+00:00,2026-02-14T15:59:17+00:00,c7b8561116509d00f273690c780a81f0cdf00057fd03eca8ab15a5319cef3f1b,gfs-ml-v1:30e504d3fa915c28313a72a3c8f0d5412a78763b1207789a749d094d1a620668,2,2026-02-15T01:00:00+00:00,2026-02-15T06:00:00+05:00,7,0.33959498625509793,5.6737534968733225,0.16799678776305882,True
2026-02-14,2026-02-14T18:00:00+00:00,2026-02-14T23:00:00+05:00,2026-02-14T12:00:00+00:00,2026-02-14T15:59:17+00:00,c7b8561116509d00f273690c780a81f0cdf00057fd03eca8ab15a5319cef3f1b,gfs-ml-v1:30e504d3fa915c28313a72a3c8f0d5412a78763b1207789a749d094d1a620668,2,2026-02-15T02:00:00+00:00,2026-02-15T07:00:00+05:00,8,0.35628524199557926,5.791723499320483,0.0023504800618070476,True
2026-02-14,2026-02-14T18:00:00+00:00,2026-02-14T23:00:00+05:00,2026-02-14T12:00:00+00:00,2026-02-14T15:59:17+00:00,c7b8561116509d00f273690c780a81f0cdf00057fd03eca8ab15a5319cef3f1b,gfs-ml-v1:30e504d3fa915c28313a72a3c8f0d5412a78763b1207789a749d094d1a620668,2,2026-02-15T03:00:00+00:00,2026-02-15T08:00:00+05:00,9,0.3704558764176833,5.891884323902624,1.0218040183279982,True
2026-02-14,2026-02-14T18:00:00+00:00,2026-02-14T23:00:00+05:00,2026-02-14T12:00:00+00:00,2026-02-14T15:59:17+00:00,c7b8561116509d00f273690c780a81f0cdf00057fd03eca8ab15a5319cef3f1b,gfs-ml-v1:30e504d3fa915c28313a72a3c8f0d5412a78763b1207789a749d094d1a620668,2,2026-02-15T04:00:00+00:00,2026-02-15T09:00:00+05:00,10,0.5736058950087654,7.306496804610614,2.4106135190812665,True
2026-02-14,2026-02-14T18:00:00+00:00,2026-02-14T23:00:00+05:00,2026-02-14T12:00:00+00:00,2026-02-14T15:59:17+00:00,c7b8561116509d00f273690c780a81f0cdf00057fd03eca8ab15a5319cef3f1b,gfs-ml-v1:30e504d3fa915c28313a72a3c8f0d5412a78763b1207789a749d094d1a620668,2,2026-02-15T05:00:00+00:00,2026-02-15T10:00:00+05:00,11,0.6939109008587732,8.226029970625284,3.5679122729125083,True
2026-02-14,2026-02-14T18:00:00+00:00,2026-02-14T23:00:00+05:00,2026-02-14T12:00:00+00:00,2026-02-14T15:59:17+00:00,c7b8561116509d00f273690c780a81f0cdf00057fd03eca8ab15a5319cef3f1b,gfs-ml-v1:30e504d3fa915c28313a72a3c8f0d5412a78763b1207789a749d094d1a620668,2,2026-02-15T06:00:00+00:00,2026-02-15T11:00:00+05:00,12,0.7977389324638011,8.94522351563172,4.382583782779477,True
2026-02-14,2026-02-14T18:00:00+00:00,2026-02-14T23:00:00+05:00,2026-02-14T12:00:00+00:00,2026-02-14T15:59:17+00:00,c7b8561116509d00f273690c780a81f0cdf00057fd03eca8ab15a5319cef3f1b,gfs-ml-v1:30e504d3fa915c28313a72a3c8f0d5412a78763b1207789a749d094d1a620668,2,2026-02-15T07:00:00+00:00,2026-02-15T12:00:00+05:00,13,0.8254897259636584,9.152622053722325,4.823105294581467,True
2026-02-14,2026-02-14T18:00:00+00:00,2026-02-14T23:00:00+05:00,2026-02-14T12:00:00+00:00,2026-02-14T15:59:17+00:00,c7b8561116509d00f273690c780a81f0cdf00057fd03eca8ab15a5319cef3f1b,gfs-ml-v1:30e504d3fa915c28313a72a3c8f0d5412a78763b1207789a749d094d1a620668,2,2026-02-15T08:00:00+00:00,2026-02-15T13:00:00+05:00,14,0.8231436146198297,9.133477988550991,4.7808734876529115,True
2026-02-14,2026-02-14T18:00:00+00:00,2026-02-14T23:00:00+05:00,2026-02-14T12:00:00+00:00,2026-02-14T15:59:17+00:00,c7b8561116509d00f273690c780a81f0cdf00057fd03eca8ab15a5319cef3f1b,gfs-ml-v1:30e504d3fa915c28313a72a3c8f0d5412a78763b1207789a749d094d1a620668,2,2026-02-15T09:00:00+00:00,2026-02-15T14:00:00+05:00,15,0.784833597362647,8.849592047290846,4.798556190932118,True
2026-02-14,2026-02-14T18:00:00+00:00,2026-02-14T23:00:00+05:00,2026-02-14T12:00:00+00:00,2026-02-14T15:59:17+00:00,c7b8561116509d00f273690c780a81f0cdf00057fd03eca8ab15a5319cef3f1b,gfs-ml-v1:30e504d3fa915c28313a72a3c8f0d5412a78763b1207789a749d094d1a620668,2,2026-02-15T10:00:00+00:00,2026-02-15T15:00:00+05:00,16,0.7459919795528587,8.56819776141625,4.768780820165887,True
2026-02-14,2026-02-14T18:00:00+00:00,2026-02-14T23:00:00+05:00,2026-02-14T12:00:00+00:00,2026-02-14T15:59:17+00:00,c7b8561116509d00f273690c780a81f0cdf00057fd03eca8ab15a5319cef3f1b,gfs-ml-v1:30e504d3fa915c28313a72a3c8f0d5412a78763b1207789a749d094d1a620668,2,2026-02-15T11:00:00+00:00,2026-02-15T16:00:00+05:00,17,0.6814603609106886,8.14423109366242,4.433089235776151,True
2026-02-14,2026-02-14T18:00:00+00:00,2026-02-14T23:00:00+05:00,2026-02-14T12:00:00+00:00,2026-02-14T15:59:17+00:00,c7b8561116509d00f273690c780a81f0cdf00057fd03eca8ab15a5319cef3f1b,gfs-ml-v1:30e504d3fa915c28313a72a3c8f0d5412a78763b1207789a749d094d1a620668,2,2026-02-15T12:00:00+00:00,2026-02-15T17:00:00+05:00,18,0.6613140880993975,7.980504167580211,3.374419842837767,True
2026-02-14,2026-02-14T18:00:00+00:00,2026-02-14T23:00:00+05:00,2026-02-14T12:00:00+00:00,2026-02-14T15:59:17+00:00,c7b8561116509d00f273690c780a81f0cdf00057fd03eca8ab15a5319cef3f1b,gfs-ml-v1:30e504d3fa915c28313a72a3c8f0d5412a78763b1207789a749d094d1a620668,2,2026-02-15T13:00:00+00:00,2026-02-15T18:00:00+05:00,19,0.6581455624657683,7.952006580683871,2.7570035840942637,True
2026-02-14,2026-02-14T18:00:00+00:00,2026-02-14T23:00:00+05:00,2026-02-14T12:00:00+00:00,2026-02-14T15:59:17+00:00,c7b8561116509d00f273690c780a81f0cdf00057fd03eca8ab15a5319cef3f1b,gfs-ml-v1:30e504d3fa915c28313a72a3c8f0d5412a78763b1207789a749d094d1a620668,2,2026-02-15T14:00:00+00:00,2026-02-15T19:00:00+05:00,20,0.6252533284253299,7.656175204780326,2.5348929880455557,True
2026-02-14,2026-02-14T18:00:00+00:00,2026-02-14T23:00:00+05:00,2026-02-14T12:00:00+00:00,2026-02-14T15:59:17+00:00,c7b8561116509d00f273690c780a81f0cdf00057fd03eca8ab15a5319cef3f1b,gfs-ml-v1:30e504d3fa915c28313a72a3c8f0d5412a78763b1207789a749d094d1a620668,2,2026-02-15T15:00:00+00:00,2026-02-15T20:00:00+05:00,21,0.6176575533834079,7.587859122055663,2.281605076217602,True
2026-02-14,2026-02-14T18:00:00+00:00,2026-02-14T23:00:00+05:00,2026-02-14T12:00:00+00:00,2026-02-14T15:59:17+00:00,c7b8561116509d00f273690c780a81f0cdf00057fd03eca8ab15a5319cef3f1b,gfs-ml-v1:30e504d3fa915c28313a72a3c8f0d5412a78763b1207789a749d094d1a620668,2,2026-02-15T16:00:00+00:00,2026-02-15T21:00:00+05:00,22,0.6139032081739552,7.560440574022233,1.9766200083150807,True
2026-02-14,2026-02-14T18:00:00+00:00,2026-02-14T23:00:00+05:00,2026-02-14T12:00:00+00:00,2026-02-14T15:59:17+00:00,c7b8561116509d00f273690c780a81f0cdf00057fd03eca8ab15a5319cef3f1b,gfs-ml-v1:30e504d3fa915c28313a72a3c8f0d5412a78763b1207789a749d094d1a620668,2,2026-02-15T17:00:00+00:00,2026-02-15T22:00:00+05:00,23,0.5850716246323289,7.378751016392092,1.6390144634644912,True
2026-02-14,2026-02-14T18:00:00+00:00,2026-02-14T23:00:00+05:00,2026-02-14T12:00:00+00:00,2026-02-14T15:59:17+00:00,c7b8561116509d00f273690c780a81f0cdf00057fd03eca8ab15a5319cef3f1b,gfs-ml-v1:30e504d3fa915c28313a72a3c8f0d5412a78763b1207789a749d094d1a620668,2,2026-02-15T18:00:00+00:00,2026-02-15T23:00:00+05:00,24,0.558175821528905,7.2092602716012895,1.3165135539352946,True
2026-02-15,2026-02-15T18:00:00+00:00,2026-02-15T23:00:00+05:00,2026-02-15T12:00:00+00:00,2026-02-15T16:02:39+00:00,f93d6725b36838fa75d7eeb7498251cc30b7a08f9d33e41d2b4c42ddb6b5d1a9,gfs-ml-v1:30e504d3fa915c28313a72a3c8f0d5412a78763b1207789a749d094d1a620668,1,2026-02-15T19:00:00+00:00,2026-02-16T00:00:00+05:00,1,0.5473596271735031,7.172429990861786,2.34081870988598,True
2026-02-15,2026-02-15T18:00:00+00:00,2026-02-15T23:00:00+05:00,2026-02-15T12:00:00+00:00,2026-02-15T16:02:39+00:00,f93d6725b36838fa75d7eeb7498251cc30b7a08f9d33e41d2b4c42ddb6b5d1a9,gfs-ml-v1:30e504d3fa915c28313a72a3c8f0d5412a78763b1207789a749d094d1a620668,1,2026-02-15T20:00:00+00:00,2026-02-16T01:00:00+05:00,2,0.5333790543274387,7.071156034573933,2.6349361014180204,True
2026-02-15,2026-02-15T18:00:00+00:00,2026-02-15T23:00:00+05:00,2026-02-15T12:00:00+00:00,2026-02-15T16:02:39+00:00,f93d6725b36838fa75d7eeb7498251cc30b7a08f9d33e41d2b4c42ddb6b5d1a9,gfs-ml-v1:30e504d3fa915c28313a72a3c8f0d5412a78763b1207789a749d094d1a620668,1,2026-02-15T21:00:00+00:00,2026-02-16T02:00:00+05:00,3,0.5806710302553731,7.396257054566385,2.7428337108840424,True
2026-02-15,2026-02-15T18:00:00+00:00,2026-02-15T23:00:00+05:00,2026-02-15T12:00:00+00:00,2026-02-15T16:02:39+00:00,f93d6725b36838fa75d7eeb7498251cc30b7a08f9d33e41d2b4c42ddb6b5d1a9,gfs-ml-v1:30e504d3fa915c28313a72a3c8f0d5412a78763b1207789a749d094d1a620668,1,2026-02-15T22:00:00+00:00,2026-02-16T03:00:00+05:00,4,0.521928141476947,6.988206697644357,2.7738286260880045,True
2026-02-15,2026-02-15T18:00:00+00:00,2026-02-15T23:00:00+05:00,2026-02-15T12:00:00+00:00,2026-02-15T16:02:39+00:00,f93d6725b36838fa75d7eeb7498251cc30b7a08f9d33e41d2b4c42ddb6b5d1a9,gfs-ml-v1:30e504d3fa915c28313a72a3c8f0d5412a78763b1207789a749d094d1a620668,1,2026-02-15T23:00:00+00:00,2026-02-16T04:00:00+05:00,5,0.4276322967087943,6.3236953011354995,2.4545571068520076,True
2026-02-15,2026-02-15T18:00:00+00:00,2026-02-15T23:00:00+05:00,2026-02-15T12:00:00+00:00,2026-02-15T16:02:39+00:00,f93d6725b36838fa75d7eeb7498251cc30b7a08f9d33e41d2b4c42ddb6b5d1a9,gfs-ml-v1:30e504d3fa915c28313a72a3c8f0d5412a78763b1207789a749d094d1a620668,1,2026-02-16T00:00:00+00:00,2026-02-16T05:00:00+05:00,6,0.44252511069676864,6.425766794840628,2.109469025828048,True
2026-02-15,2026-02-15T18:00:00+00:00,2026-02-15T23:00:00+05:00,2026-02-15T12:00:00+00:00,2026-02-15T16:02:39+00:00,f93d6725b36838fa75d7eeb7498251cc30b7a08f9d33e41d2b4c42ddb6b5d1a9,gfs-ml-v1:30e504d3fa915c28313a72a3c8f0d5412a78763b1207789a749d094d1a620668,1,2026-02-16T01:00:00+00:00,2026-02-16T06:00:00+05:00,7,0.41289543663706874,6.222692675220804,1.9135432028420496,True
2026-02-15,2026-02-15T18:00:00+00:00,2026-02-15T23:00:00+05:00,2026-02-15T12:00:00+00:00,2026-02-15T16:02:39+00:00,f93d6725b36838fa75d7eeb7498251cc30b7a08f9d33e41d2b4c42ddb6b5d1a9,gfs-ml-v1:30e504d3fa915c28313a72a3c8f0d5412a78763b1207789a749d094d1a620668,1,2026-02-16T02:00:00+00:00,2026-02-16T07:00:00+05:00,8,0.3944849643406466,6.095381001559189,1.8736896779940366,True
2026-02-15,2026-02-15T18:00:00+00:00,2026-02-15T23:00:00+05:00,2026-02-15T12:00:00+00:00,2026-02-15T16:02:39+00:00,f93d6725b36838fa75d7eeb7498251cc30b7a08f9d33e41d2b4c42ddb6b5d1a9,gfs-ml-v1:30e504d3fa915c28313a72a3c8f0d5412a78763b1207789a749d094d1a620668,1,2026-02-16T03:00:00+00:00,2026-02-16T08:00:00+05:00,9,0.2493235585045111,5.007963457813546,2.0256710528159942,True
2026-02-15,2026-02-15T18:00:00+00:00,2026-02-15T23:00:00+05:00,2026-02-15T12:00:00+00:00,2026-02-15T16:02:39+00:00,f93d6725b36838fa75d7eeb7498251cc30b7a08f9d33e41d2b4c42ddb6b5d1a9,gfs-ml-v1:30e504d3fa915c28313a72a3c8f0d5412a78763b1207789a749d094d1a620668,1,2026-02-16T04:00:00+00:00,2026-02-16T09:00:00+05:00,10,0.18791064705587332,4.460139189760387,2.1004044060280194,True
2026-02-15,2026-02-15T18:00:00+00:00,2026-02-15T23:00:00+05:00,2026-02-15T12:00:00+00:00,2026-02-15T16:02:39+00:00,f93d6725b36838fa75d7eeb7498251cc30b7a08f9d33e41d2b4c42ddb6b5d1a9,gfs-ml-v1:30e504d3fa915c28313a72a3c8f0d5412a78763b1207789a749d094d1a620668,1,2026-02-16T05:00:00+00:00,2026-02-16T10:00:00+05:00,11,0.17206820565769537,4.278504294591224,2.317410882916022,True
2026-02-15,2026-02-15T18:00:00+00:00,2026-02-15T23:00:00+05:00,2026-02-15T12:00:00+00:00,2026-02-15T16:02:39+00:00,f93d6725b36838fa75d7eeb7498251cc30b7a08f9d33e41d2b4c42ddb6b5d1a9,gfs-ml-v1:30e504d3fa915c28313a72a3c8f0d5412a78763b1207789a749d094d1a620668,1,2026-02-16T06:00:00+00:00,2026-02-16T11:00:00+05:00,12,0.18562285691148564,4.433909487367882,2.5873632865400396,True
2026-02-15,2026-02-15T18:00:00+00:00,2026-02-15T23:00:00+05:00,2026-02-15T12:00:00+00:00,2026-02-15T16:02:39+00:00,f93d6725b36838fa75d7eeb7498251cc30b7a08f9d33e41d2b4c42ddb6b5d1a9,gfs-ml-v1:30e504d3fa915c28313a72a3c8f0d5412a78763b1207789a749d094d1a620668,1,2026-02-16T07:00:00+00:00,2026-02-16T12:00:00+05:00,13,0.227804198048712,4.822836916807303,2.7710109370780174,True
2026-02-15,2026-02-15T18:00:00+00:00,2026-02-15T23:00:00+05:00,2026-02-15T12:00:00+00:00,2026-02-15T16:02:39+00:00,f93d6725b36838fa75d7eeb7498251cc30b7a08f9d33e41d2b4c42ddb6b5d1a9,gfs-ml-v1:30e504d3fa915c28313a72a3c8f0d5412a78763b1207789a749d094d1a620668,1,2026-02-16T08:00:00+00:00,2026-02-16T13:00:00+05:00,14,0.24610900041368464,4.980309289306045,2.8467748810320472,True
2026-02-15,2026-02-15T18:00:00+00:00,2026-02-15T23:00:00+05:00,2026-02-15T12:00:00+00:00,2026-02-15T16:02:39+00:00,f93d6725b36838fa75d7eeb7498251cc30b7a08f9d33e41d2b4c42ddb6b5d1a9,gfs-ml-v1:30e504d3fa915c28313a72a3c8f0d5412a78763b1207789a749d094d1a620668,1,2026-02-16T09:00:00+00:00,2026-02-16T14:00:00+05:00,15,0.27205555271673343,5.189430587614237,3.52730637004197,True
2026-02-15,2026-02-15T18:00:00+00:00,2026-02-15T23:00:00+05:00,2026-02-15T12:00:00+00:00,2026-02-15T16:02:39+00:00,f93d6725b36838fa75d7eeb7498251cc30b7a08f9d33e41d2b4c42ddb6b5d1a9,gfs-ml-v1:30e504d3fa915c28313a72a3c8f0d5412a78763b1207789a749d094d1a620668,1,2026-02-16T10:00:00+00:00,2026-02-16T15:00:00+05:00,16,0.2962518395963345,5.3762388687999225,4.345040877412032,True
2026-02-15,2026-02-15T18:00:00+00:00,2026-02-15T23:00:00+05:00,2026-02-15T12:00:00+00:00,2026-02-15T16:02:39+00:00,f93d6725b36838fa75d7eeb7498251cc30b7a08f9d33e41d2b4c42ddb6b5d1a9,gfs-ml-v1:30e504d3fa915c28313a72a3c8f0d5412a78763b1207789a749d094d1a620668,1,2026-02-16T11:00:00+00:00,2026-02-16T16:00:00+05:00,17,0.4105775786385513,6.2068066762218175,4.571809499170001,True
2026-02-15,2026-02-15T18:00:00+00:00,2026-02-15T23:00:00+05:00,2026-02-15T12:00:00+00:00,2026-02-15T16:02:39+00:00,f93d6725b36838fa75d7eeb7498251cc30b7a08f9d33e41d2b4c42ddb6b5d1a9,gfs-ml-v1:30e504d3fa915c28313a72a3c8f0d5412a78763b1207789a749d094d1a620668,1,2026-02-16T12:00:00+00:00,2026-02-16T17:00:00+05:00,18,0.4820188111450652,6.699107258014011,3.5831045804720247,True
2026-02-15,2026-02-15T18:00:00+00:00,2026-02-15T23:00:00+05:00,2026-02-15T12:00:00+00:00,2026-02-15T16:02:39+00:00,f93d6725b36838fa75d7eeb7498251cc30b7a08f9d33e41d2b4c42ddb6b5d1a9,gfs-ml-v1:30e504d3fa915c28313a72a3c8f0d5412a78763b1207789a749d094d1a620668,1,2026-02-16T13:00:00+00:00,2026-02-16T18:00:00+05:00,19,0.5273442082745381,7.027440176712114,3.1499731672080316,True
2026-02-15,2026-02-15T18:00:00+00:00,2026-02-15T23:00:00+05:00,2026-02-15T12:00:00+00:00,2026-02-15T16:02:39+00:00,f93d6725b36838fa75d7eeb7498251cc30b7a08f9d33e41d2b4c42ddb6b5d1a9,gfs-ml-v1:30e504d3fa915c28313a72a3c8f0d5412a78763b1207789a749d094d1a620668,1,2026-02-16T14:00:00+00:00,2026-02-16T19:00:00+05:00,20,0.6200284872796764,7.660259751140468,2.9785284695300334,True
2026-02-15,2026-02-15T18:00:00+00:00,2026-02-15T23:00:00+05:00,2026-02-15T12:00:00+00:00,2026-02-15T16:02:39+00:00,f93d6725b36838fa75d7eeb7498251cc30b7a08f9d33e41d2b4c42ddb6b5d1a9,gfs-ml-v1:30e504d3fa915c28313a72a3c8f0d5412a78763b1207789a749d094d1a620668,1,2026-02-16T15:00:00+00:00,2026-02-16T20:00:00+05:00,21,0.6377341419347795,7.7896348914517555,2.7894102398379914,True
2026-02-15,2026-02-15T18:00:00+00:00,2026-02-15T23:00:00+05:00,2026-02-15T12:00:00+00:00,2026-02-15T16:02:39+00:00,f93d6725b36838fa75d7eeb7498251cc30b7a08f9d33e41d2b4c42ddb6b5d1a9,gfs-ml-v1:30e504d3fa915c28313a72a3c8f0d5412a78763b1207789a749d094d1a620668,1,2026-02-16T16:00:00+00:00,2026-02-16T21:00:00+05:00,22,0.6073977285633357,7.575534908302389,2.444227714559986,True
2026-02-15,2026-02-15T18:00:00+00:00,2026-02-15T23:00:00+05:00,2026-02-15T12:00:00+00:00,2026-02-15T16:02:39+00:00,f93d6725b36838fa75d7eeb7498251cc30b7a08f9d33e41d2b4c42ddb6b5d1a9,gfs-ml-v1:30e504d3fa915c28313a72a3c8f0d5412a78763b1207789a749d094d1a620668,1,2026-02-16T17:00:00+00:00,2026-02-16T22:00:00+05:00,23,0.6471418906726055,7.861836965494153,2.1586088343560164,True
2026-02-15,2026-02-15T18:00:00+00:00,2026-02-15T23:00:00+05:00,2026-02-15T12:00:00+00:00,2026-02-15T16:02:39+00:00,f93d6725b36838fa75d7eeb7498251cc30b7a08f9d33e41d2b4c42ddb6b5d1a9,gfs-ml-v1:30e504d3fa915c28313a72a3c8f0d5412a78763b1207789a749d094d1a620668,1,2026-02-16T18:00:00+00:00,2026-02-16T23:00:00+05:00,24,0.6716841530348454,8.050192574644479,1.911878638513997,True
2026-02-15,2026-02-15T18:00:00+00:00,2026-02-15T23:00:00+05:00,2026-02-15T12:00:00+00:00,2026-02-15T16:02:39+00:00,f93d6725b36838fa75d7eeb7498251cc30b7a08f9d33e41d2b4c42ddb6b5d1a9,gfs-ml-v1:30e504d3fa915c28313a72a3c8f0d5412a78763b1207789a749d094d1a620668,2,2026-02-15T19:00:00+00:00,2026-02-16T00:00:00+05:00,1,0.5396729324441928,7.092659609420273,2.3275445407826965,True
2026-02-15,2026-02-15T18:00:00+00:00,2026-02-15T23:00:00+05:00,2026-02-15T12:00:00+00:00,2026-02-15T16:02:39+00:00,f93d6725b36838fa75d7eeb7498251cc30b7a08f9d33e41d2b4c42ddb6b5d1a9,gfs-ml-v1:30e504d3fa915c28313a72a3c8f0d5412a78763b1207789a749d094d1a620668,2,2026-02-15T20:00:00+00:00,2026-02-16T01:00:00+05:00,2,0.5251949633221664,6.994845006054418,2.6230339183703677,True
2026-02-15,2026-02-15T18:00:00+00:00,2026-02-15T23:00:00+05:00,2026-02-15T12:00:00+00:00,2026-02-15T16:02:39+00:00,f93d6725b36838fa75d7eeb7498251cc30b7a08f9d33e41d2b4c42ddb6b5d1a9,gfs-ml-v1:30e504d3fa915c28313a72a3c8f0d5412a78763b1207789a749d094d1a620668,2,2026-02-15T21:00:00+00:00,2026-02-16T02:00:00+05:00,3,0.5734633504557135,7.305598523850239,2.731299143552178,True
2026-02-15,2026-02-15T18:00:00+00:00,2026-02-15T23:00:00+05:00,2026-02-15T12:00:00+00:00,2026-02-15T16:02:39+00:00,f93d6725b36838fa75d7eeb7498251cc30b7a08f9d33e41d2b4c42ddb6b5d1a9,gfs-ml-v1:30e504d3fa915c28313a72a3c8f0d5412a78763b1207789a749d094d1a620668,2,2026-02-15T22:00:00+00:00,2026-02-16T03:00:00+05:00,4,0.5124640675988593,6.904525122512685,2.759559951341089,True
2026-02-15,2026-02-15T18:00:00+00:00,2026-02-15T23:00:00+05:00,2026-02-15T12:00:00+00:00,2026-02-15T16:02:39+00:00,f93d6725b36838fa75d7eeb7498251cc30b7a08f9d33e41d2b4c42ddb6b5d1a9,gfs-ml-v1:30e504d3fa915c28313a72a3c8f0d5412a78763b1207789a749d094d1a620668,2,2026-02-15T23:00:00+00:00,2026-02-16T04:00:00+05:00,5,0.4199452627638314,6.245064608197797,2.4412223934645,True
2026-02-15,2026-02-15T18:00:00+00:00,2026-02-15T23:00:00+05:00,2026-02-15T12:00:00+00:00,2026-02-15T16:02:39+00:00,f93d6725b36838fa75d7eeb7498251cc30b7a08f9d33e41d2b4c42ddb6b5d1a9,gfs-ml-v1:30e504d3fa915c28313a72a3c8f0d5412a78763b1207789a749d094d1a620668,2,2026-02-16T00:00:00+00:00,2026-02-16T05:00:00+05:00,6,0.43599975555682335,6.360200009305647,2.0946595061787434,True
2026-02-15,2026-02-15T18:00:00+00:00,2026-02-15T23:00:00+05:00,2026-02-15T12:00:00+00:00,2026-02-15T16:02:39+00:00,f93d6725b36838fa75d7eeb7498251cc30b7a08f9d33e41d2b4c42ddb6b5d1a9,gfs-ml-v1:30e504d3fa915c28313a72a3c8f0d5412a78763b1207789a749d094d1a620668,2,2026-02-16T01:00:00+00:00,2026-02-16T06:00:00+05:00,7,0.40657208802060046,6.149158380701195,1.89865964455214,True
2026-02-15,2026-02-15T18:00:00+00:00,2026-02-15T23:00:00+05:00,2026-02-15T12:00:00+00:00,2026-02-15T16:02:39+00:00,f93d6725b36838fa75d7eeb7498251cc30b7a08f9d33e41d2b4c42ddb6b5d1a9,gfs-ml-v1:30e504d3fa915c28313a72a3c8f0d5412a78763b1207789a749d094d1a620668,2,2026-02-16T02:00:00+00:00,2026-02-16T07:00:00+05:00,8,0.39050994104701847,6.033968087348305,1.858615043308589,True
2026-02-15,2026-02-15T18:00:00+00:00,2026-02-15T23:00:00+05:00,2026-02-15T12:00:00+00:00,2026-02-15T16:02:39+00:00,f93d6725b36838fa75d7eeb7498251cc30b7a08f9d33e41d2b4c42ddb6b5d1a9,gfs-ml-v1:30e504d3fa915c28313a72a3c8f0d5412a78763b1207789a749d094d1a620668,2,2026-02-16T03:00:00+00:00,2026-02-16T08:00:00+05:00,9,0.24399547438852678,4.956570751376669,2.012512130035873,True
2026-02-15,2026-02-15T18:00:00+00:00,2026-02-15T23:00:00+05:00,2026-02-15T12:00:00+00:00,2026-02-15T16:02:39+00:00,f93d6725b36838fa75d7eeb7498251cc30b7a08f9d33e41d2b4c42ddb6b5d1a9,gfs-ml-v1:30e504d3fa915c28313a72a3c8f0d5412a78763b1207789a749d094d1a620668,2,2026-02-16T04:00:00+00:00,2026-02-16T09:00:00+05:00,10,0.1847864525609172,4.408886437727621,2.0873650356267035,True
2026-02-15,2026-02-15T18:00:00+00:00,2026-02-15T23:00:00+05:00,2026-02-15T12:00:00+00:00,2026-02-15T16:02:39+00:00,f93d6725b36838fa75d7eeb7498251cc30b7a08f9d33e41d2b4c42ddb6b5d1a9,gfs-ml-v1:30e504d3fa915c28313a72a3c8f0d5412a78763b1207789a749d094d1a620668,2,2026-02-16T05:00:00+00:00,2026-02-16T10:00:00+05:00,11,0.16909961299782617,4.228753811842251,2.305809034759875,True
2026-02-15,2026-02-15T18:00:00+00:00,2026-02-15T23:00:00+05:00,2026-02-15T12:00:00+00:00,2026-02-15T16:02:39+00:00,f93d6725b36838fa75d7eeb7498251cc30b7a08f9d33e41d2b4c42ddb6b5d1a9,gfs-ml-v1:30e504d3fa915c28313a72a3c8f0d5412a78763b1207789a749d094d1a620668,2,2026-02-16T06:00:00+00:00,2026-02-16T11:00:00+05:00,12,0.18214586432416538,4.3785644540638575,2.5753894792696315,True
2026-02-15,2026-02-15T18:00:00+00:00,2026-02-15T23:00:00+05:00,2026-02-15T12:00:00+00:00,2026-02-15T16:02:39+00:00,f93d6725b36838fa75d7eeb7498251cc30b7a08f9d33e41d2b4c42ddb6b5d1a9,gfs-ml-v1:30e504d3fa915c28313a72a3c8f0d5412a78763b1207789a749d094d1a620668,2,2026-02-16T07:00:00+00:00,2026-02-16T12:00:00+05:00,13,0.22235930424125985,4.759206897655965,2.7604519774287724,True
2026-02-15,2026-02-15T18:00:00+00:00,2026-02-15T23:00:00+05:00,2026-02-15T12:00:00+00:00,2026-02-15T16:02:39+00:00,f93d6725b36838fa75d7eeb7498251cc30b7a08f9d33e41d2b4c42ddb6b5d1a9,gfs-ml-v1:30e504d3fa915c28313a72a3c8f0d5412a78763b1207789a749d094d1a620668,2,2026-02-16T08:00:00+00:00,2026-02-16T13:00:00+05:00,14,0.23969898505246795,4.917378431892086,2.840073813967706,True
2026-02-15,2026-02-15T18:00:00+00:00,2026-02-15T23:00:00+05:00,2026-02-15T12:00:00+00:00,2026-02-15T16:02:39+00:00,f93d6725b36838fa75d7eeb7498251cc30b7a08f9d33e41d2b4c42ddb6b5d1a9,gfs-ml-v1:30e504d3fa915c28313a72a3c8f0d5412a78763b1207789a749d094d1a620668,2,2026-02-16T09:00:00+00:00,2026-02-16T14:00:00+05:00,15,0.2647122576940831,5.116599355974566,3.519212707880115,True
2026-02-15,2026-02-15T18:00:00+00:00,2026-02-15T23:00:00+05:00,2026-02-15T12:00:00+00:00,2026-02-15T16:02:39+00:00,f93d6725b36838fa75d7eeb7498251cc30b7a08f9d33e41d2b4c42ddb6b5d1a9,gfs-ml-v1:30e504d3fa915c28313a72a3c8f0d5412a78763b1207789a749d094d1a620668,2,2026-02-16T10:00:00+00:00,2026-02-16T15:00:00+05:00,16,0.2888290651446282,5.300852173618929,4.337529112798904,True
2026-02-15,2026-02-15T18:00:00+00:00,2026-02-15T23:00:00+05:00,2026-02-15T12:00:00+00:00,2026-02-15T16:02:39+00:00,f93d6725b36838fa75d7eeb7498251cc30b7a08f9d33e41d2b4c42ddb6b5d1a9,gfs-ml-v1:30e504d3fa915c28313a72a3c8f0d5412a78763b1207789a749d094d1a620668,2,2026-02-16T11:00:00+00:00,2026-02-16T16:00:00+05:00,17,0.4049061748335904,6.137211221393803,4.5559123543508235,True
2026-02-15,2026-02-15T18:00:00+00:00,2026-02-15T23:00:00+05:00,2026-02-15T12:00:00+00:00,2026-02-15T16:02:39+00:00,f93d6725b36838fa75d7eeb7498251cc30b7a08f9d33e41d2b4c42ddb6b5d1a9,gfs-ml-v1:30e504d3fa915c28313a72a3c8f0d5412a78763b1207789a749d094d1a620668,2,2026-02-16T12:00:00+00:00,2026-02-16T17:00:00+05:00,18,0.4728545738917813,6.623513877387118,3.5657328846332916,True
2026-02-15,2026-02-15T18:00:00+00:00,2026-02-15T23:00:00+05:00,2026-02-15T12:00:00+00:00,2026-02-15T16:02:39+00:00,f93d6725b36838fa75d7eeb7498251cc30b7a08f9d33e41d2b4c42ddb6b5d1a9,gfs-ml-v1:30e504d3fa915c28313a72a3c8f0d5412a78763b1207789a749d094d1a620668,2,2026-02-16T13:00:00+00:00,2026-02-16T18:00:00+05:00,19,0.5182062265344666,6.945263114372337,3.1324044700099307,True
2026-02-15,2026-02-15T18:00:00+00:00,2026-02-15T23:00:00+05:00,2026-02-15T12:00:00+00:00,2026-02-15T16:02:39+00:00,f93d6725b36838fa75d7eeb7498251cc30b7a08f9d33e41d2b4c42ddb6b5d1a9,gfs-ml-v1:30e504d3fa915c28313a72a3c8f0d5412a78763b1207789a749d094d1a620668,2,2026-02-16T14:00:00+00:00,2026-02-16T19:00:00+05:00,20,0.614298809442538,7.562933556046026,2.9606761242372954,True
2026-02-15,2026-02-15T18:00:00+00:00,2026-02-15T23:00:00+05:00,2026-02-15T12:00:00+00:00,2026-02-15T16:02:39+00:00,f93d6725b36838fa75d7eeb7498251cc30b7a08f9d33e41d2b4c42ddb6b5d1a9,gfs-ml-v1:30e504d3fa915c28313a72a3c8f0d5412a78763b1207789a749d094d1a620668,2,2026-02-16T15:00:00+00:00,2026-02-16T20:00:00+05:00,21,0.6290601227069572,7.690413353175202,2.7693770850911505,True
2026-02-15,2026-02-15T18:00:00+00:00,2026-02-15T23:00:00+05:00,2026-02-15T12:00:00+00:00,2026-02-15T16:02:39+00:00,f93d6725b36838fa75d7eeb7498251cc30b7a08f9d33e41d2b4c42ddb6b5d1a9,gfs-ml-v1:30e504d3fa915c28313a72a3c8f0d5412a78763b1207789a749d094d1a620668,2,2026-02-16T16:00:00+00:00,2026-02-16T21:00:00+05:00,22,0.6010736127867371,7.479591615202059,2.4260130370944353,True
2026-02-15,2026-02-15T18:00:00+00:00,2026-02-15T23:00:00+05:00,2026-02-15T12:00:00+00:00,2026-02-15T16:02:39+00:00,f93d6725b36838fa75d7eeb7498251cc30b7a08f9d33e41d2b4c42ddb6b5d1a9,gfs-ml-v1:30e504d3fa915c28313a72a3c8f0d5412a78763b1207789a749d094d1a620668,2,2026-02-16T17:00:00+00:00,2026-02-16T22:00:00+05:00,23,0.6363797778159707,7.75624602478324,2.142866824305486,True
2026-02-15,2026-02-15T18:00:00+00:00,2026-02-15T23:00:00+05:00,2026-02-15T12:00:00+00:00,2026-02-15T16:02:39+00:00,f93d6725b36838fa75d7eeb7498251cc30b7a08f9d33e41d2b4c42ddb6b5d1a9,gfs-ml-v1:30e504d3fa915c28313a72a3c8f0d5412a78763b1207789a749d094d1a620668,2,2026-02-16T18:00:00+00:00,2026-02-16T23:00:00+05:00,24,0.6575585676566309,7.946727173945432,1.89853337363337,True
2026-02-16,2026-02-16T18:00:00+00:00,2026-02-16T23:00:00+05:00,2026-02-16T12:00:00+00:00,2026-02-16T16:01:08+00:00,47381bcdd5d6ed96d75dd33078bde59bb75a03b5edafaeaacf6de76d6b787dab,gfs-ml-v1:30e504d3fa915c28313a72a3c8f0d5412a78763b1207789a749d094d1a620668,1,2026-02-16T19:00:00+00:00,2026-02-17T00:00:00+05:00,1,0.4966413714542288,6.805031711172852,4.307503520706064,True
2026-02-16,2026-02-16T18:00:00+00:00,2026-02-16T23:00:00+05:00,2026-02-16T12:00:00+00:00,2026-02-16T16:01:08+00:00,47381bcdd5d6ed96d75dd33078bde59bb75a03b5edafaeaacf6de76d6b787dab,gfs-ml-v1:30e504d3fa915c28313a72a3c8f0d5412a78763b1207789a749d094d1a620668,1,2026-02-16T20:00:00+00:00,2026-02-17T01:00:00+05:00,2,0.43158047367185337,6.350755084488533,4.2719886755580205,True
2026-02-16,2026-02-16T18:00:00+00:00,2026-02-16T23:00:00+05:00,2026-02-16T12:00:00+00:00,2026-02-16T16:01:08+00:00,47381bcdd5d6ed96d75dd33078bde59bb75a03b5edafaeaacf6de76d6b787dab,gfs-ml-v1:30e504d3fa915c28313a72a3c8f0d5412a78763b1207789a749d094d1a620668,1,2026-02-16T21:00:00+00:00,2026-02-17T02:00:00+05:00,3,0.3787534825248813,5.982747126549978,4.11463191397803,True
2026-02-16,2026-02-16T18:00:00+00:00,2026-02-16T23:00:00+05:00,2026-02-16T12:00:00+00:00,2026-02-16T16:01:08+00:00,47381bcdd5d6ed96d75dd33078bde59bb75a03b5edafaeaacf6de76d6b787dab,gfs-ml-v1:30e504d3fa915c28313a72a3c8f0d5412a78763b1207789a749d094d1a620668,1,2026-02-16T22:00:00+00:00,2026-02-17T03:00:00+05:00,4,0.2670972162816026,5.151149577325504,4.089738899226006,True
2026-02-16,2026-02-16T18:00:00+00:00,2026-02-16T23:00:00+05:00,2026-02-16T12:00:00+00:00,2026-02-16T16:01:08+00:00,47381bcdd5d6ed96d75dd33078bde59bb75a03b5edafaeaacf6de76d6b787dab,gfs-ml-v1:30e504d3fa915c28313a72a3c8f0d5412a78763b1207789a749d094d1a620668,1,2026-02-16T23:00:00+00:00,2026-02-17T04:00:00+05:00,5,0.22073726862131313,4.762041606318555,3.7851136649120463,True
2026-02-16,2026-02-16T18:00:00+00:00,2026-02-16T23:00:00+05:00,2026-02-16T12:00:00+00:00,2026-02-16T16:01:08+00:00,47381bcdd5d6ed96d75dd33078bde59bb75a03b5edafaeaacf6de76d6b787dab,gfs-ml-v1:30e504d3fa915c28313a72a3c8f0d5412a78763b1207789a749d094d1a620668,1,2026-02-17T00:00:00+00:00,2026-02-17T05:00:00+05:00,6,0.23891870899887477,4.918452721533747,3.528741290753999,True
2026-02-16,2026-02-16T18:00:00+00:00,2026-02-16T23:00:00+05:00,2026-02-16T12:00:00+00:00,2026-02-16T16:01:08+00:00,47381bcdd5d6ed96d75dd33078bde59bb75a03b5edafaeaacf6de76d6b787dab,gfs-ml-v1:30e504d3fa915c28313a72a3c8f0d5412a78763b1207789a749d094d1a620668,1,2026-02-17T01:00:00+00:00,2026-02-17T06:00:00+05:00,7,0.0891095583810909,3.0894726517620485,3.564544549860045,True
2026-02-16,2026-02-16T18:00:00+00:00,2026-02-16T23:00:00+05:00,2026-02-16T12:00:00+00:00,2026-02-16T16:01:08+00:00,47381bcdd5d6ed96d75dd33078bde59bb75a03b5edafaeaacf6de76d6b787dab,gfs-ml-v1:30e504d3fa915c28313a72a3c8f0d5412a78763b1207789a749d094d1a620668,1,2026-02-17T02:00:00+00:00,2026-02-17T07:00:00+05:00,8,0.04865577960301043,2.149479139662392,3.4583190391180096,True
2026-02-16,2026-02-16T18:00:00+00:00,2026-02-16T23:00:00+05:00,2026-02-16T12:00:00+00:00,2026-02-16T16:01:08+00:00,47381bcdd5d6ed96d75dd33078bde59bb75a03b5edafaeaacf6de76d6b787dab,gfs-ml-v1:30e504d3fa915c28313a72a3c8f0d5412a78763b1207789a749d094d1a620668,1,2026-02-17T03:00:00+00:00,2026-02-17T08:00:00+05:00,9,0.0653490697570892,2.5903126049588243,3.882637761028036,True
2026-02-16,2026-02-16T18:00:00+00:00,2026-02-16T23:00:00+05:00,2026-02-16T12:00:00+00:00,2026-02-16T16:01:08+00:00,47381bcdd5d6ed96d75dd33078bde59bb75a03b5edafaeaacf6de76d6b787dab,gfs-ml-v1:30e504d3fa915c28313a72a3c8f0d5412a78763b1207789a749d094d1a620668,1,2026-02-17T04:00:00+00:00,2026-02-17T09:00:00+05:00,10,0.16187495200015362,4.161637802048401,4.08753536561602,True
2026-02-16,2026-02-16T18:00:00+00:00,2026-02-16T23:00:00+05:00,2026-02-16T12:00:00+00:00,2026-02-16T16:01:08+00:00,47381bcdd5d6ed96d75dd33078bde59bb75a03b5edafaeaacf6de76d6b787dab,gfs-ml-v1:30e504d3fa915c28313a72a3c8f0d5412a78763b1207789a749d094d1a620668,1,2026-02-17T05:00:00+00:00,2026-02-17T10:00:00+05:00,11,0.14743195651063296,3.9925707778909585,4.076927799700002,True
2026-02-16,2026-02-16T18:00:00+00:00,2026-02-16T23:00:00+05:00,2026-02-16T12:00:00+00:00,2026-02-16T16:01:08+00:00,47381bcdd5d6ed96d75dd33078bde59bb75a03b5edafaeaacf6de76d6b787dab,gfs-ml-v1:30e504d3fa915c28313a72a3c8f0d5412a78763b1207789a749d094d1a620668,1,2026-02-17T06:00:00+00:00,2026-02-17T11:00:00+05:00,12,0.11524773407868875,3.5341403372913884,4.431052673602039,True
2026-02-16,2026-02-16T18:00:00+00:00,2026-02-16T23:00:00+05:00,2026-02-16T12:00:00+00:00,2026-02-16T16:01:08+00:00,47381bcdd5d6ed96d75dd33078bde59bb75a03b5edafaeaacf6de76d6b787dab,gfs-ml-v1:30e504d3fa915c28313a72a3c8f0d5412a78763b1207789a749d094d1a620668,1,2026-02-17T07:00:00+00:00,2026-02-17T12:00:00+05:00,13,0.11874791385359103,3.583996721418088,4.560366980772017,True
2026-02-16,2026-02-16T18:00:00+00:00,2026-02-16T23:00:00+05:00,2026-02-16T12:00:00+00:00,2026-02-16T16:01:08+00:00,47381bcdd5d6ed96d75dd33078bde59bb75a03b5edafaeaacf6de76d6b787dab,gfs-ml-v1:30e504d3fa915c28313a72a3c8f0d5412a78763b1207789a749d094d1a620668,1,2026-02-17T08:00:00+00:00,2026-02-17T13:00:00+05:00,14,0.1539926143201148,4.071266151479035,4.669350667408025,True
2026-02-16,2026-02-16T18:00:00+00:00,2026-02-16T23:00:00+05:00,2026-02-16T12:00:00+00:00,2026-02-16T16:01:08+00:00,47381bcdd5d6ed96d75dd33078bde59bb75a03b5edafaeaacf6de76d6b787dab,gfs-ml-v1:30e504d3fa915c28313a72a3c8f0d5412a78763b1207789a749d094d1a620668,1,2026-02-17T09:00:00+00:00,2026-02-17T14:00:00+05:00,15,0.19544544569197186,4.544461362506542,4.928254124755995,True
2026-02-16,2026-02-16T18:00:00+00:00,2026-02-16T23:00:00+05:00,2026-02-16T12:00:00+00:00,2026-02-16T16:01:08+00:00,47381bcdd5d6ed96d75dd33078bde59bb75a03b5edafaeaacf6de76d6b787dab,gfs-ml-v1:30e504d3fa915c28313a72a3c8f0d5412a78763b1207789a749d094d1a620668,1,2026-02-17T10:00:00+00:00,2026-02-17T15:00:00+05:00,16,0.28366708138377733,5.279077801793099,5.20770880993399,True
2026-02-16,2026-02-16T18:00:00+00:00,2026-02-16T23:00:00+05:00,2026-02-16T12:00:00+00:00,2026-02-16T16:01:08+00:00,47381bcdd5d6ed96d75dd33078bde59bb75a03b5edafaeaacf6de76d6b787dab,gfs-ml-v1:30e504d3fa915c28313a72a3c8f0d5412a78763b1207789a749d094d1a620668,1,2026-02-17T11:00:00+00:00,2026-02-17T16:00:00+05:00,17,0.3843654284082229,6.022927398096255,5.194909396414005,True
2026-02-16,2026-02-16T18:00:00+00:00,2026-02-16T23:00:00+05:00,2026-02-16T12:00:00+00:00,2026-02-16T16:01:08+00:00,47381bcdd5d6ed96d75dd33078bde59bb75a03b5edafaeaacf6de76d6b787dab,gfs-ml-v1:30e504d3fa915c28313a72a3c8f0d5412a78763b1207789a749d094d1a620668,1,2026-02-17T12:00:00+00:00,2026-02-17T17:00:00+05:00,18,0.46094198735021974,6.551991302238546,4.75676488067603,True
2026-02-16,2026-02-16T18:00:00+00:00,2026-02-16T23:00:00+05:00,2026-02-16T12:00:00+00:00,2026-02-16T16:01:08+00:00,47381bcdd5d6ed96d75dd33078bde59bb75a03b5edafaeaacf6de76d6b787dab,gfs-ml-v1:30e504d3fa915c28313a72a3c8f0d5412a78763b1207789a749d094d1a620668,1,2026-02-17T13:00:00+00:00,2026-02-17T18:00:00+05:00,19,0.5818196638774641,7.403961880958506,4.485436443614049,True
2026-02-16,2026-02-16T18:00:00+00:00,2026-02-16T23:00:00+05:00,2026-02-16T12:00:00+00:00,2026-02-16T16:01:08+00:00,47381bcdd5d6ed96d75dd33078bde59bb75a03b5edafaeaacf6de76d6b787dab,gfs-ml-v1:30e504d3fa915c28313a72a3c8f0d5412a78763b1207789a749d094d1a620668,1,2026-02-17T14:00:00+00:00,2026-02-17T19:00:00+05:00,20,0.6484430496018251,7.871823028681695,4.386135824842029,True
2026-02-16,2026-02-16T18:00:00+00:00,2026-02-16T23:00:00+05:00,2026-02-16T12:00:00+00:00,2026-02-16T16:01:08+00:00,47381bcdd5d6ed96d75dd33078bde59bb75a03b5edafaeaacf6de76d6b787dab,gfs-ml-v1:30e504d3fa915c28313a72a3c8f0d5412a78763b1207789a749d094d1a620668,1,2026-02-17T15:00:00+00:00,2026-02-17T20:00:00+05:00,21,0.6839740965176033,8.144514758840488,4.206984128925967,True
2026-02-16,2026-02-16T18:00:00+00:00,2026-02-16T23:00:00+05:00,2026-02-16T12:00:00+00:00,2026-02-16T16:01:08+00:00,47381bcdd5d6ed96d75dd33078bde59bb75a03b5edafaeaacf6de76d6b787dab,gfs-ml-v1:30e504d3fa915c28313a72a3c8f0d5412a78763b1207789a749d094d1a620668,1,2026-02-17T16:00:00+00:00,2026-02-17T21:00:00+05:00,22,0.7408658225353558,8.577240937365495,3.623481612580008,True
2026-02-16,2026-02-16T18:00:00+00:00,2026-02-16T23:00:00+05:00,2026-02-16T12:00:00+00:00,2026-02-16T16:01:08+00:00,47381bcdd5d6ed96d75dd33078bde59bb75a03b5edafaeaacf6de76d6b787dab,gfs-ml-v1:30e504d3fa915c28313a72a3c8f0d5412a78763b1207789a749d094d1a620668,1,2026-02-17T17:00:00+00:00,2026-02-17T22:00:00+05:00,23,0.6620630802151171,7.976353292638116,3.466132005770021,True
2026-02-16,2026-02-16T18:00:00+00:00,2026-02-16T23:00:00+05:00,2026-02-16T12:00:00+00:00,2026-02-16T16:01:08+00:00,47381bcdd5d6ed96d75dd33078bde59bb75a03b5edafaeaacf6de76d6b787dab,gfs-ml-v1:30e504d3fa915c28313a72a3c8f0d5412a78763b1207789a749d094d1a620668,1,2026-02-17T18:00:00+00:00,2026-02-17T23:00:00+05:00,24,0.6513330974711394,7.894003409563608,2.801576636152504,True
2026-02-16,2026-02-16T18:00:00+00:00,2026-02-16T23:00:00+05:00,2026-02-16T12:00:00+00:00,2026-02-16T16:01:08+00:00,47381bcdd5d6ed96d75dd33078bde59bb75a03b5edafaeaacf6de76d6b787dab,gfs-ml-v1:30e504d3fa915c28313a72a3c8f0d5412a78763b1207789a749d094d1a620668,2,2026-02-16T19:00:00+00:00,2026-02-17T00:00:00+05:00,1,0.4895207209384581,6.74175256954681,4.28975218527944,True
2026-02-16,2026-02-16T18:00:00+00:00,2026-02-16T23:00:00+05:00,2026-02-16T12:00:00+00:00,2026-02-16T16:01:08+00:00,47381bcdd5d6ed96d75dd33078bde59bb75a03b5edafaeaacf6de76d6b787dab,gfs-ml-v1:30e504d3fa915c28313a72a3c8f0d5412a78763b1207789a749d094d1a620668,2,2026-02-16T20:00:00+00:00,2026-02-17T01:00:00+05:00,2,0.428129201820555,6.303756036079554,4.256645119863947,True
2026-02-16,2026-02-16T18:00:00+00:00,2026-02-16T23:00:00+05:00,2026-02-16T12:00:00+00:00,2026-02-16T16:01:08+00:00,47381bcdd5d6ed96d75dd33078bde59bb75a03b5edafaeaacf6de76d6b787dab,gfs-ml-v1:30e504d3fa915c28313a72a3c8f0d5412a78763b1207789a749d094d1a620668,2,2026-02-16T21:00:00+00:00,2026-02-17T02:00:00+05:00,3,0.37317093662291384,5.911074902167903,4.093273226584756,True
2026-02-16,2026-02-16T18:00:00+00:00,2026-02-16T23:00:00+05:00,2026-02-16T12:00:00+00:00,2026-02-16T16:01:08+00:00,47381bcdd5d6ed96d75dd33078bde59bb75a03b5edafaeaacf6de76d6b787dab,gfs-ml-v1:30e504d3fa915c28313a72a3c8f0d5412a78763b1207789a749d094d1a620668,2,2026-02-16T22:00:00+00:00,2026-02-17T03:00:00+05:00,4,0.2588922996030758,5.072134777524902,4.062777186724247,True
2026-02-16,2026-02-16T18:00:00+00:00,2026-02-16T23:00:00+05:00,2026-02-16T12:00:00+00:00,2026-02-16T16:01:08+00:00,47381bcdd5d6ed96d75dd33078bde59bb75a03b5edafaeaacf6de76d6b787dab,gfs-ml-v1:30e504d3fa915c28313a72a3c8f0d5412a78763b1207789a749d094d1a620668,2,2026-02-16T23:00:00+00:00,2026-02-17T04:00:00+05:00,5,0.2154072916371444,4.695791053293305,3.7559359802989434,True
2026-02-16,2026-02-16T18:00:00+00:00,2026-02-16T23:00:00+05:00,2026-02-16T12:00:00+00:00,2026-02-16T16:01:08+00:00,47381bcdd5d6ed96d75dd33078bde59bb75a03b5edafaeaacf6de76d6b787dab,gfs-ml-v1:30e504d3fa915c28313a72a3c8f0d5412a78763b1207789a749d094d1a620668,2,2026-02-17T00:00:00+00:00,2026-02-17T05:00:00+05:00,6,0.2330274758072251,4.856521322440081,3.4975108609709764,True
2026-02-16,2026-02-16T18:00:00+00:00,2026-02-16T23:00:00+05:00,2026-02-16T12:00:00+00:00,2026-02-16T16:01:08+00:00,47381bcdd5d6ed96d75dd33078bde59bb75a03b5edafaeaacf6de76d6b787dab,gfs-ml-v1:30e504d3fa915c28313a72a3c8f0d5412a78763b1207789a749d094d1a620668,2,2026-02-17T01:00:00+00:00,2026-02-17T06:00:00+05:00,7,0.0877818802060124,3.058199329536909,3.534376136266417,True
2026-02-16,2026-02-16T18:00:00+00:00,2026-02-16T23:00:00+05:00,2026-02-16T12:00:00+00:00,2026-02-16T16:01:08+00:00,47381bcdd5d6ed96d75dd33078bde59bb75a03b5edafaeaacf6de76d6b787dab,gfs-ml-v1:30e504d3fa915c28313a72a3c8f0d5412a78763b1207789a749d094d1a620668,2,2026-02-17T02:00:00+00:00,2026-02-17T07:00:00+05:00,8,0.04672144221164594,2.1144832330350347,3.4330606053183033,True
2026-02-16,2026-02-16T18:00:00+00:00,2026-02-16T23:00:00+05:00,2026-02-16T12:00:00+00:00,2026-02-16T16:01:08+00:00,47381bcdd5d6ed96d75dd33078bde59bb75a03b5edafaeaacf6de76d6b787dab,gfs-ml-v1:30e504d3fa915c28313a72a3c8f0d5412a78763b1207789a749d094d1a620668,2,2026-02-17T03:00:00+00:00,2026-02-17T08:00:00+05:00,9,0.0647036944431925,2.5676550811173118,3.8587190306267303,True
2026-02-16,2026-02-16T18:00:00+00:00,2026-02-16T23:00:00+05:00,2026-02-16T12:00:00+00:00,2026-02-16T16:01:08+00:00,47381bcdd5d6ed96d75dd33078bde59bb75a03b5edafaeaacf6de76d6b787dab,gfs-ml-v1:30e504d3fa915c28313a72a3c8f0d5412a78763b1207789a749d094d1a620668,2,2026-02-17T04:00:00+00:00,2026-02-17T09:00:00+05:00,10,0.16018620169587536,4.126400742126764,4.0655628667078645,True
2026-02-16,2026-02-16T18:00:00+00:00,2026-02-16T23:00:00+05:00,2026-02-16T12:00:00+00:00,2026-02-16T16:01:08+00:00,47381bcdd5d6ed96d75dd33078bde59bb75a03b5edafaeaacf6de76d6b787dab,gfs-ml-v1:30e504d3fa915c28313a72a3c8f0d5412a78763b1207789a749d094d1a620668,2,2026-02-17T05:00:00+00:00,2026-02-17T10:00:00+05:00,11,0.14476907288054444,3.9493652158852153,4.063183615827995,True
2026-02-16,2026-02-16T18:00:00+00:00,2026-02-16T23:00:00+05:00,2026-02-16T12:00:00+00:00,2026-02-16T16:01:08+00:00,47381bcdd5d6ed96d75dd33078bde59bb75a03b5edafaeaacf6de76d6b787dab,gfs-ml-v1:30e504d3fa915c28313a72a3c8f0d5412a78763b1207789a749d094d1a620668,2,2026-02-17T06:00:00+00:00,2026-02-17T11:00:00+05:00,12,0.1114228290424653,3.492230844186891,4.4196150133344645,True
2026-02-16,2026-02-16T18:00:00+00:00,2026-02-16T23:00:00+05:00,2026-02-16T12:00:00+00:00,2026-02-16T16:01:08+00:00,47381bcdd5d6ed96d75dd33078bde59bb75a03b5edafaeaacf6de76d6b787dab,gfs-ml-v1:30e504d3fa915c28313a72a3c8f0d5412a78763b1207789a749d094d1a620668,2,2026-02-17T07:00:00+00:00,2026-02-17T12:00:00+05:00,13,0.11487619172715073,3.5401132045309405,4.545843468805344,True
2026-02-16,2026-02-16T18:00:00+00:00,2026-02-16T23:00:00+05:00,2026-02-16T12:00:00+00:00,2026-02-16T16:01:08+00:00,47381bcdd5d6ed96d75dd33078bde59bb75a03b5edafaeaacf6de76d6b787dab,gfs-ml-v1:30e504d3fa915c28313a72a3c8f0d5412a78763b1207789a749d094d1a620668,2,2026-02-17T08:00:00+00:00,2026-02-17T13:00:00+05:00,14,0.15077551030227615,4.018337384602895,4.651878199457997,True
2026-02-16,2026-02-16T18:00:00+00:00,2026-02-16T23:00:00+05:00,2026-02-16T12:00:00+00:00,2026-02-16T16:01:08+00:00,47381bcdd5d6ed96d75dd33078bde59bb75a03b5edafaeaacf6de76d6b787dab,gfs-ml-v1:30e504d3fa915c28313a72a3c8f0d5412a78763b1207789a749d094d1a620668,2,2026-02-17T09:00:00+00:00,2026-02-17T14:00:00+05:00,15,0.19307333224637271,4.492062007708904,4.90927609320147,True
2026-02-16,2026-02-16T18:00:00+00:00,2026-02-16T23:00:00+05:00,2026-02-16T12:00:00+00:00,2026-02-16T16:01:08+00:00,47381bcdd5d6ed96d75dd33078bde59bb75a03b5edafaeaacf6de76d6b787dab,gfs-ml-v1:30e504d3fa915c28313a72a3c8f0d5412a78763b1207789a749d094d1a620668,2,2026-02-17T10:00:00+00:00,2026-02-17T15:00:00+05:00,16,0.2787530336042112,5.2238711218855105,5.190674266474218,True
2026-02-16,2026-02-16T18:00:00+00:00,2026-02-16T23:00:00+05:00,2026-02-16T12:00:00+00:00,2026-02-16T16:01:08+00:00,47381bcdd5d6ed96d75dd33078bde59bb75a03b5edafaeaacf6de76d6b787dab,gfs-ml-v1:30e504d3fa915c28313a72a3c8f0d5412a78763b1207789a749d094d1a620668,2,2026-02-17T11:00:00+00:00,2026-02-17T16:00:00+05:00,17,0.3798778750802776,5.958480859184434,5.179359790029366,True
2026-02-16,2026-02-16T18:00:00+00:00,2026-02-16T23:00:00+05:00,2026-02-16T12:00:00+00:00,2026-02-16T16:01:08+00:00,47381bcdd5d6ed96d75dd33078bde59bb75a03b5edafaeaacf6de76d6b787dab,gfs-ml-v1:30e504d3fa915c28313a72a3c8f0d5412a78763b1207789a749d094d1a620668,2,2026-02-17T12:00:00+00:00,2026-02-17T17:00:00+05:00,18,0.45236682086613517,6.47757703601362,4.74088851742232,True
2026-02-16,2026-02-16T18:00:00+00:00,2026-02-16T23:00:00+05:00,2026-02-16T12:00:00+00:00,2026-02-16T16:01:08+00:00,47381bcdd5d6ed96d75dd33078bde59bb75a03b5edafaeaacf6de76d6b787dab,gfs-ml-v1:30e504d3fa915c28313a72a3c8f0d5412a78763b1207789a749d094d1a620668,2,2026-02-17T13:00:00+00:00,2026-02-17T18:00:00+05:00,19,0.5747780112235757,7.313883193091585,4.468535293357434,True
2026-02-16,2026-02-16T18:00:00+00:00,2026-02-16T23:00:00+05:00,2026-02-16T12:00:00+00:00,2026-02-16T16:01:08+00:00,47381bcdd5d6ed96d75dd33078bde59bb75a03b5edafaeaacf6de76d6b787dab,gfs-ml-v1:30e504d3fa915c28313a72a3c8f0d5412a78763b1207789a749d094d1a620668,2,2026-02-17T14:00:00+00:00,2026-02-17T19:00:00+05:00,20,0.6380597458286814,7.771355586756537,4.364663693432135,True
2026-02-16,2026-02-16T18:00:00+00:00,2026-02-16T23:00:00+05:00,2026-02-16T12:00:00+00:00,2026-02-16T16:01:08+00:00,47381bcdd5d6ed96d75dd33078bde59bb75a03b5edafaeaacf6de76d6b787dab,gfs-ml-v1:30e504d3fa915c28313a72a3c8f0d5412a78763b1207789a749d094d1a620668,2,2026-02-17T15:00:00+00:00,2026-02-17T20:00:00+05:00,21,0.6672254639948559,8.033670834900118,4.182651352552284,True
2026-02-16,2026-02-16T18:00:00+00:00,2026-02-16T23:00:00+05:00,2026-02-16T12:00:00+00:00,2026-02-16T16:01:08+00:00,47381bcdd5d6ed96d75dd33078bde59bb75a03b5edafaeaacf6de76d6b787dab,gfs-ml-v1:30e504d3fa915c28313a72a3c8f0d5412a78763b1207789a749d094d1a620668,2,2026-02-17T16:00:00+00:00,2026-02-17T21:00:00+05:00,22,0.7296191843458746,8.460630036140182,3.6024350249192025,True
2026-02-16,2026-02-16T18:00:00+00:00,2026-02-16T23:00:00+05:00,2026-02-16T12:00:00+00:00,2026-02-16T16:01:08+00:00,47381bcdd5d6ed96d75dd33078bde59bb75a03b5edafaeaacf6de76d6b787dab,gfs-ml-v1:30e504d3fa915c28313a72a3c8f0d5412a78763b1207789a749d094d1a620668,2,2026-02-17T17:00:00+00:00,2026-02-17T22:00:00+05:00,23,0.6492385717906433,7.871897479449127,3.4382029493348796,True
2026-02-16,2026-02-16T18:00:00+00:00,2026-02-16T23:00:00+05:00,2026-02-16T12:00:00+00:00,2026-02-16T16:01:08+00:00,47381bcdd5d6ed96d75dd33078bde59bb75a03b5edafaeaacf6de76d6b787dab,gfs-ml-v1:30e504d3fa915c28313a72a3c8f0d5412a78763b1207789a749d094d1a620668,2,2026-02-17T18:00:00+00:00,2026-02-17T23:00:00+05:00,24,0.6408096046058094,7.796087701473284,2.7748037865140986,True
2026-02-17,2026-02-17T18:00:00+00:00,2026-02-17T23:00:00+05:00,2026-02-17T12:00:00+00:00,2026-02-17T16:01:59+00:00,c3186873f5da78908552352638311f733748324624a6fd513fe2ef98ce6be013,gfs-ml-v1:30e504d3fa915c28313a72a3c8f0d5412a78763b1207789a749d094d1a620668,1,2026-02-17T19:00:00+00:00,2026-02-18T00:00:00+05:00,1,0.6161659291987295,7.634350410798323,3.4442854521250297,True
2026-02-17,2026-02-17T18:00:00+00:00,2026-02-17T23:00:00+05:00,2026-02-17T12:00:00+00:00,2026-02-17T16:01:59+00:00,c3186873f5da78908552352638311f733748324624a6fd513fe2ef98ce6be013,gfs-ml-v1:30e504d3fa915c28313a72a3c8f0d5412a78763b1207789a749d094d1a620668,1,2026-02-17T20:00:00+00:00,2026-02-18T01:00:00+05:00,2,0.5958121272810961,7.497820792320386,3.0658917321600256,True
2026-02-17,2026-02-17T18:00:00+00:00,2026-02-17T23:00:00+05:00,2026-02-17T12:00:00+00:00,2026-02-17T16:01:59+00:00,c3186873f5da78908552352638311f733748324624a6fd513fe2ef98ce6be013,gfs-ml-v1:30e504d3fa915c28313a72a3c8f0d5412a78763b1207789a749d094d1a620668,1,2026-02-17T21:00:00+00:00,2026-02-18T02:00:00+05:00,3,0.6283556182033936,7.717657111885929,2.8041668339400303,True
2026-02-17,2026-02-17T18:00:00+00:00,2026-02-17T23:00:00+05:00,2026-02-17T12:00:00+00:00,2026-02-17T16:01:59+00:00,c3186873f5da78908552352638311f733748324624a6fd513fe2ef98ce6be013,gfs-ml-v1:30e504d3fa915c28313a72a3c8f0d5412a78763b1207789a749d094d1a620668,1,2026-02-17T22:00:00+00:00,2026-02-18T03:00:00+05:00,4,0.606326581751643,7.5683498494064585,2.663876519374014,True
2026-02-17,2026-02-17T18:00:00+00:00,2026-02-17T23:00:00+05:00,2026-02-17T12:00:00+00:00,2026-02-17T16:01:59+00:00,c3186873f5da78908552352638311f733748324624a6fd513fe2ef98ce6be013,gfs-ml-v1:30e504d3fa915c28313a72a3c8f0d5412a78763b1207789a749d094d1a620668,1,2026-02-17T23:00:00+00:00,2026-02-18T04:00:00+05:00,5,0.6965225707520778,8.240736619943524,2.566157150238041,True
2026-02-17,2026-02-17T18:00:00+00:00,2026-02-17T23:00:00+05:00,2026-02-17T12:00:00+00:00,2026-02-17T16:01:59+00:00,c3186873f5da78908552352638311f733748324624a6fd513fe2ef98ce6be013,gfs-ml-v1:30e504d3fa915c28313a72a3c8f0d5412a78763b1207789a749d094d1a620668,1,2026-02-18T00:00:00+00:00,2026-02-18T05:00:00+05:00,6,0.6507246722619813,7.889333901137615,2.90793878876201,True
2026-02-17,2026-02-17T18:00:00+00:00,2026-02-17T23:00:00+05:00,2026-02-17T12:00:00+00:00,2026-02-17T16:01:59+00:00,c3186873f5da78908552352638311f733748324624a6fd513fe2ef98ce6be013,gfs-ml-v1:30e504d3fa915c28313a72a3c8f0d5412a78763b1207789a749d094d1a620668,1,2026-02-18T01:00:00+00:00,2026-02-18T06:00:00+05:00,7,0.6654835228843313,8.002604318440646,3.021898725806011,True
2026-02-17,2026-02-17T18:00:00+00:00,2026-02-17T23:00:00+05:00,2026-02-17T12:00:00+00:00,2026-02-17T16:01:59+00:00,c3186873f5da78908552352638311f733748324624a6fd513fe2ef98ce6be013,gfs-ml-v1:30e504d3fa915c28313a72a3c8f0d5412a78763b1207789a749d094d1a620668,1,2026-02-18T02:00:00+00:00,2026-02-18T07:00:00+05:00,8,0.6875483549378149,8.171946281332701,2.9219068575899882,True
2026-02-17,2026-02-17T18:00:00+00:00,2026-02-17T23:00:00+05:00,2026-02-17T12:00:00+00:00,2026-02-17T16:01:59+00:00,c3186873f5da78908552352638311f733748324624a6fd513fe2ef98ce6be013,gfs-ml-v1:30e504d3fa915c28313a72a3c8f0d5412a78763b1207789a749d094d1a620668,1,2026-02-18T03:00:00+00:00,2026-02-18T08:00:00+05:00,9,0.6455423395142641,7.849560817991955,3.633895852798048,True
2026-02-17,2026-02-17T18:00:00+00:00,2026-02-17T23:00:00+05:00,2026-02-17T12:00:00+00:00,2026-02-17T16:01:59+00:00,c3186873f5da78908552352638311f733748324624a6fd513fe2ef98ce6be013,gfs-ml-v1:30e504d3fa915c28313a72a3c8f0d5412a78763b1207789a749d094d1a620668,1,2026-02-18T04:00:00+00:00,2026-02-18T09:00:00+05:00,10,0.7656201707456277,8.765367993576799,4.894281738613984,True
2026-02-17,2026-02-17T18:00:00+00:00,2026-02-17T23:00:00+05:00,2026-02-17T12:00:00+00:00,2026-02-17T16:01:59+00:00,c3186873f5da78908552352638311f733748324624a6fd513fe2ef98ce6be013,gfs-ml-v1:30e504d3fa915c28313a72a3c8f0d5412a78763b1207789a749d094d1a620668,1,2026-02-18T05:00:00+00:00,2026-02-18T10:00:00+05:00,11,0.8230712650413925,9.23185674213764,6.918631138083981,True
2026-02-17,2026-02-17T18:00:00+00:00,2026-02-17T23:00:00+05:00,2026-02-17T12:00:00+00:00,2026-02-17T16:01:59+00:00,c3186873f5da78908552352638311f733748324624a6fd513fe2ef98ce6be013,gfs-ml-v1:30e504d3fa915c28313a72a3c8f0d5412a78763b1207789a749d094d1a620668,1,2026-02-18T06:00:00+00:00,2026-02-18T11:00:00+05:00,12,0.8303723328402814,9.291186646641533,8.856542785692,True
2026-02-17,2026-02-17T18:00:00+00:00,2026-02-17T23:00:00+05:00,2026-02-17T12:00:00+00:00,2026-02-17T16:01:59+00:00,c3186873f5da78908552352638311f733748324624a6fd513fe2ef98ce6be013,gfs-ml-v1:30e504d3fa915c28313a72a3c8f0d5412a78763b1207789a749d094d1a620668,1,2026-02-18T07:00:00+00:00,2026-02-18T12:00:00+05:00,13,0.8339935936247023,9.321242005947632,10.199525978162,True
2026-02-17,2026-02-17T18:00:00+00:00,2026-02-17T23:00:00+05:00,2026-02-17T12:00:00+00:00,2026-02-17T16:01:59+00:00,c3186873f5da78908552352638311f733748324624a6fd513fe2ef98ce6be013,gfs-ml-v1:30e504d3fa915c28313a72a3c8f0d5412a78763b1207789a749d094d1a620668,1,2026-02-18T08:00:00+00:00,2026-02-18T13:00:00+05:00,14,0.8146335720601647,9.163344751412275,11.000003158566017,True
2026-02-17,2026-02-17T18:00:00+00:00,2026-02-17T23:00:00+05:00,2026-02-17T12:00:00+00:00,2026-02-17T16:01:59+00:00,c3186873f5da78908552352638311f733748324624a6fd513fe2ef98ce6be013,gfs-ml-v1:30e504d3fa915c28313a72a3c8f0d5412a78763b1207789a749d094d1a620668,1,2026-02-18T09:00:00+00:00,2026-02-18T14:00:00+05:00,15,0.8258608434997032,9.25450743278124,11.381749438413976,True
2026-02-17,2026-02-17T18:00:00+00:00,2026-02-17T23:00:00+05:00,2026-02-17T12:00:00+00:00,2026-02-17T16:01:59+00:00,c3186873f5da78908552352638311f733748324624a6fd513fe2ef98ce6be013,gfs-ml-v1:30e504d3fa915c28313a72a3c8f0d5412a78763b1207789a749d094d1a620668,1,2026-02-18T10:00:00+00:00,2026-02-18T15:00:00+05:00,16,0.8286561979792956,9.277205023296329,11.304784200068013,True
2026-02-17,2026-02-17T18:00:00+00:00,2026-02-17T23:00:00+05:00,2026-02-17T12:00:00+00:00,2026-02-17T16:01:59+00:00,c3186873f5da78908552352638311f733748324624a6fd513fe2ef98ce6be013,gfs-ml-v1:30e504d3fa915c28313a72a3c8f0d5412a78763b1207789a749d094d1a620668,1,2026-02-18T11:00:00+00:00,2026-02-18T16:00:00+05:00,17,0.7818409533781444,8.897076757068149,10.313921580836052,True
2026-02-17,2026-02-17T18:00:00+00:00,2026-02-17T23:00:00+05:00,2026-02-17T12:00:00+00:00,2026-02-17T16:01:59+00:00,c3186873f5da78908552352638311f733748324624a6fd513fe2ef98ce6be013,gfs-ml-v1:30e504d3fa915c28313a72a3c8f0d5412a78763b1207789a749d094d1a620668,1,2026-02-18T12:00:00+00:00,2026-02-18T17:00:00+05:00,18,0.7019242762659625,8.281728138466974,8.805061297902057,True
2026-02-17,2026-02-17T18:00:00+00:00,2026-02-17T23:00:00+05:00,2026-02-17T12:00:00+00:00,2026-02-17T16:01:59+00:00,c3186873f5da78908552352638311f733748324624a6fd513fe2ef98ce6be013,gfs-ml-v1:30e504d3fa915c28313a72a3c8f0d5412a78763b1207789a749d094d1a620668,1,2026-02-18T13:00:00+00:00,2026-02-18T18:00:00+05:00,19,0.5443266757191407,7.150459575457904,7.86794524096598,True
2026-02-17,2026-02-17T18:00:00+00:00,2026-02-17T23:00:00+05:00,2026-02-17T12:00:00+00:00,2026-02-17T16:01:59+00:00,c3186873f5da78908552352638311f733748324624a6fd513fe2ef98ce6be013,gfs-ml-v1:30e504d3fa915c28313a72a3c8f0d5412a78763b1207789a749d094d1a620668,1,2026-02-18T14:00:00+00:00,2026-02-18T19:00:00+05:00,20,0.6256164154108292,7.697742561424059,7.354023549998033,True
2026-02-17,2026-02-17T18:00:00+00:00,2026-02-17T23:00:00+05:00,2026-02-17T12:00:00+00:00,2026-02-17T16:01:59+00:00,c3186873f5da78908552352638311f733748324624a6fd513fe2ef98ce6be013,gfs-ml-v1:30e504d3fa915c28313a72a3c8f0d5412a78763b1207789a749d094d1a620668,1,2026-02-18T15:00:00+00:00,2026-02-18T20:00:00+05:00,21,0.5940991593448488,7.486330513514136,6.729741098258046,True
2026-02-17,2026-02-17T18:00:00+00:00,2026-02-17T23:00:00+05:00,2026-02-17T12:00:00+00:00,2026-02-17T16:01:59+00:00,c3186873f5da78908552352638311f733748324624a6fd513fe2ef98ce6be013,gfs-ml-v1:30e504d3fa915c28313a72a3c8f0d5412a78763b1207789a749d094d1a620668,1,2026-02-18T16:00:00+00:00,2026-02-18T21:00:00+05:00,22,0.6102146614087396,7.5944303838610745,6.3380098803500005,True
2026-02-17,2026-02-17T18:00:00+00:00,2026-02-17T23:00:00+05:00,2026-02-17T12:00:00+00:00,2026-02-17T16:01:59+00:00,c3186873f5da78908552352638311f733748324624a6fd513fe2ef98ce6be013,gfs-ml-v1:30e504d3fa915c28313a72a3c8f0d5412a78763b1207789a749d094d1a620668,1,2026-02-18T17:00:00+00:00,2026-02-18T22:00:00+05:00,23,0.5420832318711096,7.13420827898376,6.034069078080051,True
2026-02-17,2026-02-17T18:00:00+00:00,2026-02-17T23:00:00+05:00,2026-02-17T12:00:00+00:00,2026-02-17T16:01:59+00:00,c3186873f5da78908552352638311f733748324624a6fd513fe2ef98ce6be013,gfs-ml-v1:30e504d3fa915c28313a72a3c8f0d5412a78763b1207789a749d094d1a620668,1,2026-02-18T18:00:00+00:00,2026-02-18T23:00:00+05:00,24,0.6399301298208574,7.806488538840243,5.796658139017552,True
2026-02-17,2026-02-17T18:00:00+00:00,2026-02-17T23:00:00+05:00,2026-02-17T12:00:00+00:00,2026-02-17T16:01:59+00:00,c3186873f5da78908552352638311f733748324624a6fd513fe2ef98ce6be013,gfs-ml-v1:30e504d3fa915c28313a72a3c8f0d5412a78763b1207789a749d094d1a620668,2,2026-02-17T19:00:00+00:00,2026-02-18T00:00:00+05:00,1,0.6106512260595108,7.5399473815154305,3.419108305885061,True
2026-02-17,2026-02-17T18:00:00+00:00,2026-02-17T23:00:00+05:00,2026-02-17T12:00:00+00:00,2026-02-17T16:01:59+00:00,c3186873f5da78908552352638311f733748324624a6fd513fe2ef98ce6be013,gfs-ml-v1:30e504d3fa915c28313a72a3c8f0d5412a78763b1207789a749d094d1a620668,2,2026-02-17T20:00:00+00:00,2026-02-18T01:00:00+05:00,2,0.59036647072801,7.412117835923701,3.0436350893184567,True
2026-02-17,2026-02-17T18:00:00+00:00,2026-02-17T23:00:00+05:00,2026-02-17T12:00:00+00:00,2026-02-17T16:01:59+00:00,c3186873f5da78908552352638311f733748324624a6fd513fe2ef98ce6be013,gfs-ml-v1:30e504d3fa915c28313a72a3c8f0d5412a78763b1207789a749d094d1a620668,2,2026-02-17T21:00:00+00:00,2026-02-18T02:00:00+05:00,3,0.6219823094310988,7.626755796889687,2.784746672045628,True
2026-02-17,2026-02-17T18:00:00+00:00,2026-02-17T23:00:00+05:00,2026-02-17T12:00:00+00:00,2026-02-17T16:01:59+00:00,c3186873f5da78908552352638311f733748324624a6fd513fe2ef98ce6be013,gfs-ml-v1:30e504d3fa915c28313a72a3c8f0d5412a78763b1207789a749d094d1a620668,2,2026-02-17T22:00:00+00:00,2026-02-18T03:00:00+05:00,4,0.6007731818031721,7.4776983729379465,2.6484884671398277,True
2026-02-17,2026-02-17T18:00:00+00:00,2026-02-17T23:00:00+05:00,2026-02-17T12:00:00+00:00,2026-02-17T16:01:59+00:00,c3186873f5da78908552352638311f733748324624a6fd513fe2ef98ce6be013,gfs-ml-v1:30e504d3fa915c28313a72a3c8f0d5412a78763b1207789a749d094d1a620668,2,2026-02-17T23:00:00+00:00,2026-02-18T04:00:00+05:00,5,0.6822477000641778,8.149403837881774,2.5481078139871443,True
2026-02-17,2026-02-17T18:00:00+00:00,2026-02-17T23:00:00+05:00,2026-02-17T12:00:00+00:00,2026-02-17T16:01:59+00:00,c3186873f5da78908552352638311f733748324624a6fd513fe2ef98ce6be013,gfs-ml-v1:30e504d3fa915c28313a72a3c8f0d5412a78763b1207789a749d094d1a620668,2,2026-02-18T00:00:00+00:00,2026-02-18T05:00:00+05:00,6,0.641138511688458,7.7990458780047005,2.888675298772853,True
2026-02-17,2026-02-17T18:00:00+00:00,2026-02-17T23:00:00+05:00,2026-02-17T12:00:00+00:00,2026-02-17T16:01:59+00:00,c3186873f5da78908552352638311f733748324624a6fd513fe2ef98ce6be013,gfs-ml-v1:30e504d3fa915c28313a72a3c8f0d5412a78763b1207789a749d094d1a620668,2,2026-02-18T01:00:00+00:00,2026-02-18T06:00:00+05:00,7,0.6530361008023042,7.906052296393826,3.0025031850034907,True
2026-02-17,2026-02-17T18:00:00+00:00,2026-02-17T23:00:00+05:00,2026-02-17T12:00:00+00:00,2026-02-17T16:01:59+00:00,c3186873f5da78908552352638311f733748324624a6fd513fe2ef98ce6be013,gfs-ml-v1:30e504d3fa915c28313a72a3c8f0d5412a78763b1207789a749d094d1a620668,2,2026-02-18T02:00:00+00:00,2026-02-18T07:00:00+05:00,8,0.6716644014022274,8.073594452102828,2.8981872210716233,True
2026-02-17,2026-02-17T18:00:00+00:00,2026-02-17T23:00:00+05:00,2026-02-17T12:00:00+00:00,2026-02-17T16:01:59+00:00,c3186873f5da78908552352638311f733748324624a6fd513fe2ef98ce6be013,gfs-ml-v1:30e504d3fa915c28313a72a3c8f0d5412a78763b1207789a749d094d1a620668,2,2026-02-18T03:00:00+00:00,2026-02-18T08:00:00+05:00,9,0.6357424337994193,7.750513779381225,3.6194213722015434,True
2026-02-17,2026-02-17T18:00:00+00:00,2026-02-17T23:00:00+05:00,2026-02-17T12:00:00+00:00,2026-02-17T16:01:59+00:00,c3186873f5da78908552352638311f733748324624a6fd513fe2ef98ce6be013,gfs-ml-v1:30e504d3fa915c28313a72a3c8f0d5412a78763b1207789a749d094d1a620668,2,2026-02-18T04:00:00+00:00,2026-02-18T09:00:00+05:00,10,0.7597936792585829,8.664040558960039,4.887438828357347,True
2026-02-17,2026-02-17T18:00:00+00:00,2026-02-17T23:00:00+05:00,2026-02-17T12:00:00+00:00,2026-02-17T16:01:59+00:00,c3186873f5da78908552352638311f733748324624a6fd513fe2ef98ce6be013,gfs-ml-v1:30e504d3fa915c28313a72a3c8f0d5412a78763b1207789a749d094d1a620668,2,2026-02-18T05:00:00+00:00,2026-02-18T10:00:00+05:00,11,0.8221219112825328,9.125906934441304,6.913252226880218,True
2026-02-17,2026-02-17T18:00:00+00:00,2026-02-17T23:00:00+05:00,2026-02-17T12:00:00+00:00,2026-02-17T16:01:59+00:00,c3186873f5da78908552352638311f733748324624a6fd513fe2ef98ce6be013,gfs-ml-v1:30e504d3fa915c28313a72a3c8f0d5412a78763b1207789a749d094d1a620668,2,2026-02-18T06:00:00+00:00,2026-02-18T11:00:00+05:00,12,0.8302029445783504,9.193237311191833,8.83958475578612,True
2026-02-17,2026-02-17T18:00:00+00:00,2026-02-17T23:00:00+05:00,2026-02-17T12:00:00+00:00,2026-02-17T16:01:59+00:00,c3186873f5da78908552352638311f733748324624a6fd513fe2ef98ce6be013,gfs-ml-v1:30e504d3fa915c28313a72a3c8f0d5412a78763b1207789a749d094d1a620668,2,2026-02-18T07:00:00+00:00,2026-02-18T12:00:00+05:00,13,0.8348464417395791,9.233251757407913,10.166153000428892,True
2026-02-17,2026-02-17T18:00:00+00:00,2026-02-17T23:00:00+05:00,2026-02-17T12:00:00+00:00,2026-02-17T16:01:59+00:00,c3186873f5da78908552352638311f733748324624a6fd513fe2ef98ce6be013,gfs-ml-v1:30e504d3fa915c28313a72a3c8f0d5412a78763b1207789a749d094d1a620668,2,2026-02-18T08:00:00+00:00,2026-02-18T13:00:00+05:00,14,0.8156183572481203,9.077714119851818,10.960213742665871,True
2026-02-17,2026-02-17T18:00:00+00:00,2026-02-17T23:00:00+05:00,2026-02-17T12:00:00+00:00,2026-02-17T16:01:59+00:00,c3186873f5da78908552352638311f733748324624a6fd513fe2ef98ce6be013,gfs-ml-v1:30e504d3fa915c28313a72a3c8f0d5412a78763b1207789a749d094d1a620668,2,2026-02-18T09:00:00+00:00,2026-02-18T14:00:00+05:00,15,0.8264783714889422,9.161141516925309,11.342029178909343,True
2026-02-17,2026-02-17T18:00:00+00:00,2026-02-17T23:00:00+05:00,2026-02-17T12:00:00+00:00,2026-02-17T16:01:59+00:00,c3186873f5da78908552352638311f733748324624a6fd513fe2ef98ce6be013,gfs-ml-v1:30e504d3fa915c28313a72a3c8f0d5412a78763b1207789a749d094d1a620668,2,2026-02-18T10:00:00+00:00,2026-02-18T15:00:00+05:00,16,0.8290866898929108,9.183618200525217,11.262705102396296,True
2026-02-17,2026-02-17T18:00:00+00:00,2026-02-17T23:00:00+05:00,2026-02-17T12:00:00+00:00,2026-02-17T16:01:59+00:00,c3186873f5da78908552352638311f733748324624a6fd513fe2ef98ce6be013,gfs-ml-v1:30e504d3fa915c28313a72a3c8f0d5412a78763b1207789a749d094d1a620668,2,2026-02-18T11:00:00+00:00,2026-02-18T16:00:00+05:00,17,0.7787535621905881,8.804537603798234,10.274550907860714,True
2026-02-17,2026-02-17T18:00:00+00:00,2026-02-17T23:00:00+05:00,2026-02-17T12:00:00+00:00,2026-02-17T16:01:59+00:00,c3186873f5da78908552352638311f733748324624a6fd513fe2ef98ce6be013,gfs-ml-v1:30e504d3fa915c28313a72a3c8f0d5412a78763b1207789a749d094d1a620668,2,2026-02-18T12:00:00+00:00,2026-02-18T17:00:00+05:00,18,0.6880018747696016,8.187208224736837,8.762567315266494,True
2026-02-17,2026-02-17T18:00:00+00:00,2026-02-17T23:00:00+05:00,2026-02-17T12:00:00+00:00,2026-02-17T16:01:59+00:00,c3186873f5da78908552352638311f733748324624a6fd513fe2ef98ce6be013,gfs-ml-v1:30e504d3fa915c28313a72a3c8f0d5412a78763b1207789a749d094d1a620668,2,2026-02-18T13:00:00+00:00,2026-02-18T18:00:00+05:00,19,0.5373678926376033,7.0781338147418635,7.828301470441886,True
2026-02-17,2026-02-17T18:00:00+00:00,2026-02-17T23:00:00+05:00,2026-02-17T12:00:00+00:00,2026-02-17T16:01:59+00:00,c3186873f5da78908552352638311f733748324624a6fd513fe2ef98ce6be013,gfs-ml-v1:30e504d3fa915c28313a72a3c8f0d5412a78763b1207789a749d094d1a620668,2,2026-02-18T14:00:00+00:00,2026-02-18T19:00:00+05:00,20,0.6198469485885532,7.607550450870193,7.31887144552951,True
2026-02-17,2026-02-17T18:00:00+00:00,2026-02-17T23:00:00+05:00,2026-02-17T12:00:00+00:00,2026-02-17T16:01:59+00:00,c3186873f5da78908552352638311f733748324624a6fd513fe2ef98ce6be013,gfs-ml-v1:30e504d3fa915c28313a72a3c8f0d5412a78763b1207789a749d094d1a620668,2,2026-02-18T15:00:00+00:00,2026-02-18T20:00:00+05:00,21,0.5870965391542786,7.391511530333365,6.698684171811976,True
2026-02-17,2026-02-17T18:00:00+00:00,2026-02-17T23:00:00+05:00,2026-02-17T12:00:00+00:00,2026-02-17T16:01:59+00:00,c3186873f5da78908552352638311f733748324624a6fd513fe2ef98ce6be013,gfs-ml-v1:30e504d3fa915c28313a72a3c8f0d5412a78763b1207789a749d094d1a620668,2,2026-02-18T16:00:00+00:00,2026-02-18T21:00:00+05:00,22,0.6044536033183139,7.500891485311159,6.314627568734011,True
2026-02-17,2026-02-17T18:00:00+00:00,2026-02-17T23:00:00+05:00,2026-02-17T12:00:00+00:00,2026-02-17T16:01:59+00:00,c3186873f5da78908552352638311f733748324624a6fd513fe2ef98ce6be013,gfs-ml-v1:30e504d3fa915c28313a72a3c8f0d5412a78763b1207789a749d094d1a620668,2,2026-02-18T17:00:00+00:00,2026-02-18T22:00:00+05:00,23,0.5319664731170274,7.0428857715563975,6.017752183539244,True
2026-02-17,2026-02-17T18:00:00+00:00,2026-02-17T23:00:00+05:00,2026-02-17T12:00:00+00:00,2026-02-17T16:01:59+00:00,c3186873f5da78908552352638311f733748324624a6fd513fe2ef98ce6be013,gfs-ml-v1:30e504d3fa915c28313a72a3c8f0d5412a78763b1207789a749d094d1a620668,2,2026-02-18T18:00:00+00:00,2026-02-18T23:00:00+05:00,24,0.6314548133622702,7.711951100673705,5.785534844476729,True
2026-02-18,2026-02-18T18:00:00+00:00,2026-02-18T23:00:00+05:00,2026-02-18T12:00:00+00:00,2026-02-18T16:00:27+00:00,e238492c49cb78c43058da20499754d6df8ec00ae93ca9c674d05315fb543578,gfs-ml-v1:30e504d3fa915c28313a72a3c8f0d5412a78763b1207789a749d094d1a620668,1,2026-02-18T19:00:00+00:00,2026-02-19T00:00:00+05:00,1,0.5343343668833114,7.078076228981554,5.3997774589400365,True
2026-02-18,2026-02-18T18:00:00+00:00,2026-02-18T23:00:00+05:00,2026-02-18T12:00:00+00:00,2026-02-18T16:00:27+00:00,e238492c49cb78c43058da20499754d6df8ec00ae93ca9c674d05315fb543578,gfs-ml-v1:30e504d3fa915c28313a72a3c8f0d5412a78763b1207789a749d094d1a620668,1,2026-02-18T20:00:00+00:00,2026-02-19T01:00:00+05:00,2,0.4829790524803395,6.706063156036583,5.31282324967799,True
2026-02-18,2026-02-18T18:00:00+00:00,2026-02-18T23:00:00+05:00,2026-02-18T12:00:00+00:00,2026-02-18T16:00:27+00:00,e238492c49cb78c43058da20499754d6df8ec00ae93ca9c674d05315fb543578,gfs-ml-v1:30e504d3fa915c28313a72a3c8f0d5412a78763b1207789a749d094d1a620668,1,2026-02-18T21:00:00+00:00,2026-02-19T02:00:00+05:00,3,0.5278387425017833,7.031022536195114,5.046315655684964,True
2026-02-18,2026-02-18T18:00:00+00:00,2026-02-18T23:00:00+05:00,2026-02-18T12:00:00+00:00,2026-02-18T16:00:27+00:00,e238492c49cb78c43058da20499754d6df8ec00ae93ca9c674d05315fb543578,gfs-ml-v1:30e504d3fa915c28313a72a3c8f0d5412a78763b1207789a749d094d1a620668,1,2026-02-18T22:00:00+00:00,2026-02-19T03:00:00+05:00,4,0.4296622121553748,6.3376078163858,4.913095898324002,True
2026-02-18,2026-02-18T18:00:00+00:00,2026-02-18T23:00:00+05:00,2026-02-18T12:00:00+00:00,2026-02-18T16:00:27+00:00,e238492c49cb78c43058da20499754d6df8ec00ae93ca9c674d05315fb543578,gfs-ml-v1:30e504d3fa915c28313a72a3c8f0d5412a78763b1207789a749d094d1a620668,1,2026-02-18T23:00:00+00:00,2026-02-19T04:00:00+05:00,5,0.43761639473943453,6.392123725750806,4.773674037122021,True
2026-02-18,2026-02-18T18:00:00+00:00,2026-02-18T23:00:00+05:00,2026-02-18T12:00:00+00:00,2026-02-18T16:00:27+00:00,e238492c49cb78c43058da20499754d6df8ec00ae93ca9c674d05315fb543578,gfs-ml-v1:30e504d3fa915c28313a72a3c8f0d5412a78763b1207789a749d094d1a620668,1,2026-02-19T00:00:00+00:00,2026-02-19T05:00:00+05:00,6,0.32618072841614665,5.606338019987685,4.950009839500012,True
2026-02-18,2026-02-18T18:00:00+00:00,2026-02-18T23:00:00+05:00,2026-02-18T12:00:00+00:00,2026-02-18T16:00:27+00:00,e238492c49cb78c43058da20499754d6df8ec00ae93ca9c674d05315fb543578,gfs-ml-v1:30e504d3fa915c28313a72a3c8f0d5412a78763b1207789a749d094d1a620668,1,2026-02-19T01:00:00+00:00,2026-02-19T06:00:00+05:00,7,0.342564132576336,5.723639512499017,4.972712242867999,True
2026-02-18,2026-02-18T18:00:00+00:00,2026-02-18T23:00:00+05:00,2026-02-18T12:00:00+00:00,2026-02-18T16:00:27+00:00,e238492c49cb78c43058da20499754d6df8ec00ae93ca9c674d05315fb543578,gfs-ml-v1:30e504d3fa915c28313a72a3c8f0d5412a78763b1207789a749d094d1a620668,1,2026-02-19T02:00:00+00:00,2026-02-19T07:00:00+05:00,8,0.33386008649391696,5.6613204983080525,5.255444495212032,True
2026-02-18,2026-02-18T18:00:00+00:00,2026-02-18T23:00:00+05:00,2026-02-18T12:00:00+00:00,2026-02-18T16:00:27+00:00,e238492c49cb78c43058da20499754d6df8ec00ae93ca9c674d05315fb543578,gfs-ml-v1:30e504d3fa915c28313a72a3c8f0d5412a78763b1207789a749d094d1a620668,1,2026-02-19T03:00:00+00:00,2026-02-19T08:00:00+05:00,9,0.32055861497707855,5.563900180332454,6.30275644444805,True
2026-02-18,2026-02-18T18:00:00+00:00,2026-02-18T23:00:00+05:00,2026-02-18T12:00:00+00:00,2026-02-18T16:00:27+00:00,e238492c49cb78c43058da20499754d6df8ec00ae93ca9c674d05315fb543578,gfs-ml-v1:30e504d3fa915c28313a72a3c8f0d5412a78763b1207789a749d094d1a620668,1,2026-02-19T04:00:00+00:00,2026-02-19T09:00:00+05:00,10,0.37393719283140864,5.9482635745428745,7.861928908072002,True
2026-02-18,2026-02-18T18:00:00+00:00,2026-02-18T23:00:00+05:00,2026-02-18T12:00:00+00:00,2026-02-18T16:00:27+00:00,e238492c49cb78c43058da20499754d6df8ec00ae93ca9c674d05315fb543578,gfs-ml-v1:30e504d3fa915c28313a72a3c8f0d5412a78763b1207789a749d094d1a620668,1,2026-02-19T05:00:00+00:00,2026-02-19T10:00:00+05:00,11,0.403528678883961,6.158495341137009,9.612586628787994,True
2026-02-18,2026-02-18T18:00:00+00:00,2026-02-18T23:00:00+05:00,2026-02-18T12:00:00+00:00,2026-02-18T16:00:27+00:00,e238492c49cb78c43058da20499754d6df8ec00ae93ca9c674d05315fb543578,gfs-ml-v1:30e504d3fa915c28313a72a3c8f0d5412a78763b1207789a749d094d1a620668,1,2026-02-19T06:00:00+00:00,2026-02-19T11:00:00+05:00,12,0.39574459417649765,6.104399668150847,11.22024048702599,True
2026-02-18,2026-02-18T18:00:00+00:00,2026-02-18T23:00:00+05:00,2026-02-18T12:00:00+00:00,2026-02-18T16:00:27+00:00,e238492c49cb78c43058da20499754d6df8ec00ae93ca9c674d05315fb543578,gfs-ml-v1:30e504d3fa915c28313a72a3c8f0d5412a78763b1207789a749d094d1a620668,1,2026-02-19T07:00:00+00:00,2026-02-19T12:00:00+05:00,13,0.3016831014410713,5.418171116294477,12.570210498198037,True
2026-02-18,2026-02-18T18:00:00+00:00,2026-02-18T23:00:00+05:00,2026-02-18T12:00:00+00:00,2026-02-18T16:00:27+00:00,e238492c49cb78c43058da20499754d6df8ec00ae93ca9c674d05315fb543578,gfs-ml-v1:30e504d3fa915c28313a72a3c8f0d5412a78763b1207789a749d094d1a620668,1,2026-02-19T08:00:00+00:00,2026-02-19T13:00:00+05:00,14,0.2856192406045301,5.294149515500422,13.45903830615805,True
2026-02-18,2026-02-18T18:00:00+00:00,2026-02-18T23:00:00+05:00,2026-02-18T12:00:00+00:00,2026-02-18T16:00:27+00:00,e238492c49cb78c43058da20499754d6df8ec00ae93ca9c674d05315fb543578,gfs-ml-v1:30e504d3fa915c28313a72a3c8f0d5412a78763b1207789a749d094d1a620668,1,2026-02-19T09:00:00+00:00,2026-02-19T14:00:00+05:00,15,0.30620924418030604,5.453115360001156,13.414756567530048,True
2026-02-18,2026-02-18T18:00:00+00:00,2026-02-18T23:00:00+05:00,2026-02-18T12:00:00+00:00,2026-02-18T16:00:27+00:00,e238492c49cb78c43058da20499754d6df8ec00ae93ca9c674d05315fb543578,gfs-ml-v1:30e504d3fa915c28313a72a3c8f0d5412a78763b1207789a749d094d1a620668,1,2026-02-19T10:00:00+00:00,2026-02-19T15:00:00+05:00,16,0.17912193610574856,4.359375895014567,13.48863777709596,True
2026-02-18,2026-02-18T18:00:00+00:00,2026-02-18T23:00:00+05:00,2026-02-18T12:00:00+00:00,2026-02-18T16:00:27+00:00,e238492c49cb78c43058da20499754d6df8ec00ae93ca9c674d05315fb543578,gfs-ml-v1:30e504d3fa915c28313a72a3c8f0d5412a78763b1207789a749d094d1a620668,1,2026-02-19T11:00:00+00:00,2026-02-19T16:00:00+05:00,17,0.12681856043020853,3.698954604084532,12.961494770238062,True
2026-02-18,2026-02-18T18:00:00+00:00,2026-02-18T23:00:00+05:00,2026-02-18T12:00:00+00:00,2026-02-18T16:00:27+00:00,e238492c49cb78c43058da20499754d6df8ec00ae93ca9c674d05315fb543578,gfs-ml-v1:30e504d3fa915c28313a72a3c8f0d5412a78763b1207789a749d094d1a620668,1,2026-02-19T12:00:00+00:00,2026-02-19T17:00:00+05:00,18,0.10902198397479346,3.437097491067381,10.972491347000016,True
2026-02-18,2026-02-18T18:00:00+00:00,2026-02-18T23:00:00+05:00,2026-02-18T12:00:00+00:00,2026-02-18T16:00:27+00:00,e238492c49cb78c43058da20499754d6df8ec00ae93ca9c674d05315fb543578,gfs-ml-v1:30e504d3fa915c28313a72a3c8f0d5412a78763b1207789a749d094d1a620668,1,2026-02-19T13:00:00+00:00,2026-02-19T18:00:00+05:00,19,0.11611812036009328,3.5465380755719957,9.857738899725973,True
2026-02-18,2026-02-18T18:00:00+00:00,2026-02-18T23:00:00+05:00,2026-02-18T12:00:00+00:00,2026-02-18T16:00:27+00:00,e238492c49cb78c43058da20499754d6df8ec00ae93ca9c674d05315fb543578,gfs-ml-v1:30e504d3fa915c28313a72a3c8f0d5412a78763b1207789a749d094d1a620668,1,2026-02-19T14:00:00+00:00,2026-02-19T19:00:00+05:00,20,0.11039635296994058,3.4610907910717437,9.27526120406202,True
2026-02-18,2026-02-18T18:00:00+00:00,2026-02-18T23:00:00+05:00,2026-02-18T12:00:00+00:00,2026-02-18T16:00:27+00:00,e238492c49cb78c43058da20499754d6df8ec00ae93ca9c674d05315fb543578,gfs-ml-v1:30e504d3fa915c28313a72a3c8f0d5412a78763b1207789a749d094d1a620668,1,2026-02-19T15:00:00+00:00,2026-02-19T20:00:00+05:00,21,0.06160011443056965,2.5051465431783195,8.96500365024201,True
2026-02-18,2026-02-18T18:00:00+00:00,2026-02-18T23:00:00+05:00,2026-02-18T12:00:00+00:00,2026-02-18T16:00:27+00:00,e238492c49cb78c43058da20499754d6df8ec00ae93ca9c674d05315fb543578,gfs-ml-v1:30e504d3fa915c28313a72a3c8f0d5412a78763b1207789a749d094d1a620668,1,2026-02-19T16:00:00+00:00,2026-02-19T21:00:00+05:00,22,0.018861147588892575,1.0072508545690704,9.029338227364008,True
2026-02-18,2026-02-18T18:00:00+00:00,2026-02-18T23:00:00+05:00,2026-02-18T12:00:00+00:00,2026-02-18T16:00:27+00:00,e238492c49cb78c43058da20499754d6df8ec00ae93ca9c674d05315fb543578,gfs-ml-v1:30e504d3fa915c28313a72a3c8f0d5412a78763b1207789a749d094d1a620668,1,2026-02-19T17:00:00+00:00,2026-02-19T22:00:00+05:00,23,0.016782976806747264,0.88826903677325,8.315803653557964,True
2026-02-18,2026-02-18T18:00:00+00:00,2026-02-18T23:00:00+05:00,2026-02-18T12:00:00+00:00,2026-02-18T16:00:27+00:00,e238492c49cb78c43058da20499754d6df8ec00ae93ca9c674d05315fb543578,gfs-ml-v1:30e504d3fa915c28313a72a3c8f0d5412a78763b1207789a749d094d1a620668,1,2026-02-19T18:00:00+00:00,2026-02-19T23:00:00+05:00,24,0.014034587294415264,0.6347623665261422,7.616715162772039,True
2026-02-18,2026-02-18T18:00:00+00:00,2026-02-18T23:00:00+05:00,2026-02-18T12:00:00+00:00,2026-02-18T16:00:27+00:00,e238492c49cb78c43058da20499754d6df8ec00ae93ca9c674d05315fb543578,gfs-ml-v1:30e504d3fa915c28313a72a3c8f0d5412a78763b1207789a749d094d1a620668,2,2026-02-18T19:00:00+00:00,2026-02-19T00:00:00+05:00,1,0.5237417472431024,6.984535102503661,5.390507697045678,True
2026-02-18,2026-02-18T18:00:00+00:00,2026-02-18T23:00:00+05:00,2026-02-18T12:00:00+00:00,2026-02-18T16:00:27+00:00,e238492c49cb78c43058da20499754d6df8ec00ae93ca9c674d05315fb543578,gfs-ml-v1:30e504d3fa915c28313a72a3c8f0d5412a78763b1207789a749d094d1a620668,2,2026-02-18T20:00:00+00:00,2026-02-19T01:00:00+05:00,2,0.4715624068794452,6.6143465433198845,5.3072200846527835,True
2026-02-18,2026-02-18T18:00:00+00:00,2026-02-18T23:00:00+05:00,2026-02-18T12:00:00+00:00,2026-02-18T16:00:27+00:00,e238492c49cb78c43058da20499754d6df8ec00ae93ca9c674d05315fb543578,gfs-ml-v1:30e504d3fa915c28313a72a3c8f0d5412a78763b1207789a749d094d1a620668,2,2026-02-18T21:00:00+00:00,2026-02-19T02:00:00+05:00,3,0.516858368881385,6.9357006806753665,5.040085071339433,True
2026-02-18,2026-02-18T18:00:00+00:00,2026-02-18T23:00:00+05:00,2026-02-18T12:00:00+00:00,2026-02-18T16:00:27+00:00,e238492c49cb78c43058da20499754d6df8ec00ae93ca9c674d05315fb543578,gfs-ml-v1:30e504d3fa915c28313a72a3c8f0d5412a78763b1207789a749d094d1a620668,2,2026-02-18T22:00:00+00:00,2026-02-19T03:00:00+05:00,4,0.42072403520368334,6.250649604148167,4.907592235337802,True
2026-02-18,2026-02-18T18:00:00+00:00,2026-02-18T23:00:00+05:00,2026-02-18T12:00:00+00:00,2026-02-18T16:00:27+00:00,e238492c49cb78c43058da20499754d6df8ec00ae93ca9c674d05315fb543578,gfs-ml-v1:30e504d3fa915c28313a72a3c8f0d5412a78763b1207789a749d094d1a620668,2,2026-02-18T23:00:00+00:00,2026-02-19T04:00:00+05:00,5,0.42797542023499935,6.3026531856336225,4.76757959977931,True
2026-02-18,2026-02-18T18:00:00+00:00,2026-02-18T23:00:00+05:00,2026-02-18T12:00:00+00:00,2026-02-18T16:00:27+00:00,e238492c49cb78c43058da20499754d6df8ec00ae93ca9c674d05315fb543578,gfs-ml-v1:30e504d3fa915c28313a72a3c8f0d5412a78763b1207789a749d094d1a620668,2,2026-02-19T00:00:00+00:00,2026-02-19T05:00:00+05:00,6,0.31776424869990616,5.519449560321718,4.950465106380079,True
2026-02-18,2026-02-18T18:00:00+00:00,2026-02-18T23:00:00+05:00,2026-02-18T12:00:00+00:00,2026-02-18T16:00:27+00:00,e238492c49cb78c43058da20499754d6df8ec00ae93ca9c674d05315fb543578,gfs-ml-v1:30e504d3fa915c28313a72a3c8f0d5412a78763b1207789a749d094d1a620668,2,2026-02-19T01:00:00+00:00,2026-02-19T06:00:00+05:00,7,0.33465604601019366,5.6388440981296855,4.9742432490683655,True
2026-02-18,2026-02-18T18:00:00+00:00,2026-02-18T23:00:00+05:00,2026-02-18T12:00:00+00:00,2026-02-18T16:00:27+00:00,e238492c49cb78c43058da20499754d6df8ec00ae93ca9c674d05315fb543578,gfs-ml-v1:30e504d3fa915c28313a72a3c8f0d5412a78763b1207789a749d094d1a620668,2,2026-02-19T02:00:00+00:00,2026-02-19T07:00:00+05:00,8,0.32585580136761993,5.576642242258656,5.257512434470925,True
2026-02-18,2026-02-18T18:00:00+00:00,2026-02-18T23:00:00+05:00,2026-02-18T12:00:00+00:00,2026-02-18T16:00:27+00:00,e238492c49cb78c43058da20499754d6df8ec00ae93ca9c674d05315fb543578,gfs-ml-v1:30e504d3fa915c28313a72a3c8f0d5412a78763b1207789a749d094d1a620668,2,2026-02-19T03:00:00+00:00,2026-02-19T08:00:00+05:00,9,0.31283755356781046,5.484277432058492,6.3099016223475815,True
2026-02-18,2026-02-18T18:00:00+00:00,2026-02-18T23:00:00+05:00,2026-02-18T12:00:00+00:00,2026-02-18T16:00:27+00:00,e238492c49cb78c43058da20499754d6df8ec00ae93ca9c674d05315fb543578,gfs-ml-v1:30e504d3fa915c28313a72a3c8f0d5412a78763b1207789a749d094d1a620668,2,2026-02-19T04:00:00+00:00,2026-02-19T09:00:00+05:00,10,0.3671791403335618,5.868723710316282,7.869493486857323,True
2026-02-18,2026-02-18T18:00:00+00:00,2026-02-18T23:00:00+05:00,2026-02-18T12:00:00+00:00,2026-02-18T16:00:27+00:00,e238492c49cb78c43058da20499754d6df8ec00ae93ca9c674d05315fb543578,gfs-ml-v1:30e504d3fa915c28313a72a3c8f0d5412a78763b1207789a749d094d1a620668,2,2026-02-19T05:00:00+00:00,2026-02-19T10:00:00+05:00,11,0.39679972350994175,6.079075499714886,9.62266378328917,True
2026-02-18,2026-02-18T18:00:00+00:00,2026-02-18T23:00:00+05:00,2026-02-18T12:00:00+00:00,2026-02-18T16:00:27+00:00,e238492c49cb78c43058da20499754d6df8ec00ae93ca9c674d05315fb543578,gfs-ml-v1:30e504d3fa915c28313a72a3c8f0d5412a78763b1207789a749d094d1a620668,2,2026-02-19T06:00:00+00:00,2026-02-19T11:00:00+05:00,12,0.38984108803418477,6.029171382718159,11.230348718396272,True
2026-02-18,2026-02-18T18:00:00+00:00,2026-02-18T23:00:00+05:00,2026-02-18T12:00:00+00:00,2026-02-18T16:00:27+00:00,e238492c49cb78c43058da20499754d6df8ec00ae93ca9c674d05315fb543578,gfs-ml-v1:30e504d3fa915c28313a72a3c8f0d5412a78763b1207789a749d094d1a620668,2,2026-02-19T07:00:00+00:00,2026-02-19T12:00:00+05:00,13,0.2947167969728032,5.345834544569157,12.576333596097527,True
2026-02-18,2026-02-18T18:00:00+00:00,2026-02-18T23:00:00+05:00,2026-02-18T12:00:00+00:00,2026-02-18T16:00:27+00:00,e238492c49cb78c43058da20499754d6df8ec00ae93ca9c674d05315fb543578,gfs-ml-v1:30e504d3fa915c28313a72a3c8f0d5412a78763b1207789a749d094d1a620668,2,2026-02-19T08:00:00+00:00,2026-02-19T13:00:00+05:00,14,0.2798625910535878,5.2323481596030925,13.464139598207964,True
2026-02-18,2026-02-18T18:00:00+00:00,2026-02-18T23:00:00+05:00,2026-02-18T12:00:00+00:00,2026-02-18T16:00:27+00:00,e238492c49cb78c43058da20499754d6df8ec00ae93ca9c674d05315fb543578,gfs-ml-v1:30e504d3fa915c28313a72a3c8f0d5412a78763b1207789a749d094d1a620668,2,2026-02-19T09:00:00+00:00,2026-02-19T14:00:00+05:00,15,0.30085017659528707,5.392693668831048,13.418545595357273,True
2026-02-18,2026-02-18T18:00:00+00:00,2026-02-18T23:00:00+05:00,2026-02-18T12:00:00+00:00,2026-02-18T16:00:27+00:00,e238492c49cb78c43058da20499754d6df8ec00ae93ca9c674d05315fb543578,gfs-ml-v1:30e504d3fa915c28313a72a3c8f0d5412a78763b1207789a749d094d1a620668,2,2026-02-19T10:00:00+00:00,2026-02-19T15:00:00+05:00,16,0.1759749337362845,4.307703403532893,13.489279815263046,True
2026-02-18,2026-02-18T18:00:00+00:00,2026-02-18T23:00:00+05:00,2026-02-18T12:00:00+00:00,2026-02-18T16:00:27+00:00,e238492c49cb78c43058da20499754d6df8ec00ae93ca9c674d05315fb543578,gfs-ml-v1:30e504d3fa915c28313a72a3c8f0d5412a78763b1207789a749d094d1a620668,2,2026-02-19T11:00:00+00:00,2026-02-19T16:00:00+05:00,17,0.12278974892266915,3.649838081943744,12.954030073987212,True
2026-02-18,2026-02-18T18:00:00+00:00,2026-02-18T23:00:00+05:00,2026-02-18T12:00:00+00:00,2026-02-18T16:00:27+00:00,e238492c49cb78c43058da20499754d6df8ec00ae93ca9c674d05315fb543578,gfs-ml-v1:30e504d3fa915c28313a72a3c8f0d5412a78763b1207789a749d094d1a620668,2,2026-02-19T12:00:00+00:00,2026-02-19T17:00:00+05:00,18,0.10388604373263023,3.381101483284173,10.962608373880016,True
2026-02-18,2026-02-18T18:00:00+00:00,2026-02-18T23:00:00+05:00,2026-02-18T12:00:00+00:00,2026-02-18T16:00:27+00:00,e238492c49cb78c43058da20499754d6df8ec00ae93ca9c674d05315fb543578,gfs-ml-v1:30e504d3fa915c28313a72a3c8f0d5412a78763b1207789a749d094d1a620668,2,2026-02-19T13:00:00+00:00,2026-02-19T18:00:00+05:00,19,0.11016660081217329,3.4748126989500863,9.85445312034426,True
2026-02-18,2026-02-18T18:00:00+00:00,2026-02-18T23:00:00+05:00,2026-02-18T12:00:00+00:00,2026-02-18T16:00:27+00:00,e238492c49cb78c43058da20499754d6df8ec00ae93ca9c674d05315fb543578,gfs-ml-v1:30e504d3fa915c28313a72a3c8f0d5412a78763b1207789a749d094d1a620668,2,2026-02-19T14:00:00+00:00,2026-02-19T19:00:00+05:00,20,0.10379044392066532,3.3791846258745784,9.2762042979449,True
2026-02-18,2026-02-18T18:00:00+00:00,2026-02-18T23:00:00+05:00,2026-02-18T12:00:00+00:00,2026-02-18T16:00:27+00:00,e238492c49cb78c43058da20499754d6df8ec00ae93ca9c674d05315fb543578,gfs-ml-v1:30e504d3fa915c28313a72a3c8f0d5412a78763b1207789a749d094d1a620668,2,2026-02-19T15:00:00+00:00,2026-02-19T20:00:00+05:00,21,0.05785028507258001,2.416856125228207,8.972170377328155,True
2026-02-18,2026-02-18T18:00:00+00:00,2026-02-18T23:00:00+05:00,2026-02-18T12:00:00+00:00,2026-02-18T16:00:27+00:00,e238492c49cb78c43058da20499754d6df8ec00ae93ca9c674d05315fb543578,gfs-ml-v1:30e504d3fa915c28313a72a3c8f0d5412a78763b1207789a749d094d1a620668,2,2026-02-19T16:00:00+00:00,2026-02-19T21:00:00+05:00,22,0.01672872594343306,0.912743025943942,9.03332923710741,True
2026-02-18,2026-02-18T18:00:00+00:00,2026-02-18T23:00:00+05:00,2026-02-18T12:00:00+00:00,2026-02-18T16:00:27+00:00,e238492c49cb78c43058da20499754d6df8ec00ae93ca9c674d05315fb543578,gfs-ml-v1:30e504d3fa915c28313a72a3c8f0d5412a78763b1207789a749d094d1a620668,2,2026-02-19T17:00:00+00:00,2026-02-19T22:00:00+05:00,23,0.014697836858768928,0.799642583241862,8.321007070983967,True
2026-02-18,2026-02-18T18:00:00+00:00,2026-02-18T23:00:00+05:00,2026-02-18T12:00:00+00:00,2026-02-18T16:00:27+00:00,e238492c49cb78c43058da20499754d6df8ec00ae93ca9c674d05315fb543578,gfs-ml-v1:30e504d3fa915c28313a72a3c8f0d5412a78763b1207789a749d094d1a620668,2,2026-02-19T18:00:00+00:00,2026-02-19T23:00:00+05:00,24,0.012634506344849729,0.5648996107312102,7.629021957685325,True
2026-02-19,2026-02-19T18:00:00+00:00,2026-02-19T23:00:00+05:00,2026-02-19T12:00:00+00:00,2026-02-19T16:00:17+00:00,c6f7dd36d5d208db5493af1cc6ed0ec8ebe8103134c7937cacf79d03ceef62ba,gfs-ml-v1:30e504d3fa915c28313a72a3c8f0d5412a78763b1207789a749d094d1a620668,1,2026-02-19T19:00:00+00:00,2026-02-20T00:00:00+05:00,1,0.35848226843783526,5.837609788535376,9.22739319874006,True
2026-02-19,2026-02-19T18:00:00+00:00,2026-02-19T23:00:00+05:00,2026-02-19T12:00:00+00:00,2026-02-19T16:00:17+00:00,c6f7dd36d5d208db5493af1cc6ed0ec8ebe8103134c7937cacf79d03ceef62ba,gfs-ml-v1:30e504d3fa915c28313a72a3c8f0d5412a78763b1207789a749d094d1a620668,1,2026-02-19T20:00:00+00:00,2026-02-20T01:00:00+05:00,2,0.3609053483252103,5.854958496074067,8.926581754860024,True
2026-02-19,2026-02-19T18:00:00+00:00,2026-02-19T23:00:00+05:00,2026-02-19T12:00:00+00:00,2026-02-19T16:00:17+00:00,c6f7dd36d5d208db5493af1cc6ed0ec8ebe8103134c7937cacf79d03ceef62ba,gfs-ml-v1:30e504d3fa915c28313a72a3c8f0d5412a78763b1207789a749d094d1a620668,1,2026-02-19T21:00:00+00:00,2026-02-20T02:00:00+05:00,3,0.3746914396082003,5.9536638119889185,8.512716166405028,True
2026-02-19,2026-02-19T18:00:00+00:00,2026-02-19T23:00:00+05:00,2026-02-19T12:00:00+00:00,2026-02-19T16:00:17+00:00,c6f7dd36d5d208db5493af1cc6ed0ec8ebe8103134c7937cacf79d03ceef62ba,gfs-ml-v1:30e504d3fa915c28313a72a3c8f0d5412a78763b1207789a749d094d1a620668,1,2026-02-19T22:00:00+00:00,2026-02-20T03:00:00+05:00,4,0.5045307391602352,6.862181549666186,8.074985146570043,True
2026-02-19,2026-02-19T18:00:00+00:00,2026-02-19T23:00:00+05:00,2026-02-19T12:00:00+00:00,2026-02-19T16:00:17+00:00,c6f7dd36d5d208db5493af1cc6ed0ec8ebe8103134c7937cacf79d03ceef62ba,gfs-ml-v1:30e504d3fa915c28313a72a3c8f0d5412a78763b1207789a749d094d1a620668,1,2026-02-19T23:00:00+00:00,2026-02-20T04:00:00+05:00,5,0.5762867885993087,7.366848355246234,7.478006066288003,True
2026-02-19,2026-02-19T18:00:00+00:00,2026-02-19T23:00:00+05:00,2026-02-19T12:00:00+00:00,2026-02-19T16:00:17+00:00,c6f7dd36d5d208db5493af1cc6ed0ec8ebe8103134c7937cacf79d03ceef62ba,gfs-ml-v1:30e504d3fa915c28313a72a3c8f0d5412a78763b1207789a749d094d1a620668,1,2026-02-20T00:00:00+00:00,2026-02-20T05:00:00+05:00,6,0.5503856225376994,7.193108022367116,7.203903926466069,True
2026-02-19,2026-02-19T18:00:00+00:00,2026-02-19T23:00:00+05:00,2026-02-19T12:00:00+00:00,2026-02-19T16:00:17+00:00,c6f7dd36d5d208db5493af1cc6ed0ec8ebe8103134c7937cacf79d03ceef62ba,gfs-ml-v1:30e504d3fa915c28313a72a3c8f0d5412a78763b1207789a749d094d1a620668,1,2026-02-20T01:00:00+00:00,2026-02-20T06:00:00+05:00,7,0.5004411857104755,6.832557208670432,6.962392034196057,True
2026-02-19,2026-02-19T18:00:00+00:00,2026-02-19T23:00:00+05:00,2026-02-19T12:00:00+00:00,2026-02-19T16:00:17+00:00,c6f7dd36d5d208db5493af1cc6ed0ec8ebe8103134c7937cacf79d03ceef62ba,gfs-ml-v1:30e504d3fa915c28313a72a3c8f0d5412a78763b1207789a749d094d1a620668,1,2026-02-20T02:00:00+00:00,2026-02-20T07:00:00+05:00,8,0.5067363613729453,6.87815886976723,6.81676339036801,True
2026-02-19,2026-02-19T18:00:00+00:00,2026-02-19T23:00:00+05:00,2026-02-19T12:00:00+00:00,2026-02-19T16:00:17+00:00,c6f7dd36d5d208db5493af1cc6ed0ec8ebe8103134c7937cacf79d03ceef62ba,gfs-ml-v1:30e504d3fa915c28313a72a3c8f0d5412a78763b1207789a749d094d1a620668,1,2026-02-20T03:00:00+00:00,2026-02-20T08:00:00+05:00,9,0.4435710732844467,6.432935551784091,8.080451481284001,True
2026-02-19,2026-02-19T18:00:00+00:00,2026-02-19T23:00:00+05:00,2026-02-19T12:00:00+00:00,2026-02-19T16:00:17+00:00,c6f7dd36d5d208db5493af1cc6ed0ec8ebe8103134c7937cacf79d03ceef62ba,gfs-ml-v1:30e504d3fa915c28313a72a3c8f0d5412a78763b1207789a749d094d1a620668,1,2026-02-20T04:00:00+00:00,2026-02-20T09:00:00+05:00,10,0.36440527449239885,5.880017181013811,9.586178236184026,True
2026-02-19,2026-02-19T18:00:00+00:00,2026-02-19T23:00:00+05:00,2026-02-19T12:00:00+00:00,2026-02-19T16:00:17+00:00,c6f7dd36d5d208db5493af1cc6ed0ec8ebe8103134c7937cacf79d03ceef62ba,gfs-ml-v1:30e504d3fa915c28313a72a3c8f0d5412a78763b1207789a749d094d1a620668,1,2026-02-20T05:00:00+00:00,2026-02-20T10:00:00+05:00,11,0.2841273131310575,5.282631037133889,10.866702564625996,True
2026-02-19,2026-02-19T18:00:00+00:00,2026-02-19T23:00:00+05:00,2026-02-19T12:00:00+00:00,2026-02-19T16:00:17+00:00,c6f7dd36d5d208db5493af1cc6ed0ec8ebe8103134c7937cacf79d03ceef62ba,gfs-ml-v1:30e504d3fa915c28313a72a3c8f0d5412a78763b1207789a749d094d1a620668,1,2026-02-20T06:00:00+00:00,2026-02-20T11:00:00+05:00,12,0.2353257514612486,4.887543262012899,11.620467012404049,True
2026-02-19,2026-02-19T18:00:00+00:00,2026-02-19T23:00:00+05:00,2026-02-19T12:00:00+00:00,2026-02-19T16:00:17+00:00,c6f7dd36d5d208db5493af1cc6ed0ec8ebe8103134c7937cacf79d03ceef62ba,gfs-ml-v1:30e504d3fa915c28313a72a3c8f0d5412a78763b1207789a749d094d1a620668,1,2026-02-20T07:00:00+00:00,2026-02-20T12:00:00+05:00,13,0.2256676826134279,4.804456922980209,12.291921885694023,True
2026-02-19,2026-02-19T18:00:00+00:00,2026-02-19T23:00:00+05:00,2026-02-19T12:00:00+00:00,2026-02-19T16:00:17+00:00,c6f7dd36d5d208db5493af1cc6ed0ec8ebe8103134c7937cacf79d03ceef62ba,gfs-ml-v1:30e504d3fa915c28313a72a3c8f0d5412a78763b1207789a749d094d1a620668,1,2026-02-20T08:00:00+00:00,2026-02-20T13:00:00+05:00,14,0.16097429662671917,4.151311714027894,12.802584358554043,True
2026-02-19,2026-02-19T18:00:00+00:00,2026-02-19T23:00:00+05:00,2026-02-19T12:00:00+00:00,2026-02-19T16:00:17+00:00,c6f7dd36d5d208db5493af1cc6ed0ec8ebe8103134c7937cacf79d03ceef62ba,gfs-ml-v1:30e504d3fa915c28313a72a3c8f0d5412a78763b1207789a749d094d1a620668,1,2026-02-20T09:00:00+00:00,2026-02-20T14:00:00+05:00,15,0.10270156938913386,3.326757688699062,13.115686670698096,True
2026-02-19,2026-02-19T18:00:00+00:00,2026-02-19T23:00:00+05:00,2026-02-19T12:00:00+00:00,2026-02-19T16:00:17+00:00,c6f7dd36d5d208db5493af1cc6ed0ec8ebe8103134c7937cacf79d03ceef62ba,gfs-ml-v1:30e504d3fa915c28313a72a3c8f0d5412a78763b1207789a749d094d1a620668,1,2026-02-20T10:00:00+00:00,2026-02-20T15:00:00+05:00,16,0.06914900101950672,2.676636701265719,13.111209260724024,True
2026-02-19,2026-02-19T18:00:00+00:00,2026-02-19T23:00:00+05:00,2026-02-19T12:00:00+00:00,2026-02-19T16:00:17+00:00,c6f7dd36d5d208db5493af1cc6ed0ec8ebe8103134c7937cacf79d03ceef62ba,gfs-ml-v1:30e504d3fa915c28313a72a3c8f0d5412a78763b1207789a749d094d1a620668,1,2026-02-20T11:00:00+00:00,2026-02-20T16:00:00+05:00,17,0.04682346547769881,2.0959661686386704,12.531459328914025,True
2026-02-19,2026-02-19T18:00:00+00:00,2026-02-19T23:00:00+05:00,2026-02-19T12:00:00+00:00,2026-02-19T16:00:17+00:00,c6f7dd36d5d208db5493af1cc6ed0ec8ebe8103134c7937cacf79d03ceef62ba,gfs-ml-v1:30e504d3fa915c28313a72a3c8f0d5412a78763b1207789a749d094d1a620668,1,2026-02-20T12:00:00+00:00,2026-02-20T17:00:00+05:00,18,0.03240307580133688,1.6263622839687983,10.875862361392024,True
2026-02-19,2026-02-19T18:00:00+00:00,2026-02-19T23:00:00+05:00,2026-02-19T12:00:00+00:00,2026-02-19T16:00:17+00:00,c6f7dd36d5d208db5493af1cc6ed0ec8ebe8103134c7937cacf79d03ceef62ba,gfs-ml-v1:30e504d3fa915c28313a72a3c8f0d5412a78763b1207789a749d094d1a620668,1,2026-02-20T13:00:00+00:00,2026-02-20T18:00:00+05:00,19,0.057386784922077716,2.404469279285831,9.604194297160063,True
2026-02-19,2026-02-19T18:00:00+00:00,2026-02-19T23:00:00+05:00,2026-02-19T12:00:00+00:00,2026-02-19T16:00:17+00:00,c6f7dd36d5d208db5493af1cc6ed0ec8ebe8103134c7937cacf79d03ceef62ba,gfs-ml-v1:30e504d3fa915c28313a72a3c8f0d5412a78763b1207789a749d094d1a620668,1,2026-02-20T14:00:00+00:00,2026-02-20T19:00:00+05:00,20,0.39425952313247953,6.093766893164315,9.185934572521944,True
2026-02-19,2026-02-19T18:00:00+00:00,2026-02-19T23:00:00+05:00,2026-02-19T12:00:00+00:00,2026-02-19T16:00:17+00:00,c6f7dd36d5d208db5493af1cc6ed0ec8ebe8103134c7937cacf79d03ceef62ba,gfs-ml-v1:30e504d3fa915c28313a72a3c8f0d5412a78763b1207789a749d094d1a620668,1,2026-02-20T15:00:00+00:00,2026-02-20T20:00:00+05:00,21,0.536918039004783,7.096792107105656,8.16522411388803,True
2026-02-19,2026-02-19T18:00:00+00:00,2026-02-19T23:00:00+05:00,2026-02-19T12:00:00+00:00,2026-02-19T16:00:17+00:00,c6f7dd36d5d208db5493af1cc6ed0ec8ebe8103134c7937cacf79d03ceef62ba,gfs-ml-v1:30e504d3fa915c28313a72a3c8f0d5412a78763b1207789a749d094d1a620668,1,2026-02-20T16:00:00+00:00,2026-02-20T21:00:00+05:00,22,0.6765777127258594,8.087749398172393,7.63998627736396,True
2026-02-19,2026-02-19T18:00:00+00:00,2026-02-19T23:00:00+05:00,2026-02-19T12:00:00+00:00,2026-02-19T16:00:17+00:00,c6f7dd36d5d208db5493af1cc6ed0ec8ebe8103134c7937cacf79d03ceef62ba,gfs-ml-v1:30e504d3fa915c28313a72a3c8f0d5412a78763b1207789a749d094d1a620668,1,2026-02-20T17:00:00+00:00,2026-02-20T22:00:00+05:00,23,0.7475667238793484,8.62809156609008,7.254841625528002,True
2026-02-19,2026-02-19T18:00:00+00:00,2026-02-19T23:00:00+05:00,2026-02-19T12:00:00+00:00,2026-02-19T16:00:17+00:00,c6f7dd36d5d208db5493af1cc6ed0ec8ebe8103134c7937cacf79d03ceef62ba,gfs-ml-v1:30e504d3fa915c28313a72a3c8f0d5412a78763b1207789a749d094d1a620668,1,2026-02-20T18:00:00+00:00,2026-02-20T23:00:00+05:00,24,0.7557210008643886,8.689971317812649,6.733959719482016,True
2026-02-19,2026-02-19T18:00:00+00:00,2026-02-19T23:00:00+05:00,2026-02-19T12:00:00+00:00,2026-02-19T16:00:17+00:00,c6f7dd36d5d208db5493af1cc6ed0ec8ebe8103134c7937cacf79d03ceef62ba,gfs-ml-v1:30e504d3fa915c28313a72a3c8f0d5412a78763b1207789a749d094d1a620668,2,2026-02-19T19:00:00+00:00,2026-02-20T00:00:00+05:00,1,0.36897164976635927,5.8813935187039865,9.23317440759763,True
2026-02-19,2026-02-19T18:00:00+00:00,2026-02-19T23:00:00+05:00,2026-02-19T12:00:00+00:00,2026-02-19T16:00:17+00:00,c6f7dd36d5d208db5493af1cc6ed0ec8ebe8103134c7937cacf79d03ceef62ba,gfs-ml-v1:30e504d3fa915c28313a72a3c8f0d5412a78763b1207789a749d094d1a620668,2,2026-02-19T20:00:00+00:00,2026-02-20T01:00:00+05:00,2,0.3673050151692129,5.869613418353157,8.921926941266463,True
2026-02-19,2026-02-19T18:00:00+00:00,2026-02-19T23:00:00+05:00,2026-02-19T12:00:00+00:00,2026-02-19T16:00:17+00:00,c6f7dd36d5d208db5493af1cc6ed0ec8ebe8103134c7937cacf79d03ceef62ba,gfs-ml-v1:30e504d3fa915c28313a72a3c8f0d5412a78763b1207789a749d094d1a620668,2,2026-02-19T21:00:00+00:00,2026-02-20T02:00:00+05:00,3,0.3781642016949696,5.946368279449176,8.509281101112265,True
2026-02-19,2026-02-19T18:00:00+00:00,2026-02-19T23:00:00+05:00,2026-02-19T12:00:00+00:00,2026-02-19T16:00:17+00:00,c6f7dd36d5d208db5493af1cc6ed0ec8ebe8103134c7937cacf79d03ceef62ba,gfs-ml-v1:30e504d3fa915c28313a72a3c8f0d5412a78763b1207789a749d094d1a620668,2,2026-02-19T22:00:00+00:00,2026-02-20T03:00:00+05:00,4,0.5030560015744835,6.837779196213179,8.070378607126827,True
2026-02-19,2026-02-19T18:00:00+00:00,2026-02-19T23:00:00+05:00,2026-02-19T12:00:00+00:00,2026-02-19T16:00:17+00:00,c6f7dd36d5d208db5493af1cc6ed0ec8ebe8103134c7937cacf79d03ceef62ba,gfs-ml-v1:30e504d3fa915c28313a72a3c8f0d5412a78763b1207789a749d094d1a620668,2,2026-02-19T23:00:00+00:00,2026-02-20T04:00:00+05:00,5,0.5781146359222953,7.334909782373885,7.471263380789139,True
2026-02-19,2026-02-19T18:00:00+00:00,2026-02-19T23:00:00+05:00,2026-02-19T12:00:00+00:00,2026-02-19T16:00:17+00:00,c6f7dd36d5d208db5493af1cc6ed0ec8ebe8103134c7937cacf79d03ceef62ba,gfs-ml-v1:30e504d3fa915c28313a72a3c8f0d5412a78763b1207789a749d094d1a620668,2,2026-02-20T00:00:00+00:00,2026-02-20T05:00:00+05:00,6,0.5491966262762853,7.1526755886626034,7.192074969061878,True
2026-02-19,2026-02-19T18:00:00+00:00,2026-02-19T23:00:00+05:00,2026-02-19T12:00:00+00:00,2026-02-19T16:00:17+00:00,c6f7dd36d5d208db5493af1cc6ed0ec8ebe8103134c7937cacf79d03ceef62ba,gfs-ml-v1:30e504d3fa915c28313a72a3c8f0d5412a78763b1207789a749d094d1a620668,2,2026-02-20T01:00:00+00:00,2026-02-20T06:00:00+05:00,7,0.4968177179323727,6.793521426430002,6.949458253867078,True
2026-02-19,2026-02-19T18:00:00+00:00,2026-02-19T23:00:00+05:00,2026-02-19T12:00:00+00:00,2026-02-19T16:00:17+00:00,c6f7dd36d5d208db5493af1cc6ed0ec8ebe8103134c7937cacf79d03ceef62ba,gfs-ml-v1:30e504d3fa915c28313a72a3c8f0d5412a78763b1207789a749d094d1a620668,2,2026-02-20T02:00:00+00:00,2026-02-20T07:00:00+05:00,8,0.5030307392191902,6.837599971354403,6.805918076568332,True
2026-02-19,2026-02-19T18:00:00+00:00,2026-02-19T23:00:00+05:00,2026-02-19T12:00:00+00:00,2026-02-19T16:00:17+00:00,c6f7dd36d5d208db5493af1cc6ed0ec8ebe8103134c7937cacf79d03ceef62ba,gfs-ml-v1:30e504d3fa915c28313a72a3c8f0d5412a78763b1207789a749d094d1a620668,2,2026-02-20T03:00:00+00:00,2026-02-20T08:00:00+05:00,9,0.4409401090596941,6.3956299409454616,8.06799705244822,True
2026-02-19,2026-02-19T18:00:00+00:00,2026-02-19T23:00:00+05:00,2026-02-19T12:00:00+00:00,2026-02-19T16:00:17+00:00,c6f7dd36d5d208db5493af1cc6ed0ec8ebe8103134c7937cacf79d03ceef62ba,gfs-ml-v1:30e504d3fa915c28313a72a3c8f0d5412a78763b1207789a749d094d1a620668,2,2026-02-20T04:00:00+00:00,2026-02-20T09:00:00+05:00,10,0.3639815967170566,5.846122844629779,9.576789132724173,True
2026-02-19,2026-02-19T18:00:00+00:00,2026-02-19T23:00:00+05:00,2026-02-19T12:00:00+00:00,2026-02-19T16:00:17+00:00,c6f7dd36d5d208db5493af1cc6ed0ec8ebe8103134c7937cacf79d03ceef62ba,gfs-ml-v1:30e504d3fa915c28313a72a3c8f0d5412a78763b1207789a749d094d1a620668,2,2026-02-20T05:00:00+00:00,2026-02-20T10:00:00+05:00,11,0.2821408235001783,5.249753894105634,10.854977150620243,True
2026-02-19,2026-02-19T18:00:00+00:00,2026-02-19T23:00:00+05:00,2026-02-19T12:00:00+00:00,2026-02-19T16:00:17+00:00,c6f7dd36d5d208db5493af1cc6ed0ec8ebe8103134c7937cacf79d03ceef62ba,gfs-ml-v1:30e504d3fa915c28313a72a3c8f0d5412a78763b1207789a749d094d1a620668,2,2026-02-20T06:00:00+00:00,2026-02-20T11:00:00+05:00,12,0.23313437045995633,4.857496409087189,11.609006641116991,True
2026-02-19,2026-02-19T18:00:00+00:00,2026-02-19T23:00:00+05:00,2026-02-19T12:00:00+00:00,2026-02-19T16:00:17+00:00,c6f7dd36d5d208db5493af1cc6ed0ec8ebe8103134c7937cacf79d03ceef62ba,gfs-ml-v1:30e504d3fa915c28313a72a3c8f0d5412a78763b1207789a749d094d1a620668,2,2026-02-20T07:00:00+00:00,2026-02-20T12:00:00+05:00,13,0.22419299902588144,4.775933752121296,12.273869240256545,True
2026-02-19,2026-02-19T18:00:00+00:00,2026-02-19T23:00:00+05:00,2026-02-19T12:00:00+00:00,2026-02-19T16:00:17+00:00,c6f7dd36d5d208db5493af1cc6ed0ec8ebe8103134c7937cacf79d03ceef62ba,gfs-ml-v1:30e504d3fa915c28313a72a3c8f0d5412a78763b1207789a749d094d1a620668,2,2026-02-20T08:00:00+00:00,2026-02-20T13:00:00+05:00,14,0.16022816714518962,4.126882633112582,12.78355827264295,True
2026-02-19,2026-02-19T18:00:00+00:00,2026-02-19T23:00:00+05:00,2026-02-19T12:00:00+00:00,2026-02-19T16:00:17+00:00,c6f7dd36d5d208db5493af1cc6ed0ec8ebe8103134c7937cacf79d03ceef62ba,gfs-ml-v1:30e504d3fa915c28313a72a3c8f0d5412a78763b1207789a749d094d1a620668,2,2026-02-20T09:00:00+00:00,2026-02-20T14:00:00+05:00,15,0.1000040105434261,3.3032634213668,13.09672144859752,True
2026-02-19,2026-02-19T18:00:00+00:00,2026-02-19T23:00:00+05:00,2026-02-19T12:00:00+00:00,2026-02-19T16:00:17+00:00,c6f7dd36d5d208db5493af1cc6ed0ec8ebe8103134c7937cacf79d03ceef62ba,gfs-ml-v1:30e504d3fa915c28313a72a3c8f0d5412a78763b1207789a749d094d1a620668,2,2026-02-20T10:00:00+00:00,2026-02-20T15:00:00+05:00,16,0.06858396578291852,2.6530346104806375,13.094178603113733,True
2026-02-19,2026-02-19T18:00:00+00:00,2026-02-19T23:00:00+05:00,2026-02-19T12:00:00+00:00,2026-02-19T16:00:17+00:00,c6f7dd36d5d208db5493af1cc6ed0ec8ebe8103134c7937cacf79d03ceef62ba,gfs-ml-v1:30e504d3fa915c28313a72a3c8f0d5412a78763b1207789a749d094d1a620668,2,2026-02-20T11:00:00+00:00,2026-02-20T16:00:00+05:00,17,0.04516042970740132,2.0695982875023726,12.5240866825294,True
2026-02-19,2026-02-19T18:00:00+00:00,2026-02-19T23:00:00+05:00,2026-02-19T12:00:00+00:00,2026-02-19T16:00:17+00:00,c6f7dd36d5d208db5493af1cc6ed0ec8ebe8103134c7937cacf79d03ceef62ba,gfs-ml-v1:30e504d3fa915c28313a72a3c8f0d5412a78763b1207789a749d094d1a620668,2,2026-02-20T12:00:00+00:00,2026-02-20T17:00:00+05:00,18,0.031216296894213725,1.6040275213183088,10.879334413854053,True
2026-02-19,2026-02-19T18:00:00+00:00,2026-02-19T23:00:00+05:00,2026-02-19T12:00:00+00:00,2026-02-19T16:00:17+00:00,c6f7dd36d5d208db5493af1cc6ed0ec8ebe8103134c7937cacf79d03ceef62ba,gfs-ml-v1:30e504d3fa915c28313a72a3c8f0d5412a78763b1207789a749d094d1a620668,2,2026-02-20T13:00:00+00:00,2026-02-20T18:00:00+05:00,19,0.05861265324020424,2.4336308890667415,9.610819574318384,True
2026-02-19,2026-02-19T18:00:00+00:00,2026-02-19T23:00:00+05:00,2026-02-19T12:00:00+00:00,2026-02-19T16:00:17+00:00,c6f7dd36d5d208db5493af1cc6ed0ec8ebe8103134c7937cacf79d03ceef62ba,gfs-ml-v1:30e504d3fa915c28313a72a3c8f0d5412a78763b1207789a749d094d1a620668,2,2026-02-20T14:00:00+00:00,2026-02-20T19:00:00+05:00,20,0.3919502912045616,6.044297612875071,9.161611153675267,True
2026-02-19,2026-02-19T18:00:00+00:00,2026-02-19T23:00:00+05:00,2026-02-19T12:00:00+00:00,2026-02-19T16:00:17+00:00,c6f7dd36d5d208db5493af1cc6ed0ec8ebe8103134c7937cacf79d03ceef62ba,gfs-ml-v1:30e504d3fa915c28313a72a3c8f0d5412a78763b1207789a749d094d1a620668,2,2026-02-20T15:00:00+00:00,2026-02-20T20:00:00+05:00,21,0.5280950332780059,7.015419676240017,8.152881703013122,True
2026-02-19,2026-02-19T18:00:00+00:00,2026-02-19T23:00:00+05:00,2026-02-19T12:00:00+00:00,2026-02-19T16:00:17+00:00,c6f7dd36d5d208db5493af1cc6ed0ec8ebe8103134c7937cacf79d03ceef62ba,gfs-ml-v1:30e504d3fa915c28313a72a3c8f0d5412a78763b1207789a749d094d1a620668,2,2026-02-20T16:00:00+00:00,2026-02-20T21:00:00+05:00,22,0.6623390847997798,7.989722944991251,7.627779527107407,True
2026-02-19,2026-02-19T18:00:00+00:00,2026-02-19T23:00:00+05:00,2026-02-19T12:00:00+00:00,2026-02-19T16:00:17+00:00,c6f7dd36d5d208db5493af1cc6ed0ec8ebe8103134c7937cacf79d03ceef62ba,gfs-ml-v1:30e504d3fa915c28313a72a3c8f0d5412a78763b1207789a749d094d1a620668,2,2026-02-20T17:00:00+00:00,2026-02-20T22:00:00+05:00,23,0.7389296669100057,8.521799031292511,7.236357682006712,True
2026-02-19,2026-02-19T18:00:00+00:00,2026-02-19T23:00:00+05:00,2026-02-19T12:00:00+00:00,2026-02-19T16:00:17+00:00,c6f7dd36d5d208db5493af1cc6ed0ec8ebe8103134c7937cacf79d03ceef62ba,gfs-ml-v1:30e504d3fa915c28313a72a3c8f0d5412a78763b1207789a749d094d1a620668,2,2026-02-20T18:00:00+00:00,2026-02-20T23:00:00+05:00,24,0.7485910458899522,8.585273382908388,6.712812708545698,True
2026-02-20,2026-02-20T18:00:00+00:00,2026-02-20T23:00:00+05:00,2026-02-20T12:00:00+00:00,2026-02-20T16:02:08+00:00,4fb6bc08d7f2811180344e3a081d8d4566315d0354afef416075593adbfa0332,gfs-ml-v1:30e504d3fa915c28313a72a3c8f0d5412a78763b1207789a749d094d1a620668,1,2026-02-20T19:00:00+00:00,2026-02-21T00:00:00+05:00,1,0.6785310006005354,8.102740384824326,5.9003145789000655,True
2026-02-20,2026-02-20T18:00:00+00:00,2026-02-20T23:00:00+05:00,2026-02-20T12:00:00+00:00,2026-02-20T16:02:08+00:00,4fb6bc08d7f2811180344e3a081d8d4566315d0354afef416075593adbfa0332,gfs-ml-v1:30e504d3fa915c28313a72a3c8f0d5412a78763b1207789a749d094d1a620668,1,2026-02-20T20:00:00+00:00,2026-02-21T01:00:00+05:00,2,0.6433070029362964,7.832405179421042,5.518632574867979,True
2026-02-20,2026-02-20T18:00:00+00:00,2026-02-20T23:00:00+05:00,2026-02-20T12:00:00+00:00,2026-02-20T16:02:08+00:00,4fb6bc08d7f2811180344e3a081d8d4566315d0354afef416075593adbfa0332,gfs-ml-v1:30e504d3fa915c28313a72a3c8f0d5412a78763b1207789a749d094d1a620668,1,2026-02-20T21:00:00+00:00,2026-02-21T02:00:00+05:00,3,0.6180861391199696,7.6472308313214965,5.185938082850043,True
2026-02-20,2026-02-20T18:00:00+00:00,2026-02-20T23:00:00+05:00,2026-02-20T12:00:00+00:00,2026-02-20T16:02:08+00:00,4fb6bc08d7f2811180344e3a081d8d4566315d0354afef416075593adbfa0332,gfs-ml-v1:30e504d3fa915c28313a72a3c8f0d5412a78763b1207789a749d094d1a620668,1,2026-02-20T22:00:00+00:00,2026-02-21T03:00:00+05:00,4,0.5702203516423374,7.326155794386723,5.015239901929988,True
2026-02-20,2026-02-20T18:00:00+00:00,2026-02-20T23:00:00+05:00,2026-02-20T12:00:00+00:00,2026-02-20T16:02:08+00:00,4fb6bc08d7f2811180344e3a081d8d4566315d0354afef416075593adbfa0332,gfs-ml-v1:30e504d3fa915c28313a72a3c8f0d5412a78763b1207789a749d094d1a620668,1,2026-02-20T23:00:00+00:00,2026-02-21T04:00:00+05:00,5,0.5096225651543823,6.899066258814694,4.926223566978024,True
2026-02-20,2026-02-20T18:00:00+00:00,2026-02-20T23:00:00+05:00,2026-02-20T12:00:00+00:00,2026-02-20T16:02:08+00:00,4fb6bc08d7f2811180344e3a081d8d4566315d0354afef416075593adbfa0332,gfs-ml-v1:30e504d3fa915c28313a72a3c8f0d5412a78763b1207789a749d094d1a620668,1,2026-02-21T00:00:00+00:00,2026-02-21T05:00:00+05:00,6,0.3720286794187619,5.934599047342517,4.806640458758011,True
2026-02-20,2026-02-20T18:00:00+00:00,2026-02-20T23:00:00+05:00,2026-02-20T12:00:00+00:00,2026-02-20T16:02:08+00:00,4fb6bc08d7f2811180344e3a081d8d4566315d0354afef416075593adbfa0332,gfs-ml-v1:30e504d3fa915c28313a72a3c8f0d5412a78763b1207789a749d094d1a620668,1,2026-02-21T01:00:00+00:00,2026-02-21T06:00:00+05:00,7,0.44178665182669635,6.420705588814088,4.818202207282013,True
2026-02-20,2026-02-20T18:00:00+00:00,2026-02-20T23:00:00+05:00,2026-02-20T12:00:00+00:00,2026-02-20T16:02:08+00:00,4fb6bc08d7f2811180344e3a081d8d4566315d0354afef416075593adbfa0332,gfs-ml-v1:30e504d3fa915c28313a72a3c8f0d5412a78763b1207789a749d094d1a620668,1,2026-02-21T02:00:00+00:00,2026-02-21T07:00:00+05:00,8,0.45309211356648205,6.4981902984020765,4.998594711544001,True
2026-02-20,2026-02-20T18:00:00+00:00,2026-02-20T23:00:00+05:00,2026-02-20T12:00:00+00:00,2026-02-20T16:02:08+00:00,4fb6bc08d7f2811180344e3a081d8d4566315d0354afef416075593adbfa0332,gfs-ml-v1:30e504d3fa915c28313a72a3c8f0d5412a78763b1207789a749d094d1a620668,1,2026-02-21T03:00:00+00:00,2026-02-21T08:00:00+05:00,9,0.5436445848626794,7.1455185733729225,6.36377682157007,True
2026-02-20,2026-02-20T18:00:00+00:00,2026-02-20T23:00:00+05:00,2026-02-20T12:00:00+00:00,2026-02-20T16:02:08+00:00,4fb6bc08d7f2811180344e3a081d8d4566315d0354afef416075593adbfa0332,gfs-ml-v1:30e504d3fa915c28313a72a3c8f0d5412a78763b1207789a749d094d1a620668,1,2026-02-21T04:00:00+00:00,2026-02-21T09:00:00+05:00,10,0.47064708837889213,6.618507553590082,7.884999396417982,True
2026-02-20,2026-02-20T18:00:00+00:00,2026-02-20T23:00:00+05:00,2026-02-20T12:00:00+00:00,2026-02-20T16:02:08+00:00,4fb6bc08d7f2811180344e3a081d8d4566315d0354afef416075593adbfa0332,gfs-ml-v1:30e504d3fa915c28313a72a3c8f0d5412a78763b1207789a749d094d1a620668,1,2026-02-21T05:00:00+00:00,2026-02-21T10:00:00+05:00,11,0.13138483861768294,3.7639964402143495,9.391262809908028,True
2026-02-20,2026-02-20T18:00:00+00:00,2026-02-20T23:00:00+05:00,2026-02-20T12:00:00+00:00,2026-02-20T16:02:08+00:00,4fb6bc08d7f2811180344e3a081d8d4566315d0354afef416075593adbfa0332,gfs-ml-v1:30e504d3fa915c28313a72a3c8f0d5412a78763b1207789a749d094d1a620668,1,2026-02-21T06:00:00+00:00,2026-02-21T11:00:00+05:00,12,0.4813806939790499,6.694484797211501,8.254308717244044,True
2026-02-20,2026-02-20T18:00:00+00:00,2026-02-20T23:00:00+05:00,2026-02-20T12:00:00+00:00,2026-02-20T16:02:08+00:00,4fb6bc08d7f2811180344e3a081d8d4566315d0354afef416075593adbfa0332,gfs-ml-v1:30e504d3fa915c28313a72a3c8f0d5412a78763b1207789a749d094d1a620668,1,2026-02-21T07:00:00+00:00,2026-02-21T12:00:00+05:00,13,0.9619746181086122,14.059865865032213,7.482250113120017,True
2026-02-20,2026-02-20T18:00:00+00:00,2026-02-20T23:00:00+05:00,2026-02-20T12:00:00+00:00,2026-02-20T16:02:08+00:00,4fb6bc08d7f2811180344e3a081d8d4566315d0354afef416075593adbfa0332,gfs-ml-v1:30e504d3fa915c28313a72a3c8f0d5412a78763b1207789a749d094d1a620668,1,2026-02-21T08:00:00+00:00,2026-02-21T13:00:00+05:00,14,0.9752268168075365,14.789750117874101,7.349039851696034,True
2026-02-20,2026-02-20T18:00:00+00:00,2026-02-20T23:00:00+05:00,2026-02-20T12:00:00+00:00,2026-02-20T16:02:08+00:00,4fb6bc08d7f2811180344e3a081d8d4566315d0354afef416075593adbfa0332,gfs-ml-v1:30e504d3fa915c28313a72a3c8f0d5412a78763b1207789a749d094d1a620668,1,2026-02-21T09:00:00+00:00,2026-02-21T14:00:00+05:00,15,0.9709319015724817,14.695754246544874,6.836069210624032,True
2026-02-20,2026-02-20T18:00:00+00:00,2026-02-20T23:00:00+05:00,2026-02-20T12:00:00+00:00,2026-02-20T16:02:08+00:00,4fb6bc08d7f2811180344e3a081d8d4566315d0354afef416075593adbfa0332,gfs-ml-v1:30e504d3fa915c28313a72a3c8f0d5412a78763b1207789a749d094d1a620668,1,2026-02-21T10:00:00+00:00,2026-02-21T15:00:00+05:00,16,0.9723003655860678,12.226106878955205,5.662475637490047,True
2026-02-20,2026-02-20T18:00:00+00:00,2026-02-20T23:00:00+05:00,2026-02-20T12:00:00+00:00,2026-02-20T16:02:08+00:00,4fb6bc08d7f2811180344e3a081d8d4566315d0354afef416075593adbfa0332,gfs-ml-v1:30e504d3fa915c28313a72a3c8f0d5412a78763b1207789a749d094d1a620668,1,2026-02-21T11:00:00+00:00,2026-02-21T16:00:00+05:00,17,0.9398263485684436,10.38420697271338,5.34197455294202,True
2026-02-20,2026-02-20T18:00:00+00:00,2026-02-20T23:00:00+05:00,2026-02-20T12:00:00+00:00,2026-02-20T16:02:08+00:00,4fb6bc08d7f2811180344e3a081d8d4566315d0354afef416075593adbfa0332,gfs-ml-v1:30e504d3fa915c28313a72a3c8f0d5412a78763b1207789a749d094d1a620668,1,2026-02-21T12:00:00+00:00,2026-02-21T17:00:00+05:00,18,0.8354609900821335,9.333420948696613,5.497354812004062,True
2026-02-20,2026-02-20T18:00:00+00:00,2026-02-20T23:00:00+05:00,2026-02-20T12:00:00+00:00,2026-02-20T16:02:08+00:00,4fb6bc08d7f2811180344e3a081d8d4566315d0354afef416075593adbfa0332,gfs-ml-v1:30e504d3fa915c28313a72a3c8f0d5412a78763b1207789a749d094d1a620668,1,2026-02-21T13:00:00+00:00,2026-02-21T18:00:00+05:00,19,0.772079688367086,8.817817687154923,4.845590393153998,True
2026-02-20,2026-02-20T18:00:00+00:00,2026-02-20T23:00:00+05:00,2026-02-20T12:00:00+00:00,2026-02-20T16:02:08+00:00,4fb6bc08d7f2811180344e3a081d8d4566315d0354afef416075593adbfa0332,gfs-ml-v1:30e504d3fa915c28313a72a3c8f0d5412a78763b1207789a749d094d1a620668,1,2026-02-21T14:00:00+00:00,2026-02-21T19:00:00+05:00,20,0.8372917488474126,9.348615687702978,4.4768527192660486,True
2026-02-20,2026-02-20T18:00:00+00:00,2026-02-20T23:00:00+05:00,2026-02-20T12:00:00+00:00,2026-02-20T16:02:08+00:00,4fb6bc08d7f2811180344e3a081d8d4566315d0354afef416075593adbfa0332,gfs-ml-v1:30e504d3fa915c28313a72a3c8f0d5412a78763b1207789a749d094d1a620668,1,2026-02-21T15:00:00+00:00,2026-02-21T20:00:00+05:00,21,0.7612589547873987,8.731996774445479,4.884221629678052,True
2026-02-20,2026-02-20T18:00:00+00:00,2026-02-20T23:00:00+05:00,2026-02-20T12:00:00+00:00,2026-02-20T16:02:08+00:00,4fb6bc08d7f2811180344e3a081d8d4566315d0354afef416075593adbfa0332,gfs-ml-v1:30e504d3fa915c28313a72a3c8f0d5412a78763b1207789a749d094d1a620668,1,2026-02-21T16:00:00+00:00,2026-02-21T21:00:00+05:00,22,0.4295004467868925,6.3364991184054125,4.682557888688052,True
2026-02-20,2026-02-20T18:00:00+00:00,2026-02-20T23:00:00+05:00,2026-02-20T12:00:00+00:00,2026-02-20T16:02:08+00:00,4fb6bc08d7f2811180344e3a081d8d4566315d0354afef416075593adbfa0332,gfs-ml-v1:30e504d3fa915c28313a72a3c8f0d5412a78763b1207789a749d094d1a620668,1,2026-02-21T17:00:00+00:00,2026-02-21T22:00:00+05:00,23,0.23230579065552867,4.861563173102465,4.235907160128022,True
2026-02-20,2026-02-20T18:00:00+00:00,2026-02-20T23:00:00+05:00,2026-02-20T12:00:00+00:00,2026-02-20T16:02:08+00:00,4fb6bc08d7f2811180344e3a081d8d4566315d0354afef416075593adbfa0332,gfs-ml-v1:30e504d3fa915c28313a72a3c8f0d5412a78763b1207789a749d094d1a620668,1,2026-02-21T18:00:00+00:00,2026-02-21T23:00:00+05:00,24,0.18159306215427862,4.38770755864478,3.9602499026460123,True
2026-02-20,2026-02-20T18:00:00+00:00,2026-02-20T23:00:00+05:00,2026-02-20T12:00:00+00:00,2026-02-20T16:02:08+00:00,4fb6bc08d7f2811180344e3a081d8d4566315d0354afef416075593adbfa0332,gfs-ml-v1:30e504d3fa915c28313a72a3c8f0d5412a78763b1207789a749d094d1a620668,2,2026-02-20T19:00:00+00:00,2026-02-21T00:00:00+05:00,1,0.6647035114146876,8.010988498977376,5.890262278036062,True
2026-02-20,2026-02-20T18:00:00+00:00,2026-02-20T23:00:00+05:00,2026-02-20T12:00:00+00:00,2026-02-20T16:02:08+00:00,4fb6bc08d7f2811180344e3a081d8d4566315d0354afef416075593adbfa0332,gfs-ml-v1:30e504d3fa915c28313a72a3c8f0d5412a78763b1207789a749d094d1a620668,2,2026-02-20T20:00:00+00:00,2026-02-21T01:00:00+05:00,2,0.6342467434479331,7.73706160297807,5.507054687948369,True
2026-02-20,2026-02-20T18:00:00+00:00,2026-02-20T23:00:00+05:00,2026-02-20T12:00:00+00:00,2026-02-20T16:02:08+00:00,4fb6bc08d7f2811180344e3a081d8d4566315d0354afef416075593adbfa0332,gfs-ml-v1:30e504d3fa915c28313a72a3c8f0d5412a78763b1207789a749d094d1a620668,2,2026-02-20T21:00:00+00:00,2026-02-21T02:00:00+05:00,3,0.6130372021916172,7.554983217037006,5.174393211234019,True
2026-02-20,2026-02-20T18:00:00+00:00,2026-02-20T23:00:00+05:00,2026-02-20T12:00:00+00:00,2026-02-20T16:02:08+00:00,4fb6bc08d7f2811180344e3a081d8d4566315d0354afef416075593adbfa0332,gfs-ml-v1:30e504d3fa915c28313a72a3c8f0d5412a78763b1207789a749d094d1a620668,2,2026-02-20T22:00:00+00:00,2026-02-21T03:00:00+05:00,4,0.5625202649306715,7.236637886801527,5.003562962013234,True
2026-02-20,2026-02-20T18:00:00+00:00,2026-02-20T23:00:00+05:00,2026-02-20T12:00:00+00:00,2026-02-20T16:02:08+00:00,4fb6bc08d7f2811180344e3a081d8d4566315d0354afef416075593adbfa0332,gfs-ml-v1:30e504d3fa915c28313a72a3c8f0d5412a78763b1207789a749d094d1a620668,2,2026-02-20T23:00:00+00:00,2026-02-21T04:00:00+05:00,5,0.49934885918921423,6.8114787162008295,4.913296972704757,True
2026-02-20,2026-02-20T18:00:00+00:00,2026-02-20T23:00:00+05:00,2026-02-20T12:00:00+00:00,2026-02-20T16:02:08+00:00,4fb6bc08d7f2811180344e3a081d8d4566315d0354afef416075593adbfa0332,gfs-ml-v1:30e504d3fa915c28313a72a3c8f0d5412a78763b1207789a749d094d1a620668,2,2026-02-21T00:00:00+00:00,2026-02-21T05:00:00+05:00,6,0.36549686354424404,5.856833047881958,4.791638345431977,True
2026-02-20,2026-02-20T18:00:00+00:00,2026-02-20T23:00:00+05:00,2026-02-20T12:00:00+00:00,2026-02-20T16:02:08+00:00,4fb6bc08d7f2811180344e3a081d8d4566315d0354afef416075593adbfa0332,gfs-ml-v1:30e504d3fa915c28313a72a3c8f0d5412a78763b1207789a749d094d1a620668,2,2026-02-21T01:00:00+00:00,2026-02-21T06:00:00+05:00,7,0.4334753854850692,6.342096394043324,4.809824660217714,True
2026-02-20,2026-02-20T18:00:00+00:00,2026-02-20T23:00:00+05:00,2026-02-20T12:00:00+00:00,2026-02-20T16:02:08+00:00,4fb6bc08d7f2811180344e3a081d8d4566315d0354afef416075593adbfa0332,gfs-ml-v1:30e504d3fa915c28313a72a3c8f0d5412a78763b1207789a749d094d1a620668,2,2026-02-21T02:00:00+00:00,2026-02-21T07:00:00+05:00,8,0.44310317999842297,6.41114248583657,4.99247056761061,True
2026-02-20,2026-02-20T18:00:00+00:00,2026-02-20T23:00:00+05:00,2026-02-20T12:00:00+00:00,2026-02-20T16:02:08+00:00,4fb6bc08d7f2811180344e3a081d8d4566315d0354afef416075593adbfa0332,gfs-ml-v1:30e504d3fa915c28313a72a3c8f0d5412a78763b1207789a749d094d1a620668,2,2026-02-21T03:00:00+00:00,2026-02-21T08:00:00+05:00,9,0.5348887015612066,7.062510561537586,6.359411882126835,True
2026-02-20,2026-02-20T18:00:00+00:00,2026-02-20T23:00:00+05:00,2026-02-20T12:00:00+00:00,2026-02-20T16:02:08+00:00,4fb6bc08d7f2811180344e3a081d8d4566315d0354afef416075593adbfa0332,gfs-ml-v1:30e504d3fa915c28313a72a3c8f0d5412a78763b1207789a749d094d1a620668,2,2026-02-21T04:00:00+00:00,2026-02-21T09:00:00+05:00,10,0.4591748538514527,6.5264011015650505,7.884827773370375,True
2026-02-20,2026-02-20T18:00:00+00:00,2026-02-20T23:00:00+05:00,2026-02-20T12:00:00+00:00,2026-02-20T16:02:08+00:00,4fb6bc08d7f2811180344e3a081d8d4566315d0354afef416075593adbfa0332,gfs-ml-v1:30e504d3fa915c28313a72a3c8f0d5412a78763b1207789a749d094d1a620668,2,2026-02-21T05:00:00+00:00,2026-02-21T10:00:00+05:00,11,0.12660844752426145,3.7027859820579248,9.388037701957899,True
2026-02-20,2026-02-20T18:00:00+00:00,2026-02-20T23:00:00+05:00,2026-02-20T12:00:00+00:00,2026-02-20T16:02:08+00:00,4fb6bc08d7f2811180344e3a081d8d4566315d0354afef416075593adbfa0332,gfs-ml-v1:30e504d3fa915c28313a72a3c8f0d5412a78763b1207789a749d094d1a620668,2,2026-02-21T06:00:00+00:00,2026-02-21T11:00:00+05:00,12,0.4889306583924867,6.7375663456083865,8.23474681567859,True
2026-02-20,2026-02-20T18:00:00+00:00,2026-02-20T23:00:00+05:00,2026-02-20T12:00:00+00:00,2026-02-20T16:02:08+00:00,4fb6bc08d7f2811180344e3a081d8d4566315d0354afef416075593adbfa0332,gfs-ml-v1:30e504d3fa915c28313a72a3c8f0d5412a78763b1207789a749d094d1a620668,2,2026-02-21T07:00:00+00:00,2026-02-21T12:00:00+05:00,13,0.9569873763098986,14.057868545823764,7.4510936775487835,True
2026-02-20,2026-02-20T18:00:00+00:00,2026-02-20T23:00:00+05:00,2026-02-20T12:00:00+00:00,2026-02-20T16:02:08+00:00,4fb6bc08d7f2811180344e3a081d8d4566315d0354afef416075593adbfa0332,gfs-ml-v1:30e504d3fa915c28313a72a3c8f0d5412a78763b1207789a749d094d1a620668,2,2026-02-21T08:00:00+00:00,2026-02-21T13:00:00+05:00,14,0.9376274549364653,14.775795342863526,7.31163311136703,True
2026-02-20,2026-02-20T18:00:00+00:00,2026-02-20T23:00:00+05:00,2026-02-20T12:00:00+00:00,2026-02-20T16:02:08+00:00,4fb6bc08d7f2811180344e3a081d8d4566315d0354afef416075593adbfa0332,gfs-ml-v1:30e504d3fa915c28313a72a3c8f0d5412a78763b1207789a749d094d1a620668,2,2026-02-21T09:00:00+00:00,2026-02-21T14:00:00+05:00,15,0.9397413935046434,14.70176092028464,6.7970510783898135,True
2026-02-20,2026-02-20T18:00:00+00:00,2026-02-20T23:00:00+05:00,2026-02-20T12:00:00+00:00,2026-02-20T16:02:08+00:00,4fb6bc08d7f2811180344e3a081d8d4566315d0354afef416075593adbfa0332,gfs-ml-v1:30e504d3fa915c28313a72a3c8f0d5412a78763b1207789a749d094d1a620668,2,2026-02-21T10:00:00+00:00,2026-02-21T15:00:00+05:00,16,0.9693692123670569,12.304994796529861,5.6305602063476385,True
2026-02-20,2026-02-20T18:00:00+00:00,2026-02-20T23:00:00+05:00,2026-02-20T12:00:00+00:00,2026-02-20T16:02:08+00:00,4fb6bc08d7f2811180344e3a081d8d4566315d0354afef416075593adbfa0332,gfs-ml-v1:30e504d3fa915c28313a72a3c8f0d5412a78763b1207789a749d094d1a620668,2,2026-02-21T11:00:00+00:00,2026-02-21T16:00:00+05:00,17,0.9368996731785418,10.406012228255678,5.3033309492761305,True
2026-02-20,2026-02-20T18:00:00+00:00,2026-02-20T23:00:00+05:00,2026-02-20T12:00:00+00:00,2026-02-20T16:02:08+00:00,4fb6bc08d7f2811180344e3a081d8d4566315d0354afef416075593adbfa0332,gfs-ml-v1:30e504d3fa915c28313a72a3c8f0d5412a78763b1207789a749d094d1a620668,2,2026-02-21T12:00:00+00:00,2026-02-21T17:00:00+05:00,18,0.850189404747238,9.36546679851776,5.454132382220962,True
2026-02-20,2026-02-20T18:00:00+00:00,2026-02-20T23:00:00+05:00,2026-02-20T12:00:00+00:00,2026-02-20T16:02:08+00:00,4fb6bc08d7f2811180344e3a081d8d4566315d0354afef416075593adbfa0332,gfs-ml-v1:30e504d3fa915c28313a72a3c8f0d5412a78763b1207789a749d094d1a620668,2,2026-02-21T13:00:00+00:00,2026-02-21T18:00:00+05:00,19,0.7784007509827792,8.80192319250357,4.80773888874694,True
2026-02-20,2026-02-20T18:00:00+00:00,2026-02-20T23:00:00+05:00,2026-02-20T12:00:00+00:00,2026-02-20T16:02:08+00:00,4fb6bc08d7f2811180344e3a081d8d4566315d0354afef416075593adbfa0332,gfs-ml-v1:30e504d3fa915c28313a72a3c8f0d5412a78763b1207789a749d094d1a620668,2,2026-02-21T14:00:00+00:00,2026-02-21T19:00:00+05:00,20,0.8452572860910861,9.322965211923552,4.438850185733884,True
2026-02-20,2026-02-20T18:00:00+00:00,2026-02-20T23:00:00+05:00,2026-02-20T12:00:00+00:00,2026-02-20T16:02:08+00:00,4fb6bc08d7f2811180344e3a081d8d4566315d0354afef416075593adbfa0332,gfs-ml-v1:30e504d3fa915c28313a72a3c8f0d5412a78763b1207789a749d094d1a620668,2,2026-02-21T15:00:00+00:00,2026-02-21T20:00:00+05:00,21,0.768775726496489,8.730599571905875,4.844118624652765,True
2026-02-20,2026-02-20T18:00:00+00:00,2026-02-20T23:00:00+05:00,2026-02-20T12:00:00+00:00,2026-02-20T16:02:08+00:00,4fb6bc08d7f2811180344e3a081d8d4566315d0354afef416075593adbfa0332,gfs-ml-v1:30e504d3fa915c28313a72a3c8f0d5412a78763b1207789a749d094d1a620668,2,2026-02-21T16:00:00+00:00,2026-02-21T21:00:00+05:00,22,0.43276734924561494,6.3370186854243356,4.641423568565131,True
2026-02-20,2026-02-20T18:00:00+00:00,2026-02-20T23:00:00+05:00,2026-02-20T12:00:00+00:00,2026-02-20T16:02:08+00:00,4fb6bc08d7f2811180344e3a081d8d4566315d0354afef416075593adbfa0332,gfs-ml-v1:30e504d3fa915c28313a72a3c8f0d5412a78763b1207789a749d094d1a620668,2,2026-02-21T17:00:00+00:00,2026-02-21T22:00:00+05:00,23,0.2336172158390159,4.8619008958384855,4.209463718110726,True
2026-02-20,2026-02-20T18:00:00+00:00,2026-02-20T23:00:00+05:00,2026-02-20T12:00:00+00:00,2026-02-20T16:02:08+00:00,4fb6bc08d7f2811180344e3a081d8d4566315d0354afef416075593adbfa0332,gfs-ml-v1:30e504d3fa915c28313a72a3c8f0d5412a78763b1207789a749d094d1a620668,2,2026-02-21T18:00:00+00:00,2026-02-21T23:00:00+05:00,24,0.1825598569375403,4.383318348323083,3.9373600984450263,True
2026-02-21,2026-02-21T18:00:00+00:00,2026-02-21T23:00:00+05:00,2026-02-21T12:00:00+00:00,2026-02-21T15:59:21+00:00,ab12e1b8230a24fe43e259a519a178de794dc3ce3cd0e315b12500d309c6e40b,gfs-ml-v1:30e504d3fa915c28313a72a3c8f0d5412a78763b1207789a749d094d1a620668,1,2026-02-21T19:00:00+00:00,2026-02-22T00:00:00+05:00,1,0.10914440123766832,3.4392346129933276,4.105422175406034,True
2026-02-21,2026-02-21T18:00:00+00:00,2026-02-21T23:00:00+05:00,2026-02-21T12:00:00+00:00,2026-02-21T15:59:21+00:00,ab12e1b8230a24fe43e259a519a178de794dc3ce3cd0e315b12500d309c6e40b,gfs-ml-v1:30e504d3fa915c28313a72a3c8f0d5412a78763b1207789a749d094d1a620668,1,2026-02-21T20:00:00+00:00,2026-02-22T01:00:00+05:00,2,0.06765819325613331,2.6427696062965755,3.449122559760042,True
2026-02-21,2026-02-21T18:00:00+00:00,2026-02-21T23:00:00+05:00,2026-02-21T12:00:00+00:00,2026-02-21T15:59:21+00:00,ab12e1b8230a24fe43e259a519a178de794dc3ce3cd0e315b12500d309c6e40b,gfs-ml-v1:30e504d3fa915c28313a72a3c8f0d5412a78763b1207789a749d094d1a620668,1,2026-02-21T21:00:00+00:00,2026-02-22T02:00:00+05:00,3,0.02981741953451979,1.534522142672768,2.6719377836360536,True
2026-02-21,2026-02-21T18:00:00+00:00,2026-02-21T23:00:00+05:00,2026-02-21T12:00:00+00:00,2026-02-21T15:59:21+00:00,ab12e1b8230a24fe43e259a519a178de794dc3ce3cd0e315b12500d309c6e40b,gfs-ml-v1:30e504d3fa915c28313a72a3c8f0d5412a78763b1207789a749d094d1a620668,1,2026-02-21T22:00:00+00:00,2026-02-22T03:00:00+05:00,4,0.016225367739910554,0.8563441627630523,2.3495384840960583,True
2026-02-21,2026-02-21T18:00:00+00:00,2026-02-21T23:00:00+05:00,2026-02-21T12:00:00+00:00,2026-02-21T15:59:21+00:00,ab12e1b8230a24fe43e259a519a178de794dc3ce3cd0e315b12500d309c6e40b,gfs-ml-v1:30e504d3fa915c28313a72a3c8f0d5412a78763b1207789a749d094d1a620668,1,2026-02-21T23:00:00+00:00,2026-02-22T04:00:00+05:00,5,0.012850534399672101,0.5089297088694243,2.1044198190440397,True
2026-02-21,2026-02-21T18:00:00+00:00,2026-02-21T23:00:00+05:00,2026-02-21T12:00:00+00:00,2026-02-21T15:59:21+00:00,ab12e1b8230a24fe43e259a519a178de794dc3ce3cd0e315b12500d309c6e40b,gfs-ml-v1:30e504d3fa915c28313a72a3c8f0d5412a78763b1207789a749d094d1a620668,1,2026-02-22T00:00:00+00:00,2026-02-22T05:00:00+05:00,6,0.018676288506676957,0.9966670903149241,2.285334384295993,True
2026-02-21,2026-02-21T18:00:00+00:00,2026-02-21T23:00:00+05:00,2026-02-21T12:00:00+00:00,2026-02-21T15:59:21+00:00,ab12e1b8230a24fe43e259a519a178de794dc3ce3cd0e315b12500d309c6e40b,gfs-ml-v1:30e504d3fa915c28313a72a3c8f0d5412a78763b1207789a749d094d1a620668,1,2026-02-22T01:00:00+00:00,2026-02-22T06:00:00+05:00,7,0.039156963163516745,1.8662541743180248,2.640291332482036,True
2026-02-21,2026-02-21T18:00:00+00:00,2026-02-21T23:00:00+05:00,2026-02-21T12:00:00+00:00,2026-02-21T15:59:21+00:00,ab12e1b8230a24fe43e259a519a178de794dc3ce3cd0e315b12500d309c6e40b,gfs-ml-v1:30e504d3fa915c28313a72a3c8f0d5412a78763b1207789a749d094d1a620668,1,2026-02-22T02:00:00+00:00,2026-02-22T07:00:00+05:00,8,0.11171037139729591,3.4837543217205456,2.8724741697520244,True
2026-02-21,2026-02-21T18:00:00+00:00,2026-02-21T23:00:00+05:00,2026-02-21T12:00:00+00:00,2026-02-21T15:59:21+00:00,ab12e1b8230a24fe43e259a519a178de794dc3ce3cd0e315b12500d309c6e40b,gfs-ml-v1:30e504d3fa915c28313a72a3c8f0d5412a78763b1207789a749d094d1a620668,1,2026-02-22T03:00:00+00:00,2026-02-22T08:00:00+05:00,9,0.4277076886889882,6.324212018260818,3.3361868099519825,True
2026-02-21,2026-02-21T18:00:00+00:00,2026-02-21T23:00:00+05:00,2026-02-21T12:00:00+00:00,2026-02-21T15:59:21+00:00,ab12e1b8230a24fe43e259a519a178de794dc3ce3cd0e315b12500d309c6e40b,gfs-ml-v1:30e504d3fa915c28313a72a3c8f0d5412a78763b1207789a749d094d1a620668,1,2026-02-22T04:00:00+00:00,2026-02-22T09:00:00+05:00,10,0.557981988910155,7.244063072772295,4.447398875776003,True
2026-02-21,2026-02-21T18:00:00+00:00,2026-02-21T23:00:00+05:00,2026-02-21T12:00:00+00:00,2026-02-21T15:59:21+00:00,ab12e1b8230a24fe43e259a519a178de794dc3ce3cd0e315b12500d309c6e40b,gfs-ml-v1:30e504d3fa915c28313a72a3c8f0d5412a78763b1207789a749d094d1a620668,1,2026-02-22T05:00:00+00:00,2026-02-22T10:00:00+05:00,11,0.6775847491045315,8.095478145740229,5.7137619346819974,True
2026-02-21,2026-02-21T18:00:00+00:00,2026-02-21T23:00:00+05:00,2026-02-21T12:00:00+00:00,2026-02-21T15:59:21+00:00,ab12e1b8230a24fe43e259a519a178de794dc3ce3cd0e315b12500d309c6e40b,gfs-ml-v1:30e504d3fa915c28313a72a3c8f0d5412a78763b1207789a749d094d1a620668,1,2026-02-22T06:00:00+00:00,2026-02-22T11:00:00+05:00,12,0.7503246598742773,8.64902050864943,7.0830989144079695,True
2026-02-21,2026-02-21T18:00:00+00:00,2026-02-21T23:00:00+05:00,2026-02-21T12:00:00+00:00,2026-02-21T15:59:21+00:00,ab12e1b8230a24fe43e259a519a178de794dc3ce3cd0e315b12500d309c6e40b,gfs-ml-v1:30e504d3fa915c28313a72a3c8f0d5412a78763b1207789a749d094d1a620668,1,2026-02-22T07:00:00+00:00,2026-02-22T12:00:00+05:00,13,0.7667817090046888,8.774799398418027,7.922750249594003,True
2026-02-21,2026-02-21T18:00:00+00:00,2026-02-21T23:00:00+05:00,2026-02-21T12:00:00+00:00,2026-02-21T15:59:21+00:00,ab12e1b8230a24fe43e259a519a178de794dc3ce3cd0e315b12500d309c6e40b,gfs-ml-v1:30e504d3fa915c28313a72a3c8f0d5412a78763b1207789a749d094d1a620668,1,2026-02-22T08:00:00+00:00,2026-02-22T13:00:00+05:00,14,0.709053187903921,8.335826776889279,8.446678375461943,True
2026-02-21,2026-02-21T18:00:00+00:00,2026-02-21T23:00:00+05:00,2026-02-21T12:00:00+00:00,2026-02-21T15:59:21+00:00,ab12e1b8230a24fe43e259a519a178de794dc3ce3cd0e315b12500d309c6e40b,gfs-ml-v1:30e504d3fa915c28313a72a3c8f0d5412a78763b1207789a749d094d1a620668,1,2026-02-22T09:00:00+00:00,2026-02-22T14:00:00+05:00,15,0.7165601944676664,8.392794635989048,8.758665247984027,True
2026-02-21,2026-02-21T18:00:00+00:00,2026-02-21T23:00:00+05:00,2026-02-21T12:00:00+00:00,2026-02-21T15:59:21+00:00,ab12e1b8230a24fe43e259a519a178de794dc3ce3cd0e315b12500d309c6e40b,gfs-ml-v1:30e504d3fa915c28313a72a3c8f0d5412a78763b1207789a749d094d1a620668,1,2026-02-22T10:00:00+00:00,2026-02-22T15:00:00+05:00,16,0.6592269091252259,7.954586402308032,8.966730048262036,True
2026-02-21,2026-02-21T18:00:00+00:00,2026-02-21T23:00:00+05:00,2026-02-21T12:00:00+00:00,2026-02-21T15:59:21+00:00,ab12e1b8230a24fe43e259a519a178de794dc3ce3cd0e315b12500d309c6e40b,gfs-ml-v1:30e504d3fa915c28313a72a3c8f0d5412a78763b1207789a749d094d1a620668,1,2026-02-22T11:00:00+00:00,2026-02-22T16:00:00+05:00,17,0.6797035401222769,8.11173932683752,8.623910087650017,True
2026-02-21,2026-02-21T18:00:00+00:00,2026-02-21T23:00:00+05:00,2026-02-21T12:00:00+00:00,2026-02-21T15:59:21+00:00,ab12e1b8230a24fe43e259a519a178de794dc3ce3cd0e315b12500d309c6e40b,gfs-ml-v1:30e504d3fa915c28313a72a3c8f0d5412a78763b1207789a749d094d1a620668,1,2026-02-22T12:00:00+00:00,2026-02-22T17:00:00+05:00,18,0.6843635334837959,8.147503588309839,7.544182122906022,True
2026-02-21,2026-02-21T18:00:00+00:00,2026-02-21T23:00:00+05:00,2026-02-21T12:00:00+00:00,2026-02-21T15:59:21+00:00,ab12e1b8230a24fe43e259a519a178de794dc3ce3cd0e315b12500d309c6e40b,gfs-ml-v1:30e504d3fa915c28313a72a3c8f0d5412a78763b1207789a749d094d1a620668,1,2026-02-22T13:00:00+00:00,2026-02-22T18:00:00+05:00,19,0.6798412477949726,8.11279619813131,6.284882910071985,True
2026-02-21,2026-02-21T18:00:00+00:00,2026-02-21T23:00:00+05:00,2026-02-21T12:00:00+00:00,2026-02-21T15:59:21+00:00,ab12e1b8230a24fe43e259a519a178de794dc3ce3cd0e315b12500d309c6e40b,gfs-ml-v1:30e504d3fa915c28313a72a3c8f0d5412a78763b1207789a749d094d1a620668,1,2026-02-22T14:00:00+00:00,2026-02-22T19:00:00+05:00,20,0.5415659695502402,7.130461279325742,5.690529595019996,True
2026-02-21,2026-02-21T18:00:00+00:00,2026-02-21T23:00:00+05:00,2026-02-21T12:00:00+00:00,2026-02-21T15:59:21+00:00,ab12e1b8230a24fe43e259a519a178de794dc3ce3cd0e315b12500d309c6e40b,gfs-ml-v1:30e504d3fa915c28313a72a3c8f0d5412a78763b1207789a749d094d1a620668,1,2026-02-22T15:00:00+00:00,2026-02-22T20:00:00+05:00,21,0.43110888859499297,6.347522962389711,5.258067361014014,True
2026-02-21,2026-02-21T18:00:00+00:00,2026-02-21T23:00:00+05:00,2026-02-21T12:00:00+00:00,2026-02-21T15:59:21+00:00,ab12e1b8230a24fe43e259a519a178de794dc3ce3cd0e315b12500d309c6e40b,gfs-ml-v1:30e504d3fa915c28313a72a3c8f0d5412a78763b1207789a749d094d1a620668,1,2026-02-22T16:00:00+00:00,2026-02-22T21:00:00+05:00,22,0.3232504450667587,5.584682548916494,4.93583301769803,True
2026-02-21,2026-02-21T18:00:00+00:00,2026-02-21T23:00:00+05:00,2026-02-21T12:00:00+00:00,2026-02-21T15:59:21+00:00,ab12e1b8230a24fe43e259a519a178de794dc3ce3cd0e315b12500d309c6e40b,gfs-ml-v1:30e504d3fa915c28313a72a3c8f0d5412a78763b1207789a749d094d1a620668,1,2026-02-22T17:00:00+00:00,2026-02-22T22:00:00+05:00,23,0.23962150158147769,4.924498698603064,4.6828528167560535,True
2026-02-21,2026-02-21T18:00:00+00:00,2026-02-21T23:00:00+05:00,2026-02-21T12:00:00+00:00,2026-02-21T15:59:21+00:00,ab12e1b8230a24fe43e259a519a178de794dc3ce3cd0e315b12500d309c6e40b,gfs-ml-v1:30e504d3fa915c28313a72a3c8f0d5412a78763b1207789a749d094d1a620668,1,2026-02-22T18:00:00+00:00,2026-02-22T23:00:00+05:00,24,0.15411784606196852,4.072701943711542,4.464053091834046,True
2026-02-21,2026-02-21T18:00:00+00:00,2026-02-21T23:00:00+05:00,2026-02-21T12:00:00+00:00,2026-02-21T15:59:21+00:00,ab12e1b8230a24fe43e259a519a178de794dc3ce3cd0e315b12500d309c6e40b,gfs-ml-v1:30e504d3fa915c28313a72a3c8f0d5412a78763b1207789a749d094d1a620668,2,2026-02-21T19:00:00+00:00,2026-02-22T00:00:00+05:00,1,0.10745107197571883,3.4371607225595406,4.083048576107444,True
2026-02-21,2026-02-21T18:00:00+00:00,2026-02-21T23:00:00+05:00,2026-02-21T12:00:00+00:00,2026-02-21T15:59:21+00:00,ab12e1b8230a24fe43e259a519a178de794dc3ce3cd0e315b12500d309c6e40b,gfs-ml-v1:30e504d3fa915c28313a72a3c8f0d5412a78763b1207789a749d094d1a620668,2,2026-02-21T20:00:00+00:00,2026-02-22T01:00:00+05:00,2,0.06803384484391833,2.6409300273851515,3.4206482715424045,True
2026-02-21,2026-02-21T18:00:00+00:00,2026-02-21T23:00:00+05:00,2026-02-21T12:00:00+00:00,2026-02-21T15:59:21+00:00,ab12e1b8230a24fe43e259a519a178de794dc3ce3cd0e315b12500d309c6e40b,gfs-ml-v1:30e504d3fa915c28313a72a3c8f0d5412a78763b1207789a749d094d1a620668,2,2026-02-21T21:00:00+00:00,2026-02-22T02:00:00+05:00,3,0.029459470345781783,1.5342147949367269,2.647494654532693,True
2026-02-21,2026-02-21T18:00:00+00:00,2026-02-21T23:00:00+05:00,2026-02-21T12:00:00+00:00,2026-02-21T15:59:21+00:00,ab12e1b8230a24fe43e259a519a178de794dc3ce3cd0e315b12500d309c6e40b,gfs-ml-v1:30e504d3fa915c28313a72a3c8f0d5412a78763b1207789a749d094d1a620668,2,2026-02-21T22:00:00+00:00,2026-02-22T03:00:00+05:00,4,0.015779231005829703,0.8598655455353638,2.328014349143075,True
2026-02-21,2026-02-21T18:00:00+00:00,2026-02-21T23:00:00+05:00,2026-02-21T12:00:00+00:00,2026-02-21T15:59:21+00:00,ab12e1b8230a24fe43e259a519a178de794dc3ce3cd0e315b12500d309c6e40b,gfs-ml-v1:30e504d3fa915c28313a72a3c8f0d5412a78763b1207789a749d094d1a620668,2,2026-02-21T23:00:00+00:00,2026-02-22T04:00:00+05:00,5,0.01227251265188799,0.5227599811084622,2.0839929551106025,True
2026-02-21,2026-02-21T18:00:00+00:00,2026-02-21T23:00:00+05:00,2026-02-21T12:00:00+00:00,2026-02-21T15:59:21+00:00,ab12e1b8230a24fe43e259a519a178de794dc3ce3cd0e315b12500d309c6e40b,gfs-ml-v1:30e504d3fa915c28313a72a3c8f0d5412a78763b1207789a749d094d1a620668,2,2026-02-22T00:00:00+00:00,2026-02-22T05:00:00+05:00,6,0.01813834857200126,0.9912450694764174,2.2618133585910414,True
2026-02-21,2026-02-21T18:00:00+00:00,2026-02-21T23:00:00+05:00,2026-02-21T12:00:00+00:00,2026-02-21T15:59:21+00:00,ab12e1b8230a24fe43e259a519a178de794dc3ce3cd0e315b12500d309c6e40b,gfs-ml-v1:30e504d3fa915c28313a72a3c8f0d5412a78763b1207789a749d094d1a620668,2,2026-02-22T01:00:00+00:00,2026-02-22T06:00:00+05:00,7,0.03765658426681035,1.853834677044027,2.615122014665701,True
2026-02-21,2026-02-21T18:00:00+00:00,2026-02-21T23:00:00+05:00,2026-02-21T12:00:00+00:00,2026-02-21T15:59:21+00:00,ab12e1b8230a24fe43e259a519a178de794dc3ce3cd0e315b12500d309c6e40b,gfs-ml-v1:30e504d3fa915c28313a72a3c8f0d5412a78763b1207789a749d094d1a620668,2,2026-02-22T02:00:00+00:00,2026-02-22T07:00:00+05:00,8,0.10983637426505159,3.4702339657071017,2.850853834860459,True
2026-02-21,2026-02-21T18:00:00+00:00,2026-02-21T23:00:00+05:00,2026-02-21T12:00:00+00:00,2026-02-21T15:59:21+00:00,ab12e1b8230a24fe43e259a519a178de794dc3ce3cd0e315b12500d309c6e40b,gfs-ml-v1:30e504d3fa915c28313a72a3c8f0d5412a78763b1207789a749d094d1a620668,2,2026-02-22T03:00:00+00:00,2026-02-22T08:00:00+05:00,9,0.42282431954073485,6.265711872555208,3.315422704308503,True
2026-02-21,2026-02-21T18:00:00+00:00,2026-02-21T23:00:00+05:00,2026-02-21T12:00:00+00:00,2026-02-21T15:59:21+00:00,ab12e1b8230a24fe43e259a519a178de794dc3ce3cd0e315b12500d309c6e40b,gfs-ml-v1:30e504d3fa915c28313a72a3c8f0d5412a78763b1207789a749d094d1a620668,2,2026-02-22T04:00:00+00:00,2026-02-22T09:00:00+05:00,10,0.5518815692800194,7.169595439974493,4.439645347146268,True
2026-02-21,2026-02-21T18:00:00+00:00,2026-02-21T23:00:00+05:00,2026-02-21T12:00:00+00:00,2026-02-21T15:59:21+00:00,ab12e1b8230a24fe43e259a519a178de794dc3ce3cd0e315b12500d309c6e40b,gfs-ml-v1:30e504d3fa915c28313a72a3c8f0d5412a78763b1207789a749d094d1a620668,2,2026-02-22T05:00:00+00:00,2026-02-22T10:00:00+05:00,11,0.6645708749786593,8.009795572424652,5.704941552993773,True
2026-02-21,2026-02-21T18:00:00+00:00,2026-02-21T23:00:00+05:00,2026-02-21T12:00:00+00:00,2026-02-21T15:59:21+00:00,ab12e1b8230a24fe43e259a519a178de794dc3ce3cd0e315b12500d309c6e40b,gfs-ml-v1:30e504d3fa915c28313a72a3c8f0d5412a78763b1207789a749d094d1a620668,2,2026-02-22T06:00:00+00:00,2026-02-22T11:00:00+05:00,12,0.7441977517971626,8.556409853739677,7.0656973933379845,True
2026-02-21,2026-02-21T18:00:00+00:00,2026-02-21T23:00:00+05:00,2026-02-21T12:00:00+00:00,2026-02-21T15:59:21+00:00,ab12e1b8230a24fe43e259a519a178de794dc3ce3cd0e315b12500d309c6e40b,gfs-ml-v1:30e504d3fa915c28313a72a3c8f0d5412a78763b1207789a749d094d1a620668,2,2026-02-22T07:00:00+00:00,2026-02-22T12:00:00+05:00,13,0.7614819726510544,8.676551196990493,7.900249783292679,True
2026-02-21,2026-02-21T18:00:00+00:00,2026-02-21T23:00:00+05:00,2026-02-21T12:00:00+00:00,2026-02-21T15:59:21+00:00,ab12e1b8230a24fe43e259a519a178de794dc3ce3cd0e315b12500d309c6e40b,gfs-ml-v1:30e504d3fa915c28313a72a3c8f0d5412a78763b1207789a749d094d1a620668,2,2026-02-22T08:00:00+00:00,2026-02-22T13:00:00+05:00,14,0.6969312977828013,8.24587369446359,8.417551888480887,True
2026-02-21,2026-02-21T18:00:00+00:00,2026-02-21T23:00:00+05:00,2026-02-21T12:00:00+00:00,2026-02-21T15:59:21+00:00,ab12e1b8230a24fe43e259a519a178de794dc3ce3cd0e315b12500d309c6e40b,gfs-ml-v1:30e504d3fa915c28313a72a3c8f0d5412a78763b1207789a749d094d1a620668,2,2026-02-22T09:00:00+00:00,2026-02-22T14:00:00+05:00,15,0.7062717798835277,8.307239783751044,8.731427822156206,True
2026-02-21,2026-02-21T18:00:00+00:00,2026-02-21T23:00:00+05:00,2026-02-21T12:00:00+00:00,2026-02-21T15:59:21+00:00,ab12e1b8230a24fe43e259a519a178de794dc3ce3cd0e315b12500d309c6e40b,gfs-ml-v1:30e504d3fa915c28313a72a3c8f0d5412a78763b1207789a749d094d1a620668,2,2026-02-22T10:00:00+00:00,2026-02-22T15:00:00+05:00,16,0.6501237020165663,7.8798583036444905,8.937031905152878,True
2026-02-21,2026-02-21T18:00:00+00:00,2026-02-21T23:00:00+05:00,2026-02-21T12:00:00+00:00,2026-02-21T15:59:21+00:00,ab12e1b8230a24fe43e259a519a178de794dc3ce3cd0e315b12500d309c6e40b,gfs-ml-v1:30e504d3fa915c28313a72a3c8f0d5412a78763b1207789a749d094d1a620668,2,2026-02-22T11:00:00+00:00,2026-02-22T16:00:00+05:00,17,0.6669744319712859,8.031413063389758,8.592760506786078,True
2026-02-21,2026-02-21T18:00:00+00:00,2026-02-21T23:00:00+05:00,2026-02-21T12:00:00+00:00,2026-02-21T15:59:21+00:00,ab12e1b8230a24fe43e259a519a178de794dc3ce3cd0e315b12500d309c6e40b,gfs-ml-v1:30e504d3fa915c28313a72a3c8f0d5412a78763b1207789a749d094d1a620668,2,2026-02-22T12:00:00+00:00,2026-02-22T17:00:00+05:00,18,0.670988112693268,8.067511939767742,7.512048843607431,True
2026-02-21,2026-02-21T18:00:00+00:00,2026-02-21T23:00:00+05:00,2026-02-21T12:00:00+00:00,2026-02-21T15:59:21+00:00,ab12e1b8230a24fe43e259a519a178de794dc3ce3cd0e315b12500d309c6e40b,gfs-ml-v1:30e504d3fa915c28313a72a3c8f0d5412a78763b1207789a749d094d1a620668,2,2026-02-22T13:00:00+00:00,2026-02-22T18:00:00+05:00,19,0.6670947776118022,8.032495447042209,6.249608675737306,True
2026-02-21,2026-02-21T18:00:00+00:00,2026-02-21T23:00:00+05:00,2026-02-21T12:00:00+00:00,2026-02-21T15:59:21+00:00,ab12e1b8230a24fe43e259a519a178de794dc3ce3cd0e315b12500d309c6e40b,gfs-ml-v1:30e504d3fa915c28313a72a3c8f0d5412a78763b1207789a749d094d1a620668,2,2026-02-22T14:00:00+00:00,2026-02-22T19:00:00+05:00,20,0.5335702527774556,7.054202021150552,5.655299831704838,True
2026-02-21,2026-02-21T18:00:00+00:00,2026-02-21T23:00:00+05:00,2026-02-21T12:00:00+00:00,2026-02-21T15:59:21+00:00,ab12e1b8230a24fe43e259a519a178de794dc3ce3cd0e315b12500d309c6e40b,gfs-ml-v1:30e504d3fa915c28313a72a3c8f0d5412a78763b1207789a749d094d1a620668,2,2026-02-22T15:00:00+00:00,2026-02-22T20:00:00+05:00,21,0.424475225566248,6.277551407437419,5.223535216133428,True
2026-02-21,2026-02-21T18:00:00+00:00,2026-02-21T23:00:00+05:00,2026-02-21T12:00:00+00:00,2026-02-21T15:59:21+00:00,ab12e1b8230a24fe43e259a519a178de794dc3ce3cd0e315b12500d309c6e40b,gfs-ml-v1:30e504d3fa915c28313a72a3c8f0d5412a78763b1207789a749d094d1a620668,2,2026-02-22T16:00:00+00:00,2026-02-22T21:00:00+05:00,22,0.31661636606784394,5.511336100646861,4.902644982477568,True
2026-02-21,2026-02-21T18:00:00+00:00,2026-02-21T23:00:00+05:00,2026-02-21T12:00:00+00:00,2026-02-21T15:59:21+00:00,ab12e1b8230a24fe43e259a519a178de794dc3ce3cd0e315b12500d309c6e40b,gfs-ml-v1:30e504d3fa915c28313a72a3c8f0d5412a78763b1207789a749d094d1a620668,2,2026-02-22T17:00:00+00:00,2026-02-22T22:00:00+05:00,23,0.232693063900356,4.85347083696966,4.650250052081503,True
2026-02-21,2026-02-21T18:00:00+00:00,2026-02-21T23:00:00+05:00,2026-02-21T12:00:00+00:00,2026-02-21T15:59:21+00:00,ab12e1b8230a24fe43e259a519a178de794dc3ce3cd0e315b12500d309c6e40b,gfs-ml-v1:30e504d3fa915c28313a72a3c8f0d5412a78763b1207789a749d094d1a620668,2,2026-02-22T18:00:00+00:00,2026-02-22T23:00:00+05:00,24,0.15004469317974667,4.009945381434012,4.435882820630184,True
2026-02-22,2026-02-22T18:00:00+00:00,2026-02-22T23:00:00+05:00,2026-02-22T12:00:00+00:00,2026-02-22T16:01:10+00:00,a084d59948e4c6bbcaf35b3f5f93849e1b45d1404ce47df20236710eb29b806f,gfs-ml-v1:30e504d3fa915c28313a72a3c8f0d5412a78763b1207789a749d094d1a620668,1,2026-02-22T19:00:00+00:00,2026-02-23T00:00:00+05:00,1,0.07027548652716271,2.7022273861323063,5.22445309581002,True
2026-02-22,2026-02-22T18:00:00+00:00,2026-02-22T23:00:00+05:00,2026-02-22T12:00:00+00:00,2026-02-22T16:01:10+00:00,a084d59948e4c6bbcaf35b3f5f93849e1b45d1404ce47df20236710eb29b806f,gfs-ml-v1:30e504d3fa915c28313a72a3c8f0d5412a78763b1207789a749d094d1a620668,1,2026-02-22T20:00:00+00:00,2026-02-23T01:00:00+05:00,2,0.07028445424246133,2.7024311082171626,5.286130013436036,True
2026-02-22,2026-02-22T18:00:00+00:00,2026-02-22T23:00:00+05:00,2026-02-22T12:00:00+00:00,2026-02-22T16:01:10+00:00,a084d59948e4c6bbcaf35b3f5f93849e1b45d1404ce47df20236710eb29b806f,gfs-ml-v1:30e504d3fa915c28313a72a3c8f0d5412a78763b1207789a749d094d1a620668,1,2026-02-22T21:00:00+00:00,2026-02-23T02:00:00+05:00,3,0.08070807079121839,2.939227307064347,5.153694632950021,True
2026-02-22,2026-02-22T18:00:00+00:00,2026-02-22T23:00:00+05:00,2026-02-22T12:00:00+00:00,2026-02-22T16:01:10+00:00,a084d59948e4c6bbcaf35b3f5f93849e1b45d1404ce47df20236710eb29b806f,gfs-ml-v1:30e504d3fa915c28313a72a3c8f0d5412a78763b1207789a749d094d1a620668,1,2026-02-22T22:00:00+00:00,2026-02-23T03:00:00+05:00,4,0.07874355885239223,2.8945989424724603,4.911742121978023,True
2026-02-22,2026-02-22T18:00:00+00:00,2026-02-22T23:00:00+05:00,2026-02-22T12:00:00+00:00,2026-02-22T16:01:10+00:00,a084d59948e4c6bbcaf35b3f5f93849e1b45d1404ce47df20236710eb29b806f,gfs-ml-v1:30e504d3fa915c28313a72a3c8f0d5412a78763b1207789a749d094d1a620668,1,2026-02-22T23:00:00+00:00,2026-02-23T04:00:00+05:00,5,0.0637863549447133,2.5548119775401257,4.584510986592022,True
2026-02-22,2026-02-22T18:00:00+00:00,2026-02-22T23:00:00+05:00,2026-02-22T12:00:00+00:00,2026-02-22T16:01:10+00:00,a084d59948e4c6bbcaf35b3f5f93849e1b45d1404ce47df20236710eb29b806f,gfs-ml-v1:30e504d3fa915c28313a72a3c8f0d5412a78763b1207789a749d094d1a620668,1,2026-02-23T00:00:00+00:00,2026-02-23T05:00:00+05:00,6,0.03974700725901262,1.88721199991792,4.33647992375802,True
2026-02-22,2026-02-22T18:00:00+00:00,2026-02-22T23:00:00+05:00,2026-02-22T12:00:00+00:00,2026-02-22T16:01:10+00:00,a084d59948e4c6bbcaf35b3f5f93849e1b45d1404ce47df20236710eb29b806f,gfs-ml-v1:30e504d3fa915c28313a72a3c8f0d5412a78763b1207789a749d094d1a620668,1,2026-02-23T01:00:00+00:00,2026-02-23T06:00:00+05:00,7,0.021611015336960582,1.164689437660628,4.0598283056980335,True
2026-02-22,2026-02-22T18:00:00+00:00,2026-02-22T23:00:00+05:00,2026-02-22T12:00:00+00:00,2026-02-22T16:01:10+00:00,a084d59948e4c6bbcaf35b3f5f93849e1b45d1404ce47df20236710eb29b806f,gfs-ml-v1:30e504d3fa915c28313a72a3c8f0d5412a78763b1207789a749d094d1a620668,1,2026-02-23T02:00:00+00:00,2026-02-23T07:00:00+05:00,8,0.010744256884063372,0.17453982427619522,4.080662907360022,True
2026-02-22,2026-02-22T18:00:00+00:00,2026-02-22T23:00:00+05:00,2026-02-22T12:00:00+00:00,2026-02-22T16:01:10+00:00,a084d59948e4c6bbcaf35b3f5f93849e1b45d1404ce47df20236710eb29b806f,gfs-ml-v1:30e504d3fa915c28313a72a3c8f0d5412a78763b1207789a749d094d1a620668,1,2026-02-23T03:00:00+00:00,2026-02-23T08:00:00+05:00,9,0.013058120328522655,0.53099045398932,5.1185453742220375,True
2026-02-22,2026-02-22T18:00:00+00:00,2026-02-22T23:00:00+05:00,2026-02-22T12:00:00+00:00,2026-02-22T16:01:10+00:00,a084d59948e4c6bbcaf35b3f5f93849e1b45d1404ce47df20236710eb29b806f,gfs-ml-v1:30e504d3fa915c28313a72a3c8f0d5412a78763b1207789a749d094d1a620668,1,2026-02-23T04:00:00+00:00,2026-02-23T09:00:00+05:00,10,0.02082093155905811,1.119454654786439,6.1835792789399875,True
2026-02-22,2026-02-22T18:00:00+00:00,2026-02-22T23:00:00+05:00,2026-02-22T12:00:00+00:00,2026-02-22T16:01:10+00:00,a084d59948e4c6bbcaf35b3f5f93849e1b45d1404ce47df20236710eb29b806f,gfs-ml-v1:30e504d3fa915c28313a72a3c8f0d5412a78763b1207789a749d094d1a620668,1,2026-02-23T05:00:00+00:00,2026-02-23T10:00:00+05:00,11,0.032803121313818594,1.6405715340004707,7.1312824261839864,True
2026-02-22,2026-02-22T18:00:00+00:00,2026-02-22T23:00:00+05:00,2026-02-22T12:00:00+00:00,2026-02-22T16:01:10+00:00,a084d59948e4c6bbcaf35b3f5f93849e1b45d1404ce47df20236710eb29b806f,gfs-ml-v1:30e504d3fa915c28313a72a3c8f0d5412a78763b1207789a749d094d1a620668,1,2026-02-23T06:00:00+00:00,2026-02-23T11:00:00+05:00,12,0.07665403558363088,2.8471306606979905,8.176116626336011,True
2026-02-22,2026-02-22T18:00:00+00:00,2026-02-22T23:00:00+05:00,2026-02-22T12:00:00+00:00,2026-02-22T16:01:10+00:00,a084d59948e4c6bbcaf35b3f5f93849e1b45d1404ce47df20236710eb29b806f,gfs-ml-v1:30e504d3fa915c28313a72a3c8f0d5412a78763b1207789a749d094d1a620668,1,2026-02-23T07:00:00+00:00,2026-02-23T12:00:00+05:00,13,0.190486247534896,4.4896686613391,8.905113314651999,True
2026-02-22,2026-02-22T18:00:00+00:00,2026-02-22T23:00:00+05:00,2026-02-22T12:00:00+00:00,2026-02-22T16:01:10+00:00,a084d59948e4c6bbcaf35b3f5f93849e1b45d1404ce47df20236710eb29b806f,gfs-ml-v1:30e504d3fa915c28313a72a3c8f0d5412a78763b1207789a749d094d1a620668,1,2026-02-23T08:00:00+00:00,2026-02-23T13:00:00+05:00,14,0.4971456491989928,6.808684651781401,8.995578734066044,True
2026-02-22,2026-02-22T18:00:00+00:00,2026-02-22T23:00:00+05:00,2026-02-22T12:00:00+00:00,2026-02-22T16:01:10+00:00,a084d59948e4c6bbcaf35b3f5f93849e1b45d1404ce47df20236710eb29b806f,gfs-ml-v1:30e504d3fa915c28313a72a3c8f0d5412a78763b1207789a749d094d1a620668,1,2026-02-23T09:00:00+00:00,2026-02-23T14:00:00+05:00,15,0.7248583006258726,8.455765853397946,8.525983210034042,True
2026-02-22,2026-02-22T18:00:00+00:00,2026-02-22T23:00:00+05:00,2026-02-22T12:00:00+00:00,2026-02-22T16:01:10+00:00,a084d59948e4c6bbcaf35b3f5f93849e1b45d1404ce47df20236710eb29b806f,gfs-ml-v1:30e504d3fa915c28313a72a3c8f0d5412a78763b1207789a749d094d1a620668,1,2026-02-23T10:00:00+00:00,2026-02-23T15:00:00+05:00,16,0.6859848475831025,8.159946760837764,7.468852220416068,True
2026-02-22,2026-02-22T18:00:00+00:00,2026-02-22T23:00:00+05:00,2026-02-22T12:00:00+00:00,2026-02-22T16:01:10+00:00,a084d59948e4c6bbcaf35b3f5f93849e1b45d1404ce47df20236710eb29b806f,gfs-ml-v1:30e504d3fa915c28313a72a3c8f0d5412a78763b1207789a749d094d1a620668,1,2026-02-23T11:00:00+00:00,2026-02-23T16:00:00+05:00,17,0.7547070768920844,8.68227702881721,6.1814482573300324,True
2026-02-22,2026-02-22T18:00:00+00:00,2026-02-22T23:00:00+05:00,2026-02-22T12:00:00+00:00,2026-02-22T16:01:10+00:00,a084d59948e4c6bbcaf35b3f5f93849e1b45d1404ce47df20236710eb29b806f,gfs-ml-v1:30e504d3fa915c28313a72a3c8f0d5412a78763b1207789a749d094d1a620668,1,2026-02-23T12:00:00+00:00,2026-02-23T17:00:00+05:00,18,0.8321509214045769,9.305948388902017,5.233422395498053,True
2026-02-22,2026-02-22T18:00:00+00:00,2026-02-22T23:00:00+05:00,2026-02-22T12:00:00+00:00,2026-02-22T16:01:10+00:00,a084d59948e4c6bbcaf35b3f5f93849e1b45d1404ce47df20236710eb29b806f,gfs-ml-v1:30e504d3fa915c28313a72a3c8f0d5412a78763b1207789a749d094d1a620668,1,2026-02-23T13:00:00+00:00,2026-02-23T18:00:00+05:00,19,0.7847085925725884,8.920361281680568,4.294881705498028,True
2026-02-22,2026-02-22T18:00:00+00:00,2026-02-22T23:00:00+05:00,2026-02-22T12:00:00+00:00,2026-02-22T16:01:10+00:00,a084d59948e4c6bbcaf35b3f5f93849e1b45d1404ce47df20236710eb29b806f,gfs-ml-v1:30e504d3fa915c28313a72a3c8f0d5412a78763b1207789a749d094d1a620668,1,2026-02-23T14:00:00+00:00,2026-02-23T19:00:00+05:00,20,0.7263219893239546,8.466873238320314,3.6572909630200456,True
2026-02-22,2026-02-22T18:00:00+00:00,2026-02-22T23:00:00+05:00,2026-02-22T12:00:00+00:00,2026-02-22T16:01:10+00:00,a084d59948e4c6bbcaf35b3f5f93849e1b45d1404ce47df20236710eb29b806f,gfs-ml-v1:30e504d3fa915c28313a72a3c8f0d5412a78763b1207789a749d094d1a620668,1,2026-02-23T15:00:00+00:00,2026-02-23T20:00:00+05:00,21,0.6702856145115812,8.039459147889376,2.9944861261060396,True
2026-02-22,2026-02-22T18:00:00+00:00,2026-02-22T23:00:00+05:00,2026-02-22T12:00:00+00:00,2026-02-22T16:01:10+00:00,a084d59948e4c6bbcaf35b3f5f93849e1b45d1404ce47df20236710eb29b806f,gfs-ml-v1:30e504d3fa915c28313a72a3c8f0d5412a78763b1207789a749d094d1a620668,1,2026-02-23T16:00:00+00:00,2026-02-23T21:00:00+05:00,22,0.5700860473663748,7.325254905617571,2.30218093220401,True
2026-02-22,2026-02-22T18:00:00+00:00,2026-02-22T23:00:00+05:00,2026-02-22T12:00:00+00:00,2026-02-22T16:01:10+00:00,a084d59948e4c6bbcaf35b3f5f93849e1b45d1404ce47df20236710eb29b806f,gfs-ml-v1:30e504d3fa915c28313a72a3c8f0d5412a78763b1207789a749d094d1a620668,1,2026-02-23T17:00:00+00:00,2026-02-23T22:00:00+05:00,23,0.7177325171410033,8.401690953356967,1.1870966067220365,True
2026-02-22,2026-02-22T18:00:00+00:00,2026-02-22T23:00:00+05:00,2026-02-22T12:00:00+00:00,2026-02-22T16:01:10+00:00,a084d59948e4c6bbcaf35b3f5f93849e1b45d1404ce47df20236710eb29b806f,gfs-ml-v1:30e504d3fa915c28313a72a3c8f0d5412a78763b1207789a749d094d1a620668,1,2026-02-23T18:00:00+00:00,2026-02-23T23:00:00+05:00,24,0.7993905320552193,9.039575017461463,0.040059546080044584,True
2026-02-22,2026-02-22T18:00:00+00:00,2026-02-22T23:00:00+05:00,2026-02-22T12:00:00+00:00,2026-02-22T16:01:10+00:00,a084d59948e4c6bbcaf35b3f5f93849e1b45d1404ce47df20236710eb29b806f,gfs-ml-v1:30e504d3fa915c28313a72a3c8f0d5412a78763b1207789a749d094d1a620668,2,2026-02-22T19:00:00+00:00,2026-02-23T00:00:00+05:00,1,0.06814940710108679,2.6434728008835386,5.204193298344478,True
2026-02-22,2026-02-22T18:00:00+00:00,2026-02-22T23:00:00+05:00,2026-02-22T12:00:00+00:00,2026-02-22T16:01:10+00:00,a084d59948e4c6bbcaf35b3f5f93849e1b45d1404ce47df20236710eb29b806f,gfs-ml-v1:30e504d3fa915c28313a72a3c8f0d5412a78763b1207789a749d094d1a620668,2,2026-02-22T20:00:00+00:00,2026-02-23T01:00:00+05:00,2,0.0682943246973216,2.646661494425745,5.2669519350846485,True
2026-02-22,2026-02-22T18:00:00+00:00,2026-02-22T23:00:00+05:00,2026-02-22T12:00:00+00:00,2026-02-22T16:01:10+00:00,a084d59948e4c6bbcaf35b3f5f93849e1b45d1404ce47df20236710eb29b806f,gfs-ml-v1:30e504d3fa915c28313a72a3c8f0d5412a78763b1207789a749d094d1a620668,2,2026-02-22T21:00:00+00:00,2026-02-23T02:00:00+05:00,3,0.07905176187016166,2.883153043621138,5.134086355958061,True
2026-02-22,2026-02-22T18:00:00+00:00,2026-02-22T23:00:00+05:00,2026-02-22T12:00:00+00:00,2026-02-22T16:01:10+00:00,a084d59948e4c6bbcaf35b3f5f93849e1b45d1404ce47df20236710eb29b806f,gfs-ml-v1:30e504d3fa915c28313a72a3c8f0d5412a78763b1207789a749d094d1a620668,2,2026-02-22T22:00:00+00:00,2026-02-23T03:00:00+05:00,4,0.07706493308301576,2.8396455284375217,4.891140007704735,True
2026-02-22,2026-02-22T18:00:00+00:00,2026-02-22T23:00:00+05:00,2026-02-22T12:00:00+00:00,2026-02-22T16:01:10+00:00,a084d59948e4c6bbcaf35b3f5f93849e1b45d1404ce47df20236710eb29b806f,gfs-ml-v1:30e504d3fa915c28313a72a3c8f0d5412a78763b1207789a749d094d1a620668,2,2026-02-22T23:00:00+00:00,2026-02-23T04:00:00+05:00,5,0.06182715571030233,2.5043611767206975,4.564284708302125,True
2026-02-22,2026-02-22T18:00:00+00:00,2026-02-22T23:00:00+05:00,2026-02-22T12:00:00+00:00,2026-02-22T16:01:10+00:00,a084d59948e4c6bbcaf35b3f5f93849e1b45d1404ce47df20236710eb29b806f,gfs-ml-v1:30e504d3fa915c28313a72a3c8f0d5412a78763b1207789a749d094d1a620668,2,2026-02-23T00:00:00+00:00,2026-02-23T05:00:00+05:00,6,0.03729472455763568,1.8434298575486001,4.318794930431977,True
2026-02-22,2026-02-22T18:00:00+00:00,2026-02-22T23:00:00+05:00,2026-02-22T12:00:00+00:00,2026-02-22T16:01:10+00:00,a084d59948e4c6bbcaf35b3f5f93849e1b45d1404ce47df20236710eb29b806f,gfs-ml-v1:30e504d3fa915c28313a72a3c8f0d5412a78763b1207789a749d094d1a620668,2,2026-02-23T01:00:00+00:00,2026-02-23T06:00:00+05:00,7,0.0205978420175718,1.1282145374879584,4.043485483597578,True
2026-02-22,2026-02-22T18:00:00+00:00,2026-02-22T23:00:00+05:00,2026-02-22T12:00:00+00:00,2026-02-22T16:01:10+00:00,a084d59948e4c6bbcaf35b3f5f93849e1b45d1404ce47df20236710eb29b806f,gfs-ml-v1:30e504d3fa915c28313a72a3c8f0d5412a78763b1207789a749d094d1a620668,2,2026-02-23T02:00:00+00:00,2026-02-23T07:00:00+05:00,8,0.010015750111998378,0.13306150415346615,4.063363613766398,True
2026-02-22,2026-02-22T18:00:00+00:00,2026-02-22T23:00:00+05:00,2026-02-22T12:00:00+00:00,2026-02-22T16:01:10+00:00,a084d59948e4c6bbcaf35b3f5f93849e1b45d1404ce47df20236710eb29b806f,gfs-ml-v1:30e504d3fa915c28313a72a3c8f0d5412a78763b1207789a749d094d1a620668,2,2026-02-23T03:00:00+00:00,2026-02-23T08:00:00+05:00,9,0.012663507356989435,0.5682756140539567,5.097561838383285,True
2026-02-22,2026-02-22T18:00:00+00:00,2026-02-22T23:00:00+05:00,2026-02-22T12:00:00+00:00,2026-02-22T16:01:10+00:00,a084d59948e4c6bbcaf35b3f5f93849e1b45d1404ce47df20236710eb29b806f,gfs-ml-v1:30e504d3fa915c28313a72a3c8f0d5412a78763b1207789a749d094d1a620668,2,2026-02-23T04:00:00+00:00,2026-02-23T09:00:00+05:00,10,0.02100269059422433,1.1507606004869042,6.160021837045633,True
2026-02-22,2026-02-22T18:00:00+00:00,2026-02-22T23:00:00+05:00,2026-02-22T12:00:00+00:00,2026-02-22T16:01:10+00:00,a084d59948e4c6bbcaf35b3f5f93849e1b45d1404ce47df20236710eb29b806f,gfs-ml-v1:30e504d3fa915c28313a72a3c8f0d5412a78763b1207789a749d094d1a620668,2,2026-02-23T05:00:00+00:00,2026-02-23T10:00:00+05:00,11,0.032580741399651704,1.6582477805727098,7.1032088427242,True
2026-02-22,2026-02-22T18:00:00+00:00,2026-02-22T23:00:00+05:00,2026-02-22T12:00:00+00:00,2026-02-22T16:01:10+00:00,a084d59948e4c6bbcaf35b3f5f93849e1b45d1404ce47df20236710eb29b806f,gfs-ml-v1:30e504d3fa915c28313a72a3c8f0d5412a78763b1207789a749d094d1a620668,2,2026-02-23T06:00:00+00:00,2026-02-23T11:00:00+05:00,12,0.07753678787980287,2.8500279828976143,8.143051326480702,True
2026-02-22,2026-02-22T18:00:00+00:00,2026-02-22T23:00:00+05:00,2026-02-22T12:00:00+00:00,2026-02-22T16:01:10+00:00,a084d59948e4c6bbcaf35b3f5f93849e1b45d1404ce47df20236710eb29b806f,gfs-ml-v1:30e504d3fa915c28313a72a3c8f0d5412a78763b1207789a749d094d1a620668,2,2026-02-23T07:00:00+00:00,2026-02-23T12:00:00+05:00,13,0.1905156186192532,4.468730696542171,8.866571745136525,True
2026-02-22,2026-02-22T18:00:00+00:00,2026-02-22T23:00:00+05:00,2026-02-22T12:00:00+00:00,2026-02-22T16:01:10+00:00,a084d59948e4c6bbcaf35b3f5f93849e1b45d1404ce47df20236710eb29b806f,gfs-ml-v1:30e504d3fa915c28313a72a3c8f0d5412a78763b1207789a749d094d1a620668,2,2026-02-23T08:00:00+00:00,2026-02-23T13:00:00+05:00,14,0.493103911518232,6.767173668180154,8.95528573128587,True
2026-02-22,2026-02-22T18:00:00+00:00,2026-02-22T23:00:00+05:00,2026-02-22T12:00:00+00:00,2026-02-22T16:01:10+00:00,a084d59948e4c6bbcaf35b3f5f93849e1b45d1404ce47df20236710eb29b806f,gfs-ml-v1:30e504d3fa915c28313a72a3c8f0d5412a78763b1207789a749d094d1a620668,2,2026-02-23T09:00:00+00:00,2026-02-23T14:00:00+05:00,15,0.7233178868884428,8.419231104240351,8.48306798119819,True
2026-02-22,2026-02-22T18:00:00+00:00,2026-02-22T23:00:00+05:00,2026-02-22T12:00:00+00:00,2026-02-22T16:01:10+00:00,a084d59948e4c6bbcaf35b3f5f93849e1b45d1404ce47df20236710eb29b806f,gfs-ml-v1:30e504d3fa915c28313a72a3c8f0d5412a78763b1207789a749d094d1a620668,2,2026-02-23T10:00:00+00:00,2026-02-23T15:00:00+05:00,16,0.6814808778483241,8.144365888013851,7.423814532259826,True
2026-02-22,2026-02-22T18:00:00+00:00,2026-02-22T23:00:00+05:00,2026-02-22T12:00:00+00:00,2026-02-22T16:01:10+00:00,a084d59948e4c6bbcaf35b3f5f93849e1b45d1404ce47df20236710eb29b806f,gfs-ml-v1:30e504d3fa915c28313a72a3c8f0d5412a78763b1207789a749d094d1a620668,2,2026-02-23T11:00:00+00:00,2026-02-23T16:00:00+05:00,17,0.7589208860584797,8.65757296283568,6.1341442559091774,True
2026-02-22,2026-02-22T18:00:00+00:00,2026-02-22T23:00:00+05:00,2026-02-22T12:00:00+00:00,2026-02-22T16:01:10+00:00,a084d59948e4c6bbcaf35b3f5f93849e1b45d1404ce47df20236710eb29b806f,gfs-ml-v1:30e504d3fa915c28313a72a3c8f0d5412a78763b1207789a749d094d1a620668,2,2026-02-23T12:00:00+00:00,2026-02-23T17:00:00+05:00,18,0.8396702072544038,9.274819631587658,5.188199024149526,True
2026-02-22,2026-02-22T18:00:00+00:00,2026-02-22T23:00:00+05:00,2026-02-22T12:00:00+00:00,2026-02-22T16:01:10+00:00,a084d59948e4c6bbcaf35b3f5f93849e1b45d1404ce47df20236710eb29b806f,gfs-ml-v1:30e504d3fa915c28313a72a3c8f0d5412a78763b1207789a749d094d1a620668,2,2026-02-23T13:00:00+00:00,2026-02-23T18:00:00+05:00,19,0.7904731062111892,8.891382090531119,4.254922974149508,True
2026-02-22,2026-02-22T18:00:00+00:00,2026-02-22T23:00:00+05:00,2026-02-22T12:00:00+00:00,2026-02-22T16:01:10+00:00,a084d59948e4c6bbcaf35b3f5f93849e1b45d1404ce47df20236710eb29b806f,gfs-ml-v1:30e504d3fa915c28313a72a3c8f0d5412a78763b1207789a749d094d1a620668,2,2026-02-23T14:00:00+00:00,2026-02-23T19:00:00+05:00,20,0.7275055611439148,8.446743730408555,3.6158315328248136,True
2026-02-22,2026-02-22T18:00:00+00:00,2026-02-22T23:00:00+05:00,2026-02-22T12:00:00+00:00,2026-02-22T16:01:10+00:00,a084d59948e4c6bbcaf35b3f5f93849e1b45d1404ce47df20236710eb29b806f,gfs-ml-v1:30e504d3fa915c28313a72a3c8f0d5412a78763b1207789a749d094d1a620668,2,2026-02-23T15:00:00+00:00,2026-02-23T20:00:00+05:00,21,0.6668896073560734,8.030650154351777,2.950588049175451,True
2026-02-22,2026-02-22T18:00:00+00:00,2026-02-22T23:00:00+05:00,2026-02-22T12:00:00+00:00,2026-02-22T16:01:10+00:00,a084d59948e4c6bbcaf35b3f5f93849e1b45d1404ce47df20236710eb29b806f,gfs-ml-v1:30e504d3fa915c28313a72a3c8f0d5412a78763b1207789a749d094d1a620668,2,2026-02-23T16:00:00+00:00,2026-02-23T21:00:00+05:00,22,0.5775917344101259,7.331614585483537,2.257458891668989,True
2026-02-22,2026-02-22T18:00:00+00:00,2026-02-22T23:00:00+05:00,2026-02-22T12:00:00+00:00,2026-02-22T16:01:10+00:00,a084d59948e4c6bbcaf35b3f5f93849e1b45d1404ce47df20236710eb29b806f,gfs-ml-v1:30e504d3fa915c28313a72a3c8f0d5412a78763b1207789a749d094d1a620668,2,2026-02-23T17:00:00+00:00,2026-02-23T22:00:00+05:00,23,0.7176559023960748,8.382032398418112,1.1492791508832738,True
2026-02-22,2026-02-22T18:00:00+00:00,2026-02-22T23:00:00+05:00,2026-02-22T12:00:00+00:00,2026-02-22T16:01:10+00:00,a084d59948e4c6bbcaf35b3f5f93849e1b45d1404ce47df20236710eb29b806f,gfs-ml-v1:30e504d3fa915c28313a72a3c8f0d5412a78763b1207789a749d094d1a620668,2,2026-02-23T18:00:00+00:00,2026-02-23T23:00:00+05:00,24,0.8049354109434389,8.99855105796185,0.001189144659235808,True
2026-02-23,2026-02-23T18:00:00+00:00,2026-02-23T23:00:00+05:00,2026-02-23T12:00:00+00:00,2026-02-23T16:02:58+00:00,160eb98a2c31f7dc3ecc21fa934180bbd8f6a07771cbc73877d22179ca7c2367,gfs-ml-v1:30e504d3fa915c28313a72a3c8f0d5412a78763b1207789a749d094d1a620668,1,2026-02-23T19:00:00+00:00,2026-02-24T00:00:00+05:00,1,0.8157349749420756,9.172287871788692,-1.1312864704259482,True
2026-02-23,2026-02-23T18:00:00+00:00,2026-02-23T23:00:00+05:00,2026-02-23T12:00:00+00:00,2026-02-23T16:02:58+00:00,160eb98a2c31f7dc3ecc21fa934180bbd8f6a07771cbc73877d22179ca7c2367,gfs-ml-v1:30e504d3fa915c28313a72a3c8f0d5412a78763b1207789a749d094d1a620668,1,2026-02-23T20:00:00+00:00,2026-02-24T01:00:00+05:00,2,0.7529877212503978,8.669229483286742,-1.0615640418539556,True
2026-02-23,2026-02-23T18:00:00+00:00,2026-02-23T23:00:00+05:00,2026-02-23T12:00:00+00:00,2026-02-23T16:02:58+00:00,160eb98a2c31f7dc3ecc21fa934180bbd8f6a07771cbc73877d22179ca7c2367,gfs-ml-v1:30e504d3fa915c28313a72a3c8f0d5412a78763b1207789a749d094d1a620668,1,2026-02-23T21:00:00+00:00,2026-02-24T02:00:00+05:00,3,0.7545820308658981,8.681328101393174,-1.242057191623985,True
2026-02-23,2026-02-23T18:00:00+00:00,2026-02-23T23:00:00+05:00,2026-02-23T12:00:00+00:00,2026-02-23T16:02:58+00:00,160eb98a2c31f7dc3ecc21fa934180bbd8f6a07771cbc73877d22179ca7c2367,gfs-ml-v1:30e504d3fa915c28313a72a3c8f0d5412a78763b1207789a749d094d1a620668,1,2026-02-23T22:00:00+00:00,2026-02-24T03:00:00+05:00,4,0.7080325892683622,8.328081836376144,-1.3773895762679444,True
2026-02-23,2026-02-23T18:00:00+00:00,2026-02-23T23:00:00+05:00,2026-02-23T12:00:00+00:00,2026-02-23T16:02:58+00:00,160eb98a2c31f7dc3ecc21fa934180bbd8f6a07771cbc73877d22179ca7c2367,gfs-ml-v1:30e504d3fa915c28313a72a3c8f0d5412a78763b1207789a749d094d1a620668,1,2026-02-23T23:00:00+00:00,2026-02-24T04:00:00+05:00,5,0.6743841125867386,8.070914076133295,-1.3637651620099973,True
2026-02-23,2026-02-23T18:00:00+00:00,2026-02-23T23:00:00+05:00,2026-02-23T12:00:00+00:00,2026-02-23T16:02:58+00:00,160eb98a2c31f7dc3ecc21fa934180bbd8f6a07771cbc73877d22179ca7c2367,gfs-ml-v1:30e504d3fa915c28313a72a3c8f0d5412a78763b1207789a749d094d1a620668,1,2026-02-24T00:00:00+00:00,2026-02-24T05:00:00+05:00,6,0.6697994689118241,8.035728104303153,-1.7474194362239928,True
2026-02-23,2026-02-23T18:00:00+00:00,2026-02-23T23:00:00+05:00,2026-02-23T12:00:00+00:00,2026-02-23T16:02:58+00:00,160eb98a2c31f7dc3ecc21fa934180bbd8f6a07771cbc73877d22179ca7c2367,gfs-ml-v1:30e504d3fa915c28313a72a3c8f0d5412a78763b1207789a749d094d1a620668,1,2026-02-24T01:00:00+00:00,2026-02-24T06:00:00+05:00,7,0.6113959138469008,7.602354011366192,-1.9209600630859995,True
2026-02-23,2026-02-23T18:00:00+00:00,2026-02-23T23:00:00+05:00,2026-02-23T12:00:00+00:00,2026-02-23T16:02:58+00:00,160eb98a2c31f7dc3ecc21fa934180bbd8f6a07771cbc73877d22179ca7c2367,gfs-ml-v1:30e504d3fa915c28313a72a3c8f0d5412a78763b1207789a749d094d1a620668,1,2026-02-24T02:00:00+00:00,2026-02-24T07:00:00+05:00,8,0.6320835597376985,7.746268113113392,-1.9680472461719773,True
2026-02-23,2026-02-23T18:00:00+00:00,2026-02-23T23:00:00+05:00,2026-02-23T12:00:00+00:00,2026-02-23T16:02:58+00:00,160eb98a2c31f7dc3ecc21fa934180bbd8f6a07771cbc73877d22179ca7c2367,gfs-ml-v1:30e504d3fa915c28313a72a3c8f0d5412a78763b1207789a749d094d1a620668,1,2026-02-24T03:00:00+00:00,2026-02-24T08:00:00+05:00,9,0.6059883070927572,7.566080764234789,-1.744807849843994,True
2026-02-23,2026-02-23T18:00:00+00:00,2026-02-23T23:00:00+05:00,2026-02-23T12:00:00+00:00,2026-02-23T16:02:58+00:00,160eb98a2c31f7dc3ecc21fa934180bbd8f6a07771cbc73877d22179ca7c2367,gfs-ml-v1:30e504d3fa915c28313a72a3c8f0d5412a78763b1207789a749d094d1a620668,1,2026-02-24T04:00:00+00:00,2026-02-24T09:00:00+05:00,10,0.5268000554703337,7.023498384919053,-1.3284608856774298,True
2026-02-23,2026-02-23T18:00:00+00:00,2026-02-23T23:00:00+05:00,2026-02-23T12:00:00+00:00,2026-02-23T16:02:58+00:00,160eb98a2c31f7dc3ecc21fa934180bbd8f6a07771cbc73877d22179ca7c2367,gfs-ml-v1:30e504d3fa915c28313a72a3c8f0d5412a78763b1207789a749d094d1a620668,1,2026-02-24T05:00:00+00:00,2026-02-24T10:00:00+05:00,11,0.39441850779588006,6.094905187631141,-0.729162847352427,True
2026-02-23,2026-02-23T18:00:00+00:00,2026-02-23T23:00:00+05:00,2026-02-23T12:00:00+00:00,2026-02-23T16:02:58+00:00,160eb98a2c31f7dc3ecc21fa934180bbd8f6a07771cbc73877d22179ca7c2367,gfs-ml-v1:30e504d3fa915c28313a72a3c8f0d5412a78763b1207789a749d094d1a620668,1,2026-02-24T06:00:00+00:00,2026-02-24T11:00:00+05:00,12,0.32136836330373625,5.570151870678523,-0.3462633509549846,True
2026-02-23,2026-02-23T18:00:00+00:00,2026-02-23T23:00:00+05:00,2026-02-23T12:00:00+00:00,2026-02-23T16:02:58+00:00,160eb98a2c31f7dc3ecc21fa934180bbd8f6a07771cbc73877d22179ca7c2367,gfs-ml-v1:30e504d3fa915c28313a72a3c8f0d5412a78763b1207789a749d094d1a620668,1,2026-02-24T07:00:00+00:00,2026-02-24T12:00:00+05:00,13,0.288325266492621,5.315041483243804,-0.03894518953995885,True
2026-02-23,2026-02-23T18:00:00+00:00,2026-02-23T23:00:00+05:00,2026-02-23T12:00:00+00:00,2026-02-23T16:02:58+00:00,160eb98a2c31f7dc3ecc21fa934180bbd8f6a07771cbc73877d22179ca7c2367,gfs-ml-v1:30e504d3fa915c28313a72a3c8f0d5412a78763b1207789a749d094d1a620668,1,2026-02-24T08:00:00+00:00,2026-02-24T13:00:00+05:00,14,0.27322986167735547,5.198496881116473,0.20041140876753616,True
2026-02-23,2026-02-23T18:00:00+00:00,2026-02-23T23:00:00+05:00,2026-02-23T12:00:00+00:00,2026-02-23T16:02:58+00:00,160eb98a2c31f7dc3ecc21fa934180bbd8f6a07771cbc73877d22179ca7c2367,gfs-ml-v1:30e504d3fa915c28313a72a3c8f0d5412a78763b1207789a749d094d1a620668,1,2026-02-24T09:00:00+00:00,2026-02-24T14:00:00+05:00,15,0.2883214548915626,5.315012055644196,0.4517681270400544,True
2026-02-23,2026-02-23T18:00:00+00:00,2026-02-23T23:00:00+05:00,2026-02-23T12:00:00+00:00,2026-02-23T16:02:58+00:00,160eb98a2c31f7dc3ecc21fa934180bbd8f6a07771cbc73877d22179ca7c2367,gfs-ml-v1:30e504d3fa915c28313a72a3c8f0d5412a78763b1207789a749d094d1a620668,1,2026-02-24T10:00:00+00:00,2026-02-24T15:00:00+05:00,16,0.3544268497587152,5.808573902026817,0.3947966073350244,True
2026-02-23,2026-02-23T18:00:00+00:00,2026-02-23T23:00:00+05:00,2026-02-23T12:00:00+00:00,2026-02-23T16:02:58+00:00,160eb98a2c31f7dc3ecc21fa934180bbd8f6a07771cbc73877d22179ca7c2367,gfs-ml-v1:30e504d3fa915c28313a72a3c8f0d5412a78763b1207789a749d094d1a620668,1,2026-02-24T11:00:00+00:00,2026-02-24T16:00:00+05:00,17,0.39285549722034885,6.08371438311163,0.11683743511258626,True
2026-02-23,2026-02-23T18:00:00+00:00,2026-02-23T23:00:00+05:00,2026-02-23T12:00:00+00:00,2026-02-23T16:02:58+00:00,160eb98a2c31f7dc3ecc21fa934180bbd8f6a07771cbc73877d22179ca7c2367,gfs-ml-v1:30e504d3fa915c28313a72a3c8f0d5412a78763b1207789a749d094d1a620668,1,2026-02-24T12:00:00+00:00,2026-02-24T17:00:00+05:00,18,0.34290955963305714,5.726112692609268,-0.5622786174049565,True
2026-02-23,2026-02-23T18:00:00+00:00,2026-02-23T23:00:00+05:00,2026-02-23T12:00:00+00:00,2026-02-23T16:02:58+00:00,160eb98a2c31f7dc3ecc21fa934180bbd8f6a07771cbc73877d22179ca7c2367,gfs-ml-v1:30e504d3fa915c28313a72a3c8f0d5412a78763b1207789a749d094d1a620668,1,2026-02-24T13:00:00+00:00,2026-02-24T18:00:00+05:00,19,0.2812926246786424,5.26074572555168,-1.1018428361549581,True
2026-02-23,2026-02-23T18:00:00+00:00,2026-02-23T23:00:00+05:00,2026-02-23T12:00:00+00:00,2026-02-23T16:02:58+00:00,160eb98a2c31f7dc3ecc21fa934180bbd8f6a07771cbc73877d22179ca7c2367,gfs-ml-v1:30e504d3fa915c28313a72a3c8f0d5412a78763b1207789a749d094d1a620668,1,2026-02-24T14:00:00+00:00,2026-02-24T19:00:00+05:00,20,0.2474403424068522,4.991762545019555,-1.2888646330299594,True
2026-02-23,2026-02-23T18:00:00+00:00,2026-02-23T23:00:00+05:00,2026-02-23T12:00:00+00:00,2026-02-23T16:02:58+00:00,160eb98a2c31f7dc3ecc21fa934180bbd8f6a07771cbc73877d22179ca7c2367,gfs-ml-v1:30e504d3fa915c28313a72a3c8f0d5412a78763b1207789a749d094d1a620668,1,2026-02-24T15:00:00+00:00,2026-02-24T20:00:00+05:00,21,0.18423102821279902,4.417952056727902,-1.2488127174049168,True
2026-02-23,2026-02-23T18:00:00+00:00,2026-02-23T23:00:00+05:00,2026-02-23T12:00:00+00:00,2026-02-23T16:02:58+00:00,160eb98a2c31f7dc3ecc21fa934180bbd8f6a07771cbc73877d22179ca7c2367,gfs-ml-v1:30e504d3fa915c28313a72a3c8f0d5412a78763b1207789a749d094d1a620668,1,2026-02-24T16:00:00+00:00,2026-02-24T21:00:00+05:00,22,0.10744435219421565,3.4095556935286737,-1.2050827966149313,True
2026-02-23,2026-02-23T18:00:00+00:00,2026-02-23T23:00:00+05:00,2026-02-23T12:00:00+00:00,2026-02-23T16:02:58+00:00,160eb98a2c31f7dc3ecc21fa934180bbd8f6a07771cbc73877d22179ca7c2367,gfs-ml-v1:30e504d3fa915c28313a72a3c8f0d5412a78763b1207789a749d094d1a620668,1,2026-02-24T17:00:00+00:00,2026-02-24T22:00:00+05:00,23,0.07727632400132335,2.8612673599143266,-1.3398931433599728,True
2026-02-23,2026-02-23T18:00:00+00:00,2026-02-23T23:00:00+05:00,2026-02-23T12:00:00+00:00,2026-02-23T16:02:58+00:00,160eb98a2c31f7dc3ecc21fa934180bbd8f6a07771cbc73877d22179ca7c2367,gfs-ml-v1:30e504d3fa915c28313a72a3c8f0d5412a78763b1207789a749d094d1a620668,1,2026-02-24T18:00:00+00:00,2026-02-24T23:00:00+05:00,24,0.032804920354278816,1.640635434269112,-1.535798616319994,True
2026-02-23,2026-02-23T18:00:00+00:00,2026-02-23T23:00:00+05:00,2026-02-23T12:00:00+00:00,2026-02-23T16:02:58+00:00,160eb98a2c31f7dc3ecc21fa934180bbd8f6a07771cbc73877d22179ca7c2367,gfs-ml-v1:30e504d3fa915c28313a72a3c8f0d5412a78763b1207789a749d094d1a620668,2,2026-02-23T19:00:00+00:00,2026-02-24T00:00:00+05:00,1,0.8248634935463872,9.147225615970862,-1.1744851734122221,True
2026-02-23,2026-02-23T18:00:00+00:00,2026-02-23T23:00:00+05:00,2026-02-23T12:00:00+00:00,2026-02-23T16:02:58+00:00,160eb98a2c31f7dc3ecc21fa934180bbd8f6a07771cbc73877d22179ca7c2367,gfs-ml-v1:30e504d3fa915c28313a72a3c8f0d5412a78763b1207789a749d094d1a620668,2,2026-02-23T20:00:00+00:00,2026-02-24T01:00:00+05:00,2,0.7561627459522307,8.637134517325894,-1.1099039929349601,True
2026-02-23,2026-02-23T18:00:00+00:00,2026-02-23T23:00:00+05:00,2026-02-23T12:00:00+00:00,2026-02-23T16:02:58+00:00,160eb98a2c31f7dc3ecc21fa934180bbd8f6a07771cbc73877d22179ca7c2367,gfs-ml-v1:30e504d3fa915c28313a72a3c8f0d5412a78763b1207789a749d094d1a620668,2,2026-02-23T21:00:00+00:00,2026-02-24T02:00:00+05:00,3,0.7562069169911703,8.637461834770875,-1.2888482056297335,True
2026-02-23,2026-02-23T18:00:00+00:00,2026-02-23T23:00:00+05:00,2026-02-23T12:00:00+00:00,2026-02-23T16:02:58+00:00,160eb98a2c31f7dc3ecc21fa934180bbd8f6a07771cbc73877d22179ca7c2367,gfs-ml-v1:30e504d3fa915c28313a72a3c8f0d5412a78763b1207789a749d094d1a620668,2,2026-02-23T22:00:00+00:00,2026-02-24T03:00:00+05:00,4,0.7024992443300052,8.282454579826767,-1.4218340940843177,True
2026-02-23,2026-02-23T18:00:00+00:00,2026-02-23T23:00:00+05:00,2026-02-23T12:00:00+00:00,2026-02-23T16:02:58+00:00,160eb98a2c31f7dc3ecc21fa934180bbd8f6a07771cbc73877d22179ca7c2367,gfs-ml-v1:30e504d3fa915c28313a72a3c8f0d5412a78763b1207789a749d094d1a620668,2,2026-02-23T23:00:00+00:00,2026-02-24T04:00:00+05:00,5,0.6662882413768512,8.025241493911256,-1.4043173000324032,True
2026-02-23,2026-02-23T18:00:00+00:00,2026-02-23T23:00:00+05:00,2026-02-23T12:00:00+00:00,2026-02-23T16:02:58+00:00,160eb98a2c31f7dc3ecc21fa934180bbd8f6a07771cbc73877d22179ca7c2367,gfs-ml-v1:30e504d3fa915c28313a72a3c8f0d5412a78763b1207789a749d094d1a620668,2,2026-02-24T00:00:00+00:00,2026-02-24T05:00:00+05:00,6,0.6612941550481511,7.980324890551812,-1.7875031117337699,True
2026-02-23,2026-02-23T18:00:00+00:00,2026-02-23T23:00:00+05:00,2026-02-23T12:00:00+00:00,2026-02-23T16:02:58+00:00,160eb98a2c31f7dc3ecc21fa934180bbd8f6a07771cbc73877d22179ca7c2367,gfs-ml-v1:30e504d3fa915c28313a72a3c8f0d5412a78763b1207789a749d094d1a620668,2,2026-02-24T01:00:00+00:00,2026-02-24T06:00:00+05:00,7,0.6117963626816828,7.547163751230543,-1.95053933635063,True
2026-02-23,2026-02-23T18:00:00+00:00,2026-02-23T23:00:00+05:00,2026-02-23T12:00:00+00:00,2026-02-23T16:02:58+00:00,160eb98a2c31f7dc3ecc21fa934180bbd8f6a07771cbc73877d22179ca7c2367,gfs-ml-v1:30e504d3fa915c28313a72a3c8f0d5412a78763b1207789a749d094d1a620668,2,2026-02-24T02:00:00+00:00,2026-02-24T07:00:00+05:00,8,0.6282485080605171,7.683113725023931,-1.9915216327012786,True
2026-02-23,2026-02-23T18:00:00+00:00,2026-02-23T23:00:00+05:00,2026-02-23T12:00:00+00:00,2026-02-23T16:02:58+00:00,160eb98a2c31f7dc3ecc21fa934180bbd8f6a07771cbc73877d22179ca7c2367,gfs-ml-v1:30e504d3fa915c28313a72a3c8f0d5412a78763b1207789a749d094d1a620668,2,2026-02-24T03:00:00+00:00,2026-02-24T08:00:00+05:00,9,0.6046194726839457,7.501936753311181,-1.7620267029025172,True
2026-02-23,2026-02-23T18:00:00+00:00,2026-02-23T23:00:00+05:00,2026-02-23T12:00:00+00:00,2026-02-23T16:02:58+00:00,160eb98a2c31f7dc3ecc21fa934180bbd8f6a07771cbc73877d22179ca7c2367,gfs-ml-v1:30e504d3fa915c28313a72a3c8f0d5412a78763b1207789a749d094d1a620668,2,2026-02-24T04:00:00+00:00,2026-02-24T09:00:00+05:00,10,0.5206611934660114,6.962679982138366,-1.3439088407750432,True
2026-02-23,2026-02-23T18:00:00+00:00,2026-02-23T23:00:00+05:00,2026-02-23T12:00:00+00:00,2026-02-23T16:02:58+00:00,160eb98a2c31f7dc3ecc21fa934180bbd8f6a07771cbc73877d22179ca7c2367,gfs-ml-v1:30e504d3fa915c28313a72a3c8f0d5412a78763b1207789a749d094d1a620668,2,2026-02-24T05:00:00+00:00,2026-02-24T10:00:00+05:00,11,0.39125202648305524,6.039289981065912,-0.7451689732021123,True
2026-02-23,2026-02-23T18:00:00+00:00,2026-02-23T23:00:00+05:00,2026-02-23T12:00:00+00:00,2026-02-23T16:02:58+00:00,160eb98a2c31f7dc3ecc21fa934180bbd8f6a07771cbc73877d22179ca7c2367,gfs-ml-v1:30e504d3fa915c28313a72a3c8f0d5412a78763b1207789a749d094d1a620668,2,2026-02-24T06:00:00+00:00,2026-02-24T11:00:00+05:00,12,0.3171386445402045,5.515027667368217,-0.3673444026541688,True
2026-02-23,2026-02-23T18:00:00+00:00,2026-02-23T23:00:00+05:00,2026-02-23T12:00:00+00:00,2026-02-23T16:02:58+00:00,160eb98a2c31f7dc3ecc21fa934180bbd8f6a07771cbc73877d22179ca7c2367,gfs-ml-v1:30e504d3fa915c28313a72a3c8f0d5412a78763b1207789a749d094d1a620668,2,2026-02-24T07:00:00+00:00,2026-02-24T12:00:00+05:00,13,0.28388673245247953,5.263092668090196,-0.06561051538955098,True
2026-02-23,2026-02-23T18:00:00+00:00,2026-02-23T23:00:00+05:00,2026-02-23T12:00:00+00:00,2026-02-23T16:02:58+00:00,160eb98a2c31f7dc3ecc21fa934180bbd8f6a07771cbc73877d22179ca7c2367,gfs-ml-v1:30e504d3fa915c28313a72a3c8f0d5412a78763b1207789a749d094d1a620668,2,2026-02-24T08:00:00+00:00,2026-02-24T13:00:00+05:00,14,0.26946414670161195,5.152903868525239,0.16561726046671765,True
2026-02-23,2026-02-23T18:00:00+00:00,2026-02-23T23:00:00+05:00,2026-02-23T12:00:00+00:00,2026-02-23T16:02:58+00:00,160eb98a2c31f7dc3ecc21fa934180bbd8f6a07771cbc73877d22179ca7c2367,gfs-ml-v1:30e504d3fa915c28313a72a3c8f0d5412a78763b1207789a749d094d1a620668,2,2026-02-24T09:00:00+00:00,2026-02-24T14:00:00+05:00,15,0.28516532187864363,5.272861112975122,0.4157678528895872,True
2026-02-23,2026-02-23T18:00:00+00:00,2026-02-23T23:00:00+05:00,2026-02-23T12:00:00+00:00,2026-02-23T16:02:58+00:00,160eb98a2c31f7dc3ecc21fa934180bbd8f6a07771cbc73877d22179ca7c2367,gfs-ml-v1:30e504d3fa915c28313a72a3c8f0d5412a78763b1207789a749d094d1a620668,2,2026-02-24T10:00:00+00:00,2026-02-24T15:00:00+05:00,16,0.35192053526382,5.760872895720809,0.3564192814853868,True
2026-02-23,2026-02-23T18:00:00+00:00,2026-02-23T23:00:00+05:00,2026-02-23T12:00:00+00:00,2026-02-23T16:02:58+00:00,160eb98a2c31f7dc3ecc21fa934180bbd8f6a07771cbc73877d22179ca7c2367,gfs-ml-v1:30e504d3fa915c28313a72a3c8f0d5412a78763b1207789a749d094d1a620668,2,2026-02-24T11:00:00+00:00,2026-02-24T16:00:00+05:00,17,0.3906136967643223,6.034712175391636,0.0799524058645602,True
2026-02-23,2026-02-23T18:00:00+00:00,2026-02-23T23:00:00+05:00,2026-02-23T12:00:00+00:00,2026-02-23T16:02:58+00:00,160eb98a2c31f7dc3ecc21fa934180bbd8f6a07771cbc73877d22179ca7c2367,gfs-ml-v1:30e504d3fa915c28313a72a3c8f0d5412a78763b1207789a749d094d1a620668,2,2026-02-24T12:00:00+00:00,2026-02-24T17:00:00+05:00,18,0.34050666442738947,5.680197417079733,-0.5924430983521916,True
2026-02-23,2026-02-23T18:00:00+00:00,2026-02-23T23:00:00+05:00,2026-02-23T12:00:00+00:00,2026-02-23T16:02:58+00:00,160eb98a2c31f7dc3ecc21fa934180bbd8f6a07771cbc73877d22179ca7c2367,gfs-ml-v1:30e504d3fa915c28313a72a3c8f0d5412a78763b1207789a749d094d1a620668,2,2026-02-24T13:00:00+00:00,2026-02-24T18:00:00+05:00,19,0.27884891826421304,5.2246036823129405,-1.1288841171021886,True
2026-02-23,2026-02-23T18:00:00+00:00,2026-02-23T23:00:00+05:00,2026-02-23T12:00:00+00:00,2026-02-23T16:02:58+00:00,160eb98a2c31f7dc3ecc21fa934180bbd8f6a07771cbc73877d22179ca7c2367,gfs-ml-v1:30e504d3fa915c28313a72a3c8f0d5412a78763b1207789a749d094d1a620668,2,2026-02-24T14:00:00+00:00,2026-02-24T19:00:00+05:00,20,0.244155253554559,4.958028247400121,-1.3135635139772148,True
2026-02-23,2026-02-23T18:00:00+00:00,2026-02-23T23:00:00+05:00,2026-02-23T12:00:00+00:00,2026-02-23T16:02:58+00:00,160eb98a2c31f7dc3ecc21fa934180bbd8f6a07771cbc73877d22179ca7c2367,gfs-ml-v1:30e504d3fa915c28313a72a3c8f0d5412a78763b1207789a749d094d1a620668,2,2026-02-24T15:00:00+00:00,2026-02-24T20:00:00+05:00,21,0.1830081637302483,4.38846627371927,-1.2740203983521496,True
2026-02-23,2026-02-23T18:00:00+00:00,2026-02-23T23:00:00+05:00,2026-02-23T12:00:00+00:00,2026-02-23T16:02:58+00:00,160eb98a2c31f7dc3ecc21fa934180bbd8f6a07771cbc73877d22179ca7c2367,gfs-ml-v1:30e504d3fa915c28313a72a3c8f0d5412a78763b1207789a749d094d1a620668,2,2026-02-24T16:00:00+00:00,2026-02-24T21:00:00+05:00,22,0.10421564857995363,3.387710340360813,-1.2301371517125972,True
2026-02-23,2026-02-23T18:00:00+00:00,2026-02-23T23:00:00+05:00,2026-02-23T12:00:00+00:00,2026-02-23T16:02:58+00:00,160eb98a2c31f7dc3ecc21fa934180bbd8f6a07771cbc73877d22179ca7c2367,gfs-ml-v1:30e504d3fa915c28313a72a3c8f0d5412a78763b1207789a749d094d1a620668,2,2026-02-24T17:00:00+00:00,2026-02-24T22:00:00+05:00,23,0.07712309552060713,2.8409253053173837,-1.3612314760063668,True
2026-02-23,2026-02-23T18:00:00+00:00,2026-02-23T23:00:00+05:00,2026-02-23T12:00:00+00:00,2026-02-23T16:02:58+00:00,160eb98a2c31f7dc3ecc21fa934180bbd8f6a07771cbc73877d22179ca7c2367,gfs-ml-v1:30e504d3fa915c28313a72a3c8f0d5412a78763b1207789a749d094d1a620668,2,2026-02-24T18:00:00+00:00,2026-02-24T23:00:00+05:00,24,0.03169856998858509,1.6231920766402888,-1.5536236231167777,True
2026-02-24,2026-02-24T18:00:00+00:00,2026-02-24T23:00:00+05:00,2026-02-24T12:00:00+00:00,2026-02-24T15:52:34+00:00,c28f7b1722ee9b820758d1a5d30f3b54ec0c6d9166727f242a7c3718899128d9,gfs-ml-v1:30e504d3fa915c28313a72a3c8f0d5412a78763b1207789a749d094d1a620668,1,2026-02-24T19:00:00+00:00,2026-02-25T00:00:00+05:00,1,0.02387737690170413,1.294445770043186,-1.0031801576824364,True
2026-02-24,2026-02-24T18:00:00+00:00,2026-02-24T23:00:00+05:00,2026-02-24T12:00:00+00:00,2026-02-24T15:52:34+00:00,c28f7b1722ee9b820758d1a5d30f3b54ec0c6d9166727f242a7c3718899128d9,gfs-ml-v1:30e504d3fa915c28313a72a3c8f0d5412a78763b1207789a749d094d1a620668,1,2026-02-24T20:00:00+00:00,2026-02-25T01:00:00+05:00,2,0.02110167195210347,1.135527925847814,-0.9765566351999269,True
2026-02-24,2026-02-24T18:00:00+00:00,2026-02-24T23:00:00+05:00,2026-02-24T12:00:00+00:00,2026-02-24T15:52:34+00:00,c28f7b1722ee9b820758d1a5d30f3b54ec0c6d9166727f242a7c3718899128d9,gfs-ml-v1:30e504d3fa915c28313a72a3c8f0d5412a78763b1207789a749d094d1a620668,1,2026-02-24T21:00:00+00:00,2026-02-25T02:00:00+05:00,3,0.021039591942755363,1.1319736499314743,-0.9288982689674299,True
2026-02-24,2026-02-24T18:00:00+00:00,2026-02-24T23:00:00+05:00,2026-02-24T12:00:00+00:00,2026-02-24T15:52:34+00:00,c28f7b1722ee9b820758d1a5d30f3b54ec0c6d9166727f242a7c3718899128d9,gfs-ml-v1:30e504d3fa915c28313a72a3c8f0d5412a78763b1207789a749d094d1a620668,1,2026-02-24T22:00:00+00:00,2026-02-25T03:00:00+05:00,4,0.01638670887231882,0.8655814503739171,-1.0890084167974692,True
2026-02-24,2026-02-24T18:00:00+00:00,2026-02-24T23:00:00+05:00,2026-02-24T12:00:00+00:00,2026-02-24T15:52:34+00:00,c28f7b1722ee9b820758d1a5d30f3b54ec0c6d9166727f242a7c3718899128d9,gfs-ml-v1:30e504d3fa915c28313a72a3c8f0d5412a78763b1207789a749d094d1a620668,1,2026-02-24T23:00:00+00:00,2026-02-25T04:00:00+05:00,5,0.02538977877374618,1.3772564000077245,-1.1273681449224,True
2026-02-24,2026-02-24T18:00:00+00:00,2026-02-24T23:00:00+05:00,2026-02-24T12:00:00+00:00,2026-02-24T15:52:34+00:00,c28f7b1722ee9b820758d1a5d30f3b54ec0c6d9166727f242a7c3718899128d9,gfs-ml-v1:30e504d3fa915c28313a72a3c8f0d5412a78763b1207789a749d094d1a620668,1,2026-02-25T00:00:00+00:00,2026-02-25T05:00:00+05:00,6,0.03298130432140707,1.64690043115648,-0.9604910805124973,True
2026-02-24,2026-02-24T18:00:00+00:00,2026-02-24T23:00:00+05:00,2026-02-24T12:00:00+00:00,2026-02-24T15:52:34+00:00,c28f7b1722ee9b820758d1a5d30f3b54ec0c6d9166727f242a7c3718899128d9,gfs-ml-v1:30e504d3fa915c28313a72a3c8f0d5412a78763b1207789a749d094d1a620668,1,2026-02-25T01:00:00+00:00,2026-02-25T06:00:00+05:00,7,0.048813055528046156,2.1540724033953422,-0.845354133289959,True
2026-02-24,2026-02-24T18:00:00+00:00,2026-02-24T23:00:00+05:00,2026-02-24T12:00:00+00:00,2026-02-24T15:52:34+00:00,c28f7b1722ee9b820758d1a5d30f3b54ec0c6d9166727f242a7c3718899128d9,gfs-ml-v1:30e504d3fa915c28313a72a3c8f0d5412a78763b1207789a749d094d1a620668,1,2026-02-25T02:00:00+00:00,2026-02-25T07:00:00+05:00,8,0.13806737894429438,3.8591822074868327,-0.6279207323349851,True
2026-02-24,2026-02-24T18:00:00+00:00,2026-02-24T23:00:00+05:00,2026-02-24T12:00:00+00:00,2026-02-24T15:52:34+00:00,c28f7b1722ee9b820758d1a5d30f3b54ec0c6d9166727f242a7c3718899128d9,gfs-ml-v1:30e504d3fa915c28313a72a3c8f0d5412a78763b1207789a749d094d1a620668,1,2026-02-25T03:00:00+00:00,2026-02-25T08:00:00+05:00,9,0.16167555069385076,4.159351649652024,-0.520392988324943,True
2026-02-24,2026-02-24T18:00:00+00:00,2026-02-24T23:00:00+05:00,2026-02-24T12:00:00+00:00,2026-02-24T15:52:34+00:00,c28f7b1722ee9b820758d1a5d30f3b54ec0c6d9166727f242a7c3718899128d9,gfs-ml-v1:30e504d3fa915c28313a72a3c8f0d5412a78763b1207789a749d094d1a620668,1,2026-02-25T04:00:00+00:00,2026-02-25T09:00:00+05:00,10,0.1353114785257408,3.8199273009624455,-0.39674256874997127,True
2026-02-24,2026-02-24T18:00:00+00:00,2026-02-24T23:00:00+05:00,2026-02-24T12:00:00+00:00,2026-02-24T15:52:34+00:00,c28f7b1722ee9b820758d1a5d30f3b54ec0c6d9166727f242a7c3718899128d9,gfs-ml-v1:30e504d3fa915c28313a72a3c8f0d5412a78763b1207789a749d094d1a620668,1,2026-02-25T05:00:00+00:00,2026-02-25T10:00:00+05:00,11,0.19696380236274222,4.557523466236383,0.030292000000031294,True
2026-02-24,2026-02-24T18:00:00+00:00,2026-02-24T23:00:00+05:00,2026-02-24T12:00:00+00:00,2026-02-24T15:52:34+00:00,c28f7b1722ee9b820758d1a5d30f3b54ec0c6d9166727f242a7c3718899128d9,gfs-ml-v1:30e504d3fa915c28313a72a3c8f0d5412a78763b1207789a749d094d1a620668,1,2026-02-25T06:00:00+00:00,2026-02-25T11:00:00+05:00,12,0.1102920463808614,3.459269839571059,0.2885806007375322,True
2026-02-24,2026-02-24T18:00:00+00:00,2026-02-24T23:00:00+05:00,2026-02-24T12:00:00+00:00,2026-02-24T15:52:34+00:00,c28f7b1722ee9b820758d1a5d30f3b54ec0c6d9166727f242a7c3718899128d9,gfs-ml-v1:30e504d3fa915c28313a72a3c8f0d5412a78763b1207789a749d094d1a620668,1,2026-02-25T07:00:00+00:00,2026-02-25T12:00:00+05:00,13,0.10130520424023687,3.302380386787114,0.6859565836800243,True
2026-02-24,2026-02-24T18:00:00+00:00,2026-02-24T23:00:00+05:00,2026-02-24T12:00:00+00:00,2026-02-24T15:52:34+00:00,c28f7b1722ee9b820758d1a5d30f3b54ec0c6d9166727f242a7c3718899128d9,gfs-ml-v1:30e504d3fa915c28313a72a3c8f0d5412a78763b1207789a749d094d1a620668,1,2026-02-25T08:00:00+00:00,2026-02-25T13:00:00+05:00,14,0.07568345846727717,2.825081790158137,0.7062685384975111,True
2026-02-24,2026-02-24T18:00:00+00:00,2026-02-24T23:00:00+05:00,2026-02-24T12:00:00+00:00,2026-02-24T15:52:34+00:00,c28f7b1722ee9b820758d1a5d30f3b54ec0c6d9166727f242a7c3718899128d9,gfs-ml-v1:30e504d3fa915c28313a72a3c8f0d5412a78763b1207789a749d094d1a620668,1,2026-02-25T09:00:00+00:00,2026-02-25T14:00:00+05:00,15,0.07537515967421955,2.818078080652541,1.0896361598950648,True
2026-02-24,2026-02-24T18:00:00+00:00,2026-02-24T23:00:00+05:00,2026-02-24T12:00:00+00:00,2026-02-24T15:52:34+00:00,c28f7b1722ee9b820758d1a5d30f3b54ec0c6d9166727f242a7c3718899128d9,gfs-ml-v1:30e504d3fa915c28313a72a3c8f0d5412a78763b1207789a749d094d1a620668,1,2026-02-25T10:00:00+00:00,2026-02-25T15:00:00+05:00,16,0.11590728521353709,3.5435349503812597,1.5100049033850382,True
2026-02-24,2026-02-24T18:00:00+00:00,2026-02-24T23:00:00+05:00,2026-02-24T12:00:00+00:00,2026-02-24T15:52:34+00:00,c28f7b1722ee9b820758d1a5d30f3b54ec0c6d9166727f242a7c3718899128d9,gfs-ml-v1:30e504d3fa915c28313a72a3c8f0d5412a78763b1207789a749d094d1a620668,1,2026-02-25T11:00:00+00:00,2026-02-25T16:00:00+05:00,17,0.13716751585118708,3.8463646029874603,1.8191861507375506,True
2026-02-24,2026-02-24T18:00:00+00:00,2026-02-24T23:00:00+05:00,2026-02-24T12:00:00+00:00,2026-02-24T15:52:34+00:00,c28f7b1722ee9b820758d1a5d30f3b54ec0c6d9166727f242a7c3718899128d9,gfs-ml-v1:30e504d3fa915c28313a72a3c8f0d5412a78763b1207789a749d094d1a620668,1,2026-02-25T12:00:00+00:00,2026-02-25T17:00:00+05:00,18,0.12942002980787554,3.7360098026537063,1.6082235779075518,True
2026-02-24,2026-02-24T18:00:00+00:00,2026-02-24T23:00:00+05:00,2026-02-24T12:00:00+00:00,2026-02-24T15:52:34+00:00,c28f7b1722ee9b820758d1a5d30f3b54ec0c6d9166727f242a7c3718899128d9,gfs-ml-v1:30e504d3fa915c28313a72a3c8f0d5412a78763b1207789a749d094d1a620668,1,2026-02-25T13:00:00+00:00,2026-02-25T18:00:00+05:00,19,0.14847167277736203,4.007380443939689,1.347884551822517,True
2026-02-24,2026-02-24T18:00:00+00:00,2026-02-24T23:00:00+05:00,2026-02-24T12:00:00+00:00,2026-02-24T15:52:34+00:00,c28f7b1722ee9b820758d1a5d30f3b54ec0c6d9166727f242a7c3718899128d9,gfs-ml-v1:30e504d3fa915c28313a72a3c8f0d5412a78763b1207789a749d094d1a620668,1,2026-02-25T14:00:00+00:00,2026-02-25T19:00:00+05:00,20,0.23027325802048418,4.84407772147945,1.3661942858500424,True
2026-02-24,2026-02-24T18:00:00+00:00,2026-02-24T23:00:00+05:00,2026-02-24T12:00:00+00:00,2026-02-24T15:52:34+00:00,c28f7b1722ee9b820758d1a5d30f3b54ec0c6d9166727f242a7c3718899128d9,gfs-ml-v1:30e504d3fa915c28313a72a3c8f0d5412a78763b1207789a749d094d1a620668,1,2026-02-25T15:00:00+00:00,2026-02-25T20:00:00+05:00,21,0.43644646114461444,6.384105303600665,1.2329283878900696,True
2026-02-24,2026-02-24T18:00:00+00:00,2026-02-24T23:00:00+05:00,2026-02-24T12:00:00+00:00,2026-02-24T15:52:34+00:00,c28f7b1722ee9b820758d1a5d30f3b54ec0c6d9166727f242a7c3718899128d9,gfs-ml-v1:30e504d3fa915c28313a72a3c8f0d5412a78763b1207789a749d094d1a620668,1,2026-02-25T16:00:00+00:00,2026-02-25T21:00:00+05:00,22,0.3284404987247336,5.622517467637165,0.6308544637150817,True
2026-02-24,2026-02-24T18:00:00+00:00,2026-02-24T23:00:00+05:00,2026-02-24T12:00:00+00:00,2026-02-24T15:52:34+00:00,c28f7b1722ee9b820758d1a5d30f3b54ec0c6d9166727f242a7c3718899128d9,gfs-ml-v1:30e504d3fa915c28313a72a3c8f0d5412a78763b1207789a749d094d1a620668,1,2026-02-25T17:00:00+00:00,2026-02-25T22:00:00+05:00,23,0.45204165832689214,6.49099074998484,0.03917055902752509,True
2026-02-24,2026-02-24T18:00:00+00:00,2026-02-24T23:00:00+05:00,2026-02-24T12:00:00+00:00,2026-02-24T15:52:34+00:00,c28f7b1722ee9b820758d1a5d30f3b54ec0c6d9166727f242a7c3718899128d9,gfs-ml-v1:30e504d3fa915c28313a72a3c8f0d5412a78763b1207789a749d094d1a620668,1,2026-02-25T18:00:00+00:00,2026-02-25T23:00:00+05:00,24,0.5631362769345937,7.278637103724829,-0.0021532088549633954,True
2026-02-24,2026-02-24T18:00:00+00:00,2026-02-24T23:00:00+05:00,2026-02-24T12:00:00+00:00,2026-02-24T15:52:34+00:00,c28f7b1722ee9b820758d1a5d30f3b54ec0c6d9166727f242a7c3718899128d9,gfs-ml-v1:30e504d3fa915c28313a72a3c8f0d5412a78763b1207789a749d094d1a620668,2,2026-02-24T19:00:00+00:00,2026-02-25T00:00:00+05:00,1,0.023814557453725866,1.3073537837534959,-1.023976135231294,True
2026-02-24,2026-02-24T18:00:00+00:00,2026-02-24T23:00:00+05:00,2026-02-24T12:00:00+00:00,2026-02-24T15:52:34+00:00,c28f7b1722ee9b820758d1a5d30f3b54ec0c6d9166727f242a7c3718899128d9,gfs-ml-v1:30e504d3fa915c28313a72a3c8f0d5412a78763b1207789a749d094d1a620668,2,2026-02-24T20:00:00+00:00,2026-02-25T01:00:00+05:00,2,0.02105584342033314,1.1537206873814412,-1.0007472644479662,True
2026-02-24,2026-02-24T18:00:00+00:00,2026-02-24T23:00:00+05:00,2026-02-24T12:00:00+00:00,2026-02-24T15:52:34+00:00,c28f7b1722ee9b820758d1a5d30f3b54ec0c6d9166727f242a7c3718899128d9,gfs-ml-v1:30e504d3fa915c28313a72a3c8f0d5412a78763b1207789a749d094d1a620668,2,2026-02-24T21:00:00+00:00,2026-02-25T02:00:00+05:00,3,0.02112160212513176,1.1573827970852164,-0.9541411499146761,True
2026-02-24,2026-02-24T18:00:00+00:00,2026-02-24T23:00:00+05:00,2026-02-24T12:00:00+00:00,2026-02-24T15:52:34+00:00,c28f7b1722ee9b820758d1a5d30f3b54ec0c6d9166727f242a7c3718899128d9,gfs-ml-v1:30e504d3fa915c28313a72a3c8f0d5412a78763b1207789a749d094d1a620668,2,2026-02-24T22:00:00+00:00,2026-02-25T03:00:00+05:00,4,0.01622945678550245,0.8849386701000654,-1.117373949443902,True
2026-02-24,2026-02-24T18:00:00+00:00,2026-02-24T23:00:00+05:00,2026-02-24T12:00:00+00:00,2026-02-24T15:52:34+00:00,c28f7b1722ee9b820758d1a5d30f3b54ec0c6d9166727f242a7c3718899128d9,gfs-ml-v1:30e504d3fa915c28313a72a3c8f0d5412a78763b1207789a749d094d1a620668,2,2026-02-24T23:00:00+00:00,2026-02-25T04:00:00+05:00,5,0.025860944592416522,1.391216674820092,-1.1513208775688781,True
2026-02-24,2026-02-24T18:00:00+00:00,2026-02-24T23:00:00+05:00,2026-02-24T12:00:00+00:00,2026-02-24T15:52:34+00:00,c28f7b1722ee9b820758d1a5d30f3b54ec0c6d9166727f242a7c3718899128d9,gfs-ml-v1:30e504d3fa915c28313a72a3c8f0d5412a78763b1207789a749d094d1a620668,2,2026-02-25T00:00:00+00:00,2026-02-25T05:00:00+05:00,6,0.032560031716159295,1.65742481972413,-0.989568109760512,True
2026-02-24,2026-02-24T18:00:00+00:00,2026-02-24T23:00:00+05:00,2026-02-24T12:00:00+00:00,2026-02-24T15:52:34+00:00,c28f7b1722ee9b820758d1a5d30f3b54ec0c6d9166727f242a7c3718899128d9,gfs-ml-v1:30e504d3fa915c28313a72a3c8f0d5412a78763b1207789a749d094d1a620668,2,2026-02-25T01:00:00+00:00,2026-02-25T06:00:00+05:00,7,0.048403849459957286,2.162858731308672,-0.8779938591395648,True
2026-02-24,2026-02-24T18:00:00+00:00,2026-02-24T23:00:00+05:00,2026-02-24T12:00:00+00:00,2026-02-24T15:52:34+00:00,c28f7b1722ee9b820758d1a5d30f3b54ec0c6d9166727f242a7c3718899128d9,gfs-ml-v1:30e504d3fa915c28313a72a3c8f0d5412a78763b1207789a749d094d1a620668,2,2026-02-25T02:00:00+00:00,2026-02-25T07:00:00+05:00,8,0.13669088381789155,3.842583301898803,-0.6625610064853618,True
2026-02-24,2026-02-24T18:00:00+00:00,2026-02-24T23:00:00+05:00,2026-02-24T12:00:00+00:00,2026-02-24T15:52:34+00:00,c28f7b1722ee9b820758d1a5d30f3b54ec0c6d9166727f242a7c3718899128d9,gfs-ml-v1:30e504d3fa915c28313a72a3c8f0d5412a78763b1207789a749d094d1a620668,2,2026-02-25T03:00:00+00:00,2026-02-25T08:00:00+05:00,9,0.16043126571498295,4.129214822368634,-0.5476012175729466,True
2026-02-24,2026-02-24T18:00:00+00:00,2026-02-24T23:00:00+05:00,2026-02-24T12:00:00+00:00,2026-02-24T15:52:34+00:00,c28f7b1722ee9b820758d1a5d30f3b54ec0c6d9166727f242a7c3718899128d9,gfs-ml-v1:30e504d3fa915c28313a72a3c8f0d5412a78763b1207789a749d094d1a620668,2,2026-02-25T04:00:00+00:00,2026-02-25T09:00:00+05:00,10,0.13241853524892896,3.7833453496843843,-0.42400016875001256,True
2026-02-24,2026-02-24T18:00:00+00:00,2026-02-24T23:00:00+05:00,2026-02-24T12:00:00+00:00,2026-02-24T15:52:34+00:00,c28f7b1722ee9b820758d1a5d30f3b54ec0c6d9166727f242a7c3718899128d9,gfs-ml-v1:30e504d3fa915c28313a72a3c8f0d5412a78763b1207789a749d094d1a620668,2,2026-02-25T05:00:00+00:00,2026-02-25T10:00:00+05:00,11,0.19638263549713586,4.5222492745983525,0.004323999999996886,True
2026-02-24,2026-02-24T18:00:00+00:00,2026-02-24T23:00:00+05:00,2026-02-24T12:00:00+00:00,2026-02-24T15:52:34+00:00,c28f7b1722ee9b820758d1a5d30f3b54ec0c6d9166727f242a7c3718899128d9,gfs-ml-v1:30e504d3fa915c28313a72a3c8f0d5412a78763b1207789a749d094d1a620668,2,2026-02-25T06:00:00+00:00,2026-02-25T11:00:00+05:00,12,0.10682965388433137,3.4285444931932827,0.26211797148954474,True
2026-02-24,2026-02-24T18:00:00+00:00,2026-02-24T23:00:00+05:00,2026-02-24T12:00:00+00:00,2026-02-24T15:52:34+00:00,c28f7b1722ee9b820758d1a5d30f3b54ec0c6d9166727f242a7c3718899128d9,gfs-ml-v1:30e504d3fa915c28313a72a3c8f0d5412a78763b1207789a749d094d1a620668,2,2026-02-25T07:00:00+00:00,2026-02-25T12:00:00+05:00,13,0.09884215300975656,3.279967191211829,0.6580163768832108,True
2026-02-24,2026-02-24T18:00:00+00:00,2026-02-24T23:00:00+05:00,2026-02-24T12:00:00+00:00,2026-02-24T15:52:34+00:00,c28f7b1722ee9b820758d1a5d30f3b54ec0c6d9166727f242a7c3718899128d9,gfs-ml-v1:30e504d3fa915c28313a72a3c8f0d5412a78763b1207789a749d094d1a620668,2,2026-02-25T08:00:00+00:00,2026-02-25T13:00:00+05:00,14,0.07538545071460459,2.8026910472596476,0.6838427541518968,True
2026-02-24,2026-02-24T18:00:00+00:00,2026-02-24T23:00:00+05:00,2026-02-24T12:00:00+00:00,2026-02-24T15:52:34+00:00,c28f7b1722ee9b820758d1a5d30f3b54ec0c6d9166727f242a7c3718899128d9,gfs-ml-v1:30e504d3fa915c28313a72a3c8f0d5412a78763b1207789a749d094d1a620668,2,2026-02-25T09:00:00+00:00,2026-02-25T14:00:00+05:00,15,0.075138615565554,2.7972598113972205,1.0668202496997878,True
2026-02-24,2026-02-24T18:00:00+00:00,2026-02-24T23:00:00+05:00,2026-02-24T12:00:00+00:00,2026-02-24T15:52:34+00:00,c28f7b1722ee9b820758d1a5d30f3b54ec0c6d9166727f242a7c3718899128d9,gfs-ml-v1:30e504d3fa915c28313a72a3c8f0d5412a78763b1207789a749d094d1a620668,2,2026-02-25T10:00:00+00:00,2026-02-25T15:00:00+05:00,16,0.11333275190203809,3.518712746883344,1.4810817482874086,True
2026-02-24,2026-02-24T18:00:00+00:00,2026-02-24T23:00:00+05:00,2026-02-24T12:00:00+00:00,2026-02-24T15:52:34+00:00,c28f7b1722ee9b820758d1a5d30f3b54ec0c6d9166727f242a7c3718899128d9,gfs-ml-v1:30e504d3fa915c28313a72a3c8f0d5412a78763b1207789a749d094d1a620668,2,2026-02-25T11:00:00+00:00,2026-02-25T16:00:00+05:00,17,0.1346235934055413,3.8139194303341597,1.7885827214894903,True
2026-02-24,2026-02-24T18:00:00+00:00,2026-02-24T23:00:00+05:00,2026-02-24T12:00:00+00:00,2026-02-24T15:52:34+00:00,c28f7b1722ee9b820758d1a5d30f3b54ec0c6d9166727f242a7c3718899128d9,gfs-ml-v1:30e504d3fa915c28313a72a3c8f0d5412a78763b1207789a749d094d1a620668,2,2026-02-25T12:00:00+00:00,2026-02-25T17:00:00+05:00,18,0.12700409098887175,3.708271749024786,1.5747342969603437,True
2026-02-24,2026-02-24T18:00:00+00:00,2026-02-24T23:00:00+05:00,2026-02-24T12:00:00+00:00,2026-02-24T15:52:34+00:00,c28f7b1722ee9b820758d1a5d30f3b54ec0c6d9166727f242a7c3718899128d9,gfs-ml-v1:30e504d3fa915c28313a72a3c8f0d5412a78763b1207789a749d094d1a620668,2,2026-02-25T13:00:00+00:00,2026-02-25T18:00:00+05:00,19,0.14722684764863647,3.977587944946134,1.3158381967249397,True
2026-02-24,2026-02-24T18:00:00+00:00,2026-02-24T23:00:00+05:00,2026-02-24T12:00:00+00:00,2026-02-24T15:52:34+00:00,c28f7b1722ee9b820758d1a5d30f3b54ec0c6d9166727f242a7c3718899128d9,gfs-ml-v1:30e504d3fa915c28313a72a3c8f0d5412a78763b1207789a749d094d1a620668,2,2026-02-25T14:00:00+00:00,2026-02-25T19:00:00+05:00,20,0.22651533604013588,4.797117971863134,1.3403250273540266,True
2026-02-24,2026-02-24T18:00:00+00:00,2026-02-24T23:00:00+05:00,2026-02-24T12:00:00+00:00,2026-02-24T15:52:34+00:00,c28f7b1722ee9b820758d1a5d30f3b54ec0c6d9166727f242a7c3718899128d9,gfs-ml-v1:30e504d3fa915c28313a72a3c8f0d5412a78763b1207789a749d094d1a620668,2,2026-02-25T15:00:00+00:00,2026-02-25T20:00:00+05:00,21,0.4307708804947271,6.322700934412413,1.2082652552436457,True
2026-02-24,2026-02-24T18:00:00+00:00,2026-02-24T23:00:00+05:00,2026-02-24T12:00:00+00:00,2026-02-24T15:52:34+00:00,c28f7b1722ee9b820758d1a5d30f3b54ec0c6d9166727f242a7c3718899128d9,gfs-ml-v1:30e504d3fa915c28313a72a3c8f0d5412a78763b1207789a749d094d1a620668,2,2026-02-25T16:00:00+00:00,2026-02-25T21:00:00+05:00,22,0.32258403788420553,5.553516775989809,0.6032203603166408,True
2026-02-24,2026-02-24T18:00:00+00:00,2026-02-24T23:00:00+05:00,2026-02-24T12:00:00+00:00,2026-02-24T15:52:34+00:00,c28f7b1722ee9b820758d1a5d30f3b54ec0c6d9166727f242a7c3718899128d9,gfs-ml-v1:30e504d3fa915c28313a72a3c8f0d5412a78763b1207789a749d094d1a620668,2,2026-02-25T17:00:00+00:00,2026-02-25T22:00:00+05:00,23,0.4431344815070739,6.411366965787465,0.004781255629097814,True
2026-02-24,2026-02-24T18:00:00+00:00,2026-02-24T23:00:00+05:00,2026-02-24T12:00:00+00:00,2026-02-24T15:52:34+00:00,c28f7b1722ee9b820758d1a5d30f3b54ec0c6d9166727f242a7c3718899128d9,gfs-ml-v1:30e504d3fa915c28313a72a3c8f0d5412a78763b1207789a749d094d1a620668,2,2026-02-25T18:00:00+00:00,2026-02-25T23:00:00+05:00,24,0.5544602698223087,7.185845777390496,-0.03949711905022468,True
2026-02-25,2026-02-25T18:00:00+00:00,2026-02-25T23:00:00+05:00,2026-02-25T12:00:00+00:00,2026-02-25T16:01:51+00:00,73c7324206e0a34b4a2750a1fbdb665f118ca79b3579469ad4b704a46fc27fbd,gfs-ml-v1:30e504d3fa915c28313a72a3c8f0d5412a78763b1207789a749d094d1a620668,1,2026-02-25T19:00:00+00:00,2026-02-26T00:00:00+05:00,1,0.6660314084376074,8.006809200435988,0.4765221585925019,True
2026-02-25,2026-02-25T18:00:00+00:00,2026-02-25T23:00:00+05:00,2026-02-25T12:00:00+00:00,2026-02-25T16:01:51+00:00,73c7324206e0a34b4a2750a1fbdb665f118ca79b3579469ad4b704a46fc27fbd,gfs-ml-v1:30e504d3fa915c28313a72a3c8f0d5412a78763b1207789a749d094d1a620668,1,2026-02-25T20:00:00+00:00,2026-02-26T01:00:00+05:00,2,0.7458542559812271,8.615096289063922,0.2856166380200307,True
2026-02-25,2026-02-25T18:00:00+00:00,2026-02-25T23:00:00+05:00,2026-02-25T12:00:00+00:00,2026-02-25T16:01:51+00:00,73c7324206e0a34b4a2750a1fbdb665f118ca79b3579469ad4b704a46fc27fbd,gfs-ml-v1:30e504d3fa915c28313a72a3c8f0d5412a78763b1207789a749d094d1a620668,1,2026-02-25T21:00:00+00:00,2026-02-26T02:00:00+05:00,3,0.6750563182817928,8.076073083534384,0.08018978307251245,True
2026-02-25,2026-02-25T18:00:00+00:00,2026-02-25T23:00:00+05:00,2026-02-25T12:00:00+00:00,2026-02-25T16:01:51+00:00,73c7324206e0a34b4a2750a1fbdb665f118ca79b3579469ad4b704a46fc27fbd,gfs-ml-v1:30e504d3fa915c28313a72a3c8f0d5412a78763b1207789a749d094d1a620668,1,2026-02-25T22:00:00+00:00,2026-02-26T03:00:00+05:00,4,0.614888967302939,7.6257847815783535,-0.24432811385395325,True
2026-02-25,2026-02-25T18:00:00+00:00,2026-02-25T23:00:00+05:00,2026-02-25T12:00:00+00:00,2026-02-25T16:01:51+00:00,73c7324206e0a34b4a2750a1fbdb665f118ca79b3579469ad4b704a46fc27fbd,gfs-ml-v1:30e504d3fa915c28313a72a3c8f0d5412a78763b1207789a749d094d1a620668,1,2026-02-25T23:00:00+00:00,2026-02-26T04:00:00+05:00,5,0.5532023683464576,7.212002243317845,0.07419095513000684,True
2026-02-25,2026-02-25T18:00:00+00:00,2026-02-25T23:00:00+05:00,2026-02-25T12:00:00+00:00,2026-02-25T16:01:51+00:00,73c7324206e0a34b4a2750a1fbdb665f118ca79b3579469ad4b704a46fc27fbd,gfs-ml-v1:30e504d3fa915c28313a72a3c8f0d5412a78763b1207789a749d094d1a620668,1,2026-02-26T00:00:00+00:00,2026-02-26T05:00:00+05:00,6,0.4636560376419196,6.5705927007041645,0.22933932391003964,True
2026-02-25,2026-02-25T18:00:00+00:00,2026-02-25T23:00:00+05:00,2026-02-25T12:00:00+00:00,2026-02-25T16:01:51+00:00,73c7324206e0a34b4a2750a1fbdb665f118ca79b3579469ad4b704a46fc27fbd,gfs-ml-v1:30e504d3fa915c28313a72a3c8f0d5412a78763b1207789a749d094d1a620668,1,2026-02-26T01:00:00+00:00,2026-02-26T06:00:00+05:00,7,0.49801450592771757,6.814978568299281,0.0851517082980422,True
2026-02-25,2026-02-25T18:00:00+00:00,2026-02-25T23:00:00+05:00,2026-02-25T12:00:00+00:00,2026-02-25T16:01:51+00:00,73c7324206e0a34b4a2750a1fbdb665f118ca79b3579469ad4b704a46fc27fbd,gfs-ml-v1:30e504d3fa915c28313a72a3c8f0d5412a78763b1207789a749d094d1a620668,1,2026-02-26T02:00:00+00:00,2026-02-26T07:00:00+05:00,8,0.3442227145485565,5.73551458674437,0.40526006818504356,True
2026-02-25,2026-02-25T18:00:00+00:00,2026-02-25T23:00:00+05:00,2026-02-25T12:00:00+00:00,2026-02-25T16:01:51+00:00,73c7324206e0a34b4a2750a1fbdb665f118ca79b3579469ad4b704a46fc27fbd,gfs-ml-v1:30e504d3fa915c28313a72a3c8f0d5412a78763b1207789a749d094d1a620668,1,2026-02-26T03:00:00+00:00,2026-02-26T08:00:00+05:00,9,0.12828584108762814,3.719854475743275,1.1104112839400386,True
2026-02-25,2026-02-25T18:00:00+00:00,2026-02-25T23:00:00+05:00,2026-02-25T12:00:00+00:00,2026-02-25T16:01:51+00:00,73c7324206e0a34b4a2750a1fbdb665f118ca79b3579469ad4b704a46fc27fbd,gfs-ml-v1:30e504d3fa915c28313a72a3c8f0d5412a78763b1207789a749d094d1a620668,1,2026-02-26T04:00:00+00:00,2026-02-26T09:00:00+05:00,10,0.07381832262617943,2.7827109800425003,2.42661878767251,True
2026-02-25,2026-02-25T18:00:00+00:00,2026-02-25T23:00:00+05:00,2026-02-25T12:00:00+00:00,2026-02-25T16:01:51+00:00,73c7324206e0a34b4a2750a1fbdb665f118ca79b3579469ad4b704a46fc27fbd,gfs-ml-v1:30e504d3fa915c28313a72a3c8f0d5412a78763b1207789a749d094d1a620668,1,2026-02-26T05:00:00+00:00,2026-02-26T10:00:00+05:00,11,0.012640075548261697,0.48656365012498287,3.3098899077250508,True
2026-02-25,2026-02-25T18:00:00+00:00,2026-02-25T23:00:00+05:00,2026-02-25T12:00:00+00:00,2026-02-25T16:01:51+00:00,73c7324206e0a34b4a2750a1fbdb665f118ca79b3579469ad4b704a46fc27fbd,gfs-ml-v1:30e504d3fa915c28313a72a3c8f0d5412a78763b1207789a749d094d1a620668,1,2026-02-26T06:00:00+00:00,2026-02-26T11:00:00+05:00,12,0.3460019390379284,5.748253434304706,3.2451991521275545,True
2026-02-25,2026-02-25T18:00:00+00:00,2026-02-25T23:00:00+05:00,2026-02-25T12:00:00+00:00,2026-02-25T16:01:51+00:00,73c7324206e0a34b4a2750a1fbdb665f118ca79b3579469ad4b704a46fc27fbd,gfs-ml-v1:30e504d3fa915c28313a72a3c8f0d5412a78763b1207789a749d094d1a620668,1,2026-02-26T07:00:00+00:00,2026-02-26T12:00:00+05:00,13,0.3777107728683958,5.97528155970161,3.5985937310325085,True
2026-02-25,2026-02-25T18:00:00+00:00,2026-02-25T23:00:00+05:00,2026-02-25T12:00:00+00:00,2026-02-25T16:01:51+00:00,73c7324206e0a34b4a2750a1fbdb665f118ca79b3579469ad4b704a46fc27fbd,gfs-ml-v1:30e504d3fa915c28313a72a3c8f0d5412a78763b1207789a749d094d1a620668,1,2026-02-26T08:00:00+00:00,2026-02-26T13:00:00+05:00,14,0.5253626728635439,7.0130861203508,3.5787597522125907,True
2026-02-25,2026-02-25T18:00:00+00:00,2026-02-25T23:00:00+05:00,2026-02-25T12:00:00+00:00,2026-02-25T16:01:51+00:00,73c7324206e0a34b4a2750a1fbdb665f118ca79b3579469ad4b704a46fc27fbd,gfs-ml-v1:30e504d3fa915c28313a72a3c8f0d5412a78763b1207789a749d094d1a620668,1,2026-02-26T09:00:00+00:00,2026-02-26T14:00:00+05:00,15,0.2857236554104591,5.2949556536704225,1.6262983608925765,True
2026-02-25,2026-02-25T18:00:00+00:00,2026-02-25T23:00:00+05:00,2026-02-25T12:00:00+00:00,2026-02-25T16:01:51+00:00,73c7324206e0a34b4a2750a1fbdb665f118ca79b3579469ad4b704a46fc27fbd,gfs-ml-v1:30e504d3fa915c28313a72a3c8f0d5412a78763b1207789a749d094d1a620668,1,2026-02-26T10:00:00+00:00,2026-02-26T15:00:00+05:00,16,0.40419856950499344,6.163086598125988,1.2408924936200378,True
2026-02-25,2026-02-25T18:00:00+00:00,2026-02-25T23:00:00+05:00,2026-02-25T12:00:00+00:00,2026-02-25T16:01:51+00:00,73c7324206e0a34b4a2750a1fbdb665f118ca79b3579469ad4b704a46fc27fbd,gfs-ml-v1:30e504d3fa915c28313a72a3c8f0d5412a78763b1207789a749d094d1a620668,1,2026-02-26T11:00:00+00:00,2026-02-26T16:00:00+05:00,17,0.6342102546088261,7.762589954271134,1.2516554707900696,True
2026-02-25,2026-02-25T18:00:00+00:00,2026-02-25T23:00:00+05:00,2026-02-25T12:00:00+00:00,2026-02-25T16:01:51+00:00,73c7324206e0a34b4a2750a1fbdb665f118ca79b3579469ad4b704a46fc27fbd,gfs-ml-v1:30e504d3fa915c28313a72a3c8f0d5412a78763b1207789a749d094d1a620668,1,2026-02-26T12:00:00+00:00,2026-02-26T17:00:00+05:00,18,0.6123675992484799,7.608871901129246,1.2536574868050252,True
2026-02-25,2026-02-25T18:00:00+00:00,2026-02-25T23:00:00+05:00,2026-02-25T12:00:00+00:00,2026-02-25T16:01:51+00:00,73c7324206e0a34b4a2750a1fbdb665f118ca79b3579469ad4b704a46fc27fbd,gfs-ml-v1:30e504d3fa915c28313a72a3c8f0d5412a78763b1207789a749d094d1a620668,1,2026-02-26T13:00:00+00:00,2026-02-26T18:00:00+05:00,19,0.6669687132731157,8.014002776180797,1.841225214192491,True
2026-02-25,2026-02-25T18:00:00+00:00,2026-02-25T23:00:00+05:00,2026-02-25T12:00:00+00:00,2026-02-25T16:01:51+00:00,73c7324206e0a34b4a2750a1fbdb665f118ca79b3579469ad4b704a46fc27fbd,gfs-ml-v1:30e504d3fa915c28313a72a3c8f0d5412a78763b1207789a749d094d1a620668,1,2026-02-26T14:00:00+00:00,2026-02-26T19:00:00+05:00,20,0.5630162989900972,7.277832313393561,2.0261758730900397,True
2026-02-25,2026-02-25T18:00:00+00:00,2026-02-25T23:00:00+05:00,2026-02-25T12:00:00+00:00,2026-02-25T16:01:51+00:00,73c7324206e0a34b4a2750a1fbdb665f118ca79b3579469ad4b704a46fc27fbd,gfs-ml-v1:30e504d3fa915c28313a72a3c8f0d5412a78763b1207789a749d094d1a620668,1,2026-02-26T15:00:00+00:00,2026-02-26T20:00:00+05:00,21,0.6662226748245329,8.008277121212306,2.0522293426650435,True
2026-02-25,2026-02-25T18:00:00+00:00,2026-02-25T23:00:00+05:00,2026-02-25T12:00:00+00:00,2026-02-25T16:01:51+00:00,73c7324206e0a34b4a2750a1fbdb665f118ca79b3579469ad4b704a46fc27fbd,gfs-ml-v1:30e504d3fa915c28313a72a3c8f0d5412a78763b1207789a749d094d1a620668,1,2026-02-26T16:00:00+00:00,2026-02-26T21:00:00+05:00,22,0.777053554503039,8.858204256248367,2.137656875955088,True
2026-02-25,2026-02-25T18:00:00+00:00,2026-02-25T23:00:00+05:00,2026-02-25T12:00:00+00:00,2026-02-25T16:01:51+00:00,73c7324206e0a34b4a2750a1fbdb665f118ca79b3579469ad4b704a46fc27fbd,gfs-ml-v1:30e504d3fa915c28313a72a3c8f0d5412a78763b1207789a749d094d1a620668,1,2026-02-26T17:00:00+00:00,2026-02-26T22:00:00+05:00,23,0.8567365481746894,9.51000158758916,1.2302422214400508,True
2026-02-25,2026-02-25T18:00:00+00:00,2026-02-25T23:00:00+05:00,2026-02-25T12:00:00+00:00,2026-02-25T16:01:51+00:00,73c7324206e0a34b4a2750a1fbdb665f118ca79b3579469ad4b704a46fc27fbd,gfs-ml-v1:30e504d3fa915c28313a72a3c8f0d5412a78763b1207789a749d094d1a620668,1,2026-02-26T18:00:00+00:00,2026-02-26T23:00:00+05:00,24,0.9556060541713326,10.759667020747159,1.1343331984800216,True
2026-02-25,2026-02-25T18:00:00+00:00,2026-02-25T23:00:00+05:00,2026-02-25T12:00:00+00:00,2026-02-25T16:01:51+00:00,73c7324206e0a34b4a2750a1fbdb665f118ca79b3579469ad4b704a46fc27fbd,gfs-ml-v1:30e504d3fa915c28313a72a3c8f0d5412a78763b1207789a749d094d1a620668,2,2026-02-25T19:00:00+00:00,2026-02-26T00:00:00+05:00,1,0.6531556922968556,7.90712789728904,0.4383286932997521,True
2026-02-25,2026-02-25T18:00:00+00:00,2026-02-25T23:00:00+05:00,2026-02-25T12:00:00+00:00,2026-02-25T16:01:51+00:00,73c7324206e0a34b4a2750a1fbdb665f118ca79b3579469ad4b704a46fc27fbd,gfs-ml-v1:30e504d3fa915c28313a72a3c8f0d5412a78763b1207789a749d094d1a620668,2,2026-02-25T20:00:00+00:00,2026-02-26T01:00:00+05:00,2,0.7376231361548072,8.513215247059996,0.24725512782481474,True
2026-02-25,2026-02-25T18:00:00+00:00,2026-02-25T23:00:00+05:00,2026-02-25T12:00:00+00:00,2026-02-25T16:01:51+00:00,73c7324206e0a34b4a2750a1fbdb665f118ca79b3579469ad4b704a46fc27fbd,gfs-ml-v1:30e504d3fa915c28313a72a3c8f0d5412a78763b1207789a749d094d1a620668,2,2026-02-25T21:00:00+00:00,2026-02-26T02:00:00+05:00,3,0.6605080428001485,7.973254629904409,0.04759942797494432,True
2026-02-25,2026-02-25T18:00:00+00:00,2026-02-25T23:00:00+05:00,2026-02-25T12:00:00+00:00,2026-02-25T16:01:51+00:00,73c7324206e0a34b4a2750a1fbdb665f118ca79b3579469ad4b704a46fc27fbd,gfs-ml-v1:30e504d3fa915c28313a72a3c8f0d5412a78763b1207789a749d094d1a620668,2,2026-02-25T22:00:00+00:00,2026-02-26T03:00:00+05:00,4,0.6110386365527408,7.542388747284835,-0.2713022118149411,True
2026-02-25,2026-02-25T18:00:00+00:00,2026-02-25T23:00:00+05:00,2026-02-25T12:00:00+00:00,2026-02-25T16:01:51+00:00,73c7324206e0a34b4a2750a1fbdb665f118ca79b3579469ad4b704a46fc27fbd,gfs-ml-v1:30e504d3fa915c28313a72a3c8f0d5412a78763b1207789a749d094d1a620668,2,2026-02-25T23:00:00+00:00,2026-02-26T04:00:00+05:00,5,0.546655371448613,7.1366612249423955,0.04785769758126435,True
2026-02-25,2026-02-25T18:00:00+00:00,2026-02-25T23:00:00+05:00,2026-02-25T12:00:00+00:00,2026-02-25T16:01:51+00:00,73c7324206e0a34b4a2750a1fbdb665f118ca79b3579469ad4b704a46fc27fbd,gfs-ml-v1:30e504d3fa915c28313a72a3c8f0d5412a78763b1207789a749d094d1a620668,2,2026-02-26T00:00:00+00:00,2026-02-26T05:00:00+05:00,6,0.45439405415930584,6.492115416101858,0.2067432541883818,True
2026-02-25,2026-02-25T18:00:00+00:00,2026-02-25T23:00:00+05:00,2026-02-25T12:00:00+00:00,2026-02-25T16:01:51+00:00,73c7324206e0a34b4a2750a1fbdb665f118ca79b3579469ad4b704a46fc27fbd,gfs-ml-v1:30e504d3fa915c28313a72a3c8f0d5412a78763b1207789a749d094d1a620668,2,2026-02-26T01:00:00+00:00,2026-02-26T06:00:00+05:00,7,0.4896142620557464,6.7424162009992585,0.0631957208215681,True
2026-02-25,2026-02-25T18:00:00+00:00,2026-02-25T23:00:00+05:00,2026-02-25T12:00:00+00:00,2026-02-25T16:01:51+00:00,73c7324206e0a34b4a2750a1fbdb665f118ca79b3579469ad4b704a46fc27fbd,gfs-ml-v1:30e504d3fa915c28313a72a3c8f0d5412a78763b1207789a749d094d1a620668,2,2026-02-26T02:00:00+00:00,2026-02-26T07:00:00+05:00,8,0.3398527350445401,5.6755753158912,0.383141483839438,True
2026-02-25,2026-02-25T18:00:00+00:00,2026-02-25T23:00:00+05:00,2026-02-25T12:00:00+00:00,2026-02-25T16:01:51+00:00,73c7324206e0a34b4a2750a1fbdb665f118ca79b3579469ad4b704a46fc27fbd,gfs-ml-v1:30e504d3fa915c28313a72a3c8f0d5412a78763b1207789a749d094d1a620668,2,2026-02-26T03:00:00+00:00,2026-02-26T08:00:00+05:00,9,0.12423004803389119,3.66980844918973,1.0873239220455844,True
2026-02-25,2026-02-25T18:00:00+00:00,2026-02-25T23:00:00+05:00,2026-02-25T12:00:00+00:00,2026-02-25T16:01:51+00:00,73c7324206e0a34b4a2750a1fbdb665f118ca79b3579469ad4b704a46fc27fbd,gfs-ml-v1:30e504d3fa915c28313a72a3c8f0d5412a78763b1207789a749d094d1a620668,2,2026-02-26T04:00:00+00:00,2026-02-26T09:00:00+05:00,10,0.0727694102705031,2.7451290155465293,2.3988119740789102,True
2026-02-25,2026-02-25T18:00:00+00:00,2026-02-25T23:00:00+05:00,2026-02-25T12:00:00+00:00,2026-02-25T16:01:51+00:00,73c7324206e0a34b4a2750a1fbdb665f118ca79b3579469ad4b704a46fc27fbd,gfs-ml-v1:30e504d3fa915c28313a72a3c8f0d5412a78763b1207789a749d094d1a620668,2,2026-02-26T05:00:00+00:00,2026-02-26T10:00:00+05:00,11,0.011798197262735932,0.4675450002625114,3.2803534492290396,True
2026-02-25,2026-02-25T18:00:00+00:00,2026-02-25T23:00:00+05:00,2026-02-25T12:00:00+00:00,2026-02-25T16:01:51+00:00,73c7324206e0a34b4a2750a1fbdb665f118ca79b3579469ad4b704a46fc27fbd,gfs-ml-v1:30e504d3fa915c28313a72a3c8f0d5412a78763b1207789a749d094d1a620668,2,2026-02-26T06:00:00+00:00,2026-02-26T11:00:00+05:00,12,0.34574186944249063,5.717200873350623,3.2027833364730327,True
2026-02-25,2026-02-25T18:00:00+00:00,2026-02-25T23:00:00+05:00,2026-02-25T12:00:00+00:00,2026-02-25T16:01:51+00:00,73c7324206e0a34b4a2750a1fbdb665f118ca79b3579469ad4b704a46fc27fbd,gfs-ml-v1:30e504d3fa915c28313a72a3c8f0d5412a78763b1207789a749d094d1a620668,2,2026-02-26T07:00:00+00:00,2026-02-26T12:00:00+05:00,13,0.3793923840837398,5.955049313560437,3.5512868500853187,True
2026-02-25,2026-02-25T18:00:00+00:00,2026-02-25T23:00:00+05:00,2026-02-25T12:00:00+00:00,2026-02-25T16:01:51+00:00,73c7324206e0a34b4a2750a1fbdb665f118ca79b3579469ad4b704a46fc27fbd,gfs-ml-v1:30e504d3fa915c28313a72a3c8f0d5412a78763b1207789a749d094d1a620668,2,2026-02-26T08:00:00+00:00,2026-02-26T13:00:00+05:00,14,0.5224835969757439,6.975609101686782,3.542175064468495,True
2026-02-25,2026-02-25T18:00:00+00:00,2026-02-25T23:00:00+05:00,2026-02-25T12:00:00+00:00,2026-02-25T16:01:51+00:00,73c7324206e0a34b4a2750a1fbdb665f118ca79b3579469ad4b704a46fc27fbd,gfs-ml-v1:30e504d3fa915c28313a72a3c8f0d5412a78763b1207789a749d094d1a620668,2,2026-02-26T09:00:00+00:00,2026-02-26T14:00:00+05:00,15,0.2871437277402888,5.287976167287338,1.61768386635174,True
2026-02-25,2026-02-25T18:00:00+00:00,2026-02-25T23:00:00+05:00,2026-02-25T12:00:00+00:00,2026-02-25T16:01:51+00:00,73c7324206e0a34b4a2750a1fbdb665f118ca79b3579469ad4b704a46fc27fbd,gfs-ml-v1:30e504d3fa915c28313a72a3c8f0d5412a78763b1207789a749d094d1a620668,2,2026-02-26T10:00:00+00:00,2026-02-26T15:00:00+05:00,16,0.40643689863520666,6.148188864920564,1.2283156711688434,True
2026-02-25,2026-02-25T18:00:00+00:00,2026-02-25T23:00:00+05:00,2026-02-25T12:00:00+00:00,2026-02-25T16:01:51+00:00,73c7324206e0a34b4a2750a1fbdb665f118ca79b3579469ad4b704a46fc27fbd,gfs-ml-v1:30e504d3fa915c28313a72a3c8f0d5412a78763b1207789a749d094d1a620668,2,2026-02-26T11:00:00+00:00,2026-02-26T16:00:00+05:00,17,0.635313779885943,7.746658484029312,1.2304903966396523,True
2026-02-25,2026-02-25T18:00:00+00:00,2026-02-25T23:00:00+05:00,2026-02-25T12:00:00+00:00,2026-02-25T16:01:51+00:00,73c7324206e0a34b4a2750a1fbdb665f118ca79b3579469ad4b704a46fc27fbd,gfs-ml-v1:30e504d3fa915c28313a72a3c8f0d5412a78763b1207789a749d094d1a620668,2,2026-02-26T12:00:00+00:00,2026-02-26T17:00:00+05:00,18,0.6203096961144724,7.611712382745067,1.2273140800082274,True
2026-02-25,2026-02-25T18:00:00+00:00,2026-02-25T23:00:00+05:00,2026-02-25T12:00:00+00:00,2026-02-25T16:01:51+00:00,73c7324206e0a34b4a2750a1fbdb665f118ca79b3579469ad4b704a46fc27fbd,gfs-ml-v1:30e504d3fa915c28313a72a3c8f0d5412a78763b1207789a749d094d1a620668,2,2026-02-26T13:00:00+00:00,2026-02-26T18:00:00+05:00,19,0.6657378812265451,8.020291577760613,1.8138148366437008,True
2026-02-25,2026-02-25T18:00:00+00:00,2026-02-25T23:00:00+05:00,2026-02-25T12:00:00+00:00,2026-02-25T16:01:51+00:00,73c7324206e0a34b4a2750a1fbdb665f118ca79b3579469ad4b704a46fc27fbd,gfs-ml-v1:30e504d3fa915c28313a72a3c8f0d5412a78763b1207789a749d094d1a620668,2,2026-02-26T14:00:00+00:00,2026-02-26T19:00:00+05:00,20,0.5671838971033052,7.266026951234015,2.0014281696916214,True
2026-02-25,2026-02-25T18:00:00+00:00,2026-02-25T23:00:00+05:00,2026-02-25T12:00:00+00:00,2026-02-25T16:01:51+00:00,73c7324206e0a34b4a2750a1fbdb665f118ca79b3579469ad4b704a46fc27fbd,gfs-ml-v1:30e504d3fa915c28313a72a3c8f0d5412a78763b1207789a749d094d1a620668,2,2026-02-26T15:00:00+00:00,2026-02-26T20:00:00+05:00,21,0.660819129696929,7.9760525324301845,2.0186066685146216,True
2026-02-25,2026-02-25T18:00:00+00:00,2026-02-25T23:00:00+05:00,2026-02-25T12:00:00+00:00,2026-02-25T16:01:51+00:00,73c7324206e0a34b4a2750a1fbdb665f118ca79b3579469ad4b704a46fc27fbd,gfs-ml-v1:30e504d3fa915c28313a72a3c8f0d5412a78763b1207789a749d094d1a620668,2,2026-02-26T16:00:00+00:00,2026-02-26T21:00:00+05:00,22,0.7772678590550407,8.79352820564953,2.0971251276542375,True
2026-02-25,2026-02-25T18:00:00+00:00,2026-02-25T23:00:00+05:00,2026-02-25T12:00:00+00:00,2026-02-25T16:01:51+00:00,73c7324206e0a34b4a2750a1fbdb665f118ca79b3579469ad4b704a46fc27fbd,gfs-ml-v1:30e504d3fa915c28313a72a3c8f0d5412a78763b1207789a749d094d1a620668,2,2026-02-26T17:00:00+00:00,2026-02-26T22:00:00+05:00,23,0.860443022221725,9.453825380575033,1.205593259545651,True
2026-02-25,2026-02-25T18:00:00+00:00,2026-02-25T23:00:00+05:00,2026-02-25T12:00:00+00:00,2026-02-25T16:01:51+00:00,73c7324206e0a34b4a2750a1fbdb665f118ca79b3579469ad4b704a46fc27fbd,gfs-ml-v1:30e504d3fa915c28313a72a3c8f0d5412a78763b1207789a749d094d1a620668,2,2026-02-26T18:00:00+00:00,2026-02-26T23:00:00+05:00,24,0.9521803926862739,10.734309915725259,1.110109562435241,True
2026-02-26,2026-02-26T18:00:00+00:00,2026-02-26T23:00:00+05:00,2026-02-26T12:00:00+00:00,2026-02-26T15:59:55+00:00,a75020115518ac36386297ad0d275cb727051581a183c383059f4a3141e5639e,gfs-ml-v1:30e504d3fa915c28313a72a3c8f0d5412a78763b1207789a749d094d1a620668,1,2026-02-26T19:00:00+00:00,2026-02-27T00:00:00+05:00,1,0.8926485995960964,9.808060654070376,0.7913249514750191,True
2026-02-26,2026-02-26T18:00:00+00:00,2026-02-26T23:00:00+05:00,2026-02-26T12:00:00+00:00,2026-02-26T15:59:55+00:00,a75020115518ac36386297ad0d275cb727051581a183c383059f4a3141e5639e,gfs-ml-v1:30e504d3fa915c28313a72a3c8f0d5412a78763b1207789a749d094d1a620668,1,2026-02-26T20:00:00+00:00,2026-02-27T01:00:00+05:00,2,0.6653814808611085,8.00182117191734,0.47437562035503333,True
2026-02-26,2026-02-26T18:00:00+00:00,2026-02-26T23:00:00+05:00,2026-02-26T12:00:00+00:00,2026-02-26T15:59:55+00:00,a75020115518ac36386297ad0d275cb727051581a183c383059f4a3141e5639e,gfs-ml-v1:30e504d3fa915c28313a72a3c8f0d5412a78763b1207789a749d094d1a620668,1,2026-02-26T21:00:00+00:00,2026-02-27T02:00:00+05:00,3,0.5713359392189413,7.333638953888266,0.1192307296000763,True
2026-02-26,2026-02-26T18:00:00+00:00,2026-02-26T23:00:00+05:00,2026-02-26T12:00:00+00:00,2026-02-26T15:59:55+00:00,a75020115518ac36386297ad0d275cb727051581a183c383059f4a3141e5639e,gfs-ml-v1:30e504d3fa915c28313a72a3c8f0d5412a78763b1207789a749d094d1a620668,1,2026-02-26T22:00:00+00:00,2026-02-27T03:00:00+05:00,4,0.5613249598745412,7.266487116800897,0.3442160377600203,True
2026-02-26,2026-02-26T18:00:00+00:00,2026-02-26T23:00:00+05:00,2026-02-26T12:00:00+00:00,2026-02-26T15:59:55+00:00,a75020115518ac36386297ad0d275cb727051581a183c383059f4a3141e5639e,gfs-ml-v1:30e504d3fa915c28313a72a3c8f0d5412a78763b1207789a749d094d1a620668,1,2026-02-26T23:00:00+00:00,2026-02-27T04:00:00+05:00,5,0.5549980183333448,7.224047138351298,0.53493370039007,True
2026-02-26,2026-02-26T18:00:00+00:00,2026-02-26T23:00:00+05:00,2026-02-26T12:00:00+00:00,2026-02-26T15:59:55+00:00,a75020115518ac36386297ad0d275cb727051581a183c383059f4a3141e5639e,gfs-ml-v1:30e504d3fa915c28313a72a3c8f0d5412a78763b1207789a749d094d1a620668,1,2026-02-27T00:00:00+00:00,2026-02-27T05:00:00+05:00,6,0.40994652076149085,6.202481568812435,0.14430447912252475,True
2026-02-26,2026-02-26T18:00:00+00:00,2026-02-26T23:00:00+05:00,2026-02-26T12:00:00+00:00,2026-02-26T15:59:55+00:00,a75020115518ac36386297ad0d275cb727051581a183c383059f4a3141e5639e,gfs-ml-v1:30e504d3fa915c28313a72a3c8f0d5412a78763b1207789a749d094d1a620668,1,2026-02-27T01:00:00+00:00,2026-02-27T06:00:00+05:00,7,0.3768357870257825,5.969016857673797,0.34323318945257597,True
2026-02-26,2026-02-26T18:00:00+00:00,2026-02-26T23:00:00+05:00,2026-02-26T12:00:00+00:00,2026-02-26T15:59:55+00:00,a75020115518ac36386297ad0d275cb727051581a183c383059f4a3141e5639e,gfs-ml-v1:30e504d3fa915c28313a72a3c8f0d5412a78763b1207789a749d094d1a620668,1,2026-02-27T02:00:00+00:00,2026-02-27T07:00:00+05:00,8,0.28729068973197375,5.3070539970905415,0.4440894811625071,True
2026-02-26,2026-02-26T18:00:00+00:00,2026-02-26T23:00:00+05:00,2026-02-26T12:00:00+00:00,2026-02-26T15:59:55+00:00,a75020115518ac36386297ad0d275cb727051581a183c383059f4a3141e5639e,gfs-ml-v1:30e504d3fa915c28313a72a3c8f0d5412a78763b1207789a749d094d1a620668,1,2026-02-27T03:00:00+00:00,2026-02-27T08:00:00+05:00,9,0.22349714264752948,4.785784223258117,0.74247389257755,True
2026-02-26,2026-02-26T18:00:00+00:00,2026-02-26T23:00:00+05:00,2026-02-26T12:00:00+00:00,2026-02-26T15:59:55+00:00,a75020115518ac36386297ad0d275cb727051581a183c383059f4a3141e5639e,gfs-ml-v1:30e504d3fa915c28313a72a3c8f0d5412a78763b1207789a749d094d1a620668,1,2026-02-27T04:00:00+00:00,2026-02-27T09:00:00+05:00,10,0.1917205802858926,4.503820387969878,1.1111865371524914,True
2026-02-26,2026-02-26T18:00:00+00:00,2026-02-26T23:00:00+05:00,2026-02-26T12:00:00+00:00,2026-02-26T15:59:55+00:00,a75020115518ac36386297ad0d275cb727051581a183c383059f4a3141e5639e,gfs-ml-v1:30e504d3fa915c28313a72a3c8f0d5412a78763b1207789a749d094d1a620668,1,2026-02-27T05:00:00+00:00,2026-02-27T10:00:00+05:00,11,0.19878388851984227,4.573181285402959,1.4547826262150352,True
2026-02-26,2026-02-26T18:00:00+00:00,2026-02-26T23:00:00+05:00,2026-02-26T12:00:00+00:00,2026-02-26T15:59:55+00:00,a75020115518ac36386297ad0d275cb727051581a183c383059f4a3141e5639e,gfs-ml-v1:30e504d3fa915c28313a72a3c8f0d5412a78763b1207789a749d094d1a620668,1,2026-02-27T06:00:00+00:00,2026-02-27T11:00:00+05:00,12,0.24951058297600476,5.009572390084664,1.9571202052950412,True
2026-02-26,2026-02-26T18:00:00+00:00,2026-02-26T23:00:00+05:00,2026-02-26T12:00:00+00:00,2026-02-26T15:59:55+00:00,a75020115518ac36386297ad0d275cb727051581a183c383059f4a3141e5639e,gfs-ml-v1:30e504d3fa915c28313a72a3c8f0d5412a78763b1207789a749d094d1a620668,1,2026-02-27T07:00:00+00:00,2026-02-27T12:00:00+05:00,13,0.3728221696582256,5.940280259163467,2.5591279155375446,True
2026-02-26,2026-02-26T18:00:00+00:00,2026-02-26T23:00:00+05:00,2026-02-26T12:00:00+00:00,2026-02-26T15:59:55+00:00,a75020115518ac36386297ad0d275cb727051581a183c383059f4a3141e5639e,gfs-ml-v1:30e504d3fa915c28313a72a3c8f0d5412a78763b1207789a749d094d1a620668,1,2026-02-27T08:00:00+00:00,2026-02-27T13:00:00+05:00,14,0.477157248927724,6.663890558032487,2.85520234717751,True
2026-02-26,2026-02-26T18:00:00+00:00,2026-02-26T23:00:00+05:00,2026-02-26T12:00:00+00:00,2026-02-26T15:59:55+00:00,a75020115518ac36386297ad0d275cb727051581a183c383059f4a3141e5639e,gfs-ml-v1:30e504d3fa915c28313a72a3c8f0d5412a78763b1207789a749d094d1a620668,1,2026-02-27T09:00:00+00:00,2026-02-27T14:00:00+05:00,15,0.5891026192945024,7.452814627413635,2.589788767286052,True
2026-02-26,2026-02-26T18:00:00+00:00,2026-02-26T23:00:00+05:00,2026-02-26T12:00:00+00:00,2026-02-26T15:59:55+00:00,a75020115518ac36386297ad0d275cb727051581a183c383059f4a3141e5639e,gfs-ml-v1:30e504d3fa915c28313a72a3c8f0d5412a78763b1207789a749d094d1a620668,1,2026-02-27T10:00:00+00:00,2026-02-27T15:00:00+05:00,16,0.7176845303457453,8.401326799553757,2.1626704330460598,True
2026-02-26,2026-02-26T18:00:00+00:00,2026-02-26T23:00:00+05:00,2026-02-26T12:00:00+00:00,2026-02-26T15:59:55+00:00,a75020115518ac36386297ad0d275cb727051581a183c383059f4a3141e5639e,gfs-ml-v1:30e504d3fa915c28313a72a3c8f0d5412a78763b1207789a749d094d1a620668,1,2026-02-27T11:00:00+00:00,2026-02-27T16:00:00+05:00,17,0.8090984524021806,9.118400941828863,1.2881239125120487,True
2026-02-26,2026-02-26T18:00:00+00:00,2026-02-26T23:00:00+05:00,2026-02-26T12:00:00+00:00,2026-02-26T15:59:55+00:00,a75020115518ac36386297ad0d275cb727051581a183c383059f4a3141e5639e,gfs-ml-v1:30e504d3fa915c28313a72a3c8f0d5412a78763b1207789a749d094d1a620668,1,2026-02-27T12:00:00+00:00,2026-02-27T17:00:00+05:00,18,0.8633386887955192,9.564797339776385,0.002295732434049569,True
2026-02-26,2026-02-26T18:00:00+00:00,2026-02-26T23:00:00+05:00,2026-02-26T12:00:00+00:00,2026-02-26T15:59:55+00:00,a75020115518ac36386297ad0d275cb727051581a183c383059f4a3141e5639e,gfs-ml-v1:30e504d3fa915c28313a72a3c8f0d5412a78763b1207789a749d094d1a620668,1,2026-02-27T13:00:00+00:00,2026-02-27T18:00:00+05:00,19,0.8843982430605407,9.739585212824514,-0.8015723878259564,True
2026-02-26,2026-02-26T18:00:00+00:00,2026-02-26T23:00:00+05:00,2026-02-26T12:00:00+00:00,2026-02-26T15:59:55+00:00,a75020115518ac36386297ad0d275cb727051581a183c383059f4a3141e5639e,gfs-ml-v1:30e504d3fa915c28313a72a3c8f0d5412a78763b1207789a749d094d1a620668,1,2026-02-27T14:00:00+00:00,2026-02-27T19:00:00+05:00,20,0.9123224373653382,10.037863662103362,-1.5062311568839277,True
2026-02-26,2026-02-26T18:00:00+00:00,2026-02-26T23:00:00+05:00,2026-02-26T12:00:00+00:00,2026-02-26T15:59:55+00:00,a75020115518ac36386297ad0d275cb727051581a183c383059f4a3141e5639e,gfs-ml-v1:30e504d3fa915c28313a72a3c8f0d5412a78763b1207789a749d094d1a620668,1,2026-02-27T15:00:00+00:00,2026-02-27T20:00:00+05:00,21,0.8887710664947811,9.775878312748066,-2.2301104324959624,True
2026-02-26,2026-02-26T18:00:00+00:00,2026-02-26T23:00:00+05:00,2026-02-26T12:00:00+00:00,2026-02-26T15:59:55+00:00,a75020115518ac36386297ad0d275cb727051581a183c383059f4a3141e5639e,gfs-ml-v1:30e504d3fa915c28313a72a3c8f0d5412a78763b1207789a749d094d1a620668,1,2026-02-27T16:00:00+00:00,2026-02-27T21:00:00+05:00,22,0.8369474549261022,9.345758153234208,-2.8322915774699595,True
2026-02-26,2026-02-26T18:00:00+00:00,2026-02-26T23:00:00+05:00,2026-02-26T12:00:00+00:00,2026-02-26T15:59:55+00:00,a75020115518ac36386297ad0d275cb727051581a183c383059f4a3141e5639e,gfs-ml-v1:30e504d3fa915c28313a72a3c8f0d5412a78763b1207789a749d094d1a620668,1,2026-02-27T17:00:00+00:00,2026-02-27T22:00:00+05:00,23,0.8204434710584428,9.210519701623301,-3.4099668233119473,True
2026-02-26,2026-02-26T18:00:00+00:00,2026-02-26T23:00:00+05:00,2026-02-26T12:00:00+00:00,2026-02-26T15:59:55+00:00,a75020115518ac36386297ad0d275cb727051581a183c383059f4a3141e5639e,gfs-ml-v1:30e504d3fa915c28313a72a3c8f0d5412a78763b1207789a749d094d1a620668,1,2026-02-27T18:00:00+00:00,2026-02-27T23:00:00+05:00,24,0.7907636046863603,8.969526490073866,-3.74962189502196,True
2026-02-26,2026-02-26T18:00:00+00:00,2026-02-26T23:00:00+05:00,2026-02-26T12:00:00+00:00,2026-02-26T15:59:55+00:00,a75020115518ac36386297ad0d275cb727051581a183c383059f4a3141e5639e,gfs-ml-v1:30e504d3fa915c28313a72a3c8f0d5412a78763b1207789a749d094d1a620668,2,2026-02-26T19:00:00+00:00,2026-02-27T00:00:00+05:00,1,0.8949516275197293,9.793264255897379,0.7602620929790191,True
2026-02-26,2026-02-26T18:00:00+00:00,2026-02-26T23:00:00+05:00,2026-02-26T12:00:00+00:00,2026-02-26T15:59:55+00:00,a75020115518ac36386297ad0d275cb727051581a183c383059f4a3141e5639e,gfs-ml-v1:30e504d3fa915c28313a72a3c8f0d5412a78763b1207789a749d094d1a620668,2,2026-02-26T20:00:00+00:00,2026-02-27T01:00:00+05:00,2,0.660689177482458,7.974883747653773,0.44937118431022327,True
2026-02-26,2026-02-26T18:00:00+00:00,2026-02-26T23:00:00+05:00,2026-02-26T12:00:00+00:00,2026-02-26T15:59:55+00:00,a75020115518ac36386297ad0d275cb727051581a183c383059f4a3141e5639e,gfs-ml-v1:30e504d3fa915c28313a72a3c8f0d5412a78763b1207789a749d094d1a620668,2,2026-02-26T21:00:00+00:00,2026-02-27T02:00:00+05:00,3,0.573854161901201,7.3080613215854,0.10011667110404687,True
2026-02-26,2026-02-26T18:00:00+00:00,2026-02-26T23:00:00+05:00,2026-02-26T12:00:00+00:00,2026-02-26T15:59:55+00:00,a75020115518ac36386297ad0d275cb727051581a183c383059f4a3141e5639e,gfs-ml-v1:30e504d3fa915c28313a72a3c8f0d5412a78763b1207789a749d094d1a620668,2,2026-02-26T22:00:00+00:00,2026-02-27T03:00:00+05:00,4,0.569020825698166,7.277602824037412,0.32181128266245196,True
2026-02-26,2026-02-26T18:00:00+00:00,2026-02-26T23:00:00+05:00,2026-02-26T12:00:00+00:00,2026-02-26T15:59:55+00:00,a75020115518ac36386297ad0d275cb727051581a183c383059f4a3141e5639e,gfs-ml-v1:30e504d3fa915c28313a72a3c8f0d5412a78763b1207789a749d094d1a620668,2,2026-02-26T23:00:00+00:00,2026-02-27T04:00:00+05:00,5,0.5619773593145903,7.233216628961897,0.5094897677436165,True
2026-02-26,2026-02-26T18:00:00+00:00,2026-02-26T23:00:00+05:00,2026-02-26T12:00:00+00:00,2026-02-26T15:59:55+00:00,a75020115518ac36386297ad0d275cb727051581a183c383059f4a3141e5639e,gfs-ml-v1:30e504d3fa915c28313a72a3c8f0d5412a78763b1207789a749d094d1a620668,2,2026-02-27T00:00:00+00:00,2026-02-27T05:00:00+05:00,6,0.4145995427242579,6.2067275751377915,0.1271074947769648,True
2026-02-26,2026-02-26T18:00:00+00:00,2026-02-26T23:00:00+05:00,2026-02-26T12:00:00+00:00,2026-02-26T15:59:55+00:00,a75020115518ac36386297ad0d275cb727051581a183c383059f4a3141e5639e,gfs-ml-v1:30e504d3fa915c28313a72a3c8f0d5412a78763b1207789a749d094d1a620668,2,2026-02-27T01:00:00+00:00,2026-02-27T06:00:00+05:00,7,0.3804032703593926,5.962194456107493,0.31880685680613396,True
2026-02-26,2026-02-26T18:00:00+00:00,2026-02-26T23:00:00+05:00,2026-02-26T12:00:00+00:00,2026-02-26T15:59:55+00:00,a75020115518ac36386297ad0d275cb727051581a183c383059f4a3141e5639e,gfs-ml-v1:30e504d3fa915c28313a72a3c8f0d5412a78763b1207789a749d094d1a620668,2,2026-02-27T02:00:00+00:00,2026-02-27T07:00:00+05:00,8,0.2893432902033996,5.304780861782827,0.4205626226665231,True
2026-02-26,2026-02-26T18:00:00+00:00,2026-02-26T23:00:00+05:00,2026-02-26T12:00:00+00:00,2026-02-26T15:59:55+00:00,a75020115518ac36386297ad0d275cb727051581a183c383059f4a3141e5639e,gfs-ml-v1:30e504d3fa915c28313a72a3c8f0d5412a78763b1207789a749d094d1a620668,2,2026-02-27T03:00:00+00:00,2026-02-27T08:00:00+05:00,9,0.2252288040749446,4.785382304004324,0.724293959931174,True
2026-02-26,2026-02-26T18:00:00+00:00,2026-02-26T23:00:00+05:00,2026-02-26T12:00:00+00:00,2026-02-26T15:59:55+00:00,a75020115518ac36386297ad0d275cb727051581a183c383059f4a3141e5639e,gfs-ml-v1:30e504d3fa915c28313a72a3c8f0d5412a78763b1207789a749d094d1a620668,2,2026-02-27T04:00:00+00:00,2026-02-27T09:00:00+05:00,10,0.19353072928615744,4.496234356227053,1.0919044337541095,True
2026-02-26,2026-02-26T18:00:00+00:00,2026-02-26T23:00:00+05:00,2026-02-26T12:00:00+00:00,2026-02-26T15:59:55+00:00,a75020115518ac36386297ad0d275cb727051581a183c383059f4a3141e5639e,gfs-ml-v1:30e504d3fa915c28313a72a3c8f0d5412a78763b1207789a749d094d1a620668,2,2026-02-27T05:00:00+00:00,2026-02-27T10:00:00+05:00,11,0.2000277726702755,4.555499998498872,1.4354653228166399,True
2026-02-26,2026-02-26T18:00:00+00:00,2026-02-26T23:00:00+05:00,2026-02-26T12:00:00+00:00,2026-02-26T15:59:55+00:00,a75020115518ac36386297ad0d275cb727051581a183c383059f4a3141e5639e,gfs-ml-v1:30e504d3fa915c28313a72a3c8f0d5412a78763b1207789a749d094d1a620668,2,2026-02-27T06:00:00+00:00,2026-02-27T11:00:00+05:00,12,0.24709146461969989,4.981976198255985,1.9238183535958342,True
2026-02-26,2026-02-26T18:00:00+00:00,2026-02-26T23:00:00+05:00,2026-02-26T12:00:00+00:00,2026-02-26T15:59:55+00:00,a75020115518ac36386297ad0d275cb727051581a183c383059f4a3141e5639e,gfs-ml-v1:30e504d3fa915c28313a72a3c8f0d5412a78763b1207789a749d094d1a620668,2,2026-02-27T07:00:00+00:00,2026-02-27T12:00:00+05:00,13,0.37129781922816135,5.897835340888635,2.519441057041547,True
2026-02-26,2026-02-26T18:00:00+00:00,2026-02-26T23:00:00+05:00,2026-02-26T12:00:00+00:00,2026-02-26T15:59:55+00:00,a75020115518ac36386297ad0d275cb727051581a183c383059f4a3141e5639e,gfs-ml-v1:30e504d3fa915c28313a72a3c8f0d5412a78763b1207789a749d094d1a620668,2,2026-02-27T08:00:00+00:00,2026-02-27T13:00:00+05:00,14,0.472213205095124,6.618963659061526,2.8162763560351323,True
2026-02-26,2026-02-26T18:00:00+00:00,2026-02-26T23:00:00+05:00,2026-02-26T12:00:00+00:00,2026-02-26T15:59:55+00:00,a75020115518ac36386297ad0d275cb727051581a183c383059f4a3141e5639e,gfs-ml-v1:30e504d3fa915c28313a72a3c8f0d5412a78763b1207789a749d094d1a620668,2,2026-02-27T09:00:00+00:00,2026-02-27T14:00:00+05:00,15,0.5888153104861089,7.402342805087897,2.5570797635586473,True
2026-02-26,2026-02-26T18:00:00+00:00,2026-02-26T23:00:00+05:00,2026-02-26T12:00:00+00:00,2026-02-26T15:59:55+00:00,a75020115518ac36386297ad0d275cb727051581a183c383059f4a3141e5639e,gfs-ml-v1:30e504d3fa915c28313a72a3c8f0d5412a78763b1207789a749d094d1a620668,2,2026-02-27T10:00:00+00:00,2026-02-27T15:00:00+05:00,16,0.7121766548425783,8.34603425710485,2.130385887341049,True
2026-02-26,2026-02-26T18:00:00+00:00,2026-02-26T23:00:00+05:00,2026-02-26T12:00:00+00:00,2026-02-26T15:59:55+00:00,a75020115518ac36386297ad0d275cb727051581a183c383059f4a3141e5639e,gfs-ml-v1:30e504d3fa915c28313a72a3c8f0d5412a78763b1207789a749d094d1a620668,2,2026-02-27T11:00:00+00:00,2026-02-27T16:00:00+05:00,17,0.8131151531991627,9.059164808510245,1.260779462522919,True
2026-02-26,2026-02-26T18:00:00+00:00,2026-02-26T23:00:00+05:00,2026-02-26T12:00:00+00:00,2026-02-26T15:59:55+00:00,a75020115518ac36386297ad0d275cb727051581a183c383059f4a3141e5639e,gfs-ml-v1:30e504d3fa915c28313a72a3c8f0d5412a78763b1207789a749d094d1a620668,2,2026-02-27T12:00:00+00:00,2026-02-27T17:00:00+05:00,18,0.8655843428153529,9.498129724742851,-0.016904251025835038,True
2026-02-26,2026-02-26T18:00:00+00:00,2026-02-26T23:00:00+05:00,2026-02-26T12:00:00+00:00,2026-02-26T15:59:55+00:00,a75020115518ac36386297ad0d275cb727051581a183c383059f4a3141e5639e,gfs-ml-v1:30e504d3fa915c28313a72a3c8f0d5412a78763b1207789a749d094d1a620668,2,2026-02-27T13:00:00+00:00,2026-02-27T18:00:00+05:00,19,0.8855363138610624,9.674011916610754,-0.822800256188259,True
2026-02-26,2026-02-26T18:00:00+00:00,2026-02-26T23:00:00+05:00,2026-02-26T12:00:00+00:00,2026-02-26T15:59:55+00:00,a75020115518ac36386297ad0d275cb727051581a183c383059f4a3141e5639e,gfs-ml-v1:30e504d3fa915c28313a72a3c8f0d5412a78763b1207789a749d094d1a620668,2,2026-02-27T14:00:00+00:00,2026-02-27T19:00:00+05:00,20,0.9092791949759421,9.974734146055262,-1.5312516557921754,True
2026-02-26,2026-02-26T18:00:00+00:00,2026-02-26T23:00:00+05:00,2026-02-26T12:00:00+00:00,2026-02-26T15:59:55+00:00,a75020115518ac36386297ad0d275cb727051581a183c383059f4a3141e5639e,gfs-ml-v1:30e504d3fa915c28313a72a3c8f0d5412a78763b1207789a749d094d1a620668,2,2026-02-27T15:00:00+00:00,2026-02-27T20:00:00+05:00,21,0.888603336498626,9.712858166181825,-2.2600854091590463,True
2026-02-26,2026-02-26T18:00:00+00:00,2026-02-26T23:00:00+05:00,2026-02-26T12:00:00+00:00,2026-02-26T15:59:55+00:00,a75020115518ac36386297ad0d275cb727051581a183c383059f4a3141e5639e,gfs-ml-v1:30e504d3fa915c28313a72a3c8f0d5412a78763b1207789a749d094d1a620668,2,2026-02-27T16:00:00+00:00,2026-02-27T21:00:00+05:00,22,0.8407978388067665,9.284536780223025,-2.8667879896428303,True
2026-02-26,2026-02-26T18:00:00+00:00,2026-02-26T23:00:00+05:00,2026-02-26T12:00:00+00:00,2026-02-26T15:59:55+00:00,a75020115518ac36386297ad0d275cb727051581a183c383059f4a3141e5639e,gfs-ml-v1:30e504d3fa915c28313a72a3c8f0d5412a78763b1207789a749d094d1a620668,2,2026-02-27T17:00:00+00:00,2026-02-27T22:00:00+05:00,23,0.8247781994932538,9.14649061082643,-3.442477050314835,True
2026-02-26,2026-02-26T18:00:00+00:00,2026-02-26T23:00:00+05:00,2026-02-26T12:00:00+00:00,2026-02-26T15:59:55+00:00,a75020115518ac36386297ad0d275cb727051581a183c383059f4a3141e5639e,gfs-ml-v1:30e504d3fa915c28313a72a3c8f0d5412a78763b1207789a749d094d1a620668,2,2026-02-27T18:00:00+00:00,2026-02-27T23:00:00+05:00,24,0.7922862726841651,8.904818066489746,-3.779925036175257,True
2026-02-27,2026-02-27T18:00:00+00:00,2026-02-27T23:00:00+05:00,2026-02-27T12:00:00+00:00,2026-02-27T16:02:22+00:00,cef36bd1e6451bc9fe009a98258ba5b055816875910066bcc7cd7b4def1a7797,gfs-ml-v1:30e504d3fa915c28313a72a3c8f0d5412a78763b1207789a749d094d1a620668,1,2026-02-27T19:00:00+00:00,2026-02-28T00:00:00+05:00,1,0.8250749267103298,9.24812598184385,-2.8162816483160213,True
2026-02-27,2026-02-27T18:00:00+00:00,2026-02-27T23:00:00+05:00,2026-02-27T12:00:00+00:00,2026-02-27T16:02:22+00:00,cef36bd1e6451bc9fe009a98258ba5b055816875910066bcc7cd7b4def1a7797,gfs-ml-v1:30e504d3fa915c28313a72a3c8f0d5412a78763b1207789a749d094d1a620668,1,2026-02-27T20:00:00+00:00,2026-02-28T01:00:00+05:00,2,0.8516606768753155,9.467873404954394,-3.2895347430859943,True
2026-02-27,2026-02-27T18:00:00+00:00,2026-02-27T23:00:00+05:00,2026-02-27T12:00:00+00:00,2026-02-27T16:02:22+00:00,cef36bd1e6451bc9fe009a98258ba5b055816875910066bcc7cd7b4def1a7797,gfs-ml-v1:30e504d3fa915c28313a72a3c8f0d5412a78763b1207789a749d094d1a620668,1,2026-02-27T21:00:00+00:00,2026-02-28T02:00:00+05:00,3,0.798943878340118,9.03594829920393,-3.5110201534159273,True
2026-02-27,2026-02-27T18:00:00+00:00,2026-02-27T23:00:00+05:00,2026-02-27T12:00:00+00:00,2026-02-27T16:02:22+00:00,cef36bd1e6451bc9fe009a98258ba5b055816875910066bcc7cd7b4def1a7797,gfs-ml-v1:30e504d3fa915c28313a72a3c8f0d5412a78763b1207789a749d094d1a620668,1,2026-02-27T22:00:00+00:00,2026-02-28T03:00:00+05:00,4,0.8560923145710893,9.50465464529863,-4.16359207749997,True
2026-02-27,2026-02-27T18:00:00+00:00,2026-02-27T23:00:00+05:00,2026-02-27T12:00:00+00:00,2026-02-27T16:02:22+00:00,cef36bd1e6451bc9fe009a98258ba5b055816875910066bcc7cd7b4def1a7797,gfs-ml-v1:30e504d3fa915c28313a72a3c8f0d5412a78763b1207789a749d094d1a620668,1,2026-02-27T23:00:00+00:00,2026-02-28T04:00:00+05:00,5,0.7010248206419761,8.274902506862867,-4.057815139431966,True
2026-02-27,2026-02-27T18:00:00+00:00,2026-02-27T23:00:00+05:00,2026-02-27T12:00:00+00:00,2026-02-27T16:02:22+00:00,cef36bd1e6451bc9fe009a98258ba5b055816875910066bcc7cd7b4def1a7797,gfs-ml-v1:30e504d3fa915c28313a72a3c8f0d5412a78763b1207789a749d094d1a620668,1,2026-02-28T00:00:00+00:00,2026-02-28T05:00:00+05:00,6,0.8084945001395605,9.113496998072288,-4.542270353901927,True
2026-02-27,2026-02-27T18:00:00+00:00,2026-02-27T23:00:00+05:00,2026-02-27T12:00:00+00:00,2026-02-27T16:02:22+00:00,cef36bd1e6451bc9fe009a98258ba5b055816875910066bcc7cd7b4def1a7797,gfs-ml-v1:30e504d3fa915c28313a72a3c8f0d5412a78763b1207789a749d094d1a620668,1,2026-02-28T01:00:00+00:00,2026-02-28T06:00:00+05:00,7,0.9046740336247429,9.94704902669563,-4.981240993237975,True
2026-02-27,2026-02-27T18:00:00+00:00,2026-02-27T23:00:00+05:00,2026-02-27T12:00:00+00:00,2026-02-27T16:02:22+00:00,cef36bd1e6451bc9fe009a98258ba5b055816875910066bcc7cd7b4def1a7797,gfs-ml-v1:30e504d3fa915c28313a72a3c8f0d5412a78763b1207789a749d094d1a620668,1,2026-02-28T02:00:00+00:00,2026-02-28T07:00:00+05:00,8,0.8524822352335262,9.474692088588885,-5.101717267955962,True
2026-02-27,2026-02-27T18:00:00+00:00,2026-02-27T23:00:00+05:00,2026-02-27T12:00:00+00:00,2026-02-27T16:02:22+00:00,cef36bd1e6451bc9fe009a98258ba5b055816875910066bcc7cd7b4def1a7797,gfs-ml-v1:30e504d3fa915c28313a72a3c8f0d5412a78763b1207789a749d094d1a620668,1,2026-02-28T03:00:00+00:00,2026-02-28T08:00:00+05:00,9,0.904906778490996,9.949812562838423,-4.958138610711956,True
2026-02-27,2026-02-27T18:00:00+00:00,2026-02-27T23:00:00+05:00,2026-02-27T12:00:00+00:00,2026-02-27T16:02:22+00:00,cef36bd1e6451bc9fe009a98258ba5b055816875910066bcc7cd7b4def1a7797,gfs-ml-v1:30e504d3fa915c28313a72a3c8f0d5412a78763b1207789a749d094d1a620668,1,2026-02-28T04:00:00+00:00,2026-02-28T09:00:00+05:00,10,0.9353778867366406,10.311616499927958,-4.890627205867986,True
2026-02-27,2026-02-27T18:00:00+00:00,2026-02-27T23:00:00+05:00,2026-02-27T12:00:00+00:00,2026-02-27T16:02:22+00:00,cef36bd1e6451bc9fe009a98258ba5b055816875910066bcc7cd7b4def1a7797,gfs-ml-v1:30e504d3fa915c28313a72a3c8f0d5412a78763b1207789a749d094d1a620668,1,2026-02-28T05:00:00+00:00,2026-02-28T10:00:00+05:00,11,0.9171698905423994,10.095420729938878,-4.38998924086394,True
2026-02-27,2026-02-27T18:00:00+00:00,2026-02-27T23:00:00+05:00,2026-02-27T12:00:00+00:00,2026-02-27T16:02:22+00:00,cef36bd1e6451bc9fe009a98258ba5b055816875910066bcc7cd7b4def1a7797,gfs-ml-v1:30e504d3fa915c28313a72a3c8f0d5412a78763b1207789a749d094d1a620668,1,2026-02-28T06:00:00+00:00,2026-02-28T11:00:00+05:00,12,0.9097266228174324,10.007041812244298,-3.9201732283379442,True
2026-02-27,2026-02-27T18:00:00+00:00,2026-02-27T23:00:00+05:00,2026-02-27T12:00:00+00:00,2026-02-27T16:02:22+00:00,cef36bd1e6451bc9fe009a98258ba5b055816875910066bcc7cd7b4def1a7797,gfs-ml-v1:30e504d3fa915c28313a72a3c8f0d5412a78763b1207789a749d094d1a620668,1,2026-02-28T07:00:00+00:00,2026-02-28T12:00:00+05:00,13,0.9095866611732278,10.005379953623779,-3.408299782522022,True
2026-02-27,2026-02-27T18:00:00+00:00,2026-02-27T23:00:00+05:00,2026-02-27T12:00:00+00:00,2026-02-27T16:02:22+00:00,cef36bd1e6451bc9fe009a98258ba5b055816875910066bcc7cd7b4def1a7797,gfs-ml-v1:30e504d3fa915c28313a72a3c8f0d5412a78763b1207789a749d094d1a620668,1,2026-02-28T08:00:00+00:00,2026-02-28T13:00:00+05:00,14,0.9487003796008943,10.595354392161253,-3.155306898259937,True
2026-02-27,2026-02-27T18:00:00+00:00,2026-02-27T23:00:00+05:00,2026-02-27T12:00:00+00:00,2026-02-27T16:02:22+00:00,cef36bd1e6451bc9fe009a98258ba5b055816875910066bcc7cd7b4def1a7797,gfs-ml-v1:30e504d3fa915c28313a72a3c8f0d5412a78763b1207789a749d094d1a620668,1,2026-02-28T09:00:00+00:00,2026-02-28T14:00:00+05:00,15,0.9492627434953743,10.6087351978713,-3.186815722187987,True
2026-02-27,2026-02-27T18:00:00+00:00,2026-02-27T23:00:00+05:00,2026-02-27T12:00:00+00:00,2026-02-27T16:02:22+00:00,cef36bd1e6451bc9fe009a98258ba5b055816875910066bcc7cd7b4def1a7797,gfs-ml-v1:30e504d3fa915c28313a72a3c8f0d5412a78763b1207789a749d094d1a620668,1,2026-02-28T10:00:00+00:00,2026-02-28T15:00:00+05:00,16,0.9274650197540426,10.217661714795423,-3.343600787035939,True
2026-02-27,2026-02-27T18:00:00+00:00,2026-02-27T23:00:00+05:00,2026-02-27T12:00:00+00:00,2026-02-27T16:02:22+00:00,cef36bd1e6451bc9fe009a98258ba5b055816875910066bcc7cd7b4def1a7797,gfs-ml-v1:30e504d3fa915c28313a72a3c8f0d5412a78763b1207789a749d094d1a620668,1,2026-02-28T11:00:00+00:00,2026-02-28T16:00:00+05:00,17,0.8805893485851983,9.707972551149352,-3.6438554548439583,True
2026-02-27,2026-02-27T18:00:00+00:00,2026-02-27T23:00:00+05:00,2026-02-27T12:00:00+00:00,2026-02-27T16:02:22+00:00,cef36bd1e6451bc9fe009a98258ba5b055816875910066bcc7cd7b4def1a7797,gfs-ml-v1:30e504d3fa915c28313a72a3c8f0d5412a78763b1207789a749d094d1a620668,1,2026-02-28T12:00:00+00:00,2026-02-28T17:00:00+05:00,18,0.7892635850078052,8.957346699397235,-4.117876514283978,True
2026-02-27,2026-02-27T18:00:00+00:00,2026-02-27T23:00:00+05:00,2026-02-27T12:00:00+00:00,2026-02-27T16:02:22+00:00,cef36bd1e6451bc9fe009a98258ba5b055816875910066bcc7cd7b4def1a7797,gfs-ml-v1:30e504d3fa915c28313a72a3c8f0d5412a78763b1207789a749d094d1a620668,1,2026-02-28T13:00:00+00:00,2026-02-28T18:00:00+05:00,19,0.7286098859597248,8.484235228359172,-4.616125657803991,True
2026-02-27,2026-02-27T18:00:00+00:00,2026-02-27T23:00:00+05:00,2026-02-27T12:00:00+00:00,2026-02-27T16:02:22+00:00,cef36bd1e6451bc9fe009a98258ba5b055816875910066bcc7cd7b4def1a7797,gfs-ml-v1:30e504d3fa915c28313a72a3c8f0d5412a78763b1207789a749d094d1a620668,1,2026-02-28T14:00:00+00:00,2026-02-28T19:00:00+05:00,20,0.6534695194356488,7.9103999036841515,-4.74253559481798,True
2026-02-27,2026-02-27T18:00:00+00:00,2026-02-27T23:00:00+05:00,2026-02-27T12:00:00+00:00,2026-02-27T16:02:22+00:00,cef36bd1e6451bc9fe009a98258ba5b055816875910066bcc7cd7b4def1a7797,gfs-ml-v1:30e504d3fa915c28313a72a3c8f0d5412a78763b1207789a749d094d1a620668,1,2026-02-28T15:00:00+00:00,2026-02-28T20:00:00+05:00,21,0.6090252752901025,7.5864521970998195,-4.8789060089499685,True
2026-02-27,2026-02-27T18:00:00+00:00,2026-02-27T23:00:00+05:00,2026-02-27T12:00:00+00:00,2026-02-27T16:02:22+00:00,cef36bd1e6451bc9fe009a98258ba5b055816875910066bcc7cd7b4def1a7797,gfs-ml-v1:30e504d3fa915c28313a72a3c8f0d5412a78763b1207789a749d094d1a620668,1,2026-02-28T16:00:00+00:00,2026-02-28T21:00:00+05:00,22,0.5730643858574421,7.345233061027017,-4.790770311731933,True
2026-02-27,2026-02-27T18:00:00+00:00,2026-02-27T23:00:00+05:00,2026-02-27T12:00:00+00:00,2026-02-27T16:02:22+00:00,cef36bd1e6451bc9fe009a98258ba5b055816875910066bcc7cd7b4def1a7797,gfs-ml-v1:30e504d3fa915c28313a72a3c8f0d5412a78763b1207789a749d094d1a620668,1,2026-02-28T17:00:00+00:00,2026-02-28T22:00:00+05:00,23,0.5372654628480442,7.099308812787404,-4.847032326627982,True
2026-02-27,2026-02-27T18:00:00+00:00,2026-02-27T23:00:00+05:00,2026-02-27T12:00:00+00:00,2026-02-27T16:02:22+00:00,cef36bd1e6451bc9fe009a98258ba5b055816875910066bcc7cd7b4def1a7797,gfs-ml-v1:30e504d3fa915c28313a72a3c8f0d5412a78763b1207789a749d094d1a620668,1,2026-02-28T18:00:00+00:00,2026-02-28T23:00:00+05:00,24,0.5472015331223877,7.171284772407698,-5.096617025607998,True
2026-02-27,2026-02-27T18:00:00+00:00,2026-02-27T23:00:00+05:00,2026-02-27T12:00:00+00:00,2026-02-27T16:02:22+00:00,cef36bd1e6451bc9fe009a98258ba5b055816875910066bcc7cd7b4def1a7797,gfs-ml-v1:30e504d3fa915c28313a72a3c8f0d5412a78763b1207789a749d094d1a620668,2,2026-02-27T19:00:00+00:00,2026-02-28T00:00:00+05:00,1,0.8278967090241229,9.173363768613454,-2.8377359386558396,True
2026-02-27,2026-02-27T18:00:00+00:00,2026-02-27T23:00:00+05:00,2026-02-27T12:00:00+00:00,2026-02-27T16:02:22+00:00,cef36bd1e6451bc9fe009a98258ba5b055816875910066bcc7cd7b4def1a7797,gfs-ml-v1:30e504d3fa915c28313a72a3c8f0d5412a78763b1207789a749d094d1a620668,2,2026-02-27T20:00:00+00:00,2026-02-28T01:00:00+05:00,2,0.8539988692650181,9.398294128387056,-3.310423456350634,True
2026-02-27,2026-02-27T18:00:00+00:00,2026-02-27T23:00:00+05:00,2026-02-27T12:00:00+00:00,2026-02-27T16:02:22+00:00,cef36bd1e6451bc9fe009a98258ba5b055816875910066bcc7cd7b4def1a7797,gfs-ml-v1:30e504d3fa915c28313a72a3c8f0d5412a78763b1207789a749d094d1a620668,2,2026-02-27T21:00:00+00:00,2026-02-28T02:00:00+05:00,3,0.8015809747178353,8.973693922583662,-3.5326462383798116,True
2026-02-27,2026-02-27T18:00:00+00:00,2026-02-27T23:00:00+05:00,2026-02-27T12:00:00+00:00,2026-02-27T16:02:22+00:00,cef36bd1e6451bc9fe009a98258ba5b055816875910066bcc7cd7b4def1a7797,gfs-ml-v1:30e504d3fa915c28313a72a3c8f0d5412a78763b1207789a749d094d1a620668,2,2026-02-27T22:00:00+00:00,2026-02-28T03:00:00+05:00,4,0.8588389902469984,9.440002942668213,-4.18856967749997,True
2026-02-27,2026-02-27T18:00:00+00:00,2026-02-27T23:00:00+05:00,2026-02-27T12:00:00+00:00,2026-02-27T16:02:22+00:00,cef36bd1e6451bc9fe009a98258ba5b055816875910066bcc7cd7b4def1a7797,gfs-ml-v1:30e504d3fa915c28313a72a3c8f0d5412a78763b1207789a749d094d1a620668,2,2026-02-27T23:00:00+00:00,2026-02-28T04:00:00+05:00,5,0.692845289602939,8.219029004854347,-4.079456703983681,True
2026-02-27,2026-02-27T18:00:00+00:00,2026-02-27T23:00:00+05:00,2026-02-27T12:00:00+00:00,2026-02-27T16:02:22+00:00,cef36bd1e6451bc9fe009a98258ba5b055816875910066bcc7cd7b4def1a7797,gfs-ml-v1:30e504d3fa915c28313a72a3c8f0d5412a78763b1207789a749d094d1a620668,2,2026-02-28T00:00:00+00:00,2026-02-28T05:00:00+05:00,6,0.8112011817648458,9.044981844860596,-4.569715117506462,True
2026-02-27,2026-02-27T18:00:00+00:00,2026-02-27T23:00:00+05:00,2026-02-27T12:00:00+00:00,2026-02-27T16:02:22+00:00,cef36bd1e6451bc9fe009a98258ba5b055816875910066bcc7cd7b4def1a7797,gfs-ml-v1:30e504d3fa915c28313a72a3c8f0d5412a78763b1207789a749d094d1a620668,2,2026-02-28T01:00:00+00:00,2026-02-28T06:00:00+05:00,7,0.9005739894809774,9.864475884155542,-5.00793319010711,True
2026-02-27,2026-02-27T18:00:00+00:00,2026-02-27T23:00:00+05:00,2026-02-27T12:00:00+00:00,2026-02-27T16:02:22+00:00,cef36bd1e6451bc9fe009a98258ba5b055816875910066bcc7cd7b4def1a7797,gfs-ml-v1:30e504d3fa915c28313a72a3c8f0d5412a78763b1207789a749d094d1a620668,2,2026-02-28T02:00:00+00:00,2026-02-28T07:00:00+05:00,8,0.8543844294849073,9.401616619635815,-5.122287718769428,True
2026-02-27,2026-02-27T18:00:00+00:00,2026-02-27T23:00:00+05:00,2026-02-27T12:00:00+00:00,2026-02-27T16:02:22+00:00,cef36bd1e6451bc9fe009a98258ba5b055816875910066bcc7cd7b4def1a7797,gfs-ml-v1:30e504d3fa915c28313a72a3c8f0d5412a78763b1207789a749d094d1a620668,2,2026-02-28T03:00:00+00:00,2026-02-28T08:00:00+05:00,9,0.9015311163216061,9.8765986470158,-4.97093080309088,True
2026-02-27,2026-02-27T18:00:00+00:00,2026-02-27T23:00:00+05:00,2026-02-27T12:00:00+00:00,2026-02-27T16:02:22+00:00,cef36bd1e6451bc9fe009a98258ba5b055816875910066bcc7cd7b4def1a7797,gfs-ml-v1:30e504d3fa915c28313a72a3c8f0d5412a78763b1207789a749d094d1a620668,2,2026-02-28T04:00:00+00:00,2026-02-28T09:00:00+05:00,10,0.928639097032569,10.241091457332349,-4.906391585188317,True
2026-02-27,2026-02-27T18:00:00+00:00,2026-02-27T23:00:00+05:00,2026-02-27T12:00:00+00:00,2026-02-27T16:02:22+00:00,cef36bd1e6451bc9fe009a98258ba5b055816875910066bcc7cd7b4def1a7797,gfs-ml-v1:30e504d3fa915c28313a72a3c8f0d5412a78763b1207789a749d094d1a620668,2,2026-02-28T05:00:00+00:00,2026-02-28T10:00:00+05:00,11,0.9135551536275107,10.028892519358424,-4.408017236847286,True
2026-02-27,2026-02-27T18:00:00+00:00,2026-02-27T23:00:00+05:00,2026-02-27T12:00:00+00:00,2026-02-27T16:02:22+00:00,cef36bd1e6451bc9fe009a98258ba5b055816875910066bcc7cd7b4def1a7797,gfs-ml-v1:30e504d3fa915c28313a72a3c8f0d5412a78763b1207789a749d094d1a620668,2,2026-02-28T06:00:00+00:00,2026-02-28T11:00:00+05:00,12,0.9066140794102445,9.940978365079653,-3.938399459831146,True
2026-02-27,2026-02-27T18:00:00+00:00,2026-02-27T23:00:00+05:00,2026-02-27T12:00:00+00:00,2026-02-27T16:02:22+00:00,cef36bd1e6451bc9fe009a98258ba5b055816875910066bcc7cd7b4def1a7797,gfs-ml-v1:30e504d3fa915c28313a72a3c8f0d5412a78763b1207789a749d094d1a620668,2,2026-02-28T07:00:00+00:00,2026-02-28T12:00:00+05:00,13,0.9065219608053042,9.939811610627363,-3.432157483675269,True
2026-02-27,2026-02-27T18:00:00+00:00,2026-02-27T23:00:00+05:00,2026-02-27T12:00:00+00:00,2026-02-27T16:02:22+00:00,cef36bd1e6451bc9fe009a98258ba5b055816875910066bcc7cd7b4def1a7797,gfs-ml-v1:30e504d3fa915c28313a72a3c8f0d5412a78763b1207789a749d094d1a620668,2,2026-02-28T08:00:00+00:00,2026-02-28T13:00:00+05:00,14,0.9429662935757332,10.527131106058384,-3.181483676282369,True
2026-02-27,2026-02-27T18:00:00+00:00,2026-02-27T23:00:00+05:00,2026-02-27T12:00:00+00:00,2026-02-27T16:02:22+00:00,cef36bd1e6451bc9fe009a98258ba5b055816875910066bcc7cd7b4def1a7797,gfs-ml-v1:30e504d3fa915c28313a72a3c8f0d5412a78763b1207789a749d094d1a620668,2,2026-02-28T09:00:00+00:00,2026-02-28T14:00:00+05:00,15,0.9437697266268512,10.543171488210207,-3.209433588305103,True
2026-02-27,2026-02-27T18:00:00+00:00,2026-02-27T23:00:00+05:00,2026-02-27T12:00:00+00:00,2026-02-27T16:02:22+00:00,cef36bd1e6451bc9fe009a98258ba5b055816875910066bcc7cd7b4def1a7797,gfs-ml-v1:30e504d3fa915c28313a72a3c8f0d5412a78763b1207789a749d094d1a620668,2,2026-02-28T10:00:00+00:00,2026-02-28T15:00:00+05:00,16,0.9234655136461372,10.154415009446257,-3.3661044495486863,True
2026-02-27,2026-02-27T18:00:00+00:00,2026-02-27T23:00:00+05:00,2026-02-27T12:00:00+00:00,2026-02-27T16:02:22+00:00,cef36bd1e6451bc9fe009a98258ba5b055816875910066bcc7cd7b4def1a7797,gfs-ml-v1:30e504d3fa915c28313a72a3c8f0d5412a78763b1207789a749d094d1a620668,2,2026-02-28T11:00:00+00:00,2026-02-28T16:00:00+05:00,17,0.882764902014102,9.646179898599025,-3.6683322279025674,True
2026-02-27,2026-02-27T18:00:00+00:00,2026-02-27T23:00:00+05:00,2026-02-27T12:00:00+00:00,2026-02-27T16:02:22+00:00,cef36bd1e6451bc9fe009a98258ba5b055816875910066bcc7cd7b4def1a7797,gfs-ml-v1:30e504d3fa915c28313a72a3c8f0d5412a78763b1207789a749d094d1a620668,2,2026-02-28T12:00:00+00:00,2026-02-28T17:00:00+05:00,18,0.7909301470861837,8.894768867366043,-4.145032418568121,True
2026-02-27,2026-02-27T18:00:00+00:00,2026-02-27T23:00:00+05:00,2026-02-27T12:00:00+00:00,2026-02-27T16:02:22+00:00,cef36bd1e6451bc9fe009a98258ba5b055816875910066bcc7cd7b4def1a7797,gfs-ml-v1:30e504d3fa915c28313a72a3c8f0d5412a78763b1207789a749d094d1a620668,2,2026-02-28T13:00:00+00:00,2026-02-28T18:00:00+05:00,19,0.7239923890314197,8.423662519908635,-4.640934225012984,True
2026-02-27,2026-02-27T18:00:00+00:00,2026-02-27T23:00:00+05:00,2026-02-27T12:00:00+00:00,2026-02-27T16:02:22+00:00,cef36bd1e6451bc9fe009a98258ba5b055816875910066bcc7cd7b4def1a7797,gfs-ml-v1:30e504d3fa915c28313a72a3c8f0d5412a78763b1207789a749d094d1a620668,2,2026-02-28T14:00:00+00:00,2026-02-28T19:00:00+05:00,20,0.6474054577065109,7.855410528121033,-4.761248363386301,True
2026-02-27,2026-02-27T18:00:00+00:00,2026-02-27T23:00:00+05:00,2026-02-27T12:00:00+00:00,2026-02-27T16:02:22+00:00,cef36bd1e6451bc9fe009a98258ba5b055816875910066bcc7cd7b4def1a7797,gfs-ml-v1:30e504d3fa915c28313a72a3c8f0d5412a78763b1207789a749d094d1a620668,2,2026-02-28T15:00:00+00:00,2026-02-28T20:00:00+05:00,21,0.6091848265093086,7.5307064917391,-4.893610238197994,True
2026-02-27,2026-02-27T18:00:00+00:00,2026-02-27T23:00:00+05:00,2026-02-27T12:00:00+00:00,2026-02-27T16:02:22+00:00,cef36bd1e6451bc9fe009a98258ba5b055816875910066bcc7cd7b4def1a7797,gfs-ml-v1:30e504d3fa915c28313a72a3c8f0d5412a78763b1207789a749d094d1a620668,2,2026-02-28T16:00:00+00:00,2026-02-28T21:00:00+05:00,22,0.5706382884210157,7.287795676822398,-4.806802687035656,True
2026-02-27,2026-02-27T18:00:00+00:00,2026-02-27T23:00:00+05:00,2026-02-27T12:00:00+00:00,2026-02-27T16:02:22+00:00,cef36bd1e6451bc9fe009a98258ba5b055816875910066bcc7cd7b4def1a7797,gfs-ml-v1:30e504d3fa915c28313a72a3c8f0d5412a78763b1207789a749d094d1a620668,2,2026-02-28T17:00:00+00:00,2026-02-28T22:00:00+05:00,23,0.5325250513973274,7.0468486290270835,-4.860970923970683,True
2026-02-27,2026-02-27T18:00:00+00:00,2026-02-27T23:00:00+05:00,2026-02-27T12:00:00+00:00,2026-02-27T16:02:22+00:00,cef36bd1e6451bc9fe009a98258ba5b055816875910066bcc7cd7b4def1a7797,gfs-ml-v1:30e504d3fa915c28313a72a3c8f0d5412a78763b1207789a749d094d1a620668,2,2026-02-28T18:00:00+00:00,2026-02-28T23:00:00+05:00,24,0.5428470997604753,7.112662432182566,-5.1104991200259064,True
