issue_date,forecast_origin_utc,forecast_origin_local,run_time_utc,available_at_utc,source_fingerprint,model_version,is_february_target,lead_hours,power_normalized,temperature_c,turbine_id,valid_time_local,valid_time_utc,wind_speed_ms
2026-01-31,2026-01-31T18:00:00+00:00,2026-01-31T23:00:00+05:00,2026-01-31T12:00:00+00:00,2026-01-31T15:59:20+00:00,2620a9dc19c7eecac65c8391dc6c03bf2facf1706f4c80a86769d90053f6b52f,february-empirical-v1:204ed64bc6d9fa64157d2256888ae687070ec6f9d0d554829fd4d8827c29541c,True,1,0.009998505440305937,-1.0190339118679503,1,2026-02-01T00:00:00+05:00,2026-01-31T19:00:00+00:00,0.31568589855408946
2026-01-31,2026-01-31T18:00:00+00:00,2026-01-31T23:00:00+05:00,2026-01-31T12:00:00+00:00,2026-01-31T15:59:20+00:00,2620a9dc19c7eecac65c8391dc6c03bf2facf1706f4c80a86769d90053f6b52f,february-empirical-v1:204ed64bc6d9fa64157d2256888ae687070ec6f9d0d554829fd4d8827c29541c,True,2,0.00997765124191914,-1.094567786311984,1,2026-02-01T01:00:00+05:00,2026-01-31T20:00:00+00:00,0.9228465214036238
2026-01-31,2026-01-31T18:00:00+00:00,2026-01-31T23:00:00+05:00,2026-01-31T12:00:00+00:00,2026-01-31T15:59:20+00:00,2620a9dc19c7eecac65c8391dc6c03bf2facf1706f4c80a86769d90053f6b52f,february-empirical-v1:204ed64bc6d9fa64157d2256888ae687070ec6f9d0d554829fd4d8827c29541c,True,3,0.013356724702162573,-1.1840257271019823,1,2026-02-01T02:00:00+05:00,2026-01-31T21:00:00+00:00,1.9748404295962692
2026-01-31,2026-01-31T18:00:00+00:00,2026-01-31T23:00:00+05:00,2026-01-31T12:00:00+00:00,2026-01-31T15:59:20+00:00,2620a9dc19c7eecac65c8391dc6c03bf2facf1706f4c80a86769d90053f6b52f,february-empirical-v1:204ed64bc6d9fa64157d2256888ae687070ec6f9d0d554829fd4d8827c29541c,True,4,0.043279424377493936,-1.5013439783220406,1,2026-02-01T03:00:00+05:00,2026-01-31T22:00:00+00:00,3.3208518454393094
2026-01-31,2026-01-31T18:00:00+00:00,2026-01-31T23:00:00+05:00,2026-01-31T12:00:00+00:00,2026-01-31T15:59:20+00:00,2620a9dc19c7eecac65c8391dc6c03bf2facf1706f4c80a86769d90053f6b52f,february-empirical-v1:204ed64bc6d9fa64157d2256888ae687070ec6f9d0d554829fd4d8827c29541c,True,5,0.08515716843076256,-2.020928667350006,1,2026-02-01T04:00:00+05:00,2026-01-31T23:00:00+00:00,4.288706822059952
2026-01-31,2026-01-31T18:00:00+00:00,2026-01-31T23:00:00+05:00,2026-01-31T12:00:00+00:00,2026-01-31T15:59:20+00:00,2620a9dc19c7eecac65c8391dc6c03bf2facf1706f4c80a86769d90053f6b52f,february-empirical-v1:204ed64bc6d9fa64157d2256888ae687070ec6f9d0d554829fd4d8827c29541c,True,6,0.143584141631683,-2.5823125781179783,1,2026-02-01T05:00:00+05:00,2026-02-01T00:00:00+00:00,5.161421719139036
2026-01-31,2026-01-31T18:00:00+00:00,2026-01-31T23:00:00+05:00,2026-01-31T12:00:00+00:00,2026-01-31T15:59:20+00:00,2620a9dc19c7eecac65c8391dc6c03bf2facf1706f4c80a86769d90053f6b52f,february-empirical-v1:204ed64bc6d9fa64157d2256888ae687070ec6f9d0d554829fd4d8827c29541c,True,7,0.17267039095936057,-3.0066215790639603,1,2026-02-01T06:00:00+05:00,2026-02-01T01:00:00+00:00,5.49192613141353
2026-01-31,2026-01-31T18:00:00+00:00,2026-01-31T23:00:00+05:00,2026-01-31T12:00:00+00:00,2026-01-31T15:59:20+00:00,2620a9dc19c7eecac65c8391dc6c03bf2facf1706f4c80a86769d90053f6b52f,february-empirical-v1:204ed64bc6d9fa64157d2256888ae687070ec6f9d0d554829fd4d8827c29541c,True,8,0.18565430615565245,-3.097316421633991,1,2026-02-01T07:00:00+05:00,2026-02-01T02:00:00+00:00,5.631523592788265
2026-01-31,2026-01-31T18:00:00+00:00,2026-01-31T23:00:00+05:00,2026-01-31T12:00:00+00:00,2026-01-31T15:59:20+00:00,2620a9dc19c7eecac65c8391dc6c03bf2facf1706f4c80a86769d90053f6b52f,february-empirical-v1:204ed64bc6d9fa64157d2256888ae687070ec6f9d0d554829fd4d8827c29541c,True,9,0.0963985497698076,-2.5820953003619707,1,2026-02-01T08:00:00+05:00,2026-02-01T03:00:00+00:00,4.4749535034148185
2026-01-31,2026-01-31T18:00:00+00:00,2026-01-31T23:00:00+05:00,2026-01-31T12:00:00+00:00,2026-01-31T15:59:20+00:00,2620a9dc19c7eecac65c8391dc6c03bf2facf1706f4c80a86769d90053f6b52f,february-empirical-v1:204ed64bc6d9fa64157d2256888ae687070ec6f9d0d554829fd4d8827c29541c,True,10,0.1346827067568936,-0.945544743485982,1,2026-02-01T09:00:00+05:00,2026-02-01T04:00:00+00:00,5.041679810793392
2026-01-31,2026-01-31T18:00:00+00:00,2026-01-31T23:00:00+05:00,2026-01-31T12:00:00+00:00,2026-01-31T15:59:20+00:00,2620a9dc19c7eecac65c8391dc6c03bf2facf1706f4c80a86769d90053f6b52f,february-empirical-v1:204ed64bc6d9fa64157d2256888ae687070ec6f9d0d554829fd4d8827c29541c,True,11,0.19027442813365833,0.9363026061100186,1,2026-02-01T10:00:00+05:00,2026-02-01T05:00:00+00:00,5.681197153468593
2026-01-31,2026-01-31T18:00:00+00:00,2026-01-31T23:00:00+05:00,2026-01-31T12:00:00+00:00,2026-01-31T15:59:20+00:00,2620a9dc19c7eecac65c8391dc6c03bf2facf1706f4c80a86769d90053f6b52f,february-empirical-v1:204ed64bc6d9fa64157d2256888ae687070ec6f9d0d554829fd4d8827c29541c,True,12,0.21493523516840385,2.3723508303280028,1,2026-02-01T11:00:00+05:00,2026-02-01T06:00:00+00:00,5.900383940755206
2026-01-31,2026-01-31T18:00:00+00:00,2026-01-31T23:00:00+05:00,2026-01-31T12:00:00+00:00,2026-01-31T15:59:20+00:00,2620a9dc19c7eecac65c8391dc6c03bf2facf1706f4c80a86769d90053f6b52f,february-empirical-v1:204ed64bc6d9fa64157d2256888ae687070ec6f9d0d554829fd4d8827c29541c,True,13,0.21985937259773353,3.612639786044042,1,2026-02-01T12:00:00+05:00,2026-02-01T07:00:00+00:00,5.940934396761594
2026-01-31,2026-01-31T18:00:00+00:00,2026-01-31T23:00:00+05:00,2026-01-31T12:00:00+00:00,2026-01-31T15:59:20+00:00,2620a9dc19c7eecac65c8391dc6c03bf2facf1706f4c80a86769d90053f6b52f,february-empirical-v1:204ed64bc6d9fa64157d2256888ae687070ec6f9d0d554829fd4d8827c29541c,True,14,0.20301972109210656,4.31781095147403,1,2026-02-01T13:00:00+05:00,2026-02-01T08:00:00+00:00,5.802259236422946
2026-01-31,2026-01-31T18:00:00+00:00,2026-01-31T23:00:00+05:00,2026-01-31T12:00:00+00:00,2026-01-31T15:59:20+00:00,2620a9dc19c7eecac65c8391dc6c03bf2facf1706f4c80a86769d90053f6b52f,february-empirical-v1:204ed64bc6d9fa64157d2256888ae687070ec6f9d0d554829fd4d8827c29541c,True,15,0.21201996842145446,4.482764287103976,1,2026-02-01T14:00:00+05:00,2026-02-01T09:00:00+00:00,5.876376609996131
2026-01-31,2026-01-31T18:00:00+00:00,2026-01-31T23:00:00+05:00,2026-01-31T12:00:00+00:00,2026-01-31T15:59:20+00:00,2620a9dc19c7eecac65c8391dc6c03bf2facf1706f4c80a86769d90053f6b52f,february-empirical-v1:204ed64bc6d9fa64157d2256888ae687070ec6f9d0d554829fd4d8827c29541c,True,16,0.21032870739202808,3.8482616635540126,1,2026-02-01T15:00:00+05:00,2026-02-01T10:00:00+00:00,5.862449012126791
2026-01-31,2026-01-31T18:00:00+00:00,2026-01-31T23:00:00+05:00,2026-01-31T12:00:00+00:00,2026-01-31T15:59:20+00:00,2620a9dc19c7eecac65c8391dc6c03bf2facf1706f4c80a86769d90053f6b52f,february-empirical-v1:204ed64bc6d9fa64157d2256888ae687070ec6f9d0d554829fd4d8827c29541c,True,17,0.17546056823396605,2.641123416996038,1,2026-02-01T16:00:00+05:00,2026-02-01T11:00:00+00:00,5.521924915172657
2026-01-31,2026-01-31T18:00:00+00:00,2026-01-31T23:00:00+05:00,2026-01-31T12:00:00+00:00,2026-01-31T15:59:20+00:00,2620a9dc19c7eecac65c8391dc6c03bf2facf1706f4c80a86769d90053f6b52f,february-empirical-v1:204ed64bc6d9fa64157d2256888ae687070ec6f9d0d554829fd4d8827c29541c,True,18,0.1894014897089792,1.2571848219999993,1,2026-02-01T17:00:00+05:00,2026-02-01T12:00:00+00:00,5.671811695678753
2026-01-31,2026-01-31T18:00:00+00:00,2026-01-31T23:00:00+05:00,2026-01-31T12:00:00+00:00,2026-01-31T15:59:20+00:00,2620a9dc19c7eecac65c8391dc6c03bf2facf1706f4c80a86769d90053f6b52f,february-empirical-v1:204ed64bc6d9fa64157d2256888ae687070ec6f9d0d554829fd4d8827c29541c,True,19,0.23267020374934455,0.7883240075639719,1,2026-02-01T18:00:00+05:00,2026-02-01T13:00:00+00:00,6.046432070714488
2026-01-31,2026-01-31T18:00:00+00:00,2026-01-31T23:00:00+05:00,2026-01-31T12:00:00+00:00,2026-01-31T15:59:20+00:00,2620a9dc19c7eecac65c8391dc6c03bf2facf1706f4c80a86769d90053f6b52f,february-empirical-v1:204ed64bc6d9fa64157d2256888ae687070ec6f9d0d554829fd4d8827c29541c,True,20,0.20300937156493687,0.51735251766803,1,2026-02-01T19:00:00+05:00,2026-02-01T14:00:00+00:00,5.802174007679394
2026-01-31,2026-01-31T18:00:00+00:00,2026-01-31T23:00:00+05:00,2026-01-31T12:00:00+00:00,2026-01-31T15:59:20+00:00,2620a9dc19c7eecac65c8391dc6c03bf2facf1706f4c80a86769d90053f6b52f,february-empirical-v1:204ed64bc6d9fa64157d2256888ae687070ec6f9d0d554829fd4d8827c29541c,True,21,0.19474549608103414,0.23029266397003312,1,2026-02-01T20:00:00+05:00,2026-02-01T15:00:00+00:00,5.7292681494395055
2026-01-31,2026-01-31T18:00:00+00:00,2026-01-31T23:00:00+05:00,2026-01-31T12:00:00+00:00,2026-01-31T15:59:20+00:00,2620a9dc19c7eecac65c8391dc6c03bf2facf1706f4c80a86769d90053f6b52f,february-empirical-v1:204ed64bc6d9fa64157d2256888ae687070ec6f9d0d554829fd4d8827c29541c,True,22,0.21157635157906643,0.1712946439780012,1,2026-02-01T21:00:00+05:00,2026-02-01T16:00:00+00:00,5.872723408697605
2026-01-31,2026-01-31T18:00:00+00:00,2026-01-31T23:00:00+05:00,2026-01-31T12:00:00+00:00,2026-01-31T15:59:20+00:00,2620a9dc19c7eecac65c8391dc6c03bf2facf1706f4c80a86769d90053f6b52f,february-empirical-v1:204ed64bc6d9fa64157d2256888ae687070ec6f9d0d554829fd4d8827c29541c,True,23,0.23679427641791845,-0.3155551385220292,1,2026-02-01T22:00:00+05:00,2026-02-01T17:00:00+00:00,6.080393963475251
2026-01-31,2026-01-31T18:00:00+00:00,2026-01-31T23:00:00+05:00,2026-01-31T12:00:00+00:00,2026-01-31T15:59:20+00:00,2620a9dc19c7eecac65c8391dc6c03bf2facf1706f4c80a86769d90053f6b52f,february-empirical-v1:204ed64bc6d9fa64157d2256888ae687070ec6f9d0d554829fd4d8827c29541c,True,24,0.2655520336591409,-0.4816231966639748,1,2026-02-01T23:00:00+05:00,2026-02-01T18:00:00+00:00,6.309636656849513
2026-01-31,2026-01-31T18:00:00+00:00,2026-01-31T23:00:00+05:00,2026-01-31T12:00:00+00:00,2026-01-31T15:59:20+00:00,2620a9dc19c7eecac65c8391dc6c03bf2facf1706f4c80a86769d90053f6b52f,february-empirical-v1:204ed64bc6d9fa64157d2256888ae687070ec6f9d0d554829fd4d8827c29541c,True,1,0.009987947088760217,-1.023871117428314,2,2026-02-01T00:00:00+05:00,2026-01-31T19:00:00+00:00,0.335173906094462
2026-01-31,2026-01-31T18:00:00+00:00,2026-01-31T23:00:00+05:00,2026-01-31T12:00:00+00:00,2026-01-31T15:59:20+00:00,2620a9dc19c7eecac65c8391dc6c03bf2facf1706f4c80a86769d90053f6b52f,february-empirical-v1:204ed64bc6d9fa64157d2256888ae687070ec6f9d0d554829fd4d8827c29541c,True,2,0.009871709411758493,-1.1056160264348591,2,2026-02-01T01:00:00+05:00,2026-01-31T20:00:00+00:00,0.8766925509742336
2026-01-31,2026-01-31T18:00:00+00:00,2026-01-31T23:00:00+05:00,2026-01-31T12:00:00+00:00,2026-01-31T15:59:20+00:00,2620a9dc19c7eecac65c8391dc6c03bf2facf1706f4c80a86769d90053f6b52f,february-empirical-v1:204ed64bc6d9fa64157d2256888ae687070ec6f9d0d554829fd4d8827c29541c,True,3,0.011822133914916924,-1.2067767330744346,2,2026-02-01T02:00:00+05:00,2026-01-31T21:00:00+00:00,1.9334074256060356
2026-01-31,2026-01-31T18:00:00+00:00,2026-01-31T23:00:00+05:00,2026-01-31T12:00:00+00:00,2026-01-31T15:59:20+00:00,2620a9dc19c7eecac65c8391dc6c03bf2facf1706f4c80a86769d90053f6b52f,february-empirical-v1:204ed64bc6d9fa64157d2256888ae687070ec6f9d0d554829fd4d8827c29541c,True,4,0.03854690896644096,-1.5224544364672852,2,2026-02-01T03:00:00+05:00,2026-01-31T22:00:00+00:00,3.2746968243092405
2026-01-31,2026-01-31T18:00:00+00:00,2026-01-31T23:00:00+05:00,2026-01-31T12:00:00+00:00,2026-01-31T15:59:20+00:00,2620a9dc19c7eecac65c8391dc6c03bf2facf1706f4c80a86769d90053f6b52f,february-empirical-v1:204ed64bc6d9fa64157d2256888ae687070ec6f9d0d554829fd4d8827c29541c,True,5,0.07906003128260873,-2.0350683282139244,2,2026-02-01T04:00:00+05:00,2026-01-31T23:00:00+00:00,4.23715258504655
2026-01-31,2026-01-31T18:00:00+00:00,2026-01-31T23:00:00+05:00,2026-01-31T12:00:00+00:00,2026-01-31T15:59:20+00:00,2620a9dc19c7eecac65c8391dc6c03bf2facf1706f4c80a86769d90053f6b52f,february-empirical-v1:204ed64bc6d9fa64157d2256888ae687070ec6f9d0d554829fd4d8827c29541c,True,6,0.13291418405573563,-2.5953286636782877,2,2026-02-01T05:00:00+05:00,2026-02-01T00:00:00+00:00,5.09812235354044
2026-01-31,2026-01-31T18:00:00+00:00,2026-01-31T23:00:00+05:00,2026-01-31T12:00:00+00:00,2026-01-31T15:59:20+00:00,2620a9dc19c7eecac65c8391dc6c03bf2facf1706f4c80a86769d90053f6b52f,february-empirical-v1:204ed64bc6d9fa64157d2256888ae687070ec6f9d0d554829fd4d8827c29541c,True,7,0.1599585844587881,-3.0152754974153595,2,2026-02-01T06:00:00+05:00,2026-02-01T01:00:00+00:00,5.42169326517277
2026-01-31,2026-01-31T18:00:00+00:00,2026-01-31T23:00:00+05:00,2026-01-31T12:00:00+00:00,2026-01-31T15:59:20+00:00,2620a9dc19c7eecac65c8391dc6c03bf2facf1706f4c80a86769d90053f6b52f,february-empirical-v1:204ed64bc6d9fa64157d2256888ae687070ec6f9d0d554829fd4d8827c29541c,True,8,0.1727591722122055,-3.1065633467820817,2,2026-02-01T07:00:00+05:00,2026-02-01T02:00:00+00:00,5.562034171610733
2026-01-31,2026-01-31T18:00:00+00:00,2026-01-31T23:00:00+05:00,2026-01-31T12:00:00+00:00,2026-01-31T15:59:20+00:00,2620a9dc19c7eecac65c8391dc6c03bf2facf1706f4c80a86769d90053f6b52f,february-empirical-v1:204ed64bc6d9fa64157d2256888ae687070ec6f9d0d554829fd4d8827c29541c,True,9,0.08864460454204935,-2.5890688443568592,2,2026-02-01T08:00:00+05:00,2026-02-01T03:00:00+00:00,4.415380184810209
2026-01-31,2026-01-31T18:00:00+00:00,2026-01-31T23:00:00+05:00,2026-01-31T12:00:00+00:00,2026-01-31T15:59:20+00:00,2620a9dc19c7eecac65c8391dc6c03bf2facf1706f4c80a86769d90053f6b52f,february-empirical-v1:204ed64bc6d9fa64157d2256888ae687070ec6f9d0d554829fd4d8827c29541c,True,10,0.12242059732594024,-0.9486675152465978,2,2026-02-01T09:00:00+05:00,2026-02-01T04:00:00+00:00,4.958125759682881
2026-01-31,2026-01-31T18:00:00+00:00,2026-01-31T23:00:00+05:00,2026-01-31T12:00:00+00:00,2026-01-31T15:59:20+00:00,2620a9dc19c7eecac65c8391dc6c03bf2facf1706f4c80a86769d90053f6b52f,february-empirical-v1:204ed64bc6d9fa64157d2256888ae687070ec6f9d0d554829fd4d8827c29541c,True,11,0.17770837695961897,0.9386759525164621,2,2026-02-01T10:00:00+05:00,2026-02-01T05:00:00+00:00,5.616295420686085
2026-01-31,2026-01-31T18:00:00+00:00,2026-01-31T23:00:00+05:00,2026-01-31T12:00:00+00:00,2026-01-31T15:59:20+00:00,2620a9dc19c7eecac65c8391dc6c03bf2facf1706f4c80a86769d90053f6b52f,february-empirical-v1:204ed64bc6d9fa64157d2256888ae687070ec6f9d0d554829fd4d8827c29541c,True,12,0.19978071992887872,2.3791735375587564,2,2026-02-01T11:00:00+05:00,2026-02-01T06:00:00+00:00,5.835995232683139
2026-01-31,2026-01-31T18:00:00+00:00,2026-01-31T23:00:00+05:00,2026-01-31T12:00:00+00:00,2026-01-31T15:59:20+00:00,2620a9dc19c7eecac65c8391dc6c03bf2facf1706f4c80a86769d90053f6b52f,february-empirical-v1:204ed64bc6d9fa64157d2256888ae687070ec6f9d0d554829fd4d8827c29541c,True,13,0.20398562701967135,3.6115984289905896,2,2026-02-01T12:00:00+05:00,2026-02-01T07:00:00+00:00,5.872605519421894
2026-01-31,2026-01-31T18:00:00+00:00,2026-01-31T23:00:00+05:00,2026-01-31T12:00:00+00:00,2026-01-31T15:59:20+00:00,2620a9dc19c7eecac65c8391dc6c03bf2facf1706f4c80a86769d90053f6b52f,february-empirical-v1:204ed64bc6d9fa64157d2256888ae687070ec6f9d0d554829fd4d8827c29541c,True,14,0.1891407780691766,4.310941160743766,2,2026-02-01T13:00:00+05:00,2026-02-01T08:00:00+00:00,5.741636035147273
2026-01-31,2026-01-31T18:00:00+00:00,2026-01-31T23:00:00+05:00,2026-01-31T12:00:00+00:00,2026-01-31T15:59:20+00:00,2620a9dc19c7eecac65c8391dc6c03bf2facf1706f4c80a86769d90053f6b52f,february-empirical-v1:204ed64bc6d9fa64157d2256888ae687070ec6f9d0d554829fd4d8827c29541c,True,15,0.19763020089680586,4.472389811944993,2,2026-02-01T14:00:00+05:00,2026-02-01T09:00:00+00:00,5.817271604145963
2026-01-31,2026-01-31T18:00:00+00:00,2026-01-31T23:00:00+05:00,2026-01-31T12:00:00+00:00,2026-01-31T15:59:20+00:00,2620a9dc19c7eecac65c8391dc6c03bf2facf1706f4c80a86769d90053f6b52f,february-empirical-v1:204ed64bc6d9fa64157d2256888ae687070ec6f9d0d554829fd4d8827c29541c,True,16,0.19546089758870336,3.8379114176429994,2,2026-02-01T15:00:00+05:00,2026-02-01T10:00:00+00:00,5.798384429133972
2026-01-31,2026-01-31T18:00:00+00:00,2026-01-31T23:00:00+05:00,2026-01-31T12:00:00+00:00,2026-01-31T15:59:20+00:00,2620a9dc19c7eecac65c8391dc6c03bf2facf1706f4c80a86769d90053f6b52f,february-empirical-v1:204ed64bc6d9fa64157d2256888ae687070ec6f9d0d554829fd4d8827c29541c,True,17,0.16240480620787212,2.6235152605390795,2,2026-02-01T16:00:00+05:00,2026-02-01T11:00:00+00:00,5.4485127350461795
2026-01-31,2026-01-31T18:00:00+00:00,2026-01-31T23:00:00+05:00,2026-01-31T12:00:00+00:00,2026-01-31T15:59:20+00:00,2620a9dc19c7eecac65c8391dc6c03bf2facf1706f4c80a86769d90053f6b52f,february-empirical-v1:204ed64bc6d9fa64157d2256888ae687070ec6f9d0d554829fd4d8827c29541c,True,18,0.17572337751218303,1.2462263288800273,2,2026-02-01T17:00:00+05:00,2026-02-01T12:00:00+00:00,5.594532621422618
2026-01-31,2026-01-31T18:00:00+00:00,2026-01-31T23:00:00+05:00,2026-01-31T12:00:00+00:00,2026-01-31T15:59:20+00:00,2620a9dc19c7eecac65c8391dc6c03bf2facf1706f4c80a86769d90053f6b52f,february-empirical-v1:204ed64bc6d9fa64157d2256888ae687070ec6f9d0d554829fd4d8827c29541c,True,19,0.21463099020537332,0.77077700655542,2,2026-02-01T18:00:00+05:00,2026-02-01T13:00:00+00:00,5.965290040209551
2026-01-31,2026-01-31T18:00:00+00:00,2026-01-31T23:00:00+05:00,2026-01-31T12:00:00+00:00,2026-01-31T15:59:20+00:00,2620a9dc19c7eecac65c8391dc6c03bf2facf1706f4c80a86769d90053f6b52f,february-empirical-v1:204ed64bc6d9fa64157d2256888ae687070ec6f9d0d554829fd4d8827c29541c,True,20,0.1880656801103383,0.5038109746203645,2,2026-02-01T19:00:00+05:00,2026-02-01T14:00:00+00:00,5.729849059036533
2026-01-31,2026-01-31T18:00:00+00:00,2026-01-31T23:00:00+05:00,2026-01-31T12:00:00+00:00,2026-01-31T15:59:20+00:00,2620a9dc19c7eecac65c8391dc6c03bf2facf1706f4c80a86769d90053f6b52f,february-empirical-v1:204ed64bc6d9fa64157d2256888ae687070ec6f9d0d554829fd4d8827c29541c,True,21,0.1812172144862707,0.21821032990288813,2,2026-02-01T20:00:00+05:00,2026-02-01T15:00:00+00:00,5.654765016654628
2026-01-31,2026-01-31T18:00:00+00:00,2026-01-31T23:00:00+05:00,2026-01-31T12:00:00+00:00,2026-01-31T15:59:20+00:00,2620a9dc19c7eecac65c8391dc6c03bf2facf1706f4c80a86769d90053f6b52f,february-empirical-v1:204ed64bc6d9fa64157d2256888ae687070ec6f9d0d554829fd4d8827c29541c,True,22,0.1953694327748832,0.15696955658478373,2,2026-02-01T21:00:00+05:00,2026-02-01T16:00:00+00:00,5.7975880850083685
2026-01-31,2026-01-31T18:00:00+00:00,2026-01-31T23:00:00+05:00,2026-01-31T12:00:00+00:00,2026-01-31T15:59:20+00:00,2620a9dc19c7eecac65c8391dc6c03bf2facf1706f4c80a86769d90053f6b52f,february-empirical-v1:204ed64bc6d9fa64157d2256888ae687070ec6f9d0d554829fd4d8827c29541c,True,23,0.21934368852475689,-0.31834038591523495,2,2026-02-01T22:00:00+05:00,2026-02-01T17:00:00+00:00,6.006321443058777
2026-01-31,2026-01-31T18:00:00+00:00,2026-01-31T23:00:00+05:00,2026-01-31T12:00:00+00:00,2026-01-31T15:59:20+00:00,2620a9dc19c7eecac65c8391dc6c03bf2facf1706f4c80a86769d90053f6b52f,february-empirical-v1:204ed64bc6d9fa64157d2256888ae687070ec6f9d0d554829fd4d8827c29541c,True,24,0.2454393686663204,-0.4882047496393511,2,2026-02-01T23:00:00+05:00,2026-02-01T18:00:00+00:00,6.233525115339057
2026-02-01,2026-02-01T18:00:00+00:00,2026-02-01T23:00:00+05:00,2026-02-01T12:00:00+00:00,2026-02-01T16:01:19+00:00,c287f05f84a2335906cce2e496ab807c8a0c9cde5172abf9efa71d42e009010d,february-empirical-v1:204ed64bc6d9fa64157d2256888ae687070ec6f9d0d554829fd4d8827c29541c,True,1,0.14737881768516078,-0.6870033771459703,1,2026-02-02T00:00:00+05:00,2026-02-01T19:00:00+00:00,5.212467618883115
2026-02-01,2026-02-01T18:00:00+00:00,2026-02-01T23:00:00+05:00,2026-02-01T12:00:00+00:00,2026-02-01T16:01:19+00:00,c287f05f84a2335906cce2e496ab807c8a0c9cde5172abf9efa71d42e009010d,february-empirical-v1:204ed64bc6d9fa64157d2256888ae687070ec6f9d0d554829fd4d8827c29541c,True,2,0.20007623731179175,-0.9929078207919702,1,2026-02-02T01:00:00+05:00,2026-02-01T20:00:00+00:00,5.778019537338142
2026-02-01,2026-02-01T18:00:00+00:00,2026-02-01T23:00:00+05:00,2026-02-01T12:00:00+00:00,2026-02-01T16:01:19+00:00,c287f05f84a2335906cce2e496ab807c8a0c9cde5172abf9efa71d42e009010d,february-empirical-v1:204ed64bc6d9fa64157d2256888ae687070ec6f9d0d554829fd4d8827c29541c,True,3,0.2444271418066668,-1.1571801125759862,1,2026-02-02T02:00:00+05:00,2026-02-01T21:00:00+00:00,6.143250895596102
2026-02-01,2026-02-01T18:00:00+00:00,2026-02-01T23:00:00+05:00,2026-02-01T12:00:00+00:00,2026-02-01T16:01:19+00:00,c287f05f84a2335906cce2e496ab807c8a0c9cde5172abf9efa71d42e009010d,february-empirical-v1:204ed64bc6d9fa64157d2256888ae687070ec6f9d0d554829fd4d8827c29541c,True,4,0.2762472397933409,-1.4649979895160072,1,2026-02-02T03:00:00+05:00,2026-02-01T22:00:00+00:00,6.387781571465403
2026-02-01,2026-02-01T18:00:00+00:00,2026-02-01T23:00:00+05:00,2026-02-01T12:00:00+00:00,2026-02-01T16:01:19+00:00,c287f05f84a2335906cce2e496ab807c8a0c9cde5172abf9efa71d42e009010d,february-empirical-v1:204ed64bc6d9fa64157d2256888ae687070ec6f9d0d554829fd4d8827c29541c,True,5,0.318517740155856,-1.6574722838519733,1,2026-02-02T04:00:00+05:00,2026-02-01T23:00:00+00:00,6.696632527693072
2026-02-01,2026-02-01T18:00:00+00:00,2026-02-01T23:00:00+05:00,2026-02-01T12:00:00+00:00,2026-02-01T16:01:19+00:00,c287f05f84a2335906cce2e496ab807c8a0c9cde5172abf9efa71d42e009010d,february-empirical-v1:204ed64bc6d9fa64157d2256888ae687070ec6f9d0d554829fd4d8827c29541c,True,6,0.3651330566624827,-1.878863339130021,1,2026-02-02T05:00:00+05:00,2026-02-02T00:00:00+00:00,7.019231160946165
2026-02-01,2026-02-01T18:00:00+00:00,2026-02-01T23:00:00+05:00,2026-02-01T12:00:00+00:00,2026-02-01T16:01:19+00:00,c287f05f84a2335906cce2e496ab807c8a0c9cde5172abf9efa71d42e009010d,february-empirical-v1:204ed64bc6d9fa64157d2256888ae687070ec6f9d0d554829fd4d8827c29541c,True,7,0.3807647324114539,-2.1560986220119958,1,2026-02-02T06:00:00+05:00,2026-02-02T01:00:00+00:00,7.126287915555935
2026-02-01,2026-02-01T18:00:00+00:00,2026-02-01T23:00:00+05:00,2026-02-01T12:00:00+00:00,2026-02-01T16:01:19+00:00,c287f05f84a2335906cce2e496ab807c8a0c9cde5172abf9efa71d42e009010d,february-empirical-v1:204ed64bc6d9fa64157d2256888ae687070ec6f9d0d554829fd4d8827c29541c,True,8,0.38977057777867036,-2.3814563990259785,1,2026-02-02T07:00:00+05:00,2026-02-02T02:00:00+00:00,7.187966304553677
2026-02-01,2026-02-01T18:00:00+00:00,2026-02-01T23:00:00+05:00,2026-02-01T12:00:00+00:00,2026-02-01T16:01:19+00:00,c287f05f84a2335906cce2e496ab807c8a0c9cde5172abf9efa71d42e009010d,february-empirical-v1:204ed64bc6d9fa64157d2256888ae687070ec6f9d0d554829fd4d8827c29541c,True,9,0.4313268472472261,-1.7370712422940073,1,2026-02-02T08:00:00+05:00,2026-02-02T03:00:00+00:00,7.4612448503034825
2026-02-01,2026-02-01T18:00:00+00:00,2026-02-01T23:00:00+05:00,2026-02-01T12:00:00+00:00,2026-02-01T16:01:19+00:00,c287f05f84a2335906cce2e496ab807c8a0c9cde5172abf9efa71d42e009010d,february-empirical-v1:204ed64bc6d9fa64157d2256888ae687070ec6f9d0d554829fd4d8827c29541c,True,10,0.4469801319888786,0.1705572199720109,1,2026-02-02T09:00:00+05:00,2026-02-02T04:00:00+00:00,7.562993276814422
2026-02-01,2026-02-01T18:00:00+00:00,2026-02-01T23:00:00+05:00,2026-02-01T12:00:00+00:00,2026-02-01T16:01:19+00:00,c287f05f84a2335906cce2e496ab807c8a0c9cde5172abf9efa71d42e009010d,february-empirical-v1:204ed64bc6d9fa64157d2256888ae687070ec6f9d0d554829fd4d8827c29541c,True,11,0.5501984262004651,2.2416277259919752,1,2026-02-02T10:00:00+05:00,2026-02-02T05:00:00+00:00,8.269155923851795
2026-02-01,2026-02-01T18:00:00+00:00,2026-02-01T23:00:00+05:00,2026-02-01T12:00:00+00:00,2026-02-01T16:01:19+00:00,c287f05f84a2335906cce2e496ab807c8a0c9cde5172abf9efa71d42e009010d,february-empirical-v1:204ed64bc6d9fa64157d2256888ae687070ec6f9d0d554829fd4d8827c29541c,True,12,0.6461401816505081,4.004190556552032,1,2026-02-02T11:00:00+05:00,2026-02-02T06:00:00+00:00,8.895544010380144
2026-02-01,2026-02-01T18:00:00+00:00,2026-02-01T23:00:00+05:00,2026-02-01T12:00:00+00:00,2026-02-01T16:01:19+00:00,c287f05f84a2335906cce2e496ab807c8a0c9cde5172abf9efa71d42e009010d,february-empirical-v1:204ed64bc6d9fa64157d2256888ae687070ec6f9d0d554829fd4d8827c29541c,True,13,0.7082048120239467,5.059419250835958,1,2026-02-02T12:00:00+05:00,2026-02-02T07:00:00+00:00,9.348223369027401
2026-02-01,2026-02-01T18:00:00+00:00,2026-02-01T23:00:00+05:00,2026-02-01T12:00:00+00:00,2026-02-01T16:01:19+00:00,c287f05f84a2335906cce2e496ab807c8a0c9cde5172abf9efa71d42e009010d,february-empirical-v1:204ed64bc6d9fa64157d2256888ae687070ec6f9d0d554829fd4d8827c29541c,True,14,0.7425930854740334,5.726504508565995,1,2026-02-02T13:00:00+05:00,2026-02-02T08:00:00+00:00,9.59771144799839
2026-02-01,2026-02-01T18:00:00+00:00,2026-02-01T23:00:00+05:00,2026-02-01T12:00:00+00:00,2026-02-01T16:01:19+00:00,c287f05f84a2335906cce2e496ab807c8a0c9cde5172abf9efa71d42e009010d,february-empirical-v1:204ed64bc6d9fa64157d2256888ae687070ec6f9d0d554829fd4d8827c29541c,True,15,0.7503618620613941,5.862923477342008,1,2026-02-02T14:00:00+05:00,2026-02-02T09:00:00+00:00,9.654074183090302
2026-02-01,2026-02-01T18:00:00+00:00,2026-02-01T23:00:00+05:00,2026-02-01T12:00:00+00:00,2026-02-01T16:01:19+00:00,c287f05f84a2335906cce2e496ab807c8a0c9cde5172abf9efa71d42e009010d,february-empirical-v1:204ed64bc6d9fa64157d2256888ae687070ec6f9d0d554829fd4d8827c29541c,True,16,0.6206866831845764,5.196618926830013,1,2026-02-02T15:00:00+05:00,2026-02-02T10:00:00+00:00,8.715031628113074
2026-02-01,2026-02-01T18:00:00+00:00,2026-02-01T23:00:00+05:00,2026-02-01T12:00:00+00:00,2026-02-01T16:01:19+00:00,c287f05f84a2335906cce2e496ab807c8a0c9cde5172abf9efa71d42e009010d,february-empirical-v1:204ed64bc6d9fa64157d2256888ae687070ec6f9d0d554829fd4d8827c29541c,True,17,0.39851503838313546,3.6227766423600087,1,2026-02-02T16:00:00+05:00,2026-02-02T11:00:00+00:00,7.247854546106322
2026-02-01,2026-02-01T18:00:00+00:00,2026-02-01T23:00:00+05:00,2026-02-01T12:00:00+00:00,2026-02-01T16:01:19+00:00,c287f05f84a2335906cce2e496ab807c8a0c9cde5172abf9efa71d42e009010d,february-empirical-v1:204ed64bc6d9fa64157d2256888ae687070ec6f9d0d554829fd4d8827c29541c,True,18,0.17772599373480977,1.3091342162060187,1,2026-02-02T17:00:00+05:00,2026-02-02T12:00:00+00:00,5.546281793977726
2026-02-01,2026-02-01T18:00:00+00:00,2026-02-01T23:00:00+05:00,2026-02-01T12:00:00+00:00,2026-02-01T16:01:19+00:00,c287f05f84a2335906cce2e496ab807c8a0c9cde5172abf9efa71d42e009010d,february-empirical-v1:204ed64bc6d9fa64157d2256888ae687070ec6f9d0d554829fd4d8827c29541c,True,19,0.07129244999640255,0.5372934133840204,1,2026-02-02T18:00:00+05:00,2026-02-02T13:00:00+00:00,4.0096804699799184
2026-02-01,2026-02-01T18:00:00+00:00,2026-02-01T23:00:00+05:00,2026-02-01T12:00:00+00:00,2026-02-01T16:01:19+00:00,c287f05f84a2335906cce2e496ab807c8a0c9cde5172abf9efa71d42e009010d,february-empirical-v1:204ed64bc6d9fa64157d2256888ae687070ec6f9d0d554829fd4d8827c29541c,True,20,0.06534074409626947,0.5321676717520063,1,2026-02-02T19:00:00+05:00,2026-02-02T14:00:00+00:00,3.88561275605814
2026-02-01,2026-02-01T18:00:00+00:00,2026-02-01T23:00:00+05:00,2026-02-01T12:00:00+00:00,2026-02-01T16:01:19+00:00,c287f05f84a2335906cce2e496ab807c8a0c9cde5172abf9efa71d42e009010d,february-empirical-v1:204ed64bc6d9fa64157d2256888ae687070ec6f9d0d554829fd4d8827c29541c,True,21,0.05944892332342043,0.7791488544260119,1,2026-02-02T20:00:00+05:00,2026-02-02T15:00:00+00:00,3.762793391931314
2026-02-01,2026-02-01T18:00:00+00:00,2026-02-01T23:00:00+05:00,2026-02-01T12:00:00+00:00,2026-02-01T16:01:19+00:00,c287f05f84a2335906cce2e496ab807c8a0c9cde5172abf9efa71d42e009010d,february-empirical-v1:204ed64bc6d9fa64157d2256888ae687070ec6f9d0d554829fd4d8827c29541c,True,22,0.07511488926209764,0.6188682311880029,1,2026-02-02T21:00:00+05:00,2026-02-02T16:00:00+00:00,4.0893620451883015
2026-02-01,2026-02-01T18:00:00+00:00,2026-02-01T23:00:00+05:00,2026-02-01T12:00:00+00:00,2026-02-01T16:01:19+00:00,c287f05f84a2335906cce2e496ab807c8a0c9cde5172abf9efa71d42e009010d,february-empirical-v1:204ed64bc6d9fa64157d2256888ae687070ec6f9d0d554829fd4d8827c29541c,True,23,0.09371247624604966,0.4148304169520429,1,2026-02-02T22:00:00+05:00,2026-02-02T17:00:00+00:00,4.430450762640651
2026-02-01,2026-02-01T18:00:00+00:00,2026-02-01T23:00:00+05:00,2026-02-01T12:00:00+00:00,2026-02-01T16:01:19+00:00,c287f05f84a2335906cce2e496ab807c8a0c9cde5172abf9efa71d42e009010d,february-empirical-v1:204ed64bc6d9fa64157d2256888ae687070ec6f9d0d554829fd4d8827c29541c,True,24,0.10416017666468738,0.19970912792405215,1,2026-02-02T23:00:00+05:00,2026-02-02T18:00:00+00:00,4.60354777554978
2026-02-01,2026-02-01T18:00:00+00:00,2026-02-01T23:00:00+05:00,2026-02-01T12:00:00+00:00,2026-02-01T16:01:19+00:00,c287f05f84a2335906cce2e496ab807c8a0c9cde5172abf9efa71d42e009010d,february-empirical-v1:204ed64bc6d9fa64157d2256888ae687070ec6f9d0d554829fd4d8827c29541c,True,1,0.13602908466736985,-0.6875357054250344,2,2026-02-02T00:00:00+05:00,2026-02-01T19:00:00+00:00,5.1396787333619764
2026-02-01,2026-02-01T18:00:00+00:00,2026-02-01T23:00:00+05:00,2026-02-01T12:00:00+00:00,2026-02-01T16:01:19+00:00,c287f05f84a2335906cce2e496ab807c8a0c9cde5172abf9efa71d42e009010d,february-empirical-v1:204ed64bc6d9fa64157d2256888ae687070ec6f9d0d554829fd4d8827c29541c,True,2,0.18547417734206895,-0.9935255711100126,2,2026-02-02T01:00:00+05:00,2026-02-01T20:00:00+00:00,5.701436781839471
2026-02-01,2026-02-01T18:00:00+00:00,2026-02-01T23:00:00+05:00,2026-02-01T12:00:00+00:00,2026-02-01T16:01:19+00:00,c287f05f84a2335906cce2e496ab807c8a0c9cde5172abf9efa71d42e009010d,february-empirical-v1:204ed64bc6d9fa64157d2256888ae687070ec6f9d0d554829fd4d8827c29541c,True,3,0.22609810476298384,-1.1563809671781655,2,2026-02-02T02:00:00+05:00,2026-02-01T21:00:00+00:00,6.065129190743822
2026-02-01,2026-02-01T18:00:00+00:00,2026-02-01T23:00:00+05:00,2026-02-01T12:00:00+00:00,2026-02-01T16:01:19+00:00,c287f05f84a2335906cce2e496ab807c8a0c9cde5172abf9efa71d42e009010d,february-empirical-v1:204ed64bc6d9fa64157d2256888ae687070ec6f9d0d554829fd4d8827c29541c,True,4,0.2554401203772008,-1.4616581353437823,2,2026-02-02T03:00:00+05:00,2026-02-01T22:00:00+00:00,6.310095629266103
2026-02-01,2026-02-01T18:00:00+00:00,2026-02-01T23:00:00+05:00,2026-02-01T12:00:00+00:00,2026-02-01T16:01:19+00:00,c287f05f84a2335906cce2e496ab807c8a0c9cde5172abf9efa71d42e009010d,february-empirical-v1:204ed64bc6d9fa64157d2256888ae687070ec6f9d0d554829fd4d8827c29541c,True,5,0.2966958271640184,-1.6547011429443614,2,2026-02-02T04:00:00+05:00,2026-02-01T23:00:00+00:00,6.615859128148459
2026-02-01,2026-02-01T18:00:00+00:00,2026-02-01T23:00:00+05:00,2026-02-01T12:00:00+00:00,2026-02-01T16:01:19+00:00,c287f05f84a2335906cce2e496ab807c8a0c9cde5172abf9efa71d42e009010d,february-empirical-v1:204ed64bc6d9fa64157d2256888ae687070ec6f9d0d554829fd4d8827c29541c,True,6,0.34149566280828725,-1.872237560941187,2,2026-02-02T05:00:00+05:00,2026-02-02T00:00:00+00:00,6.930364101044686
2026-02-01,2026-02-01T18:00:00+00:00,2026-02-01T23:00:00+05:00,2026-02-01T12:00:00+00:00,2026-02-01T16:01:19+00:00,c287f05f84a2335906cce2e496ab807c8a0c9cde5172abf9efa71d42e009010d,february-empirical-v1:204ed64bc6d9fa64157d2256888ae687070ec6f9d0d554829fd4d8827c29541c,True,7,0.3576003312069805,-2.148413744502818,2,2026-02-02T06:00:00+05:00,2026-02-02T01:00:00+00:00,7.0391519479943385
2026-02-01,2026-02-01T18:00:00+00:00,2026-02-01T23:00:00+05:00,2026-02-01T12:00:00+00:00,2026-02-01T16:01:19+00:00,c287f05f84a2335906cce2e496ab807c8a0c9cde5172abf9efa71d42e009010d,february-empirical-v1:204ed64bc6d9fa64157d2256888ae687070ec6f9d0d554829fd4d8827c29541c,True,8,0.3665458884268829,-2.3724885228762105,2,2026-02-02T07:00:00+05:00,2026-02-02T02:00:00+00:00,7.099579638004837
2026-02-01,2026-02-01T18:00:00+00:00,2026-02-01T23:00:00+05:00,2026-02-01T12:00:00+00:00,2026-02-01T16:01:19+00:00,c287f05f84a2335906cce2e496ab807c8a0c9cde5172abf9efa71d42e009010d,february-empirical-v1:204ed64bc6d9fa64157d2256888ae687070ec6f9d0d554829fd4d8827c29541c,True,9,0.40575589647602683,-1.7252050708405022,2,2026-02-02T08:00:00+05:00,2026-02-02T03:00:00+00:00,7.368390188643004
2026-02-01,2026-02-01T18:00:00+00:00,2026-02-01T23:00:00+05:00,2026-02-01T12:00:00+00:00,2026-02-01T16:01:19+00:00,c287f05f84a2335906cce2e496ab807c8a0c9cde5172abf9efa71d42e009010d,february-empirical-v1:204ed64bc6d9fa64157d2256888ae687070ec6f9d0d554829fd4d8827c29541c,True,10,0.42044379548241073,0.18857551101331183,2,2026-02-02T09:00:00+05:00,2026-02-02T04:00:00+00:00,7.471027751183807
2026-02-01,2026-02-01T18:00:00+00:00,2026-02-01T23:00:00+05:00,2026-02-01T12:00:00+00:00,2026-02-01T16:01:19+00:00,c287f05f84a2335906cce2e496ab807c8a0c9cde5172abf9efa71d42e009010d,february-empirical-v1:204ed64bc6d9fa64157d2256888ae687070ec6f9d0d554829fd4d8827c29541c,True,11,0.5216757503877206,2.255656439958102,2,2026-02-02T10:00:00+05:00,2026-02-02T05:00:00+00:00,8.167687567389102
2026-02-01,2026-02-01T18:00:00+00:00,2026-02-01T23:00:00+05:00,2026-02-01T12:00:00+00:00,2026-02-01T16:01:19+00:00,c287f05f84a2335906cce2e496ab807c8a0c9cde5172abf9efa71d42e009010d,february-empirical-v1:204ed64bc6d9fa64157d2256888ae687070ec6f9d0d554829fd4d8827c29541c,True,12,0.6198431563082489,4.010099179292524,2,2026-02-02T11:00:00+05:00,2026-02-02T06:00:00+00:00,8.788671911268716
2026-02-01,2026-02-01T18:00:00+00:00,2026-02-01T23:00:00+05:00,2026-02-01T12:00:00+00:00,2026-02-01T16:01:19+00:00,c287f05f84a2335906cce2e496ab807c8a0c9cde5172abf9efa71d42e009010d,february-empirical-v1:204ed64bc6d9fa64157d2256888ae687070ec6f9d0d554829fd4d8827c29541c,True,13,0.6733588736148748,5.0591525778606865,2,2026-02-02T12:00:00+05:00,2026-02-02T07:00:00+00:00,9.237572032856779
2026-02-01,2026-02-01T18:00:00+00:00,2026-02-01T23:00:00+05:00,2026-02-01T12:00:00+00:00,2026-02-01T16:01:19+00:00,c287f05f84a2335906cce2e496ab807c8a0c9cde5172abf9efa71d42e009010d,february-empirical-v1:204ed64bc6d9fa64157d2256888ae687070ec6f9d0d554829fd4d8827c29541c,True,14,0.7114523639545333,5.722281812665926,2,2026-02-02T13:00:00+05:00,2026-02-02T08:00:00+00:00,9.487018936778286
2026-02-01,2026-02-01T18:00:00+00:00,2026-02-01T23:00:00+05:00,2026-02-01T12:00:00+00:00,2026-02-01T16:01:19+00:00,c287f05f84a2335906cce2e496ab807c8a0c9cde5172abf9efa71d42e009010d,february-empirical-v1:204ed64bc6d9fa64157d2256888ae687070ec6f9d0d554829fd4d8827c29541c,True,15,0.7208778817309334,5.852308945932123,2,2026-02-02T14:00:00+05:00,2026-02-02T09:00:00+00:00,9.548038084885158
2026-02-01,2026-02-01T18:00:00+00:00,2026-02-01T23:00:00+05:00,2026-02-01T12:00:00+00:00,2026-02-01T16:01:19+00:00,c287f05f84a2335906cce2e496ab807c8a0c9cde5172abf9efa71d42e009010d,february-empirical-v1:204ed64bc6d9fa64157d2256888ae687070ec6f9d0d554829fd4d8827c29541c,True,16,0.5946761682196433,5.177691472289268,2,2026-02-02T15:00:00+05:00,2026-02-02T10:00:00+00:00,8.623846519231284
2026-02-01,2026-02-01T18:00:00+00:00,2026-02-01T23:00:00+05:00,2026-02-01T12:00:00+00:00,2026-02-01T16:01:19+00:00,c287f05f84a2335906cce2e496ab807c8a0c9cde5172abf9efa71d42e009010d,february-empirical-v1:204ed64bc6d9fa64157d2256888ae687070ec6f9d0d554829fd4d8827c29541c,True,17,0.37573931740996575,3.597420388766409,2,2026-02-02T16:00:00+05:00,2026-02-02T11:00:00+00:00,7.161681714272068
2026-02-01,2026-02-01T18:00:00+00:00,2026-02-01T23:00:00+05:00,2026-02-01T12:00:00+00:00,2026-02-01T16:01:19+00:00,c287f05f84a2335906cce2e496ab807c8a0c9cde5172abf9efa71d42e009010d,february-empirical-v1:204ed64bc6d9fa64157d2256888ae687070ec6f9d0d554829fd4d8827c29541c,True,18,0.16310542334201517,1.2814399338994917,2,2026-02-02T17:00:00+05:00,2026-02-02T12:00:00+00:00,5.4561940419959605
2026-02-01,2026-02-01T18:00:00+00:00,2026-02-01T23:00:00+05:00,2026-02-01T12:00:00+00:00,2026-02-01T16:01:19+00:00,c287f05f84a2335906cce2e496ab807c8a0c9cde5172abf9efa71d42e009010d,february-empirical-v1:204ed64bc6d9fa64157d2256888ae687070ec6f9d0d554829fd4d8827c29541c,True,19,0.06446468000817594,0.5220129260522413,2,2026-02-02T18:00:00+05:00,2026-02-02T13:00:00+00:00,3.925428328493246
2026-02-01,2026-02-01T18:00:00+00:00,2026-02-01T23:00:00+05:00,2026-02-01T12:00:00+00:00,2026-02-01T16:01:19+00:00,c287f05f84a2335906cce2e496ab807c8a0c9cde5172abf9efa71d42e009010d,february-empirical-v1:204ed64bc6d9fa64157d2256888ae687070ec6f9d0d554829fd4d8827c29541c,True,20,0.059035504386363895,0.519107883740503,2,2026-02-02T19:00:00+05:00,2026-02-02T14:00:00+00:00,3.809473206716127
2026-02-01,2026-02-01T18:00:00+00:00,2026-02-01T23:00:00+05:00,2026-02-01T12:00:00+00:00,2026-02-01T16:01:19+00:00,c287f05f84a2335906cce2e496ab807c8a0c9cde5172abf9efa71d42e009010d,february-empirical-v1:204ed64bc6d9fa64157d2256888ae687070ec6f9d0d554829fd4d8827c29541c,True,21,0.05448491457639222,0.7704120111723114,2,2026-02-02T20:00:00+05:00,2026-02-02T15:00:00+00:00,3.7025884575191217
2026-02-01,2026-02-01T18:00:00+00:00,2026-02-01T23:00:00+05:00,2026-02-01T12:00:00+00:00,2026-02-01T16:01:19+00:00,c287f05f84a2335906cce2e496ab807c8a0c9cde5172abf9efa71d42e009010d,february-empirical-v1:204ed64bc6d9fa64157d2256888ae687070ec6f9d0d554829fd4d8827c29541c,True,22,0.06914836423531544,0.6168132710651548,2,2026-02-02T21:00:00+05:00,2026-02-02T16:00:00+00:00,4.02546141136896
2026-02-01,2026-02-01T18:00:00+00:00,2026-02-01T23:00:00+05:00,2026-02-01T12:00:00+00:00,2026-02-01T16:01:19+00:00,c287f05f84a2335906cce2e496ab807c8a0c9cde5172abf9efa71d42e009010d,february-empirical-v1:204ed64bc6d9fa64157d2256888ae687070ec6f9d0d554829fd4d8827c29541c,True,23,0.08637114646143208,0.40487773818853157,2,2026-02-02T22:00:00+05:00,2026-02-02T17:00:00+00:00,4.3735252090961705
2026-02-01,2026-02-01T18:00:00+00:00,2026-02-01T23:00:00+05:00,2026-02-01T12:00:00+00:00,2026-02-01T16:01:19+00:00,c287f05f84a2335906cce2e496ab807c8a0c9cde5172abf9efa71d42e009010d,february-empirical-v1:204ed64bc6d9fa64157d2256888ae687070ec6f9d0d554829fd4d8827c29541c,True,24,0.09564443307444626,0.19114324644181124,2,2026-02-02T23:00:00+05:00,2026-02-02T18:00:00+00:00,4.544248913784687
2026-02-02,2026-02-02T18:00:00+00:00,2026-02-02T23:00:00+05:00,2026-02-02T12:00:00+00:00,2026-02-02T16:00:22+00:00,07d1e4904a4de194a9f090eeaab37b3fc95abdcfdae379be35f0a4479348b461,february-empirical-v1:204ed64bc6d9fa64157d2256888ae687070ec6f9d0d554829fd4d8827c29541c,True,1,0.13957067252372338,0.43793986076201463,1,2026-02-03T00:00:00+05:00,2026-02-02T19:00:00+00:00,5.107432619984419
2026-02-02,2026-02-02T18:00:00+00:00,2026-02-02T23:00:00+05:00,2026-02-02T12:00:00+00:00,2026-02-02T16:00:22+00:00,07d1e4904a4de194a9f090eeaab37b3fc95abdcfdae379be35f0a4479348b461,february-empirical-v1:204ed64bc6d9fa64157d2256888ae687070ec6f9d0d554829fd4d8827c29541c,True,2,0.19245598713595774,0.2552609403539918,1,2026-02-03T01:00:00+05:00,2026-02-02T20:00:00+00:00,5.70465233581969
2026-02-02,2026-02-02T18:00:00+00:00,2026-02-02T23:00:00+05:00,2026-02-02T12:00:00+00:00,2026-02-02T16:00:22+00:00,07d1e4904a4de194a9f090eeaab37b3fc95abdcfdae379be35f0a4479348b461,february-empirical-v1:204ed64bc6d9fa64157d2256888ae687070ec6f9d0d554829fd4d8827c29541c,True,3,0.2304798575688176,0.0011010212480186965,1,2026-02-03T02:00:00+05:00,2026-02-02T21:00:00+00:00,6.028394487948584
2026-02-02,2026-02-02T18:00:00+00:00,2026-02-02T23:00:00+05:00,2026-02-02T12:00:00+00:00,2026-02-02T16:00:22+00:00,07d1e4904a4de194a9f090eeaab37b3fc95abdcfdae379be35f0a4479348b461,february-empirical-v1:204ed64bc6d9fa64157d2256888ae687070ec6f9d0d554829fd4d8827c29541c,True,4,0.34305150912383126,0.0137237244859989,1,2026-02-03T03:00:00+05:00,2026-02-02T22:00:00+00:00,6.868001129424756
2026-02-02,2026-02-02T18:00:00+00:00,2026-02-02T23:00:00+05:00,2026-02-02T12:00:00+00:00,2026-02-02T16:00:22+00:00,07d1e4904a4de194a9f090eeaab37b3fc95abdcfdae379be35f0a4479348b461,february-empirical-v1:204ed64bc6d9fa64157d2256888ae687070ec6f9d0d554829fd4d8827c29541c,True,5,0.30980558697093935,-0.3394032679659631,1,2026-02-03T04:00:00+05:00,2026-02-02T23:00:00+00:00,6.632976861947758
2026-02-02,2026-02-02T18:00:00+00:00,2026-02-02T23:00:00+05:00,2026-02-02T12:00:00+00:00,2026-02-02T16:00:22+00:00,07d1e4904a4de194a9f090eeaab37b3fc95abdcfdae379be35f0a4479348b461,february-empirical-v1:204ed64bc6d9fa64157d2256888ae687070ec6f9d0d554829fd4d8827c29541c,True,6,0.24794445286885095,-0.7423434295720313,1,2026-02-03T05:00:00+05:00,2026-02-03T00:00:00+00:00,6.172216083821422
2026-02-02,2026-02-02T18:00:00+00:00,2026-02-02T23:00:00+05:00,2026-02-02T12:00:00+00:00,2026-02-02T16:00:22+00:00,07d1e4904a4de194a9f090eeaab37b3fc95abdcfdae379be35f0a4479348b461,february-empirical-v1:204ed64bc6d9fa64157d2256888ae687070ec6f9d0d554829fd4d8827c29541c,True,7,0.19435903081561498,-1.0046671844419848,1,2026-02-03T06:00:00+05:00,2026-02-03T01:00:00+00:00,5.725113041434993
2026-02-02,2026-02-02T18:00:00+00:00,2026-02-02T23:00:00+05:00,2026-02-02T12:00:00+00:00,2026-02-02T16:00:22+00:00,07d1e4904a4de194a9f090eeaab37b3fc95abdcfdae379be35f0a4479348b461,february-empirical-v1:204ed64bc6d9fa64157d2256888ae687070ec6f9d0d554829fd4d8827c29541c,True,8,0.14321165908424213,-1.3887987008439495,1,2026-02-03T07:00:00+05:00,2026-02-03T02:00:00+00:00,5.1564110920116795
2026-02-02,2026-02-02T18:00:00+00:00,2026-02-02T23:00:00+05:00,2026-02-02T12:00:00+00:00,2026-02-02T16:00:22+00:00,07d1e4904a4de194a9f090eeaab37b3fc95abdcfdae379be35f0a4479348b461,february-empirical-v1:204ed64bc6d9fa64157d2256888ae687070ec6f9d0d554829fd4d8827c29541c,True,9,0.15788615348814547,-0.4741873635999809,1,2026-02-03T08:00:00+05:00,2026-02-03T03:00:00+00:00,5.332972380704169
2026-02-02,2026-02-02T18:00:00+00:00,2026-02-02T23:00:00+05:00,2026-02-02T12:00:00+00:00,2026-02-02T16:00:22+00:00,07d1e4904a4de194a9f090eeaab37b3fc95abdcfdae379be35f0a4479348b461,february-empirical-v1:204ed64bc6d9fa64157d2256888ae687070ec6f9d0d554829fd4d8827c29541c,True,10,0.0647551490673139,1.0451618146300348,1,2026-02-03T09:00:00+05:00,2026-02-03T04:00:00+00:00,3.8734055943224015
2026-02-02,2026-02-02T18:00:00+00:00,2026-02-02T23:00:00+05:00,2026-02-02T12:00:00+00:00,2026-02-02T16:00:22+00:00,07d1e4904a4de194a9f090eeaab37b3fc95abdcfdae379be35f0a4479348b461,february-empirical-v1:204ed64bc6d9fa64157d2256888ae687070ec6f9d0d554829fd4d8827c29541c,True,11,0.048408280465081464,2.514913068194005,1,2026-02-03T10:00:00+05:00,2026-02-03T05:00:00+00:00,3.462345161523856
2026-02-02,2026-02-02T18:00:00+00:00,2026-02-02T23:00:00+05:00,2026-02-02T12:00:00+00:00,2026-02-02T16:00:22+00:00,07d1e4904a4de194a9f090eeaab37b3fc95abdcfdae379be35f0a4479348b461,february-empirical-v1:204ed64bc6d9fa64157d2256888ae687070ec6f9d0d554829fd4d8827c29541c,True,12,0.044667183004208764,3.9647567547000335,1,2026-02-03T11:00:00+05:00,2026-02-03T06:00:00+00:00,3.359136906799099
2026-02-02,2026-02-02T18:00:00+00:00,2026-02-02T23:00:00+05:00,2026-02-02T12:00:00+00:00,2026-02-02T16:00:22+00:00,07d1e4904a4de194a9f090eeaab37b3fc95abdcfdae379be35f0a4479348b461,february-empirical-v1:204ed64bc6d9fa64157d2256888ae687070ec6f9d0d554829fd4d8827c29541c,True,13,0.03870388070892545,4.923771615156056,1,2026-02-03T12:00:00+05:00,2026-02-03T07:00:00+00:00,3.1836295339656866
2026-02-02,2026-02-02T18:00:00+00:00,2026-02-02T23:00:00+05:00,2026-02-02T12:00:00+00:00,2026-02-02T16:00:22+00:00,07d1e4904a4de194a9f090eeaab37b3fc95abdcfdae379be35f0a4479348b461,february-empirical-v1:204ed64bc6d9fa64157d2256888ae687070ec6f9d0d554829fd4d8827c29541c,True,14,0.017208895591056338,5.44813019416199,1,2026-02-03T13:00:00+05:00,2026-02-03T08:00:00+00:00,2.304599466797801
2026-02-02,2026-02-02T18:00:00+00:00,2026-02-02T23:00:00+05:00,2026-02-02T12:00:00+00:00,2026-02-02T16:00:22+00:00,07d1e4904a4de194a9f090eeaab37b3fc95abdcfdae379be35f0a4479348b461,february-empirical-v1:204ed64bc6d9fa64157d2256888ae687070ec6f9d0d554829fd4d8827c29541c,True,15,0.009976951077383903,5.406217996609996,1,2026-02-03T14:00:00+05:00,2026-02-03T09:00:00+00:00,0.9338763123912566
2026-02-02,2026-02-02T18:00:00+00:00,2026-02-02T23:00:00+05:00,2026-02-02T12:00:00+00:00,2026-02-02T16:00:22+00:00,07d1e4904a4de194a9f090eeaab37b3fc95abdcfdae379be35f0a4479348b461,february-empirical-v1:204ed64bc6d9fa64157d2256888ae687070ec6f9d0d554829fd4d8827c29541c,True,16,0.009993286323966259,4.9377960684200275,1,2026-02-03T15:00:00+05:00,2026-02-03T10:00:00+00:00,0.545066061682904
2026-02-02,2026-02-02T18:00:00+00:00,2026-02-02T23:00:00+05:00,2026-02-02T12:00:00+00:00,2026-02-02T16:00:22+00:00,07d1e4904a4de194a9f090eeaab37b3fc95abdcfdae379be35f0a4479348b461,february-empirical-v1:204ed64bc6d9fa64157d2256888ae687070ec6f9d0d554829fd4d8827c29541c,True,17,0.015639198658983965,3.8469948217440333,1,2026-02-03T16:00:00+05:00,2026-02-03T11:00:00+00:00,2.1971675261818833
2026-02-02,2026-02-02T18:00:00+00:00,2026-02-02T23:00:00+05:00,2026-02-02T12:00:00+00:00,2026-02-02T16:00:22+00:00,07d1e4904a4de194a9f090eeaab37b3fc95abdcfdae379be35f0a4479348b461,february-empirical-v1:204ed64bc6d9fa64157d2256888ae687070ec6f9d0d554829fd4d8827c29541c,True,18,0.030022997906536793,2.7795039409580227,1,2026-02-03T17:00:00+05:00,2026-02-03T12:00:00+00:00,2.8966004714662774
2026-02-02,2026-02-02T18:00:00+00:00,2026-02-02T23:00:00+05:00,2026-02-02T12:00:00+00:00,2026-02-02T16:00:22+00:00,07d1e4904a4de194a9f090eeaab37b3fc95abdcfdae379be35f0a4479348b461,february-empirical-v1:204ed64bc6d9fa64157d2256888ae687070ec6f9d0d554829fd4d8827c29541c,True,19,0.07039604573896335,3.107401285186029,1,2026-02-03T18:00:00+05:00,2026-02-03T13:00:00+00:00,3.9909942598686725
2026-02-02,2026-02-02T18:00:00+00:00,2026-02-02T23:00:00+05:00,2026-02-02T12:00:00+00:00,2026-02-02T16:00:22+00:00,07d1e4904a4de194a9f090eeaab37b3fc95abdcfdae379be35f0a4479348b461,february-empirical-v1:204ed64bc6d9fa64157d2256888ae687070ec6f9d0d554829fd4d8827c29541c,True,20,0.17323248147183581,2.772198743458034,1,2026-02-03T19:00:00+05:00,2026-02-03T14:00:00+00:00,5.497969486396839
2026-02-02,2026-02-02T18:00:00+00:00,2026-02-02T23:00:00+05:00,2026-02-02T12:00:00+00:00,2026-02-02T16:00:22+00:00,07d1e4904a4de194a9f090eeaab37b3fc95abdcfdae379be35f0a4479348b461,february-empirical-v1:204ed64bc6d9fa64157d2256888ae687070ec6f9d0d554829fd4d8827c29541c,True,21,0.2136633707880626,2.510338437820053,1,2026-02-03T20:00:00+05:00,2026-02-03T15:00:00+00:00,5.8899100899861505
2026-02-02,2026-02-02T18:00:00+00:00,2026-02-02T23:00:00+05:00,2026-02-02T12:00:00+00:00,2026-02-02T16:00:22+00:00,07d1e4904a4de194a9f090eeaab37b3fc95abdcfdae379be35f0a4479348b461,february-empirical-v1:204ed64bc6d9fa64157d2256888ae687070ec6f9d0d554829fd4d8827c29541c,True,22,0.25834725868980063,2.4907853479720643,1,2026-02-03T21:00:00+05:00,2026-02-03T16:00:00+00:00,6.256994705143184
2026-02-02,2026-02-02T18:00:00+00:00,2026-02-02T23:00:00+05:00,2026-02-02T12:00:00+00:00,2026-02-02T16:00:22+00:00,07d1e4904a4de194a9f090eeaab37b3fc95abdcfdae379be35f0a4479348b461,february-empirical-v1:204ed64bc6d9fa64157d2256888ae687070ec6f9d0d554829fd4d8827c29541c,True,23,0.2505176605360697,2.32359694251204,1,2026-02-03T22:00:00+05:00,2026-02-03T17:00:00+00:00,6.193406545258048
2026-02-02,2026-02-02T18:00:00+00:00,2026-02-02T23:00:00+05:00,2026-02-02T12:00:00+00:00,2026-02-02T16:00:22+00:00,07d1e4904a4de194a9f090eeaab37b3fc95abdcfdae379be35f0a4479348b461,february-empirical-v1:204ed64bc6d9fa64157d2256888ae687070ec6f9d0d554829fd4d8827c29541c,True,24,0.2587313519413566,1.8361917993220231,1,2026-02-03T23:00:00+05:00,2026-02-03T18:00:00+00:00,6.2598010965273945
2026-02-02,2026-02-02T18:00:00+00:00,2026-02-02T23:00:00+05:00,2026-02-02T12:00:00+00:00,2026-02-02T16:00:22+00:00,07d1e4904a4de194a9f090eeaab37b3fc95abdcfdae379be35f0a4479348b461,february-empirical-v1:204ed64bc6d9fa64157d2256888ae687070ec6f9d0d554829fd4d8827c29541c,True,1,0.12805594664006212,0.42840907765287284,2,2026-02-03T00:00:00+05:00,2026-02-02T19:00:00+00:00,5.033307842748389
2026-02-02,2026-02-02T18:00:00+00:00,2026-02-02T23:00:00+05:00,2026-02-02T12:00:00+00:00,2026-02-02T16:00:22+00:00,07d1e4904a4de194a9f090eeaab37b3fc95abdcfdae379be35f0a4479348b461,february-empirical-v1:204ed64bc6d9fa64157d2256888ae687070ec6f9d0d554829fd4d8827c29541c,True,2,0.17898326975346068,0.25109309207499564,2,2026-02-03T01:00:00+05:00,2026-02-02T20:00:00+00:00,5.630272873420723
2026-02-02,2026-02-02T18:00:00+00:00,2026-02-02T23:00:00+05:00,2026-02-02T12:00:00+00:00,2026-02-02T16:00:22+00:00,07d1e4904a4de194a9f090eeaab37b3fc95abdcfdae379be35f0a4479348b461,february-empirical-v1:204ed64bc6d9fa64157d2256888ae687070ec6f9d0d554829fd4d8827c29541c,True,3,0.213616949851249,0.0012532367795756727,2,2026-02-03T02:00:00+05:00,2026-02-02T21:00:00+00:00,5.956461234405387
2026-02-02,2026-02-02T18:00:00+00:00,2026-02-02T23:00:00+05:00,2026-02-02T12:00:00+00:00,2026-02-02T16:00:22+00:00,07d1e4904a4de194a9f090eeaab37b3fc95abdcfdae379be35f0a4479348b461,february-empirical-v1:204ed64bc6d9fa64157d2256888ae687070ec6f9d0d554829fd4d8827c29541c,True,4,0.3200273169796107,0.011782216886672359,2,2026-02-03T03:00:00+05:00,2026-02-02T22:00:00+00:00,6.785344342645825
2026-02-02,2026-02-02T18:00:00+00:00,2026-02-02T23:00:00+05:00,2026-02-02T12:00:00+00:00,2026-02-02T16:00:22+00:00,07d1e4904a4de194a9f090eeaab37b3fc95abdcfdae379be35f0a4479348b461,february-empirical-v1:204ed64bc6d9fa64157d2256888ae687070ec6f9d0d554829fd4d8827c29541c,True,5,0.2875157933928022,-0.34132850992182284,2,2026-02-03T04:00:00+05:00,2026-02-02T23:00:00+00:00,6.547822013665133
2026-02-02,2026-02-02T18:00:00+00:00,2026-02-02T23:00:00+05:00,2026-02-02T12:00:00+00:00,2026-02-02T16:00:22+00:00,07d1e4904a4de194a9f090eeaab37b3fc95abdcfdae379be35f0a4479348b461,february-empirical-v1:204ed64bc6d9fa64157d2256888ae687070ec6f9d0d554829fd4d8827c29541c,True,6,0.22901007659772077,-0.7442420477172504,2,2026-02-03T05:00:00+05:00,2026-02-03T00:00:00+00:00,6.090482455760863
2026-02-02,2026-02-02T18:00:00+00:00,2026-02-02T23:00:00+05:00,2026-02-02T12:00:00+00:00,2026-02-02T16:00:22+00:00,07d1e4904a4de194a9f090eeaab37b3fc95abdcfdae379be35f0a4479348b461,february-empirical-v1:204ed64bc6d9fa64157d2256888ae687070ec6f9d0d554829fd4d8827c29541c,True,7,0.1809140463621225,-1.0027077001360567,2,2026-02-03T06:00:00+05:00,2026-02-03T01:00:00+00:00,5.6514411935485604
2026-02-02,2026-02-02T18:00:00+00:00,2026-02-02T23:00:00+05:00,2026-02-02T12:00:00+00:00,2026-02-02T16:00:22+00:00,07d1e4904a4de194a9f090eeaab37b3fc95abdcfdae379be35f0a4479348b461,february-empirical-v1:204ed64bc6d9fa64157d2256888ae687070ec6f9d0d554829fd4d8827c29541c,True,8,0.13193871519775796,-1.3860366201425336,2,2026-02-03T07:00:00+05:00,2026-02-03T02:00:00+00:00,5.085108469818181
2026-02-02,2026-02-02T18:00:00+00:00,2026-02-02T23:00:00+05:00,2026-02-02T12:00:00+00:00,2026-02-02T16:00:22+00:00,07d1e4904a4de194a9f090eeaab37b3fc95abdcfdae379be35f0a4479348b461,february-empirical-v1:204ed64bc6d9fa64157d2256888ae687070ec6f9d0d554829fd4d8827c29541c,True,9,0.14542131958702306,-0.47576318446391497,2,2026-02-03T08:00:00+05:00,2026-02-03T03:00:00+00:00,5.2623120735796265
2026-02-02,2026-02-02T18:00:00+00:00,2026-02-02T23:00:00+05:00,2026-02-02T12:00:00+00:00,2026-02-02T16:00:22+00:00,07d1e4904a4de194a9f090eeaab37b3fc95abdcfdae379be35f0a4479348b461,february-empirical-v1:204ed64bc6d9fa64157d2256888ae687070ec6f9d0d554829fd4d8827c29541c,True,10,0.059296979074598334,1.0469503839612457,2,2026-02-03T09:00:00+05:00,2026-02-03T04:00:00+00:00,3.8150577247770365
2026-02-02,2026-02-02T18:00:00+00:00,2026-02-02T23:00:00+05:00,2026-02-02T12:00:00+00:00,2026-02-02T16:00:22+00:00,07d1e4904a4de194a9f090eeaab37b3fc95abdcfdae379be35f0a4479348b461,february-empirical-v1:204ed64bc6d9fa64157d2256888ae687070ec6f9d0d554829fd4d8827c29541c,True,11,0.04334438749989455,2.511905542756608,2,2026-02-03T10:00:00+05:00,2026-02-03T05:00:00+00:00,3.403495933508141
2026-02-02,2026-02-02T18:00:00+00:00,2026-02-02T23:00:00+05:00,2026-02-02T12:00:00+00:00,2026-02-02T16:00:22+00:00,07d1e4904a4de194a9f090eeaab37b3fc95abdcfdae379be35f0a4479348b461,february-empirical-v1:204ed64bc6d9fa64157d2256888ae687070ec6f9d0d554829fd4d8827c29541c,True,12,0.039780492089371365,3.95243209082804,2,2026-02-03T11:00:00+05:00,2026-02-03T06:00:00+00:00,3.307815139742714
2026-02-02,2026-02-02T18:00:00+00:00,2026-02-02T23:00:00+05:00,2026-02-02T12:00:00+00:00,2026-02-02T16:00:22+00:00,07d1e4904a4de194a9f090eeaab37b3fc95abdcfdae379be35f0a4479348b461,february-empirical-v1:204ed64bc6d9fa64157d2256888ae687070ec6f9d0d554829fd4d8827c29541c,True,13,0.0345560826084417,4.902607802097464,2,2026-02-03T12:00:00+05:00,2026-02-03T07:00:00+00:00,3.134870726381768
2026-02-02,2026-02-02T18:00:00+00:00,2026-02-02T23:00:00+05:00,2026-02-02T12:00:00+00:00,2026-02-02T16:00:22+00:00,07d1e4904a4de194a9f090eeaab37b3fc95abdcfdae379be35f0a4479348b461,february-empirical-v1:204ed64bc6d9fa64157d2256888ae687070ec6f9d0d554829fd4d8827c29541c,True,14,0.014938119587617317,5.421020762668888,2,2026-02-03T13:00:00+05:00,2026-02-03T08:00:00+00:00,2.2614078745313466
2026-02-02,2026-02-02T18:00:00+00:00,2026-02-02T23:00:00+05:00,2026-02-02T12:00:00+00:00,2026-02-02T16:00:22+00:00,07d1e4904a4de194a9f090eeaab37b3fc95abdcfdae379be35f0a4479348b461,february-empirical-v1:204ed64bc6d9fa64157d2256888ae687070ec6f9d0d554829fd4d8827c29541c,True,15,0.009858540413559536,5.378058956136442,2,2026-02-03T14:00:00+05:00,2026-02-03T09:00:00+00:00,0.905690355979229
2026-02-02,2026-02-02T18:00:00+00:00,2026-02-02T23:00:00+05:00,2026-02-02T12:00:00+00:00,2026-02-02T16:00:22+00:00,07d1e4904a4de194a9f090eeaab37b3fc95abdcfdae379be35f0a4479348b461,february-empirical-v1:204ed64bc6d9fa64157d2256888ae687070ec6f9d0d554829fd4d8827c29541c,True,16,0.009956546838881393,4.902547656720799,2,2026-02-03T15:00:00+05:00,2026-02-03T10:00:00+00:00,0.5570690052381443
2026-02-02,2026-02-02T18:00:00+00:00,2026-02-02T23:00:00+05:00,2026-02-02T12:00:00+00:00,2026-02-02T16:00:22+00:00,07d1e4904a4de194a9f090eeaab37b3fc95abdcfdae379be35f0a4479348b461,february-empirical-v1:204ed64bc6d9fa64157d2256888ae687070ec6f9d0d554829fd4d8827c29541c,True,17,0.014412075688894504,3.8171832270585355,2,2026-02-03T16:00:00+05:00,2026-02-03T11:00:00+00:00,2.2163822382421343
2026-02-02,2026-02-02T18:00:00+00:00,2026-02-02T23:00:00+05:00,2026-02-02T12:00:00+00:00,2026-02-02T16:00:22+00:00,07d1e4904a4de194a9f090eeaab37b3fc95abdcfdae379be35f0a4479348b461,february-empirical-v1:204ed64bc6d9fa64157d2256888ae687070ec6f9d0d554829fd4d8827c29541c,True,18,0.029017133537732952,2.7564360437599476,2,2026-02-03T17:00:00+05:00,2026-02-03T12:00:00+00:00,2.9272149882441063
2026-02-02,2026-02-02T18:00:00+00:00,2026-02-02T23:00:00+05:00,2026-02-02T12:00:00+00:00,2026-02-02T16:00:22+00:00,07d1e4904a4de194a9f090eeaab37b3fc95abdcfdae379be35f0a4479348b461,february-empirical-v1:204ed64bc6d9fa64157d2256888ae687070ec6f9d0d554829fd4d8827c29541c,True,19,0.06802960649350545,3.074954179954659,2,2026-02-03T18:00:00+05:00,2026-02-03T13:00:00+00:00,4.001567233094548
2026-02-02,2026-02-02T18:00:00+00:00,2026-02-02T23:00:00+05:00,2026-02-02T12:00:00+00:00,2026-02-02T16:00:22+00:00,07d1e4904a4de194a9f090eeaab37b3fc95abdcfdae379be35f0a4479348b461,february-empirical-v1:204ed64bc6d9fa64157d2256888ae687070ec6f9d0d554829fd4d8827c29541c,True,20,0.16606288766344837,2.7485711662599783,2,2026-02-03T19:00:00+05:00,2026-02-03T14:00:00+00:00,5.488618586214023
2026-02-02,2026-02-02T18:00:00+00:00,2026-02-02T23:00:00+05:00,2026-02-02T12:00:00+00:00,2026-02-02T16:00:22+00:00,07d1e4904a4de194a9f090eeaab37b3fc95abdcfdae379be35f0a4479348b461,february-empirical-v1:204ed64bc6d9fa64157d2256888ae687070ec6f9d0d554829fd4d8827c29541c,True,21,0.20361240312250964,2.4951814983767804,2,2026-02-03T20:00:00+05:00,2026-02-03T15:00:00+00:00,5.869356022204045
2026-02-02,2026-02-02T18:00:00+00:00,2026-02-02T23:00:00+05:00,2026-02-02T12:00:00+00:00,2026-02-02T16:00:22+00:00,07d1e4904a4de194a9f090eeaab37b3fc95abdcfdae379be35f0a4479348b461,february-empirical-v1:204ed64bc6d9fa64157d2256888ae687070ec6f9d0d554829fd4d8827c29541c,True,22,0.24501004163414458,2.4691234121332855,2,2026-02-03T21:00:00+05:00,2026-02-03T16:00:00+00:00,6.229787152665144
2026-02-02,2026-02-02T18:00:00+00:00,2026-02-02T23:00:00+05:00,2026-02-02T12:00:00+00:00,2026-02-02T16:00:22+00:00,07d1e4904a4de194a9f090eeaab37b3fc95abdcfdae379be35f0a4479348b461,february-empirical-v1:204ed64bc6d9fa64157d2256888ae687070ec6f9d0d554829fd4d8827c29541c,True,23,0.2374855229162855,2.3046236925228527,2,2026-02-03T22:00:00+05:00,2026-02-03T17:00:00+00:00,6.1642744595463945
2026-02-02,2026-02-02T18:00:00+00:00,2026-02-02T23:00:00+05:00,2026-02-02T12:00:00+00:00,2026-02-02T16:00:22+00:00,07d1e4904a4de194a9f090eeaab37b3fc95abdcfdae379be35f0a4479348b461,february-empirical-v1:204ed64bc6d9fa64157d2256888ae687070ec6f9d0d554829fd4d8827c29541c,True,24,0.24457269397323853,1.8186907781072819,2,2026-02-03T23:00:00+05:00,2026-02-03T18:00:00+00:00,6.225979357885241
2026-02-03,2026-02-03T18:00:00+00:00,2026-02-03T23:00:00+05:00,2026-02-03T12:00:00+00:00,2026-02-03T16:01:27+00:00,b2f57f9bf130a995fd9829e5d7189f6e3f000695396ebbf7128faa673d6b5904,february-empirical-v1:204ed64bc6d9fa64157d2256888ae687070ec6f9d0d554829fd4d8827c29541c,True,1,0.3393214707523797,2.51031114376201,1,2026-02-04T00:00:00+05:00,2026-02-03T19:00:00+00:00,6.8424551925060095
2026-02-03,2026-02-03T18:00:00+00:00,2026-02-03T23:00:00+05:00,2026-02-03T12:00:00+00:00,2026-02-03T16:01:27+00:00,b2f57f9bf130a995fd9829e5d7189f6e3f000695396ebbf7128faa673d6b5904,february-empirical-v1:204ed64bc6d9fa64157d2256888ae687070ec6f9d0d554829fd4d8827c29541c,True,2,0.2355464318710934,2.2867400384840266,1,2026-02-04T01:00:00+05:00,2026-02-03T20:00:00+00:00,6.070117916934095
2026-02-03,2026-02-03T18:00:00+00:00,2026-02-03T23:00:00+05:00,2026-02-03T12:00:00+00:00,2026-02-03T16:01:27+00:00,b2f57f9bf130a995fd9829e5d7189f6e3f000695396ebbf7128faa673d6b5904,february-empirical-v1:204ed64bc6d9fa64157d2256888ae687070ec6f9d0d554829fd4d8827c29541c,True,3,0.23141768216990216,2.109896038788065,1,2026-02-04T02:00:00+05:00,2026-02-03T21:00:00+00:00,6.0361175086347
2026-02-03,2026-02-03T18:00:00+00:00,2026-02-03T23:00:00+05:00,2026-02-03T12:00:00+00:00,2026-02-03T16:01:27+00:00,b2f57f9bf130a995fd9829e5d7189f6e3f000695396ebbf7128faa673d6b5904,february-empirical-v1:204ed64bc6d9fa64157d2256888ae687070ec6f9d0d554829fd4d8827c29541c,True,4,0.34639130429905335,2.1928374768480126,1,2026-02-04T03:00:00+05:00,2026-02-03T22:00:00+00:00,6.890874405346192
2026-02-03,2026-02-03T18:00:00+00:00,2026-02-03T23:00:00+05:00,2026-02-03T12:00:00+00:00,2026-02-03T16:01:27+00:00,b2f57f9bf130a995fd9829e5d7189f6e3f000695396ebbf7128faa673d6b5904,february-empirical-v1:204ed64bc6d9fa64157d2256888ae687070ec6f9d0d554829fd4d8827c29541c,True,5,0.21291263406590194,1.993065995620043,1,2026-02-04T04:00:00+05:00,2026-02-03T23:00:00+00:00,5.883727744984358
2026-02-03,2026-02-03T18:00:00+00:00,2026-02-03T23:00:00+05:00,2026-02-03T12:00:00+00:00,2026-02-03T16:01:27+00:00,b2f57f9bf130a995fd9829e5d7189f6e3f000695396ebbf7128faa673d6b5904,february-empirical-v1:204ed64bc6d9fa64157d2256888ae687070ec6f9d0d554829fd4d8827c29541c,True,6,0.23257345055660256,1.771875113319993,1,2026-02-04T05:00:00+05:00,2026-02-04T00:00:00+00:00,6.045635304551466
2026-02-03,2026-02-03T18:00:00+00:00,2026-02-03T23:00:00+05:00,2026-02-03T12:00:00+00:00,2026-02-03T16:01:27+00:00,b2f57f9bf130a995fd9829e5d7189f6e3f000695396ebbf7128faa673d6b5904,february-empirical-v1:204ed64bc6d9fa64157d2256888ae687070ec6f9d0d554829fd4d8827c29541c,True,7,0.14857271765402363,1.6517573074000325,1,2026-02-04T06:00:00+05:00,2026-02-04T01:00:00+00:00,5.2285279352991045
2026-02-03,2026-02-03T18:00:00+00:00,2026-02-03T23:00:00+05:00,2026-02-03T12:00:00+00:00,2026-02-03T16:01:27+00:00,b2f57f9bf130a995fd9829e5d7189f6e3f000695396ebbf7128faa673d6b5904,february-empirical-v1:204ed64bc6d9fa64157d2256888ae687070ec6f9d0d554829fd4d8827c29541c,True,8,0.09114612675547235,1.7382132993400319,1,2026-02-04T07:00:00+05:00,2026-02-04T02:00:00+00:00,4.3879316040603245
2026-02-03,2026-02-03T18:00:00+00:00,2026-02-03T23:00:00+05:00,2026-02-03T12:00:00+00:00,2026-02-03T16:01:27+00:00,b2f57f9bf130a995fd9829e5d7189f6e3f000695396ebbf7128faa673d6b5904,february-empirical-v1:204ed64bc6d9fa64157d2256888ae687070ec6f9d0d554829fd4d8827c29541c,True,9,0.05960157893943841,2.0936576206680115,1,2026-02-04T08:00:00+05:00,2026-02-04T03:00:00+00:00,3.765975611216754
2026-02-03,2026-02-03T18:00:00+00:00,2026-02-03T23:00:00+05:00,2026-02-03T12:00:00+00:00,2026-02-03T16:01:27+00:00,b2f57f9bf130a995fd9829e5d7189f6e3f000695396ebbf7128faa673d6b5904,february-empirical-v1:204ed64bc6d9fa64157d2256888ae687070ec6f9d0d554829fd4d8827c29541c,True,10,0.04245232202917779,2.2480270521220405,1,2026-02-04T09:00:00+05:00,2026-02-04T04:00:00+00:00,3.298033998339292
2026-02-03,2026-02-03T18:00:00+00:00,2026-02-03T23:00:00+05:00,2026-02-03T12:00:00+00:00,2026-02-03T16:01:27+00:00,b2f57f9bf130a995fd9829e5d7189f6e3f000695396ebbf7128faa673d6b5904,february-empirical-v1:204ed64bc6d9fa64157d2256888ae687070ec6f9d0d554829fd4d8827c29541c,True,11,0.03778452444481808,2.3456250816100237,1,2026-02-04T10:00:00+05:00,2026-02-04T05:00:00+00:00,3.153231477385878
2026-02-03,2026-02-03T18:00:00+00:00,2026-02-03T23:00:00+05:00,2026-02-03T12:00:00+00:00,2026-02-03T16:01:27+00:00,b2f57f9bf130a995fd9829e5d7189f6e3f000695396ebbf7128faa673d6b5904,february-empirical-v1:204ed64bc6d9fa64157d2256888ae687070ec6f9d0d554829fd4d8827c29541c,True,12,0.04140694178464634,2.6483619157939984,1,2026-02-04T11:00:00+05:00,2026-02-04T06:00:00+00:00,3.2691943672710697
2026-02-03,2026-02-03T18:00:00+00:00,2026-02-03T23:00:00+05:00,2026-02-03T12:00:00+00:00,2026-02-03T16:01:27+00:00,b2f57f9bf130a995fd9829e5d7189f6e3f000695396ebbf7128faa673d6b5904,february-empirical-v1:204ed64bc6d9fa64157d2256888ae687070ec6f9d0d554829fd4d8827c29541c,True,13,0.053523947793810873,3.2956143619879867,1,2026-02-04T12:00:00+05:00,2026-02-04T07:00:00+00:00,3.60347463015509
2026-02-03,2026-02-03T18:00:00+00:00,2026-02-03T23:00:00+05:00,2026-02-03T12:00:00+00:00,2026-02-03T16:01:27+00:00,b2f57f9bf130a995fd9829e5d7189f6e3f000695396ebbf7128faa673d6b5904,february-empirical-v1:204ed64bc6d9fa64157d2256888ae687070ec6f9d0d554829fd4d8827c29541c,True,14,0.03227581263748913,4.09019955887203,1,2026-02-04T13:00:00+05:00,2026-02-04T08:00:00+00:00,2.971088667532256
2026-02-03,2026-02-03T18:00:00+00:00,2026-02-03T23:00:00+05:00,2026-02-03T12:00:00+00:00,2026-02-03T16:01:27+00:00,b2f57f9bf130a995fd9829e5d7189f6e3f000695396ebbf7128faa673d6b5904,february-empirical-v1:204ed64bc6d9fa64157d2256888ae687070ec6f9d0d554829fd4d8827c29541c,True,15,0.016430169449635147,4.952403597908017,1,2026-02-04T14:00:00+05:00,2026-02-04T09:00:00+00:00,2.263211473880665
2026-02-03,2026-02-03T18:00:00+00:00,2026-02-03T23:00:00+05:00,2026-02-03T12:00:00+00:00,2026-02-03T16:01:27+00:00,b2f57f9bf130a995fd9829e5d7189f6e3f000695396ebbf7128faa673d6b5904,february-empirical-v1:204ed64bc6d9fa64157d2256888ae687070ec6f9d0d554829fd4d8827c29541c,True,16,0.010684919468259193,5.366988106891995,1,2026-02-04T15:00:00+05:00,2026-02-04T10:00:00+00:00,1.5834827182159577
2026-02-03,2026-02-03T18:00:00+00:00,2026-02-03T23:00:00+05:00,2026-02-03T12:00:00+00:00,2026-02-03T16:01:27+00:00,b2f57f9bf130a995fd9829e5d7189f6e3f000695396ebbf7128faa673d6b5904,february-empirical-v1:204ed64bc6d9fa64157d2256888ae687070ec6f9d0d554829fd4d8827c29541c,True,17,0.009996635169667475,4.747974591920013,1,2026-02-04T16:00:00+05:00,2026-02-04T11:00:00+00:00,0.3978842931145173
2026-02-03,2026-02-03T18:00:00+00:00,2026-02-03T23:00:00+05:00,2026-02-03T12:00:00+00:00,2026-02-03T16:01:27+00:00,b2f57f9bf130a995fd9829e5d7189f6e3f000695396ebbf7128faa673d6b5904,february-empirical-v1:204ed64bc6d9fa64157d2256888ae687070ec6f9d0d554829fd4d8827c29541c,True,18,0.038781465555492875,2.6020802989899607,1,2026-02-04T17:00:00+05:00,2026-02-04T12:00:00+00:00,3.1861948382419154
2026-02-03,2026-02-03T18:00:00+00:00,2026-02-03T23:00:00+05:00,2026-02-03T12:00:00+00:00,2026-02-03T16:01:27+00:00,b2f57f9bf130a995fd9829e5d7189f6e3f000695396ebbf7128faa673d6b5904,february-empirical-v1:204ed64bc6d9fa64157d2256888ae687070ec6f9d0d554829fd4d8827c29541c,True,19,0.1519055623950088,0.37955003664404785,1,2026-02-04T18:00:00+05:00,2026-02-04T13:00:00+00:00,5.268671642328994
2026-02-03,2026-02-03T18:00:00+00:00,2026-02-03T23:00:00+05:00,2026-02-03T12:00:00+00:00,2026-02-03T16:01:27+00:00,b2f57f9bf130a995fd9829e5d7189f6e3f000695396ebbf7128faa673d6b5904,february-empirical-v1:204ed64bc6d9fa64157d2256888ae687070ec6f9d0d554829fd4d8827c29541c,True,20,0.25046519979320714,0.17648360364000837,1,2026-02-04T19:00:00+05:00,2026-02-04T14:00:00+00:00,6.192974529077338
2026-02-03,2026-02-03T18:00:00+00:00,2026-02-03T23:00:00+05:00,2026-02-03T12:00:00+00:00,2026-02-03T16:01:27+00:00,b2f57f9bf130a995fd9829e5d7189f6e3f000695396ebbf7128faa673d6b5904,february-empirical-v1:204ed64bc6d9fa64157d2256888ae687070ec6f9d0d554829fd4d8827c29541c,True,21,0.31376249001224876,0.2252840170519903,1,2026-02-04T20:00:00+05:00,2026-02-04T15:00:00+00:00,6.661888118675921
2026-02-03,2026-02-03T18:00:00+00:00,2026-02-03T23:00:00+05:00,2026-02-03T12:00:00+00:00,2026-02-03T16:01:27+00:00,b2f57f9bf130a995fd9829e5d7189f6e3f000695396ebbf7128faa673d6b5904,february-empirical-v1:204ed64bc6d9fa64157d2256888ae687070ec6f9d0d554829fd4d8827c29541c,True,22,0.34707709849383106,-0.1462110403400061,1,2026-02-04T21:00:00+05:00,2026-02-04T16:00:00+00:00,6.895571208299513
2026-02-03,2026-02-03T18:00:00+00:00,2026-02-03T23:00:00+05:00,2026-02-03T12:00:00+00:00,2026-02-03T16:01:27+00:00,b2f57f9bf130a995fd9829e5d7189f6e3f000695396ebbf7128faa673d6b5904,february-empirical-v1:204ed64bc6d9fa64157d2256888ae687070ec6f9d0d554829fd4d8827c29541c,True,23,0.4154025203724198,-0.3316740662079951,1,2026-02-04T22:00:00+05:00,2026-02-04T17:00:00+00:00,7.357734613985738
2026-02-03,2026-02-03T18:00:00+00:00,2026-02-03T23:00:00+05:00,2026-02-03T12:00:00+00:00,2026-02-03T16:01:27+00:00,b2f57f9bf130a995fd9829e5d7189f6e3f000695396ebbf7128faa673d6b5904,february-empirical-v1:204ed64bc6d9fa64157d2256888ae687070ec6f9d0d554829fd4d8827c29541c,True,24,0.45417237194798976,-0.5446728352400214,1,2026-02-04T23:00:00+05:00,2026-02-04T18:00:00+00:00,7.609743790269364
2026-02-03,2026-02-03T18:00:00+00:00,2026-02-03T23:00:00+05:00,2026-02-03T12:00:00+00:00,2026-02-03T16:01:27+00:00,b2f57f9bf130a995fd9829e5d7189f6e3f000695396ebbf7128faa673d6b5904,february-empirical-v1:204ed64bc6d9fa64157d2256888ae687070ec6f9d0d554829fd4d8827c29541c,True,1,0.32348072717574927,2.48653821377286,2,2026-02-04T00:00:00+05:00,2026-02-03T19:00:00+00:00,6.808672302624335
2026-02-03,2026-02-03T18:00:00+00:00,2026-02-03T23:00:00+05:00,2026-02-03T12:00:00+00:00,2026-02-03T16:01:27+00:00,b2f57f9bf130a995fd9829e5d7189f6e3f000695396ebbf7128faa673d6b5904,february-empirical-v1:204ed64bc6d9fa64157d2256888ae687070ec6f9d0d554829fd4d8827c29541c,True,2,0.22477951151793402,2.25541182577615,2,2026-02-04T01:00:00+05:00,2026-02-03T20:00:00+00:00,6.053648776135194
2026-02-03,2026-02-03T18:00:00+00:00,2026-02-03T23:00:00+05:00,2026-02-03T12:00:00+00:00,2026-02-03T16:01:27+00:00,b2f57f9bf130a995fd9829e5d7189f6e3f000695396ebbf7128faa673d6b5904,february-empirical-v1:204ed64bc6d9fa64157d2256888ae687070ec6f9d0d554829fd4d8827c29541c,True,3,0.22011567082902608,2.082311433289135,2,2026-02-04T02:00:00+05:00,2026-02-03T21:00:00+00:00,6.013042755303327
2026-02-03,2026-02-03T18:00:00+00:00,2026-02-03T23:00:00+05:00,2026-02-03T12:00:00+00:00,2026-02-03T16:01:27+00:00,b2f57f9bf130a995fd9829e5d7189f6e3f000695396ebbf7128faa673d6b5904,february-empirical-v1:204ed64bc6d9fa64157d2256888ae687070ec6f9d0d554829fd4d8827c29541c,True,4,0.3310920493939659,2.161491180123562,2,2026-02-04T03:00:00+05:00,2026-02-03T22:00:00+00:00,6.8600871679330195
2026-02-03,2026-02-03T18:00:00+00:00,2026-02-03T23:00:00+05:00,2026-02-03T12:00:00+00:00,2026-02-03T16:01:27+00:00,b2f57f9bf130a995fd9829e5d7189f6e3f000695396ebbf7128faa673d6b5904,february-empirical-v1:204ed64bc6d9fa64157d2256888ae687070ec6f9d0d554829fd4d8827c29541c,True,5,0.20286477518018006,1.9613086000488238,2,2026-02-04T04:00:00+05:00,2026-02-03T23:00:00+00:00,5.862846752735874
2026-02-03,2026-02-03T18:00:00+00:00,2026-02-03T23:00:00+05:00,2026-02-03T12:00:00+00:00,2026-02-03T16:01:27+00:00,b2f57f9bf130a995fd9829e5d7189f6e3f000695396ebbf7128faa673d6b5904,february-empirical-v1:204ed64bc6d9fa64157d2256888ae687070ec6f9d0d554829fd4d8827c29541c,True,6,0.2213200823478462,1.740034106996859,2,2026-02-04T05:00:00+05:00,2026-02-04T00:00:00+00:00,6.023529039566781
2026-02-03,2026-02-03T18:00:00+00:00,2026-02-03T23:00:00+05:00,2026-02-03T12:00:00+00:00,2026-02-03T16:01:27+00:00,b2f57f9bf130a995fd9829e5d7189f6e3f000695396ebbf7128faa673d6b5904,february-empirical-v1:204ed64bc6d9fa64157d2256888ae687070ec6f9d0d554829fd4d8827c29541c,True,7,0.14127670798924097,1.620464232776044,2,2026-02-04T06:00:00+05:00,2026-02-04T01:00:00+00:00,5.2096881028775
2026-02-03,2026-02-03T18:00:00+00:00,2026-02-03T23:00:00+05:00,2026-02-03T12:00:00+00:00,2026-02-03T16:01:27+00:00,b2f57f9bf130a995fd9829e5d7189f6e3f000695396ebbf7128faa673d6b5904,february-empirical-v1:204ed64bc6d9fa64157d2256888ae687070ec6f9d0d554829fd4d8827c29541c,True,8,0.08641865466507659,1.7110259159416046,2,2026-02-04T07:00:00+05:00,2026-02-04T02:00:00+00:00,4.374399847923564
2026-02-03,2026-02-03T18:00:00+00:00,2026-02-03T23:00:00+05:00,2026-02-03T12:00:00+00:00,2026-02-03T16:01:27+00:00,b2f57f9bf130a995fd9829e5d7189f6e3f000695396ebbf7128faa673d6b5904,february-empirical-v1:204ed64bc6d9fa64157d2256888ae687070ec6f9d0d554829fd4d8827c29541c,True,9,0.05682729376413163,2.067436490740306,2,2026-02-04T08:00:00+05:00,2026-02-04T03:00:00+00:00,3.7623107368594217
2026-02-03,2026-02-03T18:00:00+00:00,2026-02-03T23:00:00+05:00,2026-02-03T12:00:00+00:00,2026-02-03T16:01:27+00:00,b2f57f9bf130a995fd9829e5d7189f6e3f000695396ebbf7128faa673d6b5904,february-empirical-v1:204ed64bc6d9fa64157d2256888ae687070ec6f9d0d554829fd4d8827c29541c,True,10,0.03938026925280227,2.2239662147792956,2,2026-02-04T09:00:00+05:00,2026-02-04T04:00:00+00:00,3.297070256889836
2026-02-03,2026-02-03T18:00:00+00:00,2026-02-03T23:00:00+05:00,2026-02-03T12:00:00+00:00,2026-02-03T16:01:27+00:00,b2f57f9bf130a995fd9829e5d7189f6e3f000695396ebbf7128faa673d6b5904,february-empirical-v1:204ed64bc6d9fa64157d2256888ae687070ec6f9d0d554829fd4d8827c29541c,True,11,0.03480388857465527,2.3210961211364065,2,2026-02-04T10:00:00+05:00,2026-02-04T05:00:00+00:00,3.1441609961011845
2026-02-03,2026-02-03T18:00:00+00:00,2026-02-03T23:00:00+05:00,2026-02-03T12:00:00+00:00,2026-02-03T16:01:27+00:00,b2f57f9bf130a995fd9829e5d7189f6e3f000695396ebbf7128faa673d6b5904,february-empirical-v1:204ed64bc6d9fa64157d2256888ae687070ec6f9d0d554829fd4d8827c29541c,True,12,0.037749202246793415,2.622118824980589,2,2026-02-04T11:00:00+05:00,2026-02-04T06:00:00+00:00,3.253280591974665
2026-02-03,2026-02-03T18:00:00+00:00,2026-02-03T23:00:00+05:00,2026-02-03T12:00:00+00:00,2026-02-03T16:01:27+00:00,b2f57f9bf130a995fd9829e5d7189f6e3f000695396ebbf7128faa673d6b5904,february-empirical-v1:204ed64bc6d9fa64157d2256888ae687070ec6f9d0d554829fd4d8827c29541c,True,13,0.050188339481721515,3.2614291188571087,2,2026-02-04T12:00:00+05:00,2026-02-04T07:00:00+00:00,3.5872372285473073
2026-02-03,2026-02-03T18:00:00+00:00,2026-02-03T23:00:00+05:00,2026-02-03T12:00:00+00:00,2026-02-03T16:01:27+00:00,b2f57f9bf130a995fd9829e5d7189f6e3f000695396ebbf7128faa673d6b5904,february-empirical-v1:204ed64bc6d9fa64157d2256888ae687070ec6f9d0d554829fd4d8827c29541c,True,14,0.029933020721841314,4.0428152946493014,2,2026-02-04T13:00:00+05:00,2026-02-04T08:00:00+00:00,2.9615516876502466
2026-02-03,2026-02-03T18:00:00+00:00,2026-02-03T23:00:00+05:00,2026-02-03T12:00:00+00:00,2026-02-03T16:01:27+00:00,b2f57f9bf130a995fd9829e5d7189f6e3f000695396ebbf7128faa673d6b5904,february-empirical-v1:204ed64bc6d9fa64157d2256888ae687070ec6f9d0d554829fd4d8827c29541c,True,15,0.014784716047119974,4.900088663077952,2,2026-02-04T14:00:00+05:00,2026-02-04T09:00:00+00:00,2.2533933856129726
2026-02-03,2026-02-03T18:00:00+00:00,2026-02-03T23:00:00+05:00,2026-02-03T12:00:00+00:00,2026-02-03T16:01:27+00:00,b2f57f9bf130a995fd9829e5d7189f6e3f000695396ebbf7128faa673d6b5904,february-empirical-v1:204ed64bc6d9fa64157d2256888ae687070ec6f9d0d554829fd4d8827c29541c,True,16,0.009985753955393676,5.309971292474074,2,2026-02-04T15:00:00+05:00,2026-02-04T10:00:00+00:00,1.5712895888428264
2026-02-03,2026-02-03T18:00:00+00:00,2026-02-03T23:00:00+05:00,2026-02-03T12:00:00+00:00,2026-02-03T16:01:27+00:00,b2f57f9bf130a995fd9829e5d7189f6e3f000695396ebbf7128faa673d6b5904,february-empirical-v1:204ed64bc6d9fa64157d2256888ae687070ec6f9d0d554829fd4d8827c29541c,True,17,0.0099816180865284,4.6749481264608335,2,2026-02-04T16:00:00+05:00,2026-02-04T11:00:00+00:00,0.3798988551993014
2026-02-03,2026-02-03T18:00:00+00:00,2026-02-03T23:00:00+05:00,2026-02-03T12:00:00+00:00,2026-02-03T16:01:27+00:00,b2f57f9bf130a995fd9829e5d7189f6e3f000695396ebbf7128faa673d6b5904,february-empirical-v1:204ed64bc6d9fa64157d2256888ae687070ec6f9d0d554829fd4d8827c29541c,True,18,0.034642429822992864,2.541240027207664,2,2026-02-04T17:00:00+05:00,2026-02-04T12:00:00+00:00,3.138107891834069
2026-02-03,2026-02-03T18:00:00+00:00,2026-02-03T23:00:00+05:00,2026-02-03T12:00:00+00:00,2026-02-03T16:01:27+00:00,b2f57f9bf130a995fd9829e5d7189f6e3f000695396ebbf7128faa673d6b5904,february-empirical-v1:204ed64bc6d9fa64157d2256888ae687070ec6f9d0d554829fd4d8827c29541c,True,19,0.13933465022709512,0.3620428073346602,2,2026-02-04T18:00:00+05:00,2026-02-04T13:00:00+00:00,5.183778804295818
2026-02-03,2026-02-03T18:00:00+00:00,2026-02-03T23:00:00+05:00,2026-02-03T12:00:00+00:00,2026-02-03T16:01:27+00:00,b2f57f9bf130a995fd9829e5d7189f6e3f000695396ebbf7128faa673d6b5904,february-empirical-v1:204ed64bc6d9fa64157d2256888ae687070ec6f9d0d554829fd4d8827c29541c,True,20,0.23050063660310935,0.1582613378736255,2,2026-02-04T19:00:00+05:00,2026-02-04T14:00:00+00:00,6.103460109730456
2026-02-03,2026-02-03T18:00:00+00:00,2026-02-03T23:00:00+05:00,2026-02-03T12:00:00+00:00,2026-02-03T16:01:27+00:00,b2f57f9bf130a995fd9829e5d7189f6e3f000695396ebbf7128faa673d6b5904,february-empirical-v1:204ed64bc6d9fa64157d2256888ae687070ec6f9d0d554829fd4d8827c29541c,True,21,0.29099686601944996,0.20047241291251794,2,2026-02-04T20:00:00+05:00,2026-02-04T15:00:00+00:00,6.573621715793313
2026-02-03,2026-02-03T18:00:00+00:00,2026-02-03T23:00:00+05:00,2026-02-03T12:00:00+00:00,2026-02-03T16:01:27+00:00,b2f57f9bf130a995fd9829e5d7189f6e3f000695396ebbf7128faa673d6b5904,february-empirical-v1:204ed64bc6d9fa64157d2256888ae687070ec6f9d0d554829fd4d8827c29541c,True,22,0.3229735126321222,-0.16336272318159217,2,2026-02-04T21:00:00+05:00,2026-02-04T16:00:00+00:00,6.805246042810925
2026-02-03,2026-02-03T18:00:00+00:00,2026-02-03T23:00:00+05:00,2026-02-03T12:00:00+00:00,2026-02-03T16:01:27+00:00,b2f57f9bf130a995fd9829e5d7189f6e3f000695396ebbf7128faa673d6b5904,february-empirical-v1:204ed64bc6d9fa64157d2256888ae687070ec6f9d0d554829fd4d8827c29541c,True,23,0.39058304216627365,-0.3511840483699302,2,2026-02-04T22:00:00+05:00,2026-02-04T17:00:00+00:00,7.262363807166462
2026-02-03,2026-02-03T18:00:00+00:00,2026-02-03T23:00:00+05:00,2026-02-03T12:00:00+00:00,2026-02-03T16:01:27+00:00,b2f57f9bf130a995fd9829e5d7189f6e3f000695396ebbf7128faa673d6b5904,february-empirical-v1:204ed64bc6d9fa64157d2256888ae687070ec6f9d0d554829fd4d8827c29541c,True,24,0.4265440884682858,-0.5657004034575834,2,2026-02-04T23:00:00+05:00,2026-02-04T18:00:00+00:00,7.513655985663282
2026-02-04,2026-02-04T18:00:00+00:00,2026-02-04T23:00:00+05:00,2026-02-04T12:00:00+00:00,2026-02-04T16:00:58+00:00,ea15f1d22edda086bf731b407740702742ecda0471d35c622319713fc93266ba,february-empirical-v1:204ed64bc6d9fa64157d2256888ae687070ec6f9d0d554829fd4d8827c29541c,True,1,0.5587137349781234,-0.6287029721499948,1,2026-02-05T00:00:00+05:00,2026-02-04T19:00:00+00:00,8.32301977948801
2026-02-04,2026-02-04T18:00:00+00:00,2026-02-04T23:00:00+05:00,2026-02-04T12:00:00+00:00,2026-02-04T16:00:58+00:00,ea15f1d22edda086bf731b407740702742ecda0471d35c622319713fc93266ba,february-empirical-v1:204ed64bc6d9fa64157d2256888ae687070ec6f9d0d554829fd4d8827c29541c,True,2,0.6219136446951529,-0.7969931778879982,1,2026-02-05T01:00:00+05:00,2026-02-04T20:00:00+00:00,8.722792812046919
2026-02-04,2026-02-04T18:00:00+00:00,2026-02-04T23:00:00+05:00,2026-02-04T12:00:00+00:00,2026-02-04T16:00:58+00:00,ea15f1d22edda086bf731b407740702742ecda0471d35c622319713fc93266ba,february-empirical-v1:204ed64bc6d9fa64157d2256888ae687070ec6f9d0d554829fd4d8827c29541c,True,3,0.6955248607642259,-0.8451853113039647,1,2026-02-05T02:00:00+05:00,2026-02-04T21:00:00+00:00,9.256229896722804
2026-02-04,2026-02-04T18:00:00+00:00,2026-02-04T23:00:00+05:00,2026-02-04T12:00:00+00:00,2026-02-04T16:00:58+00:00,ea15f1d22edda086bf731b407740702742ecda0471d35c622319713fc93266ba,february-empirical-v1:204ed64bc6d9fa64157d2256888ae687070ec6f9d0d554829fd4d8827c29541c,True,4,0.7697818215008657,-0.6814041126019674,1,2026-02-05T03:00:00+05:00,2026-02-04T22:00:00+00:00,9.796775280088903
2026-02-04,2026-02-04T18:00:00+00:00,2026-02-04T23:00:00+05:00,2026-02-04T12:00:00+00:00,2026-02-04T16:00:58+00:00,ea15f1d22edda086bf731b407740702742ecda0471d35c622319713fc93266ba,february-empirical-v1:204ed64bc6d9fa64157d2256888ae687070ec6f9d0d554829fd4d8827c29541c,True,5,0.8212468905430316,-0.638367990565996,1,2026-02-05T04:00:00+05:00,2026-02-04T23:00:00+00:00,10.185174130313754
2026-02-04,2026-02-04T18:00:00+00:00,2026-02-04T23:00:00+05:00,2026-02-04T12:00:00+00:00,2026-02-04T16:00:58+00:00,ea15f1d22edda086bf731b407740702742ecda0471d35c622319713fc93266ba,february-empirical-v1:204ed64bc6d9fa64157d2256888ae687070ec6f9d0d554829fd4d8827c29541c,True,6,0.868411416406643,-0.7039305456260081,1,2026-02-05T05:00:00+05:00,2026-02-05T00:00:00+00:00,10.556814314886697
2026-02-04,2026-02-04T18:00:00+00:00,2026-02-04T23:00:00+05:00,2026-02-04T12:00:00+00:00,2026-02-04T16:00:58+00:00,ea15f1d22edda086bf731b407740702742ecda0471d35c622319713fc93266ba,february-empirical-v1:204ed64bc6d9fa64157d2256888ae687070ec6f9d0d554829fd4d8827c29541c,True,7,0.9127212067572366,-0.8354350125479186,1,2026-02-05T06:00:00+05:00,2026-02-05T01:00:00+00:00,10.972662057920122
2026-02-04,2026-02-04T18:00:00+00:00,2026-02-04T23:00:00+05:00,2026-02-04T12:00:00+00:00,2026-02-04T16:00:58+00:00,ea15f1d22edda086bf731b407740702742ecda0471d35c622319713fc93266ba,february-empirical-v1:204ed64bc6d9fa64157d2256888ae687070ec6f9d0d554829fd4d8827c29541c,True,8,0.9518818434788087,-1.2199771470439487,1,2026-02-05T07:00:00+05:00,2026-02-05T02:00:00+00:00,11.566667406877905
2026-02-04,2026-02-04T18:00:00+00:00,2026-02-04T23:00:00+05:00,2026-02-04T12:00:00+00:00,2026-02-04T16:00:58+00:00,ea15f1d22edda086bf731b407740702742ecda0471d35c622319713fc93266ba,february-empirical-v1:204ed64bc6d9fa64157d2256888ae687070ec6f9d0d554829fd4d8827c29541c,True,9,0.9273040821227729,-0.6223914237679651,1,2026-02-05T08:00:00+05:00,2026-02-05T03:00:00+00:00,11.134842743562826
2026-02-04,2026-02-04T18:00:00+00:00,2026-02-04T23:00:00+05:00,2026-02-04T12:00:00+00:00,2026-02-04T16:00:58+00:00,ea15f1d22edda086bf731b407740702742ecda0471d35c622319713fc93266ba,february-empirical-v1:204ed64bc6d9fa64157d2256888ae687070ec6f9d0d554829fd4d8827c29541c,True,10,0.8678288610722158,0.5665139782060464,1,2026-02-05T09:00:00+05:00,2026-02-05T04:00:00+00:00,10.55218080668046
2026-02-04,2026-02-04T18:00:00+00:00,2026-02-04T23:00:00+05:00,2026-02-04T12:00:00+00:00,2026-02-04T16:00:58+00:00,ea15f1d22edda086bf731b407740702742ecda0471d35c622319713fc93266ba,february-empirical-v1:204ed64bc6d9fa64157d2256888ae687070ec6f9d0d554829fd4d8827c29541c,True,11,0.8578970680549062,1.9429692828980478,1,2026-02-05T10:00:00+05:00,2026-02-05T05:00:00+00:00,10.473185659389234
2026-02-04,2026-02-04T18:00:00+00:00,2026-02-04T23:00:00+05:00,2026-02-04T12:00:00+00:00,2026-02-04T16:00:58+00:00,ea15f1d22edda086bf731b407740702742ecda0471d35c622319713fc93266ba,february-empirical-v1:204ed64bc6d9fa64157d2256888ae687070ec6f9d0d554829fd4d8827c29541c,True,12,0.8489115272405732,2.9697038655760366,1,2026-02-05T11:00:00+05:00,2026-02-05T06:00:00+00:00,10.401716779713384
2026-02-04,2026-02-04T18:00:00+00:00,2026-02-04T23:00:00+05:00,2026-02-04T12:00:00+00:00,2026-02-04T16:00:58+00:00,ea15f1d22edda086bf731b407740702742ecda0471d35c622319713fc93266ba,february-empirical-v1:204ed64bc6d9fa64157d2256888ae687070ec6f9d0d554829fd4d8827c29541c,True,13,0.8045782581462876,3.5323611860360415,1,2026-02-05T12:00:00+05:00,2026-02-05T07:00:00+00:00,10.059378561043037
2026-02-04,2026-02-04T18:00:00+00:00,2026-02-04T23:00:00+05:00,2026-02-04T12:00:00+00:00,2026-02-04T16:00:58+00:00,ea15f1d22edda086bf731b407740702742ecda0471d35c622319713fc93266ba,february-empirical-v1:204ed64bc6d9fa64157d2256888ae687070ec6f9d0d554829fd4d8827c29541c,True,14,0.8031776178229402,4.02292245037205,1,2026-02-05T13:00:00+05:00,2026-02-05T08:00:00+00:00,10.048808146948751
2026-02-04,2026-02-04T18:00:00+00:00,2026-02-04T23:00:00+05:00,2026-02-04T12:00:00+00:00,2026-02-04T16:00:58+00:00,ea15f1d22edda086bf731b407740702742ecda0471d35c622319713fc93266ba,february-empirical-v1:204ed64bc6d9fa64157d2256888ae687070ec6f9d0d554829fd4d8827c29541c,True,15,0.7798016469612137,4.31928844029801,1,2026-02-05T14:00:00+05:00,2026-02-05T09:00:00+00:00,9.872393340273849
2026-02-04,2026-02-04T18:00:00+00:00,2026-02-04T23:00:00+05:00,2026-02-04T12:00:00+00:00,2026-02-04T16:00:58+00:00,ea15f1d22edda086bf731b407740702742ecda0471d35c622319713fc93266ba,february-empirical-v1:204ed64bc6d9fa64157d2256888ae687070ec6f9d0d554829fd4d8827c29541c,True,16,0.7032787301824167,4.164353457976006,1,2026-02-05T15:00:00+05:00,2026-02-05T10:00:00+00:00,9.31248447980166
2026-02-04,2026-02-04T18:00:00+00:00,2026-02-04T23:00:00+05:00,2026-02-04T12:00:00+00:00,2026-02-04T16:00:58+00:00,ea15f1d22edda086bf731b407740702742ecda0471d35c622319713fc93266ba,february-empirical-v1:204ed64bc6d9fa64157d2256888ae687070ec6f9d0d554829fd4d8827c29541c,True,17,0.5874414346652148,3.223127837646018,1,2026-02-05T16:00:00+05:00,2026-02-05T11:00:00+00:00,8.504737754620743
2026-02-04,2026-02-04T18:00:00+00:00,2026-02-04T23:00:00+05:00,2026-02-04T12:00:00+00:00,2026-02-04T16:00:58+00:00,ea15f1d22edda086bf731b407740702742ecda0471d35c622319713fc93266ba,february-empirical-v1:204ed64bc6d9fa64157d2256888ae687070ec6f9d0d554829fd4d8827c29541c,True,18,0.47687181466385703,1.9273539360660266,1,2026-02-05T17:00:00+05:00,2026-02-05T12:00:00+00:00,7.757854944761819
2026-02-04,2026-02-04T18:00:00+00:00,2026-02-04T23:00:00+05:00,2026-02-04T12:00:00+00:00,2026-02-04T16:00:58+00:00,ea15f1d22edda086bf731b407740702742ecda0471d35c622319713fc93266ba,february-empirical-v1:204ed64bc6d9fa64157d2256888ae687070ec6f9d0d554829fd4d8827c29541c,True,19,0.4446378373244608,1.3637770581100312,1,2026-02-05T18:00:00+05:00,2026-02-05T13:00:00+00:00,7.547768050897761
2026-02-04,2026-02-04T18:00:00+00:00,2026-02-04T23:00:00+05:00,2026-02-04T12:00:00+00:00,2026-02-04T16:00:58+00:00,ea15f1d22edda086bf731b407740702742ecda0471d35c622319713fc93266ba,february-empirical-v1:204ed64bc6d9fa64157d2256888ae687070ec6f9d0d554829fd4d8827c29541c,True,20,0.47234168320334247,1.1319718030100034,1,2026-02-05T19:00:00+05:00,2026-02-05T14:00:00+00:00,7.72784672275486
2026-02-04,2026-02-04T18:00:00+00:00,2026-02-04T23:00:00+05:00,2026-02-04T12:00:00+00:00,2026-02-04T16:00:58+00:00,ea15f1d22edda086bf731b407740702742ecda0471d35c622319713fc93266ba,february-empirical-v1:204ed64bc6d9fa64157d2256888ae687070ec6f9d0d554829fd4d8827c29541c,True,21,0.3759150191369417,0.8516054881620221,1,2026-02-05T20:00:00+05:00,2026-02-05T15:00:00+00:00,7.093073654187228
2026-02-04,2026-02-04T18:00:00+00:00,2026-02-04T23:00:00+05:00,2026-02-04T12:00:00+00:00,2026-02-04T16:00:58+00:00,ea15f1d22edda086bf731b407740702742ecda0471d35c622319713fc93266ba,february-empirical-v1:204ed64bc6d9fa64157d2256888ae687070ec6f9d0d554829fd4d8827c29541c,True,22,0.39223241589400887,0.7392439116600258,1,2026-02-05T21:00:00+05:00,2026-02-05T16:00:00+00:00,7.204826710516238
2026-02-04,2026-02-04T18:00:00+00:00,2026-02-04T23:00:00+05:00,2026-02-04T12:00:00+00:00,2026-02-04T16:00:58+00:00,ea15f1d22edda086bf731b407740702742ecda0471d35c622319713fc93266ba,february-empirical-v1:204ed64bc6d9fa64157d2256888ae687070ec6f9d0d554829fd4d8827c29541c,True,23,0.3344101881816917,0.6917028587520235,1,2026-02-05T22:00:00+05:00,2026-02-05T17:00:00+00:00,6.808819261116889
2026-02-04,2026-02-04T18:00:00+00:00,2026-02-04T23:00:00+05:00,2026-02-04T12:00:00+00:00,2026-02-04T16:00:58+00:00,ea15f1d22edda086bf731b407740702742ecda0471d35c622319713fc93266ba,february-empirical-v1:204ed64bc6d9fa64157d2256888ae687070ec6f9d0d554829fd4d8827c29541c,True,24,0.3006860806909471,0.8058765543939899,1,2026-02-05T23:00:00+05:00,2026-02-05T18:00:00+00:00,6.566344855921221
2026-02-04,2026-02-04T18:00:00+00:00,2026-02-04T23:00:00+05:00,2026-02-04T12:00:00+00:00,2026-02-04T16:00:58+00:00,ea15f1d22edda086bf731b407740702742ecda0471d35c622319713fc93266ba,february-empirical-v1:204ed64bc6d9fa64157d2256888ae687070ec6f9d0d554829fd4d8827c29541c,True,1,0.5285620844952948,-0.6532862437659901,2,2026-02-05T00:00:00+05:00,2026-02-04T19:00:00+00:00,8.214602379738308
2026-02-04,2026-02-04T18:00:00+00:00,2026-02-04T23:00:00+05:00,2026-02-04T12:00:00+00:00,2026-02-04T16:00:58+00:00,ea15f1d22edda086bf731b407740702742ecda0471d35c622319713fc93266ba,february-empirical-v1:204ed64bc6d9fa64157d2256888ae687070ec6f9d0d554829fd4d8827c29541c,True,2,0.5928409237618899,-0.8221268863730415,2,2026-02-05T01:00:00+05:00,2026-02-04T20:00:00+00:00,8.612583895329726
2026-02-04,2026-02-04T18:00:00+00:00,2026-02-04T23:00:00+05:00,2026-02-04T12:00:00+00:00,2026-02-04T16:00:58+00:00,ea15f1d22edda086bf731b407740702742ecda0471d35c622319713fc93266ba,february-empirical-v1:204ed64bc6d9fa64157d2256888ae687070ec6f9d0d554829fd4d8827c29541c,True,3,0.6618430564575708,-0.8726331047529357,2,2026-02-05T02:00:00+05:00,2026-02-04T21:00:00+00:00,9.14097514539509
2026-02-04,2026-02-04T18:00:00+00:00,2026-02-04T23:00:00+05:00,2026-02-04T12:00:00+00:00,2026-02-04T16:00:58+00:00,ea15f1d22edda086bf731b407740702742ecda0471d35c622319713fc93266ba,february-empirical-v1:204ed64bc6d9fa64157d2256888ae687070ec6f9d0d554829fd4d8827c29541c,True,4,0.7406616443807283,-0.7146259316944565,2,2026-02-05T03:00:00+05:00,2026-02-04T22:00:00+00:00,9.676114692651115
2026-02-04,2026-02-04T18:00:00+00:00,2026-02-04T23:00:00+05:00,2026-02-04T12:00:00+00:00,2026-02-04T16:00:58+00:00,ea15f1d22edda086bf731b407740702742ecda0471d35c622319713fc93266ba,february-empirical-v1:204ed64bc6d9fa64157d2256888ae687070ec6f9d0d554829fd4d8827c29541c,True,5,0.7988413929850838,-0.6776931871457919,2,2026-02-05T04:00:00+05:00,2026-02-04T23:00:00+00:00,10.074076834301177
2026-02-04,2026-02-04T18:00:00+00:00,2026-02-04T23:00:00+05:00,2026-02-04T12:00:00+00:00,2026-02-04T16:00:58+00:00,ea15f1d22edda086bf731b407740702742ecda0471d35c622319713fc93266ba,february-empirical-v1:204ed64bc6d9fa64157d2256888ae687070ec6f9d0d554829fd4d8827c29541c,True,6,0.8479078691335779,-0.7416616378602043,2,2026-02-05T05:00:00+05:00,2026-02-05T00:00:00+00:00,10.446369397460806
2026-02-04,2026-02-04T18:00:00+00:00,2026-02-04T23:00:00+05:00,2026-02-04T12:00:00+00:00,2026-02-04T16:00:58+00:00,ea15f1d22edda086bf731b407740702742ecda0471d35c622319713fc93266ba,february-empirical-v1:204ed64bc6d9fa64157d2256888ae687070ec6f9d0d554829fd4d8827c29541c,True,7,0.8941186578135506,-0.8667402381915394,2,2026-02-05T06:00:00+05:00,2026-02-05T01:00:00+00:00,10.867940509690477
2026-02-04,2026-02-04T18:00:00+00:00,2026-02-04T23:00:00+05:00,2026-02-04T12:00:00+00:00,2026-02-04T16:00:58+00:00,ea15f1d22edda086bf731b407740702742ecda0471d35c622319713fc93266ba,february-empirical-v1:204ed64bc6d9fa64157d2256888ae687070ec6f9d0d554829fd4d8827c29541c,True,8,0.9365233887921537,-1.2412092562306043,2,2026-02-05T07:00:00+05:00,2026-02-05T02:00:00+00:00,11.461369967334713
2026-02-04,2026-02-04T18:00:00+00:00,2026-02-04T23:00:00+05:00,2026-02-04T12:00:00+00:00,2026-02-04T16:00:58+00:00,ea15f1d22edda086bf731b407740702742ecda0471d35c622319713fc93266ba,february-empirical-v1:204ed64bc6d9fa64157d2256888ae687070ec6f9d0d554829fd4d8827c29541c,True,9,0.9076685504388847,-0.6467748215843017,2,2026-02-05T08:00:00+05:00,2026-02-05T03:00:00+00:00,11.034455774415466
2026-02-04,2026-02-04T18:00:00+00:00,2026-02-04T23:00:00+05:00,2026-02-04T12:00:00+00:00,2026-02-04T16:00:58+00:00,ea15f1d22edda086bf731b407740702742ecda0471d35c622319713fc93266ba,february-empirical-v1:204ed64bc6d9fa64157d2256888ae687070ec6f9d0d554829fd4d8827c29541c,True,10,0.84947990260575,0.533752082779472,2,2026-02-05T09:00:00+05:00,2026-02-05T04:00:00+00:00,10.459406020241365
2026-02-04,2026-02-04T18:00:00+00:00,2026-02-04T23:00:00+05:00,2026-02-04T12:00:00+00:00,2026-02-04T16:00:58+00:00,ea15f1d22edda086bf731b407740702742ecda0471d35c622319713fc93266ba,february-empirical-v1:204ed64bc6d9fa64157d2256888ae687070ec6f9d0d554829fd4d8827c29541c,True,11,0.8417700054149013,1.9014694769255698,2,2026-02-05T10:00:00+05:00,2026-02-05T05:00:00+00:00,10.39546907288419
2026-02-04,2026-02-04T18:00:00+00:00,2026-02-04T23:00:00+05:00,2026-02-04T12:00:00+00:00,2026-02-04T16:00:58+00:00,ea15f1d22edda086bf731b407740702742ecda0471d35c622319713fc93266ba,february-empirical-v1:204ed64bc6d9fa64157d2256888ae687070ec6f9d0d554829fd4d8827c29541c,True,12,0.8330873066658622,2.924730267698237,2,2026-02-05T11:00:00+05:00,2026-02-05T06:00:00+00:00,10.323464837406902
2026-02-04,2026-02-04T18:00:00+00:00,2026-02-04T23:00:00+05:00,2026-02-04T12:00:00+00:00,2026-02-04T16:00:58+00:00,ea15f1d22edda086bf731b407740702742ecda0471d35c622319713fc93266ba,february-empirical-v1:204ed64bc6d9fa64157d2256888ae687070ec6f9d0d554829fd4d8827c29541c,True,13,0.7852686818184327,3.487282582308694,2,2026-02-05T12:00:00+05:00,2026-02-05T07:00:00+00:00,9.98002294273296
2026-02-04,2026-02-04T18:00:00+00:00,2026-02-04T23:00:00+05:00,2026-02-04T12:00:00+00:00,2026-02-04T16:00:58+00:00,ea15f1d22edda086bf731b407740702742ecda0471d35c622319713fc93266ba,february-empirical-v1:204ed64bc6d9fa64157d2256888ae687070ec6f9d0d554829fd4d8827c29541c,True,14,0.7831101266126732,3.9790205599093156,2,2026-02-05T13:00:00+05:00,2026-02-05T08:00:00+00:00,9.965064949832813
2026-02-04,2026-02-04T18:00:00+00:00,2026-02-04T23:00:00+05:00,2026-02-04T12:00:00+00:00,2026-02-04T16:00:58+00:00,ea15f1d22edda086bf731b407740702742ecda0471d35c622319713fc93266ba,february-empirical-v1:204ed64bc6d9fa64157d2256888ae687070ec6f9d0d554829fd4d8827c29541c,True,15,0.7557456251484924,4.279508359701538,2,2026-02-05T14:00:00+05:00,2026-02-05T09:00:00+00:00,9.775439028973745
2026-02-04,2026-02-04T18:00:00+00:00,2026-02-04T23:00:00+05:00,2026-02-04T12:00:00+00:00,2026-02-04T16:00:58+00:00,ea15f1d22edda086bf731b407740702742ecda0471d35c622319713fc93266ba,february-empirical-v1:204ed64bc6d9fa64157d2256888ae687070ec6f9d0d554829fd4d8827c29541c,True,16,0.6709337325224565,4.126129985474279,2,2026-02-05T15:00:00+05:00,2026-02-05T10:00:00+00:00,9.217229483302276
2026-02-04,2026-02-04T18:00:00+00:00,2026-02-04T23:00:00+05:00,2026-02-04T12:00:00+00:00,2026-02-04T16:00:58+00:00,ea15f1d22edda086bf731b407740702742ecda0471d35c622319713fc93266ba,february-empirical-v1:204ed64bc6d9fa64157d2256888ae687070ec6f9d0d554829fd4d8827c29541c,True,17,0.5609304115136526,3.184899473445057,2,2026-02-05T16:00:00+05:00,2026-02-05T11:00:00+00:00,8.416753799540787
2026-02-04,2026-02-04T18:00:00+00:00,2026-02-04T23:00:00+05:00,2026-02-04T12:00:00+00:00,2026-02-04T16:00:58+00:00,ea15f1d22edda086bf731b407740702742ecda0471d35c622319713fc93266ba,february-empirical-v1:204ed64bc6d9fa64157d2256888ae687070ec6f9d0d554829fd4d8827c29541c,True,18,0.44959145921945687,1.8879267601658967,2,2026-02-05T17:00:00+05:00,2026-02-05T12:00:00+00:00,7.674708696867672
2026-02-04,2026-02-04T18:00:00+00:00,2026-02-04T23:00:00+05:00,2026-02-04T12:00:00+00:00,2026-02-04T16:00:58+00:00,ea15f1d22edda086bf731b407740702742ecda0471d35c622319713fc93266ba,february-empirical-v1:204ed64bc6d9fa64157d2256888ae687070ec6f9d0d554829fd4d8827c29541c,True,19,0.4199162481640858,1.3316914313963935,2,2026-02-05T18:00:00+05:00,2026-02-05T13:00:00+00:00,7.467341303526843
2026-02-04,2026-02-04T18:00:00+00:00,2026-02-04T23:00:00+05:00,2026-02-04T12:00:00+00:00,2026-02-04T16:00:58+00:00,ea15f1d22edda086bf731b407740702742ecda0471d35c622319713fc93266ba,february-empirical-v1:204ed64bc6d9fa64157d2256888ae687070ec6f9d0d554829fd4d8827c29541c,True,20,0.44486625416358,1.1022910216723858,2,2026-02-05T19:00:00+05:00,2026-02-05T14:00:00+00:00,7.641689438685825
2026-02-04,2026-02-04T18:00:00+00:00,2026-02-04T23:00:00+05:00,2026-02-04T12:00:00+00:00,2026-02-04T16:00:58+00:00,ea15f1d22edda086bf731b407740702742ecda0471d35c622319713fc93266ba,february-empirical-v1:204ed64bc6d9fa64157d2256888ae687070ec6f9d0d554829fd4d8827c29541c,True,21,0.35272255434355826,0.8259429104289211,2,2026-02-05T20:00:00+05:00,2026-02-05T15:00:00+00:00,7.006202319368915
2026-02-04,2026-02-04T18:00:00+00:00,2026-02-04T23:00:00+05:00,2026-02-04T12:00:00+00:00,2026-02-04T16:00:58+00:00,ea15f1d22edda086bf731b407740702742ecda0471d35c622319713fc93266ba,february-empirical-v1:204ed64bc6d9fa64157d2256888ae687070ec6f9d0d554829fd4d8827c29541c,True,22,0.36934745945668274,0.7166790156984462,2,2026-02-05T21:00:00+05:00,2026-02-05T16:00:00+00:00,7.118504391552272
2026-02-04,2026-02-04T18:00:00+00:00,2026-02-04T23:00:00+05:00,2026-02-04T12:00:00+00:00,2026-02-04T16:00:58+00:00,ea15f1d22edda086bf731b407740702742ecda0471d35c622319713fc93266ba,february-empirical-v1:204ed64bc6d9fa64157d2256888ae687070ec6f9d0d554829fd4d8827c29541c,True,23,0.3114567910299566,0.6684423376205473,2,2026-02-05T22:00:00+05:00,2026-02-05T17:00:00+00:00,6.72525887693588
2026-02-04,2026-02-04T18:00:00+00:00,2026-02-04T23:00:00+05:00,2026-02-04T12:00:00+00:00,2026-02-04T16:00:58+00:00,ea15f1d22edda086bf731b407740702742ecda0471d35c622319713fc93266ba,february-empirical-v1:204ed64bc6d9fa64157d2256888ae687070ec6f9d0d554829fd4d8827c29541c,True,24,0.27845940145226983,0.7847297788446213,2,2026-02-05T23:00:00+05:00,2026-02-05T18:00:00+00:00,6.480701261103648
2026-02-05,2026-02-05T18:00:00+00:00,2026-02-05T23:00:00+05:00,2026-02-05T12:00:00+00:00,2026-02-05T16:00:53+00:00,697ef1d5616f3f48a134d695928589bc62d8584fa2a8c6d1eb58f698190bfc0a,february-empirical-v1:204ed64bc6d9fa64157d2256888ae687070ec6f9d0d554829fd4d8827c29541c,True,1,0.34809462759128706,0.7424626840819997,1,2026-02-06T00:00:00+05:00,2026-02-05T19:00:00+00:00,6.902539966137381
2026-02-05,2026-02-05T18:00:00+00:00,2026-02-05T23:00:00+05:00,2026-02-05T12:00:00+00:00,2026-02-05T16:00:53+00:00,697ef1d5616f3f48a134d695928589bc62d8584fa2a8c6d1eb58f698190bfc0a,february-empirical-v1:204ed64bc6d9fa64157d2256888ae687070ec6f9d0d554829fd4d8827c29541c,True,2,0.2552633702188131,0.6910644853620624,1,2026-02-06T01:00:00+05:00,2026-02-05T20:00:00+00:00,6.232487642094001
2026-02-05,2026-02-05T18:00:00+00:00,2026-02-05T23:00:00+05:00,2026-02-05T12:00:00+00:00,2026-02-05T16:00:53+00:00,697ef1d5616f3f48a134d695928589bc62d8584fa2a8c6d1eb58f698190bfc0a,february-empirical-v1:204ed64bc6d9fa64157d2256888ae687070ec6f9d0d554829fd4d8827c29541c,True,3,0.20943551462240065,0.5332978782440136,1,2026-02-06T02:00:00+05:00,2026-02-05T21:00:00+00:00,5.855093536242981
2026-02-05,2026-02-05T18:00:00+00:00,2026-02-05T23:00:00+05:00,2026-02-05T12:00:00+00:00,2026-02-05T16:00:53+00:00,697ef1d5616f3f48a134d695928589bc62d8584fa2a8c6d1eb58f698190bfc0a,february-empirical-v1:204ed64bc6d9fa64157d2256888ae687070ec6f9d0d554829fd4d8827c29541c,True,4,0.17578740051741165,0.1916269566339679,1,2026-02-06T03:00:00+05:00,2026-02-05T22:00:00+00:00,5.525438875051057
2026-02-05,2026-02-05T18:00:00+00:00,2026-02-05T23:00:00+05:00,2026-02-05T12:00:00+00:00,2026-02-05T16:00:53+00:00,697ef1d5616f3f48a134d695928589bc62d8584fa2a8c6d1eb58f698190bfc0a,february-empirical-v1:204ed64bc6d9fa64157d2256888ae687070ec6f9d0d554829fd4d8827c29541c,True,5,0.15229821860158427,0.17432207801397226,1,2026-02-06T04:00:00+05:00,2026-02-05T23:00:00+00:00,5.27289331266512
2026-02-05,2026-02-05T18:00:00+00:00,2026-02-05T23:00:00+05:00,2026-02-05T12:00:00+00:00,2026-02-05T16:00:53+00:00,697ef1d5616f3f48a134d695928589bc62d8584fa2a8c6d1eb58f698190bfc0a,february-empirical-v1:204ed64bc6d9fa64157d2256888ae687070ec6f9d0d554829fd4d8827c29541c,True,6,0.10471643931461244,0.13192599318801967,1,2026-02-06T05:00:00+05:00,2026-02-06T00:00:00+00:00,4.61276390917122
2026-02-05,2026-02-05T18:00:00+00:00,2026-02-05T23:00:00+05:00,2026-02-05T12:00:00+00:00,2026-02-05T16:00:53+00:00,697ef1d5616f3f48a134d695928589bc62d8584fa2a8c6d1eb58f698190bfc0a,february-empirical-v1:204ed64bc6d9fa64157d2256888ae687070ec6f9d0d554829fd4d8827c29541c,True,7,0.036263592557881655,-0.5881455784920036,1,2026-02-06T06:00:00+05:00,2026-02-06T01:00:00+00:00,3.1029426227186203
2026-02-05,2026-02-05T18:00:00+00:00,2026-02-05T23:00:00+05:00,2026-02-05T12:00:00+00:00,2026-02-05T16:00:53+00:00,697ef1d5616f3f48a134d695928589bc62d8584fa2a8c6d1eb58f698190bfc0a,february-empirical-v1:204ed64bc6d9fa64157d2256888ae687070ec6f9d0d554829fd4d8827c29541c,True,8,0.009983340748803611,-0.7156636034960115,1,2026-02-06T07:00:00+05:00,2026-02-06T02:00:00+00:00,0.8332189144623736
2026-02-05,2026-02-05T18:00:00+00:00,2026-02-05T23:00:00+05:00,2026-02-05T12:00:00+00:00,2026-02-05T16:00:53+00:00,697ef1d5616f3f48a134d695928589bc62d8584fa2a8c6d1eb58f698190bfc0a,february-empirical-v1:204ed64bc6d9fa64157d2256888ae687070ec6f9d0d554829fd4d8827c29541c,True,9,0.012946089354828319,0.3709799204280557,1,2026-02-06T08:00:00+05:00,2026-02-06T03:00:00+00:00,1.934842004091608
2026-02-05,2026-02-05T18:00:00+00:00,2026-02-05T23:00:00+05:00,2026-02-05T12:00:00+00:00,2026-02-05T16:00:53+00:00,697ef1d5616f3f48a134d695928589bc62d8584fa2a8c6d1eb58f698190bfc0a,february-empirical-v1:204ed64bc6d9fa64157d2256888ae687070ec6f9d0d554829fd4d8827c29541c,True,10,0.02025998185594547,1.6844427126240475,1,2026-02-06T09:00:00+05:00,2026-02-06T04:00:00+00:00,2.466759602439763
2026-02-05,2026-02-05T18:00:00+00:00,2026-02-05T23:00:00+05:00,2026-02-05T12:00:00+00:00,2026-02-05T16:00:53+00:00,697ef1d5616f3f48a134d695928589bc62d8584fa2a8c6d1eb58f698190bfc0a,february-empirical-v1:204ed64bc6d9fa64157d2256888ae687070ec6f9d0d554829fd4d8827c29541c,True,11,0.11141100987618083,3.5142623029800006,1,2026-02-06T10:00:00+05:00,2026-02-06T05:00:00+00:00,4.723679241778735
2026-02-05,2026-02-05T18:00:00+00:00,2026-02-05T23:00:00+05:00,2026-02-05T12:00:00+00:00,2026-02-05T16:00:53+00:00,697ef1d5616f3f48a134d695928589bc62d8584fa2a8c6d1eb58f698190bfc0a,february-empirical-v1:204ed64bc6d9fa64157d2256888ae687070ec6f9d0d554829fd4d8827c29541c,True,12,0.45445243231608834,5.1493597330800185,1,2026-02-06T11:00:00+05:00,2026-02-06T06:00:00+00:00,7.611564219799166
2026-02-05,2026-02-05T18:00:00+00:00,2026-02-05T23:00:00+05:00,2026-02-05T12:00:00+00:00,2026-02-05T16:00:53+00:00,697ef1d5616f3f48a134d695928589bc62d8584fa2a8c6d1eb58f698190bfc0a,february-empirical-v1:204ed64bc6d9fa64157d2256888ae687070ec6f9d0d554829fd4d8827c29541c,True,13,0.8014237678834246,5.521242810320018,1,2026-02-06T12:00:00+05:00,2026-02-06T07:00:00+00:00,10.035572114963315
2026-02-05,2026-02-05T18:00:00+00:00,2026-02-05T23:00:00+05:00,2026-02-05T12:00:00+00:00,2026-02-05T16:00:53+00:00,697ef1d5616f3f48a134d695928589bc62d8584fa2a8c6d1eb58f698190bfc0a,february-empirical-v1:204ed64bc6d9fa64157d2256888ae687070ec6f9d0d554829fd4d8827c29541c,True,14,0.9555563129180386,3.5739251638400447,1,2026-02-06T13:00:00+05:00,2026-02-06T08:00:00+00:00,11.648476830932088
2026-02-05,2026-02-05T18:00:00+00:00,2026-02-05T23:00:00+05:00,2026-02-05T12:00:00+00:00,2026-02-05T16:00:53+00:00,697ef1d5616f3f48a134d695928589bc62d8584fa2a8c6d1eb58f698190bfc0a,february-empirical-v1:204ed64bc6d9fa64157d2256888ae687070ec6f9d0d554829fd4d8827c29541c,True,15,0.9529468314434881,2.738273877056031,1,2026-02-06T14:00:00+05:00,2026-02-06T09:00:00+00:00,11.590378599325138
2026-02-05,2026-02-05T18:00:00+00:00,2026-02-05T23:00:00+05:00,2026-02-05T12:00:00+00:00,2026-02-05T16:00:53+00:00,697ef1d5616f3f48a134d695928589bc62d8584fa2a8c6d1eb58f698190bfc0a,february-empirical-v1:204ed64bc6d9fa64157d2256888ae687070ec6f9d0d554829fd4d8827c29541c,True,16,0.9490275185466782,2.4636414214100455,1,2026-02-06T15:00:00+05:00,2026-02-06T10:00:00+00:00,11.503117911468292
2026-02-05,2026-02-05T18:00:00+00:00,2026-02-05T23:00:00+05:00,2026-02-05T12:00:00+00:00,2026-02-05T16:00:53+00:00,697ef1d5616f3f48a134d695928589bc62d8584fa2a8c6d1eb58f698190bfc0a,february-empirical-v1:204ed64bc6d9fa64157d2256888ae687070ec6f9d0d554829fd4d8827c29541c,True,17,0.9593962619916551,2.476320887304041,1,2026-02-06T16:00:00+05:00,2026-02-06T11:00:00+00:00,12.344881335121528
2026-02-05,2026-02-05T18:00:00+00:00,2026-02-05T23:00:00+05:00,2026-02-05T12:00:00+00:00,2026-02-05T16:00:53+00:00,697ef1d5616f3f48a134d695928589bc62d8584fa2a8c6d1eb58f698190bfc0a,february-empirical-v1:204ed64bc6d9fa64157d2256888ae687070ec6f9d0d554829fd4d8827c29541c,True,18,0.9598259641274179,1.650919452000096,1,2026-02-06T17:00:00+05:00,2026-02-06T12:00:00+00:00,12.368226251768247
2026-02-05,2026-02-05T18:00:00+00:00,2026-02-05T23:00:00+05:00,2026-02-05T12:00:00+00:00,2026-02-05T16:00:53+00:00,697ef1d5616f3f48a134d695928589bc62d8584fa2a8c6d1eb58f698190bfc0a,february-empirical-v1:204ed64bc6d9fa64157d2256888ae687070ec6f9d0d554829fd4d8827c29541c,True,19,0.9629102366176605,1.1829452150600446,1,2026-02-06T18:00:00+05:00,2026-02-06T13:00:00+00:00,12.53578903120997
2026-02-05,2026-02-05T18:00:00+00:00,2026-02-05T23:00:00+05:00,2026-02-05T12:00:00+00:00,2026-02-05T16:00:53+00:00,697ef1d5616f3f48a134d695928589bc62d8584fa2a8c6d1eb58f698190bfc0a,february-empirical-v1:204ed64bc6d9fa64157d2256888ae687070ec6f9d0d554829fd4d8827c29541c,True,20,0.9585309157589617,0.95175170712605,1,2026-02-06T19:00:00+05:00,2026-02-06T14:00:00+00:00,12.0713796142472
2026-02-05,2026-02-05T18:00:00+00:00,2026-02-05T23:00:00+05:00,2026-02-05T12:00:00+00:00,2026-02-05T16:00:53+00:00,697ef1d5616f3f48a134d695928589bc62d8584fa2a8c6d1eb58f698190bfc0a,february-empirical-v1:204ed64bc6d9fa64157d2256888ae687070ec6f9d0d554829fd4d8827c29541c,True,21,0.9601053868387274,0.7974579225599996,1,2026-02-06T20:00:00+05:00,2026-02-06T15:00:00+00:00,11.752197153532224
2026-02-05,2026-02-05T18:00:00+00:00,2026-02-05T23:00:00+05:00,2026-02-05T12:00:00+00:00,2026-02-05T16:00:53+00:00,697ef1d5616f3f48a134d695928589bc62d8584fa2a8c6d1eb58f698190bfc0a,february-empirical-v1:204ed64bc6d9fa64157d2256888ae687070ec6f9d0d554829fd4d8827c29541c,True,22,0.9422984983919199,0.624228577230042,1,2026-02-06T21:00:00+05:00,2026-02-06T16:00:00+00:00,11.353301108685153
2026-02-05,2026-02-05T18:00:00+00:00,2026-02-05T23:00:00+05:00,2026-02-05T12:00:00+00:00,2026-02-05T16:00:53+00:00,697ef1d5616f3f48a134d695928589bc62d8584fa2a8c6d1eb58f698190bfc0a,february-empirical-v1:204ed64bc6d9fa64157d2256888ae687070ec6f9d0d554829fd4d8827c29541c,True,23,0.7875978708826863,0.37944710789400915,1,2026-02-06T22:00:00+05:00,2026-02-06T17:00:00+00:00,9.931230226409463
2026-02-05,2026-02-05T18:00:00+00:00,2026-02-05T23:00:00+05:00,2026-02-05T12:00:00+00:00,2026-02-05T16:00:53+00:00,697ef1d5616f3f48a134d695928589bc62d8584fa2a8c6d1eb58f698190bfc0a,february-empirical-v1:204ed64bc6d9fa64157d2256888ae687070ec6f9d0d554829fd4d8827c29541c,True,24,0.6609719869823804,0.2518715759060228,1,2026-02-06T23:00:00+05:00,2026-02-06T18:00:00+00:00,9.003882313357398
2026-02-05,2026-02-05T18:00:00+00:00,2026-02-05T23:00:00+05:00,2026-02-05T12:00:00+00:00,2026-02-05T16:00:53+00:00,697ef1d5616f3f48a134d695928589bc62d8584fa2a8c6d1eb58f698190bfc0a,february-empirical-v1:204ed64bc6d9fa64157d2256888ae687070ec6f9d0d554829fd4d8827c29541c,True,1,0.32432439903152976,0.716432974649706,2,2026-02-06T00:00:00+05:00,2026-02-05T19:00:00+00:00,6.814371348543829
2026-02-05,2026-02-05T18:00:00+00:00,2026-02-05T23:00:00+05:00,2026-02-05T12:00:00+00:00,2026-02-05T16:00:53+00:00,697ef1d5616f3f48a134d695928589bc62d8584fa2a8c6d1eb58f698190bfc0a,february-empirical-v1:204ed64bc6d9fa64157d2256888ae687070ec6f9d0d554829fd4d8827c29541c,True,2,0.23637219008864557,0.6701431637569044,2,2026-02-06T01:00:00+05:00,2026-02-05T20:00:00+00:00,6.154581157607615
2026-02-05,2026-02-05T18:00:00+00:00,2026-02-05T23:00:00+05:00,2026-02-05T12:00:00+00:00,2026-02-05T16:00:53+00:00,697ef1d5616f3f48a134d695928589bc62d8584fa2a8c6d1eb58f698190bfc0a,february-empirical-v1:204ed64bc6d9fa64157d2256888ae687070ec6f9d0d554829fd4d8827c29541c,True,3,0.19311918187448968,0.5150179373185892,2,2026-02-06T02:00:00+05:00,2026-02-05T21:00:00+00:00,5.777996134718209
2026-02-05,2026-02-05T18:00:00+00:00,2026-02-05T23:00:00+05:00,2026-02-05T12:00:00+00:00,2026-02-05T16:00:53+00:00,697ef1d5616f3f48a134d695928589bc62d8584fa2a8c6d1eb58f698190bfc0a,february-empirical-v1:204ed64bc6d9fa64157d2256888ae687070ec6f9d0d554829fd4d8827c29541c,True,4,0.1618603704978939,0.17217037618218,2,2026-02-06T03:00:00+05:00,2026-02-05T22:00:00+00:00,5.442543743425842
2026-02-05,2026-02-05T18:00:00+00:00,2026-02-05T23:00:00+05:00,2026-02-05T12:00:00+00:00,2026-02-05T16:00:53+00:00,697ef1d5616f3f48a134d695928589bc62d8584fa2a8c6d1eb58f698190bfc0a,february-empirical-v1:204ed64bc6d9fa64157d2256888ae687070ec6f9d0d554829fd4d8827c29541c,True,5,0.13982180615216144,0.160245840013431,2,2026-02-06T04:00:00+05:00,2026-02-05T23:00:00+00:00,5.190278028244972
2026-02-05,2026-02-05T18:00:00+00:00,2026-02-05T23:00:00+05:00,2026-02-05T12:00:00+00:00,2026-02-05T16:00:53+00:00,697ef1d5616f3f48a134d695928589bc62d8584fa2a8c6d1eb58f698190bfc0a,february-empirical-v1:204ed64bc6d9fa64157d2256888ae687070ec6f9d0d554829fd4d8827c29541c,True,6,0.09506132078386302,0.12374293994520258,2,2026-02-06T05:00:00+05:00,2026-02-06T00:00:00+00:00,4.5335136594296594
2026-02-05,2026-02-05T18:00:00+00:00,2026-02-05T23:00:00+05:00,2026-02-05T12:00:00+00:00,2026-02-05T16:00:53+00:00,697ef1d5616f3f48a134d695928589bc62d8584fa2a8c6d1eb58f698190bfc0a,february-empirical-v1:204ed64bc6d9fa64157d2256888ae687070ec6f9d0d554829fd4d8827c29541c,True,7,0.031828138374575536,-0.5972377980580177,2,2026-02-06T06:00:00+05:00,2026-02-06T01:00:00+00:00,3.0325998323456593
2026-02-05,2026-02-05T18:00:00+00:00,2026-02-05T23:00:00+05:00,2026-02-05T12:00:00+00:00,2026-02-05T16:00:53+00:00,697ef1d5616f3f48a134d695928589bc62d8584fa2a8c6d1eb58f698190bfc0a,february-empirical-v1:204ed64bc6d9fa64157d2256888ae687070ec6f9d0d554829fd4d8827c29541c,True,8,0.009906830704167079,-0.7264294863990131,2,2026-02-06T07:00:00+05:00,2026-02-06T02:00:00+00:00,0.7993563426005114
2026-02-05,2026-02-05T18:00:00+00:00,2026-02-05T23:00:00+05:00,2026-02-05T12:00:00+00:00,2026-02-05T16:00:53+00:00,697ef1d5616f3f48a134d695928589bc62d8584fa2a8c6d1eb58f698190bfc0a,february-empirical-v1:204ed64bc6d9fa64157d2256888ae687070ec6f9d0d554829fd4d8827c29541c,True,9,0.012213193654697883,0.3607443422827714,2,2026-02-06T08:00:00+05:00,2026-02-06T03:00:00+00:00,1.9761342767290586
2026-02-05,2026-02-05T18:00:00+00:00,2026-02-05T23:00:00+05:00,2026-02-05T12:00:00+00:00,2026-02-05T16:00:53+00:00,697ef1d5616f3f48a134d695928589bc62d8584fa2a8c6d1eb58f698190bfc0a,february-empirical-v1:204ed64bc6d9fa64157d2256888ae687070ec6f9d0d554829fd4d8827c29541c,True,10,0.02016090644910244,1.6731374472698235,2,2026-02-06T09:00:00+05:00,2026-02-06T04:00:00+00:00,2.534269682601068
2026-02-05,2026-02-05T18:00:00+00:00,2026-02-05T23:00:00+05:00,2026-02-05T12:00:00+00:00,2026-02-05T16:00:53+00:00,697ef1d5616f3f48a134d695928589bc62d8584fa2a8c6d1eb58f698190bfc0a,february-empirical-v1:204ed64bc6d9fa64157d2256888ae687070ec6f9d0d554829fd4d8827c29541c,True,11,0.10670271604854065,3.491244013815219,2,2026-02-06T10:00:00+05:00,2026-02-06T05:00:00+00:00,4.747834882343216
2026-02-05,2026-02-05T18:00:00+00:00,2026-02-05T23:00:00+05:00,2026-02-05T12:00:00+00:00,2026-02-05T16:00:53+00:00,697ef1d5616f3f48a134d695928589bc62d8584fa2a8c6d1eb58f698190bfc0a,february-empirical-v1:204ed64bc6d9fa64157d2256888ae687070ec6f9d0d554829fd4d8827c29541c,True,12,0.439532624559016,5.112645078539231,2,2026-02-06T11:00:00+05:00,2026-02-06T06:00:00+00:00,7.604418570887103
2026-02-05,2026-02-05T18:00:00+00:00,2026-02-05T23:00:00+05:00,2026-02-05T12:00:00+00:00,2026-02-05T16:00:53+00:00,697ef1d5616f3f48a134d695928589bc62d8584fa2a8c6d1eb58f698190bfc0a,february-empirical-v1:204ed64bc6d9fa64157d2256888ae687070ec6f9d0d554829fd4d8827c29541c,True,13,0.7839357769416561,5.485805550876819,2,2026-02-06T12:00:00+05:00,2026-02-06T07:00:00+00:00,9.970786402648093
2026-02-05,2026-02-05T18:00:00+00:00,2026-02-05T23:00:00+05:00,2026-02-05T12:00:00+00:00,2026-02-05T16:00:53+00:00,697ef1d5616f3f48a134d695928589bc62d8584fa2a8c6d1eb58f698190bfc0a,february-empirical-v1:204ed64bc6d9fa64157d2256888ae687070ec6f9d0d554829fd4d8827c29541c,True,14,0.9417562839729486,3.5411207273215837,2,2026-02-06T13:00:00+05:00,2026-02-06T08:00:00+00:00,11.559120537332038
2026-02-05,2026-02-05T18:00:00+00:00,2026-02-05T23:00:00+05:00,2026-02-05T12:00:00+00:00,2026-02-05T16:00:53+00:00,697ef1d5616f3f48a134d695928589bc62d8584fa2a8c6d1eb58f698190bfc0a,february-empirical-v1:204ed64bc6d9fa64157d2256888ae687070ec6f9d0d554829fd4d8827c29541c,True,15,0.9391461584223016,2.713635456253428,2,2026-02-06T14:00:00+05:00,2026-02-06T09:00:00+00:00,11.510363348142254
2026-02-05,2026-02-05T18:00:00+00:00,2026-02-05T23:00:00+05:00,2026-02-05T12:00:00+00:00,2026-02-05T16:00:53+00:00,697ef1d5616f3f48a134d695928589bc62d8584fa2a8c6d1eb58f698190bfc0a,february-empirical-v1:204ed64bc6d9fa64157d2256888ae687070ec6f9d0d554829fd4d8827c29541c,True,16,0.9339336362300843,2.436701031688415,2,2026-02-06T15:00:00+05:00,2026-02-06T10:00:00+00:00,11.412993345914243
2026-02-05,2026-02-05T18:00:00+00:00,2026-02-05T23:00:00+05:00,2026-02-05T12:00:00+00:00,2026-02-05T16:00:53+00:00,697ef1d5616f3f48a134d695928589bc62d8584fa2a8c6d1eb58f698190bfc0a,february-empirical-v1:204ed64bc6d9fa64157d2256888ae687070ec6f9d0d554829fd4d8827c29541c,True,17,0.9587518469513052,2.447812241392967,2,2026-02-06T16:00:00+05:00,2026-02-06T11:00:00+00:00,12.254461318145006
2026-02-05,2026-02-05T18:00:00+00:00,2026-02-05T23:00:00+05:00,2026-02-05T12:00:00+00:00,2026-02-05T16:00:53+00:00,697ef1d5616f3f48a134d695928589bc62d8584fa2a8c6d1eb58f698190bfc0a,february-empirical-v1:204ed64bc6d9fa64157d2256888ae687070ec6f9d0d554829fd4d8827c29541c,True,18,0.9589219417344684,1.626588158880054,2,2026-02-06T17:00:00+05:00,2026-02-06T12:00:00+00:00,12.274843377441693
2026-02-05,2026-02-05T18:00:00+00:00,2026-02-05T23:00:00+05:00,2026-02-05T12:00:00+00:00,2026-02-05T16:00:53+00:00,697ef1d5616f3f48a134d695928589bc62d8584fa2a8c6d1eb58f698190bfc0a,february-empirical-v1:204ed64bc6d9fa64157d2256888ae687070ec6f9d0d554829fd4d8827c29541c,True,19,0.9603575507132603,1.160710790714404,2,2026-02-06T18:00:00+05:00,2026-02-06T13:00:00+00:00,12.446869037420463
2026-02-05,2026-02-05T18:00:00+00:00,2026-02-05T23:00:00+05:00,2026-02-05T12:00:00+00:00,2026-02-05T16:00:53+00:00,697ef1d5616f3f48a134d695928589bc62d8584fa2a8c6d1eb58f698190bfc0a,february-empirical-v1:204ed64bc6d9fa64157d2256888ae687070ec6f9d0d554829fd4d8827c29541c,True,20,0.95524410471029,0.9286960531202908,2,2026-02-06T19:00:00+05:00,2026-02-06T14:00:00+00:00,11.99254194388614
2026-02-05,2026-02-05T18:00:00+00:00,2026-02-05T23:00:00+05:00,2026-02-05T12:00:00+00:00,2026-02-05T16:00:53+00:00,697ef1d5616f3f48a134d695928589bc62d8584fa2a8c6d1eb58f698190bfc0a,february-empirical-v1:204ed64bc6d9fa64157d2256888ae687070ec6f9d0d554829fd4d8827c29541c,True,21,0.9480493571328074,0.7746023782144107,2,2026-02-06T20:00:00+05:00,2026-02-06T15:00:00+00:00,11.676675249811032
2026-02-05,2026-02-05T18:00:00+00:00,2026-02-05T23:00:00+05:00,2026-02-05T12:00:00+00:00,2026-02-05T16:00:53+00:00,697ef1d5616f3f48a134d695928589bc62d8584fa2a8c6d1eb58f698190bfc0a,february-empirical-v1:204ed64bc6d9fa64157d2256888ae687070ec6f9d0d554829fd4d8827c29541c,True,22,0.9268382357058035,0.6031236611851796,2,2026-02-06T21:00:00+05:00,2026-02-06T16:00:00+00:00,11.280451144772274
2026-02-05,2026-02-05T18:00:00+00:00,2026-02-05T23:00:00+05:00,2026-02-05T12:00:00+00:00,2026-02-05T16:00:53+00:00,697ef1d5616f3f48a134d695928589bc62d8584fa2a8c6d1eb58f698190bfc0a,february-empirical-v1:204ed64bc6d9fa64157d2256888ae687070ec6f9d0d554829fd4d8827c29541c,True,23,0.7707664092270726,0.35845603858456343,2,2026-02-06T22:00:00+05:00,2026-02-06T17:00:00+00:00,9.879527532711128
2026-02-05,2026-02-05T18:00:00+00:00,2026-02-05T23:00:00+05:00,2026-02-05T12:00:00+00:00,2026-02-05T16:00:53+00:00,697ef1d5616f3f48a134d695928589bc62d8584fa2a8c6d1eb58f698190bfc0a,february-empirical-v1:204ed64bc6d9fa64157d2256888ae687070ec6f9d0d554829fd4d8827c29541c,True,24,0.6392040040719458,0.2294852697274905,2,2026-02-06T23:00:00+05:00,2026-02-06T18:00:00+00:00,8.951074423139662
2026-02-06,2026-02-06T18:00:00+00:00,2026-02-06T23:00:00+05:00,2026-02-06T12:00:00+00:00,2026-02-06T16:01:23+00:00,4c590f5528fe3c600450a2b001d7f1f688348a41a31ad93aedb42679aca8cc90,february-empirical-v1:204ed64bc6d9fa64157d2256888ae687070ec6f9d0d554829fd4d8827c29541c,True,1,0.8899709125488373,0.11643410458202652,1,2026-02-07T00:00:00+05:00,2026-02-06T19:00:00+00:00,10.728293479858118
2026-02-06,2026-02-06T18:00:00+00:00,2026-02-06T23:00:00+05:00,2026-02-06T12:00:00+00:00,2026-02-06T16:01:23+00:00,4c590f5528fe3c600450a2b001d7f1f688348a41a31ad93aedb42679aca8cc90,february-empirical-v1:204ed64bc6d9fa64157d2256888ae687070ec6f9d0d554829fd4d8827c29541c,True,2,0.7999068101759308,-0.1411411401619489,1,2026-02-07T01:00:00+05:00,2026-02-06T20:00:00+00:00,10.024123871710254
2026-02-06,2026-02-06T18:00:00+00:00,2026-02-06T23:00:00+05:00,2026-02-06T12:00:00+00:00,2026-02-06T16:01:23+00:00,4c590f5528fe3c600450a2b001d7f1f688348a41a31ad93aedb42679aca8cc90,february-empirical-v1:204ed64bc6d9fa64157d2256888ae687070ec6f9d0d554829fd4d8827c29541c,True,3,0.6404459360711202,-0.27111957416798305,1,2026-02-07T02:00:00+05:00,2026-02-06T21:00:00+00:00,8.85395063121942
2026-02-06,2026-02-06T18:00:00+00:00,2026-02-06T23:00:00+05:00,2026-02-06T12:00:00+00:00,2026-02-06T16:01:23+00:00,4c590f5528fe3c600450a2b001d7f1f688348a41a31ad93aedb42679aca8cc90,february-empirical-v1:204ed64bc6d9fa64157d2256888ae687070ec6f9d0d554829fd4d8827c29541c,True,4,0.4544840355682517,-0.34343791809595814,1,2026-02-07T03:00:00+05:00,2026-02-06T22:00:00+00:00,7.611769645128949
2026-02-06,2026-02-06T18:00:00+00:00,2026-02-06T23:00:00+05:00,2026-02-06T12:00:00+00:00,2026-02-06T16:01:23+00:00,4c590f5528fe3c600450a2b001d7f1f688348a41a31ad93aedb42679aca8cc90,february-empirical-v1:204ed64bc6d9fa64157d2256888ae687070ec6f9d0d554829fd4d8827c29541c,True,5,0.13164800732175969,-0.6419116874619704,1,2026-02-07T04:00:00+05:00,2026-02-06T23:00:00+00:00,5.0008570999911655
2026-02-06,2026-02-06T18:00:00+00:00,2026-02-06T23:00:00+05:00,2026-02-06T12:00:00+00:00,2026-02-06T16:01:23+00:00,4c590f5528fe3c600450a2b001d7f1f688348a41a31ad93aedb42679aca8cc90,february-empirical-v1:204ed64bc6d9fa64157d2256888ae687070ec6f9d0d554829fd4d8827c29541c,True,6,0.02142787661372968,-0.9834448482699827,1,2026-02-07T05:00:00+05:00,2026-02-07T00:00:00+00:00,2.5288312568918885
2026-02-06,2026-02-06T18:00:00+00:00,2026-02-06T23:00:00+05:00,2026-02-06T12:00:00+00:00,2026-02-06T16:01:23+00:00,4c590f5528fe3c600450a2b001d7f1f688348a41a31ad93aedb42679aca8cc90,february-empirical-v1:204ed64bc6d9fa64157d2256888ae687070ec6f9d0d554829fd4d8827c29541c,True,7,0.00998305679319495,-1.1091179913599944,1,2026-02-07T06:00:00+05:00,2026-02-07T01:00:00+00:00,0.8376921073416002
2026-02-06,2026-02-06T18:00:00+00:00,2026-02-06T23:00:00+05:00,2026-02-06T12:00:00+00:00,2026-02-06T16:01:23+00:00,4c590f5528fe3c600450a2b001d7f1f688348a41a31ad93aedb42679aca8cc90,february-empirical-v1:204ed64bc6d9fa64157d2256888ae687070ec6f9d0d554829fd4d8827c29541c,True,8,0.010159816378793944,-2.1755584308779703,1,2026-02-07T07:00:00+05:00,2026-02-07T02:00:00+00:00,1.3429549562378944
2026-02-06,2026-02-06T18:00:00+00:00,2026-02-06T23:00:00+05:00,2026-02-06T12:00:00+00:00,2026-02-06T16:01:23+00:00,4c590f5528fe3c600450a2b001d7f1f688348a41a31ad93aedb42679aca8cc90,february-empirical-v1:204ed64bc6d9fa64157d2256888ae687070ec6f9d0d554829fd4d8827c29541c,True,9,0.023137467403905102,-1.2177522427180065,1,2026-02-07T08:00:00+05:00,2026-02-07T03:00:00+00:00,2.619693150119011
2026-02-06,2026-02-06T18:00:00+00:00,2026-02-06T23:00:00+05:00,2026-02-06T12:00:00+00:00,2026-02-06T16:01:23+00:00,4c590f5528fe3c600450a2b001d7f1f688348a41a31ad93aedb42679aca8cc90,february-empirical-v1:204ed64bc6d9fa64157d2256888ae687070ec6f9d0d554829fd4d8827c29541c,True,10,0.07642194490599566,0.09158111462204488,1,2026-02-07T09:00:00+05:00,2026-02-07T04:00:00+00:00,4.116608587344116
2026-02-06,2026-02-06T18:00:00+00:00,2026-02-06T23:00:00+05:00,2026-02-06T12:00:00+00:00,2026-02-06T16:01:23+00:00,4c590f5528fe3c600450a2b001d7f1f688348a41a31ad93aedb42679aca8cc90,february-empirical-v1:204ed64bc6d9fa64157d2256888ae687070ec6f9d0d554829fd4d8827c29541c,True,11,0.2511233929475692,0.986138484321998,1,2026-02-07T10:00:00+05:00,2026-02-07T05:00:00+00:00,6.198394774335053
2026-02-06,2026-02-06T18:00:00+00:00,2026-02-06T23:00:00+05:00,2026-02-06T12:00:00+00:00,2026-02-06T16:01:23+00:00,4c590f5528fe3c600450a2b001d7f1f688348a41a31ad93aedb42679aca8cc90,february-empirical-v1:204ed64bc6d9fa64157d2256888ae687070ec6f9d0d554829fd4d8827c29541c,True,12,0.23939858672633316,1.6544714002679939,1,2026-02-07T11:00:00+05:00,2026-02-07T06:00:00+00:00,6.101840556326078
2026-02-06,2026-02-06T18:00:00+00:00,2026-02-06T23:00:00+05:00,2026-02-06T12:00:00+00:00,2026-02-06T16:01:23+00:00,4c590f5528fe3c600450a2b001d7f1f688348a41a31ad93aedb42679aca8cc90,february-empirical-v1:204ed64bc6d9fa64157d2256888ae687070ec6f9d0d554829fd4d8827c29541c,True,13,0.14878692782197825,1.7134302560880315,1,2026-02-07T12:00:00+05:00,2026-02-07T07:00:00+00:00,5.231409485819748
2026-02-06,2026-02-06T18:00:00+00:00,2026-02-06T23:00:00+05:00,2026-02-06T12:00:00+00:00,2026-02-06T16:01:23+00:00,4c590f5528fe3c600450a2b001d7f1f688348a41a31ad93aedb42679aca8cc90,february-empirical-v1:204ed64bc6d9fa64157d2256888ae687070ec6f9d0d554829fd4d8827c29541c,True,14,0.10078291162059401,1.953533904508049,1,2026-02-07T13:00:00+05:00,2026-02-07T08:00:00+00:00,4.547593405926765
2026-02-06,2026-02-06T18:00:00+00:00,2026-02-06T23:00:00+05:00,2026-02-06T12:00:00+00:00,2026-02-06T16:01:23+00:00,4c590f5528fe3c600450a2b001d7f1f688348a41a31ad93aedb42679aca8cc90,february-empirical-v1:204ed64bc6d9fa64157d2256888ae687070ec6f9d0d554829fd4d8827c29541c,True,15,0.05810552831689128,2.3732838147039956,1,2026-02-07T14:00:00+05:00,2026-02-07T09:00:00+00:00,3.729869875030043
2026-02-06,2026-02-06T18:00:00+00:00,2026-02-06T23:00:00+05:00,2026-02-06T12:00:00+00:00,2026-02-06T16:01:23+00:00,4c590f5528fe3c600450a2b001d7f1f688348a41a31ad93aedb42679aca8cc90,february-empirical-v1:204ed64bc6d9fa64157d2256888ae687070ec6f9d0d554829fd4d8827c29541c,True,16,0.03227908683668897,2.1112752366740324,1,2026-02-07T15:00:00+05:00,2026-02-07T10:00:00+00:00,2.9711969272966323
2026-02-06,2026-02-06T18:00:00+00:00,2026-02-06T23:00:00+05:00,2026-02-06T12:00:00+00:00,2026-02-06T16:01:23+00:00,4c590f5528fe3c600450a2b001d7f1f688348a41a31ad93aedb42679aca8cc90,february-empirical-v1:204ed64bc6d9fa64157d2256888ae687070ec6f9d0d554829fd4d8827c29541c,True,17,0.014753442783643378,1.8683587972120108,1,2026-02-07T16:00:00+05:00,2026-02-07T11:00:00+00:00,2.110889419279684
2026-02-06,2026-02-06T18:00:00+00:00,2026-02-06T23:00:00+05:00,2026-02-06T12:00:00+00:00,2026-02-06T16:01:23+00:00,4c590f5528fe3c600450a2b001d7f1f688348a41a31ad93aedb42679aca8cc90,february-empirical-v1:204ed64bc6d9fa64157d2256888ae687070ec6f9d0d554829fd4d8827c29541c,True,18,0.014924592091988167,1.1938625027460148,1,2026-02-07T17:00:00+05:00,2026-02-07T12:00:00+00:00,2.1275604216774173
2026-02-06,2026-02-06T18:00:00+00:00,2026-02-06T23:00:00+05:00,2026-02-06T12:00:00+00:00,2026-02-06T16:01:23+00:00,4c590f5528fe3c600450a2b001d7f1f688348a41a31ad93aedb42679aca8cc90,february-empirical-v1:204ed64bc6d9fa64157d2256888ae687070ec6f9d0d554829fd4d8827c29541c,True,19,0.06312396845043491,-0.231761565201964,1,2026-02-07T18:00:00+05:00,2026-02-07T13:00:00+00:00,3.839402427242999
2026-02-06,2026-02-06T18:00:00+00:00,2026-02-06T23:00:00+05:00,2026-02-06T12:00:00+00:00,2026-02-06T16:01:23+00:00,4c590f5528fe3c600450a2b001d7f1f688348a41a31ad93aedb42679aca8cc90,february-empirical-v1:204ed64bc6d9fa64157d2256888ae687070ec6f9d0d554829fd4d8827c29541c,True,20,0.07891591077441995,-0.2757279640459842,1,2026-02-07T19:00:00+05:00,2026-02-07T14:00:00+00:00,4.168597151477876
2026-02-06,2026-02-06T18:00:00+00:00,2026-02-06T23:00:00+05:00,2026-02-06T12:00:00+00:00,2026-02-06T16:01:23+00:00,4c590f5528fe3c600450a2b001d7f1f688348a41a31ad93aedb42679aca8cc90,february-empirical-v1:204ed64bc6d9fa64157d2256888ae687070ec6f9d0d554829fd4d8827c29541c,True,21,0.1175148082291898,-0.45700696855993783,1,2026-02-07T20:00:00+05:00,2026-02-07T15:00:00+00:00,4.810737613169297
2026-02-06,2026-02-06T18:00:00+00:00,2026-02-06T23:00:00+05:00,2026-02-06T12:00:00+00:00,2026-02-06T16:01:23+00:00,4c590f5528fe3c600450a2b001d7f1f688348a41a31ad93aedb42679aca8cc90,february-empirical-v1:204ed64bc6d9fa64157d2256888ae687070ec6f9d0d554829fd4d8827c29541c,True,22,0.18302245825594882,-0.7856078904219999,1,2026-02-07T21:00:00+05:00,2026-02-07T16:00:00+00:00,5.603227098243385
2026-02-06,2026-02-06T18:00:00+00:00,2026-02-06T23:00:00+05:00,2026-02-06T12:00:00+00:00,2026-02-06T16:01:23+00:00,4c590f5528fe3c600450a2b001d7f1f688348a41a31ad93aedb42679aca8cc90,february-empirical-v1:204ed64bc6d9fa64157d2256888ae687070ec6f9d0d554829fd4d8827c29541c,True,23,0.3077961371456108,-0.8973532671799944,1,2026-02-07T22:00:00+05:00,2026-02-07T17:00:00+00:00,6.618294743337338
2026-02-06,2026-02-06T18:00:00+00:00,2026-02-06T23:00:00+05:00,2026-02-06T12:00:00+00:00,2026-02-06T16:01:23+00:00,4c590f5528fe3c600450a2b001d7f1f688348a41a31ad93aedb42679aca8cc90,february-empirical-v1:204ed64bc6d9fa64157d2256888ae687070ec6f9d0d554829fd4d8827c29541c,True,24,0.3857363634520756,-0.9923575571059473,1,2026-02-07T23:00:00+05:00,2026-02-07T18:00:00+00:00,7.160337155885218
2026-02-06,2026-02-06T18:00:00+00:00,2026-02-06T23:00:00+05:00,2026-02-06T12:00:00+00:00,2026-02-06T16:01:23+00:00,4c590f5528fe3c600450a2b001d7f1f688348a41a31ad93aedb42679aca8cc90,february-empirical-v1:204ed64bc6d9fa64157d2256888ae687070ec6f9d0d554829fd4d8827c29541c,True,1,0.8761054494695122,0.08445120826974062,2,2026-02-07T00:00:00+05:00,2026-02-06T19:00:00+00:00,10.680207432509874
2026-02-06,2026-02-06T18:00:00+00:00,2026-02-06T23:00:00+05:00,2026-02-06T12:00:00+00:00,2026-02-06T16:01:23+00:00,4c590f5528fe3c600450a2b001d7f1f688348a41a31ad93aedb42679aca8cc90,february-empirical-v1:204ed64bc6d9fa64157d2256888ae687070ec6f9d0d554829fd4d8827c29541c,True,2,0.783621153523445,-0.168580694908826,2,2026-02-07T01:00:00+05:00,2026-02-06T20:00:00+00:00,9.968606178189036
2026-02-06,2026-02-06T18:00:00+00:00,2026-02-06T23:00:00+05:00,2026-02-06T12:00:00+00:00,2026-02-06T16:01:23+00:00,4c590f5528fe3c600450a2b001d7f1f688348a41a31ad93aedb42679aca8cc90,february-empirical-v1:204ed64bc6d9fa64157d2256888ae687070ec6f9d0d554829fd4d8827c29541c,True,3,0.6221669277003956,-0.29708327048030014,2,2026-02-07T02:00:00+05:00,2026-02-06T21:00:00+00:00,8.80816415229579
2026-02-06,2026-02-06T18:00:00+00:00,2026-02-06T23:00:00+05:00,2026-02-06T12:00:00+00:00,2026-02-06T16:01:23+00:00,4c590f5528fe3c600450a2b001d7f1f688348a41a31ad93aedb42679aca8cc90,february-empirical-v1:204ed64bc6d9fa64157d2256888ae687070ec6f9d0d554829fd4d8827c29541c,True,4,0.4332212164152115,-0.3656900625030062,2,2026-02-07T03:00:00+05:00,2026-02-06T22:00:00+00:00,7.560315084895082
2026-02-06,2026-02-06T18:00:00+00:00,2026-02-06T23:00:00+05:00,2026-02-06T12:00:00+00:00,2026-02-06T16:01:23+00:00,4c590f5528fe3c600450a2b001d7f1f688348a41a31ad93aedb42679aca8cc90,february-empirical-v1:204ed64bc6d9fa64157d2256888ae687070ec6f9d0d554829fd4d8827c29541c,True,5,0.1233612080151493,-0.66368669296088,2,2026-02-07T04:00:00+05:00,2026-02-06T23:00:00+00:00,4.970674595083591
2026-02-06,2026-02-06T18:00:00+00:00,2026-02-06T23:00:00+05:00,2026-02-06T12:00:00+00:00,2026-02-06T16:01:23+00:00,4c590f5528fe3c600450a2b001d7f1f688348a41a31ad93aedb42679aca8cc90,february-empirical-v1:204ed64bc6d9fa64157d2256888ae687070ec6f9d0d554829fd4d8827c29541c,True,6,0.01964530004327673,-1.005290337434758,2,2026-02-07T05:00:00+05:00,2026-02-07T00:00:00+00:00,2.507332091641071
2026-02-06,2026-02-06T18:00:00+00:00,2026-02-06T23:00:00+05:00,2026-02-06T12:00:00+00:00,2026-02-06T16:01:23+00:00,4c590f5528fe3c600450a2b001d7f1f688348a41a31ad93aedb42679aca8cc90,february-empirical-v1:204ed64bc6d9fa64157d2256888ae687070ec6f9d0d554829fd4d8827c29541c,True,7,0.009898763579405254,-1.1256839371263823,2,2026-02-07T06:00:00+05:00,2026-02-07T01:00:00+00:00,0.8171199497679069
2026-02-06,2026-02-06T18:00:00+00:00,2026-02-06T23:00:00+05:00,2026-02-06T12:00:00+00:00,2026-02-06T16:01:23+00:00,4c590f5528fe3c600450a2b001d7f1f688348a41a31ad93aedb42679aca8cc90,february-empirical-v1:204ed64bc6d9fa64157d2256888ae687070ec6f9d0d554829fd4d8827c29541c,True,8,0.009790651553731327,-2.193620641340715,2,2026-02-07T07:00:00+05:00,2026-02-07T02:00:00+00:00,1.3502411668889245
2026-02-06,2026-02-06T18:00:00+00:00,2026-02-06T23:00:00+05:00,2026-02-06T12:00:00+00:00,2026-02-06T16:01:23+00:00,4c590f5528fe3c600450a2b001d7f1f688348a41a31ad93aedb42679aca8cc90,february-empirical-v1:204ed64bc6d9fa64157d2256888ae687070ec6f9d0d554829fd4d8827c29541c,True,9,0.02183464704504879,-1.249009789782349,2,2026-02-07T08:00:00+05:00,2026-02-07T03:00:00+00:00,2.62171339749158
2026-02-06,2026-02-06T18:00:00+00:00,2026-02-06T23:00:00+05:00,2026-02-06T12:00:00+00:00,2026-02-06T16:01:23+00:00,4c590f5528fe3c600450a2b001d7f1f688348a41a31ad93aedb42679aca8cc90,february-empirical-v1:204ed64bc6d9fa64157d2256888ae687070ec6f9d0d554829fd4d8827c29541c,True,10,0.07331182278132926,0.05849563727934992,2,2026-02-07T09:00:00+05:00,2026-02-07T04:00:00+00:00,4.114383630200387
2026-02-06,2026-02-06T18:00:00+00:00,2026-02-06T23:00:00+05:00,2026-02-06T12:00:00+00:00,2026-02-06T16:01:23+00:00,4c590f5528fe3c600450a2b001d7f1f688348a41a31ad93aedb42679aca8cc90,february-empirical-v1:204ed64bc6d9fa64157d2256888ae687070ec6f9d0d554829fd4d8827c29541c,True,11,0.23732176358873336,0.9513014631072565,2,2026-02-07T10:00:00+05:00,2026-02-07T05:00:00+00:00,6.162848678712626
2026-02-06,2026-02-06T18:00:00+00:00,2026-02-06T23:00:00+05:00,2026-02-06T12:00:00+00:00,2026-02-06T16:01:23+00:00,4c590f5528fe3c600450a2b001d7f1f688348a41a31ad93aedb42679aca8cc90,february-empirical-v1:204ed64bc6d9fa64157d2256888ae687070ec6f9d0d554829fd4d8827c29541c,True,12,0.22422255795684057,1.6155134918443537,2,2026-02-07T11:00:00+05:00,2026-02-07T06:00:00+00:00,6.048799625100098
2026-02-06,2026-02-06T18:00:00+00:00,2026-02-06T23:00:00+05:00,2026-02-06T12:00:00+00:00,2026-02-06T16:01:23+00:00,4c590f5528fe3c600450a2b001d7f1f688348a41a31ad93aedb42679aca8cc90,february-empirical-v1:204ed64bc6d9fa64157d2256888ae687070ec6f9d0d554829fd4d8827c29541c,True,13,0.13935100113953003,1.6792953413411738,2,2026-02-07T12:00:00+05:00,2026-02-07T07:00:00+00:00,5.183996944394746
2026-02-06,2026-02-06T18:00:00+00:00,2026-02-06T23:00:00+05:00,2026-02-06T12:00:00+00:00,2026-02-06T16:01:23+00:00,4c590f5528fe3c600450a2b001d7f1f688348a41a31ad93aedb42679aca8cc90,february-empirical-v1:204ed64bc6d9fa64157d2256888ae687070ec6f9d0d554829fd4d8827c29541c,True,14,0.0942375034555649,1.919023858061962,2,2026-02-07T13:00:00+05:00,2026-02-07T08:00:00+00:00,4.518346960486453
2026-02-06,2026-02-06T18:00:00+00:00,2026-02-06T23:00:00+05:00,2026-02-06T12:00:00+00:00,2026-02-06T16:01:23+00:00,4c590f5528fe3c600450a2b001d7f1f688348a41a31ad93aedb42679aca8cc90,february-empirical-v1:204ed64bc6d9fa64157d2256888ae687070ec6f9d0d554829fd4d8827c29541c,True,15,0.05458752337382196,2.3257617741689955,2,2026-02-07T14:00:00+05:00,2026-02-07T09:00:00+00:00,3.7053432216338047
2026-02-06,2026-02-06T18:00:00+00:00,2026-02-06T23:00:00+05:00,2026-02-06T12:00:00+00:00,2026-02-06T16:01:23+00:00,4c590f5528fe3c600450a2b001d7f1f688348a41a31ad93aedb42679aca8cc90,february-empirical-v1:204ed64bc6d9fa64157d2256888ae687070ec6f9d0d554829fd4d8827c29541c,True,16,0.029646338259489705,2.072416235191781,2,2026-02-07T15:00:00+05:00,2026-02-07T10:00:00+00:00,2.9508039343182
2026-02-06,2026-02-06T18:00:00+00:00,2026-02-06T23:00:00+05:00,2026-02-06T12:00:00+00:00,2026-02-06T16:01:23+00:00,4c590f5528fe3c600450a2b001d7f1f688348a41a31ad93aedb42679aca8cc90,february-empirical-v1:204ed64bc6d9fa64157d2256888ae687070ec6f9d0d554829fd4d8827c29541c,True,17,0.013225660786372979,1.832784083350873,2,2026-02-07T16:00:00+05:00,2026-02-07T11:00:00+00:00,2.086755565502653
2026-02-06,2026-02-06T18:00:00+00:00,2026-02-06T23:00:00+05:00,2026-02-06T12:00:00+00:00,2026-02-06T16:01:23+00:00,4c590f5528fe3c600450a2b001d7f1f688348a41a31ad93aedb42679aca8cc90,february-empirical-v1:204ed64bc6d9fa64157d2256888ae687070ec6f9d0d554829fd4d8827c29541c,True,18,0.013347624225301192,1.1550206531690606,2,2026-02-07T17:00:00+05:00,2026-02-07T12:00:00+00:00,2.1000811860343305
2026-02-06,2026-02-06T18:00:00+00:00,2026-02-06T23:00:00+05:00,2026-02-06T12:00:00+00:00,2026-02-06T16:01:23+00:00,4c590f5528fe3c600450a2b001d7f1f688348a41a31ad93aedb42679aca8cc90,february-empirical-v1:204ed64bc6d9fa64157d2256888ae687070ec6f9d0d554829fd4d8827c29541c,True,19,0.05891749359520897,-0.25623165891852295,2,2026-02-07T18:00:00+05:00,2026-02-07T13:00:00+00:00,3.806952758564771
2026-02-06,2026-02-06T18:00:00+00:00,2026-02-06T23:00:00+05:00,2026-02-06T12:00:00+00:00,2026-02-06T16:01:23+00:00,4c590f5528fe3c600450a2b001d7f1f688348a41a31ad93aedb42679aca8cc90,february-empirical-v1:204ed64bc6d9fa64157d2256888ae687070ec6f9d0d554829fd4d8827c29541c,True,20,0.07514433591858284,-0.30994152458100643,2,2026-02-07T19:00:00+05:00,2026-02-07T14:00:00+00:00,4.153522036984415
2026-02-06,2026-02-06T18:00:00+00:00,2026-02-06T23:00:00+05:00,2026-02-06T12:00:00+00:00,2026-02-06T16:01:23+00:00,4c590f5528fe3c600450a2b001d7f1f688348a41a31ad93aedb42679aca8cc90,february-empirical-v1:204ed64bc6d9fa64157d2256888ae687070ec6f9d0d554829fd4d8827c29541c,True,21,0.11065219188936254,-0.4849020104543911,2,2026-02-07T20:00:00+05:00,2026-02-07T15:00:00+00:00,4.8011216086067146
2026-02-06,2026-02-06T18:00:00+00:00,2026-02-06T23:00:00+05:00,2026-02-06T12:00:00+00:00,2026-02-06T16:01:23+00:00,4c590f5528fe3c600450a2b001d7f1f688348a41a31ad93aedb42679aca8cc90,february-empirical-v1:204ed64bc6d9fa64157d2256888ae687070ec6f9d0d554829fd4d8827c29541c,True,22,0.1749658509864293,-0.8138602900713181,2,2026-02-07T21:00:00+05:00,2026-02-07T16:00:00+00:00,5.586227380966242
2026-02-06,2026-02-06T18:00:00+00:00,2026-02-06T23:00:00+05:00,2026-02-06T12:00:00+00:00,2026-02-06T16:01:23+00:00,4c590f5528fe3c600450a2b001d7f1f688348a41a31ad93aedb42679aca8cc90,february-empirical-v1:204ed64bc6d9fa64157d2256888ae687070ec6f9d0d554829fd4d8827c29541c,True,23,0.29270967547966875,-0.9238359666231872,2,2026-02-07T22:00:00+05:00,2026-02-07T17:00:00+00:00,6.586316071417409
2026-02-06,2026-02-06T18:00:00+00:00,2026-02-06T23:00:00+05:00,2026-02-06T12:00:00+00:00,2026-02-06T16:01:23+00:00,4c590f5528fe3c600450a2b001d7f1f688348a41a31ad93aedb42679aca8cc90,february-empirical-v1:204ed64bc6d9fa64157d2256888ae687070ec6f9d0d554829fd4d8827c29541c,True,24,0.3700914218165589,-1.0193124664154425,2,2026-02-07T23:00:00+05:00,2026-02-07T18:00:00+00:00,7.123529894800081
2026-02-07,2026-02-07T18:00:00+00:00,2026-02-07T23:00:00+05:00,2026-02-07T12:00:00+00:00,2026-02-07T16:01:21+00:00,8862604903772530fd3b921dd3874576a86b3673918332037468f49184ade27c,february-empirical-v1:204ed64bc6d9fa64157d2256888ae687070ec6f9d0d554829fd4d8827c29541c,True,1,0.8999819572946569,-1.5750002701399808,1,2026-02-08T00:00:00+05:00,2026-02-07T19:00:00+00:00,10.830984908481039
2026-02-07,2026-02-07T18:00:00+00:00,2026-02-07T23:00:00+05:00,2026-02-07T12:00:00+00:00,2026-02-07T16:01:21+00:00,8862604903772530fd3b921dd3874576a86b3673918332037468f49184ade27c,february-empirical-v1:204ed64bc6d9fa64157d2256888ae687070ec6f9d0d554829fd4d8827c29541c,True,2,0.8961066023726663,-1.718246916853957,1,2026-02-08T01:00:00+05:00,2026-02-07T20:00:00+00:00,10.7878858829046
2026-02-07,2026-02-07T18:00:00+00:00,2026-02-07T23:00:00+05:00,2026-02-07T12:00:00+00:00,2026-02-07T16:01:21+00:00,8862604903772530fd3b921dd3874576a86b3673918332037468f49184ade27c,february-empirical-v1:204ed64bc6d9fa64157d2256888ae687070ec6f9d0d554829fd4d8827c29541c,True,3,0.6911382175444768,-1.9075801450919698,1,2026-02-08T02:00:00+05:00,2026-02-07T21:00:00+00:00,9.224230285380408
2026-02-07,2026-02-07T18:00:00+00:00,2026-02-07T23:00:00+05:00,2026-02-07T12:00:00+00:00,2026-02-07T16:01:21+00:00,8862604903772530fd3b921dd3874576a86b3673918332037468f49184ade27c,february-empirical-v1:204ed64bc6d9fa64157d2256888ae687070ec6f9d0d554829fd4d8827c29541c,True,4,0.5367702632761829,-2.487109503715942,1,2026-02-08T03:00:00+05:00,2026-02-07T22:00:00+00:00,8.177192843754105
2026-02-07,2026-02-07T18:00:00+00:00,2026-02-07T23:00:00+05:00,2026-02-07T12:00:00+00:00,2026-02-07T16:01:21+00:00,8862604903772530fd3b921dd3874576a86b3673918332037468f49184ade27c,february-empirical-v1:204ed64bc6d9fa64157d2256888ae687070ec6f9d0d554829fd4d8827c29541c,True,5,0.48396047550754223,-2.53477927414599,1,2026-02-08T04:00:00+05:00,2026-02-07T23:00:00+00:00,7.807481340999536
2026-02-07,2026-02-07T18:00:00+00:00,2026-02-07T23:00:00+05:00,2026-02-07T12:00:00+00:00,2026-02-07T16:01:21+00:00,8862604903772530fd3b921dd3874576a86b3673918332037468f49184ade27c,february-empirical-v1:204ed64bc6d9fa64157d2256888ae687070ec6f9d0d554829fd4d8827c29541c,True,6,0.360462693269914,-2.823973359171987,1,2026-02-08T05:00:00+05:00,2026-02-08T00:00:00+00:00,6.987245214225796
2026-02-07,2026-02-07T18:00:00+00:00,2026-02-07T23:00:00+05:00,2026-02-07T12:00:00+00:00,2026-02-07T16:01:21+00:00,8862604903772530fd3b921dd3874576a86b3673918332037468f49184ade27c,february-empirical-v1:204ed64bc6d9fa64157d2256888ae687070ec6f9d0d554829fd4d8827c29541c,True,7,0.23607183869997436,-2.895002799909946,1,2026-02-08T06:00:00+05:00,2026-02-08T01:00:00+00:00,6.0744446618322145
2026-02-07,2026-02-07T18:00:00+00:00,2026-02-07T23:00:00+05:00,2026-02-07T12:00:00+00:00,2026-02-07T16:01:21+00:00,8862604903772530fd3b921dd3874576a86b3673918332037468f49184ade27c,february-empirical-v1:204ed64bc6d9fa64157d2256888ae687070ec6f9d0d554829fd4d8827c29541c,True,8,0.13710783118698808,-3.161359342309936,1,2026-02-08T07:00:00+05:00,2026-02-08T02:00:00+00:00,5.074302531884976
2026-02-07,2026-02-07T18:00:00+00:00,2026-02-07T23:00:00+05:00,2026-02-07T12:00:00+00:00,2026-02-07T16:01:21+00:00,8862604903772530fd3b921dd3874576a86b3673918332037468f49184ade27c,february-empirical-v1:204ed64bc6d9fa64157d2256888ae687070ec6f9d0d554829fd4d8827c29541c,True,9,0.08502303440555443,-2.2988780061600096,1,2026-02-08T08:00:00+05:00,2026-02-08T03:00:00+00:00,4.286484495790758
2026-02-07,2026-02-07T18:00:00+00:00,2026-02-07T23:00:00+05:00,2026-02-07T12:00:00+00:00,2026-02-07T16:01:21+00:00,8862604903772530fd3b921dd3874576a86b3673918332037468f49184ade27c,february-empirical-v1:204ed64bc6d9fa64157d2256888ae687070ec6f9d0d554829fd4d8827c29541c,True,10,0.05332545071905731,-0.5484063143719595,1,2026-02-08T09:00:00+05:00,2026-02-08T04:00:00+00:00,3.5979985534509815
2026-02-07,2026-02-07T18:00:00+00:00,2026-02-07T23:00:00+05:00,2026-02-07T12:00:00+00:00,2026-02-07T16:01:21+00:00,8862604903772530fd3b921dd3874576a86b3673918332037468f49184ade27c,february-empirical-v1:204ed64bc6d9fa64157d2256888ae687070ec6f9d0d554829fd4d8827c29541c,True,11,0.015167070224367309,0.5495881285840483,1,2026-02-08T10:00:00+05:00,2026-02-08T05:00:00+00:00,2.1511792932076896
2026-02-07,2026-02-07T18:00:00+00:00,2026-02-07T23:00:00+05:00,2026-02-07T12:00:00+00:00,2026-02-07T16:01:21+00:00,8862604903772530fd3b921dd3874576a86b3673918332037468f49184ade27c,february-empirical-v1:204ed64bc6d9fa64157d2256888ae687070ec6f9d0d554829fd4d8827c29541c,True,12,0.00999302303038413,1.2806698866700685,1,2026-02-08T11:00:00+05:00,2026-02-08T06:00:00+00:00,0.5566378146174986
2026-02-07,2026-02-07T18:00:00+00:00,2026-02-07T23:00:00+05:00,2026-02-07T12:00:00+00:00,2026-02-07T16:01:21+00:00,8862604903772530fd3b921dd3874576a86b3673918332037468f49184ade27c,february-empirical-v1:204ed64bc6d9fa64157d2256888ae687070ec6f9d0d554829fd4d8827c29541c,True,13,0.010656179602399979,2.2317806024600486,1,2026-02-08T12:00:00+05:00,2026-02-08T07:00:00+00:00,1.570318187758317
2026-02-07,2026-02-07T18:00:00+00:00,2026-02-07T23:00:00+05:00,2026-02-07T12:00:00+00:00,2026-02-07T16:01:21+00:00,8862604903772530fd3b921dd3874576a86b3673918332037468f49184ade27c,february-empirical-v1:204ed64bc6d9fa64157d2256888ae687070ec6f9d0d554829fd4d8827c29541c,True,14,0.06092166934140843,3.1048931471480614,1,2026-02-08T13:00:00+05:00,2026-02-08T08:00:00+00:00,3.793493872550675
2026-02-07,2026-02-07T18:00:00+00:00,2026-02-07T23:00:00+05:00,2026-02-07T12:00:00+00:00,2026-02-07T16:01:21+00:00,8862604903772530fd3b921dd3874576a86b3673918332037468f49184ade27c,february-empirical-v1:204ed64bc6d9fa64157d2256888ae687070ec6f9d0d554829fd4d8827c29541c,True,15,0.25222210978231213,3.368277609826009,1,2026-02-08T14:00:00+05:00,2026-02-08T09:00:00+00:00,6.207442748586411
2026-02-07,2026-02-07T18:00:00+00:00,2026-02-07T23:00:00+05:00,2026-02-07T12:00:00+00:00,2026-02-07T16:01:21+00:00,8862604903772530fd3b921dd3874576a86b3673918332037468f49184ade27c,february-empirical-v1:204ed64bc6d9fa64157d2256888ae687070ec6f9d0d554829fd4d8827c29541c,True,16,0.5663395988537745,3.31016901493399,1,2026-02-08T15:00:00+05:00,2026-02-08T10:00:00+00:00,8.371257423198267
2026-02-07,2026-02-07T18:00:00+00:00,2026-02-07T23:00:00+05:00,2026-02-07T12:00:00+00:00,2026-02-07T16:01:21+00:00,8862604903772530fd3b921dd3874576a86b3673918332037468f49184ade27c,february-empirical-v1:204ed64bc6d9fa64157d2256888ae687070ec6f9d0d554829fd4d8827c29541c,True,17,0.7850732484864137,2.2312496823159904,1,2026-02-08T16:00:00+05:00,2026-02-08T11:00:00+00:00,9.912177294892732
2026-02-07,2026-02-07T18:00:00+00:00,2026-02-07T23:00:00+05:00,2026-02-07T12:00:00+00:00,2026-02-07T16:01:21+00:00,8862604903772530fd3b921dd3874576a86b3673918332037468f49184ade27c,february-empirical-v1:204ed64bc6d9fa64157d2256888ae687070ec6f9d0d554829fd4d8827c29541c,True,18,0.8727366842601987,0.2934947650720119,1,2026-02-08T17:00:00+05:00,2026-02-08T12:00:00+00:00,10.591216478783
2026-02-07,2026-02-07T18:00:00+00:00,2026-02-07T23:00:00+05:00,2026-02-07T12:00:00+00:00,2026-02-07T16:01:21+00:00,8862604903772530fd3b921dd3874576a86b3673918332037468f49184ade27c,february-empirical-v1:204ed64bc6d9fa64157d2256888ae687070ec6f9d0d554829fd4d8827c29541c,True,19,0.8429783582695956,-0.66588628483197,1,2026-02-08T18:00:00+05:00,2026-02-08T13:00:00+00:00,10.354525748250158
2026-02-07,2026-02-07T18:00:00+00:00,2026-02-07T23:00:00+05:00,2026-02-07T12:00:00+00:00,2026-02-07T16:01:21+00:00,8862604903772530fd3b921dd3874576a86b3673918332037468f49184ade27c,february-empirical-v1:204ed64bc6d9fa64157d2256888ae687070ec6f9d0d554829fd4d8827c29541c,True,20,0.8662117275207106,-1.4329165507040216,1,2026-02-08T19:00:00+05:00,2026-02-08T14:00:00+00:00,10.539318506502829
2026-02-07,2026-02-07T18:00:00+00:00,2026-02-07T23:00:00+05:00,2026-02-07T12:00:00+00:00,2026-02-07T16:01:21+00:00,8862604903772530fd3b921dd3874576a86b3673918332037468f49184ade27c,february-empirical-v1:204ed64bc6d9fa64157d2256888ae687070ec6f9d0d554829fd4d8827c29541c,True,21,0.9014841779204116,-1.7280491450399609,1,2026-02-08T20:00:00+05:00,2026-02-08T15:00:00+00:00,10.847691570573707
2026-02-07,2026-02-07T18:00:00+00:00,2026-02-07T23:00:00+05:00,2026-02-07T12:00:00+00:00,2026-02-07T16:01:21+00:00,8862604903772530fd3b921dd3874576a86b3673918332037468f49184ade27c,february-empirical-v1:204ed64bc6d9fa64157d2256888ae687070ec6f9d0d554829fd4d8827c29541c,True,22,0.9290292232533955,-1.7588105147839883,1,2026-02-08T21:00:00+05:00,2026-02-08T16:00:00+00:00,11.15402857381795
2026-02-07,2026-02-07T18:00:00+00:00,2026-02-07T23:00:00+05:00,2026-02-07T12:00:00+00:00,2026-02-07T16:01:21+00:00,8862604903772530fd3b921dd3874576a86b3673918332037468f49184ade27c,february-empirical-v1:204ed64bc6d9fa64157d2256888ae687070ec6f9d0d554829fd4d8827c29541c,True,23,0.9346642252758218,-1.8732907575359832,1,2026-02-08T22:00:00+05:00,2026-02-08T17:00:00+00:00,11.21669718125561
2026-02-07,2026-02-07T18:00:00+00:00,2026-02-07T23:00:00+05:00,2026-02-07T12:00:00+00:00,2026-02-07T16:01:21+00:00,8862604903772530fd3b921dd3874576a86b3673918332037468f49184ade27c,february-empirical-v1:204ed64bc6d9fa64157d2256888ae687070ec6f9d0d554829fd4d8827c29541c,True,24,0.9542703116073782,-2.139368882691997,1,2026-02-08T23:00:00+05:00,2026-02-08T18:00:00+00:00,11.619844935008606
2026-02-07,2026-02-07T18:00:00+00:00,2026-02-07T23:00:00+05:00,2026-02-07T12:00:00+00:00,2026-02-07T16:01:21+00:00,8862604903772530fd3b921dd3874576a86b3673918332037468f49184ade27c,february-empirical-v1:204ed64bc6d9fa64157d2256888ae687070ec6f9d0d554829fd4d8827c29541c,True,1,0.8855298082682164,-1.6043107637335652,2,2026-02-08T00:00:00+05:00,2026-02-07T19:00:00+00:00,10.762391735595365
2026-02-07,2026-02-07T18:00:00+00:00,2026-02-07T23:00:00+05:00,2026-02-07T12:00:00+00:00,2026-02-07T16:01:21+00:00,8862604903772530fd3b921dd3874576a86b3673918332037468f49184ade27c,february-empirical-v1:204ed64bc6d9fa64157d2256888ae687070ec6f9d0d554829fd4d8827c29541c,True,2,0.8806363797698848,-1.7504796679349397,2,2026-02-08T01:00:00+05:00,2026-02-07T20:00:00+00:00,10.717781714620642
2026-02-07,2026-02-07T18:00:00+00:00,2026-02-07T23:00:00+05:00,2026-02-07T12:00:00+00:00,2026-02-07T16:01:21+00:00,8862604903772530fd3b921dd3874576a86b3673918332037468f49184ade27c,february-empirical-v1:204ed64bc6d9fa64157d2256888ae687070ec6f9d0d554829fd4d8827c29541c,True,3,0.6642450376185747,-1.9341652530420106,2,2026-02-08T02:00:00+05:00,2026-02-07T21:00:00+00:00,9.16112342499394
2026-02-07,2026-02-07T18:00:00+00:00,2026-02-07T23:00:00+05:00,2026-02-07T12:00:00+00:00,2026-02-07T16:01:21+00:00,8862604903772530fd3b921dd3874576a86b3673918332037468f49184ade27c,february-empirical-v1:204ed64bc6d9fa64157d2256888ae687070ec6f9d0d554829fd4d8827c29541c,True,4,0.5166748036237213,-2.510213532551859,2,2026-02-08T03:00:00+05:00,2026-02-07T22:00:00+00:00,8.133617411143947
2026-02-07,2026-02-07T18:00:00+00:00,2026-02-07T23:00:00+05:00,2026-02-07T12:00:00+00:00,2026-02-07T16:01:21+00:00,8862604903772530fd3b921dd3874576a86b3673918332037468f49184ade27c,february-empirical-v1:204ed64bc6d9fa64157d2256888ae687070ec6f9d0d554829fd4d8827c29541c,True,5,0.4630912614128677,-2.5596705493049967,2,2026-02-08T04:00:00+05:00,2026-02-07T23:00:00+00:00,7.768566603477938
2026-02-07,2026-02-07T18:00:00+00:00,2026-02-07T23:00:00+05:00,2026-02-07T12:00:00+00:00,2026-02-07T16:01:21+00:00,8862604903772530fd3b921dd3874576a86b3673918332037468f49184ade27c,february-empirical-v1:204ed64bc6d9fa64157d2256888ae687070ec6f9d0d554829fd4d8827c29541c,True,6,0.34491530751471344,-2.855348958821253,2,2026-02-08T05:00:00+05:00,2026-02-08T00:00:00+00:00,6.953463973437903
2026-02-07,2026-02-07T18:00:00+00:00,2026-02-07T23:00:00+05:00,2026-02-07T12:00:00+00:00,2026-02-07T16:01:21+00:00,8862604903772530fd3b921dd3874576a86b3673918332037468f49184ade27c,february-empirical-v1:204ed64bc6d9fa64157d2256888ae687070ec6f9d0d554829fd4d8827c29541c,True,7,0.22443444820733355,-2.9308081964283588,2,2026-02-08T06:00:00+05:00,2026-02-08T01:00:00+00:00,6.050644460826595
2026-02-07,2026-02-07T18:00:00+00:00,2026-02-07T23:00:00+05:00,2026-02-07T12:00:00+00:00,2026-02-07T16:01:21+00:00,8862604903772530fd3b921dd3874576a86b3673918332037468f49184ade27c,february-empirical-v1:204ed64bc6d9fa64157d2256888ae687070ec6f9d0d554829fd4d8827c29541c,True,8,0.12986353387965763,-3.1982956642044087,2,2026-02-08T07:00:00+05:00,2026-02-08T02:00:00+00:00,5.057423148902503
2026-02-07,2026-02-07T18:00:00+00:00,2026-02-07T23:00:00+05:00,2026-02-07T12:00:00+00:00,2026-02-07T16:01:21+00:00,8862604903772530fd3b921dd3874576a86b3673918332037468f49184ade27c,february-empirical-v1:204ed64bc6d9fa64157d2256888ae687070ec6f9d0d554829fd4d8827c29541c,True,9,0.0811277156333715,-2.3315803626784373,2,2026-02-08T08:00:00+05:00,2026-02-08T03:00:00+00:00,4.276992235016821
2026-02-07,2026-02-07T18:00:00+00:00,2026-02-07T23:00:00+05:00,2026-02-07T12:00:00+00:00,2026-02-07T16:01:21+00:00,8862604903772530fd3b921dd3874576a86b3673918332037468f49184ade27c,february-empirical-v1:204ed64bc6d9fa64157d2256888ae687070ec6f9d0d554829fd4d8827c29541c,True,10,0.05028301538828117,-0.5739808632692984,2,2026-02-08T09:00:00+05:00,2026-02-08T04:00:00+00:00,3.589779016351557
2026-02-07,2026-02-07T18:00:00+00:00,2026-02-07T23:00:00+05:00,2026-02-07T12:00:00+00:00,2026-02-07T16:01:21+00:00,8862604903772530fd3b921dd3874576a86b3673918332037468f49184ade27c,february-empirical-v1:204ed64bc6d9fa64157d2256888ae687070ec6f9d0d554829fd4d8827c29541c,True,11,0.013714366568373257,0.5227971505001392,2,2026-02-08T10:00:00+05:00,2026-02-08T05:00:00+00:00,2.1401511392893644
2026-02-07,2026-02-07T18:00:00+00:00,2026-02-07T23:00:00+05:00,2026-02-07T12:00:00+00:00,2026-02-07T16:01:21+00:00,8862604903772530fd3b921dd3874576a86b3673918332037468f49184ade27c,february-empirical-v1:204ed64bc6d9fa64157d2256888ae687070ec6f9d0d554829fd4d8827c29541c,True,12,0.009957962475700145,1.2529298618508165,2,2026-02-08T11:00:00+05:00,2026-02-08T06:00:00+00:00,0.547065171718967
2026-02-07,2026-02-07T18:00:00+00:00,2026-02-07T23:00:00+05:00,2026-02-07T12:00:00+00:00,2026-02-07T16:01:21+00:00,8862604903772530fd3b921dd3874576a86b3673918332037468f49184ade27c,february-empirical-v1:204ed64bc6d9fa64157d2256888ae687070ec6f9d0d554829fd4d8827c29541c,True,13,0.009978706284118977,2.1999407834903764,2,2026-02-08T12:00:00+05:00,2026-02-08T07:00:00+00:00,1.563304671176779
2026-02-07,2026-02-07T18:00:00+00:00,2026-02-07T23:00:00+05:00,2026-02-07T12:00:00+00:00,2026-02-07T16:01:21+00:00,8862604903772530fd3b921dd3874576a86b3673918332037468f49184ade27c,february-empirical-v1:204ed64bc6d9fa64157d2256888ae687070ec6f9d0d554829fd4d8827c29541c,True,14,0.05738710491744375,3.067217754295541,2,2026-02-08T13:00:00+05:00,2026-02-08T08:00:00+00:00,3.774267058587845
2026-02-07,2026-02-07T18:00:00+00:00,2026-02-07T23:00:00+05:00,2026-02-07T12:00:00+00:00,2026-02-07T16:01:21+00:00,8862604903772530fd3b921dd3874576a86b3673918332037468f49184ade27c,february-empirical-v1:204ed64bc6d9fa64157d2256888ae687070ec6f9d0d554829fd4d8827c29541c,True,15,0.2374370595727363,3.3341345050682207,2,2026-02-08T14:00:00+05:00,2026-02-08T09:00:00+00:00,6.163852510412836
2026-02-07,2026-02-07T18:00:00+00:00,2026-02-07T23:00:00+05:00,2026-02-07T12:00:00+00:00,2026-02-07T16:01:21+00:00,8862604903772530fd3b921dd3874576a86b3673918332037468f49184ade27c,february-empirical-v1:204ed64bc6d9fa64157d2256888ae687070ec6f9d0d554829fd4d8827c29541c,True,16,0.5419074931484736,3.2769859914741915,2,2026-02-08T15:00:00+05:00,2026-02-08T10:00:00+00:00,8.30001296201807
2026-02-07,2026-02-07T18:00:00+00:00,2026-02-07T23:00:00+05:00,2026-02-07T12:00:00+00:00,2026-02-07T16:01:21+00:00,8862604903772530fd3b921dd3874576a86b3673918332037468f49184ade27c,february-empirical-v1:204ed64bc6d9fa64157d2256888ae687070ec6f9d0d554829fd4d8827c29541c,True,17,0.761323309878519,2.19276394641588,2,2026-02-08T16:00:00+05:00,2026-02-08T11:00:00+00:00,9.81409033071872
2026-02-07,2026-02-07T18:00:00+00:00,2026-02-07T23:00:00+05:00,2026-02-07T12:00:00+00:00,2026-02-07T16:01:21+00:00,8862604903772530fd3b921dd3874576a86b3673918332037468f49184ade27c,february-empirical-v1:204ed64bc6d9fa64157d2256888ae687070ec6f9d0d554829fd4d8827c29541c,True,18,0.8530203931040053,0.25038629073731045,2,2026-02-08T17:00:00+05:00,2026-02-08T12:00:00+00:00,10.488766743089165
2026-02-07,2026-02-07T18:00:00+00:00,2026-02-07T23:00:00+05:00,2026-02-07T12:00:00+00:00,2026-02-07T16:01:21+00:00,8862604903772530fd3b921dd3874576a86b3673918332037468f49184ade27c,february-empirical-v1:204ed64bc6d9fa64157d2256888ae687070ec6f9d0d554829fd4d8827c29541c,True,19,0.8254723557635122,-0.7101782278796804,2,2026-02-08T18:00:00+05:00,2026-02-08T13:00:00+00:00,10.260315264472398
2026-02-07,2026-02-07T18:00:00+00:00,2026-02-07T23:00:00+05:00,2026-02-07T12:00:00+00:00,2026-02-07T16:01:21+00:00,8862604903772530fd3b921dd3874576a86b3673918332037468f49184ade27c,february-empirical-v1:204ed64bc6d9fa64157d2256888ae687070ec6f9d0d554829fd4d8827c29541c,True,20,0.8463076995806351,-1.4737492564089507,2,2026-02-08T19:00:00+05:00,2026-02-08T14:00:00+00:00,10.433099446651282
2026-02-07,2026-02-07T18:00:00+00:00,2026-02-07T23:00:00+05:00,2026-02-07T12:00:00+00:00,2026-02-07T16:01:21+00:00,8862604903772530fd3b921dd3874576a86b3673918332037468f49184ade27c,february-empirical-v1:204ed64bc6d9fa64157d2256888ae687070ec6f9d0d554829fd4d8827c29541c,True,21,0.8833702639247694,-1.7603126440096162,2,2026-02-08T20:00:00+05:00,2026-02-08T15:00:00+00:00,10.740453379749841
2026-02-07,2026-02-07T18:00:00+00:00,2026-02-07T23:00:00+05:00,2026-02-07T12:00:00+00:00,2026-02-07T16:01:21+00:00,8862604903772530fd3b921dd3874576a86b3673918332037468f49184ade27c,february-empirical-v1:204ed64bc6d9fa64157d2256888ae687070ec6f9d0d554829fd4d8827c29541c,True,22,0.9091998740749224,-1.7870772321880963,2,2026-02-08T21:00:00+05:00,2026-02-08T16:00:00+00:00,11.053274282257934
2026-02-07,2026-02-07T18:00:00+00:00,2026-02-07T23:00:00+05:00,2026-02-07T12:00:00+00:00,2026-02-07T16:01:21+00:00,8862604903772530fd3b921dd3874576a86b3673918332037468f49184ade27c,february-empirical-v1:204ed64bc6d9fa64157d2256888ae687070ec6f9d0d554829fd4d8827c29541c,True,23,0.9148668752905886,-1.9015180331685997,2,2026-02-08T22:00:00+05:00,2026-02-08T17:00:00+00:00,11.122916325461965
2026-02-07,2026-02-07T18:00:00+00:00,2026-02-07T23:00:00+05:00,2026-02-07T12:00:00+00:00,2026-02-07T16:01:21+00:00,8862604903772530fd3b921dd3874576a86b3673918332037468f49184ade27c,february-empirical-v1:204ed64bc6d9fa64157d2256888ae687070ec6f9d0d554829fd4d8827c29541c,True,24,0.9396117132863276,-2.1723581052660847,2,2026-02-08T23:00:00+05:00,2026-02-08T18:00:00+00:00,11.51905992083314
2026-02-08,2026-02-08T18:00:00+00:00,2026-02-08T23:00:00+05:00,2026-02-08T12:00:00+00:00,2026-02-08T16:02:14+00:00,3f0384bcb66f4b40a2738944f50f3f4b4ce25da7c932879c8a8040c393c0e2f2,february-empirical-v1:204ed64bc6d9fa64157d2256888ae687070ec6f9d0d554829fd4d8827c29541c,True,1,0.9592168387664108,-2.8790554505000046,1,2026-02-09T00:00:00+05:00,2026-02-08T19:00:00+00:00,12.3351336054986
2026-02-08,2026-02-08T18:00:00+00:00,2026-02-08T23:00:00+05:00,2026-02-08T12:00:00+00:00,2026-02-08T16:02:14+00:00,3f0384bcb66f4b40a2738944f50f3f4b4ce25da7c932879c8a8040c393c0e2f2,february-empirical-v1:204ed64bc6d9fa64157d2256888ae687070ec6f9d0d554829fd4d8827c29541c,True,2,0.9665731064906568,-3.349361601011992,1,2026-02-09T01:00:00+05:00,2026-02-08T20:00:00+00:00,12.734785928726092
2026-02-08,2026-02-08T18:00:00+00:00,2026-02-08T23:00:00+05:00,2026-02-08T12:00:00+00:00,2026-02-08T16:02:14+00:00,3f0384bcb66f4b40a2738944f50f3f4b4ce25da7c932879c8a8040c393c0e2f2,february-empirical-v1:204ed64bc6d9fa64157d2256888ae687070ec6f9d0d554829fd4d8827c29541c,True,3,0.9661564864193924,-3.8041340720059793,1,2026-02-09T02:00:00+05:00,2026-02-08T21:00:00+00:00,12.712151736276137
2026-02-08,2026-02-08T18:00:00+00:00,2026-02-08T23:00:00+05:00,2026-02-08T12:00:00+00:00,2026-02-08T16:02:14+00:00,3f0384bcb66f4b40a2738944f50f3f4b4ce25da7c932879c8a8040c393c0e2f2,february-empirical-v1:204ed64bc6d9fa64157d2256888ae687070ec6f9d0d554829fd4d8827c29541c,True,4,0.9630621862382046,-3.8536827704999723,1,2026-02-09T03:00:00+05:00,2026-02-08T22:00:00+00:00,12.544044171063542
2026-02-08,2026-02-08T18:00:00+00:00,2026-02-08T23:00:00+05:00,2026-02-08T12:00:00+00:00,2026-02-08T16:02:14+00:00,3f0384bcb66f4b40a2738944f50f3f4b4ce25da7c932879c8a8040c393c0e2f2,february-empirical-v1:204ed64bc6d9fa64157d2256888ae687070ec6f9d0d554829fd4d8827c29541c,True,5,0.9636792508047676,-3.7846763429739667,1,2026-02-09T04:00:00+05:00,2026-02-08T23:00:00+00:00,12.577568139582992
2026-02-08,2026-02-08T18:00:00+00:00,2026-02-08T23:00:00+05:00,2026-02-08T12:00:00+00:00,2026-02-08T16:02:14+00:00,3f0384bcb66f4b40a2738944f50f3f4b4ce25da7c932879c8a8040c393c0e2f2,february-empirical-v1:204ed64bc6d9fa64157d2256888ae687070ec6f9d0d554829fd4d8827c29541c,True,6,0.9586238270755244,-3.7112719721839653,1,2026-02-09T05:00:00+05:00,2026-02-09T00:00:00+00:00,12.052544296768273
2026-02-08,2026-02-08T18:00:00+00:00,2026-02-08T23:00:00+05:00,2026-02-08T12:00:00+00:00,2026-02-08T16:02:14+00:00,3f0384bcb66f4b40a2738944f50f3f4b4ce25da7c932879c8a8040c393c0e2f2,february-empirical-v1:204ed64bc6d9fa64157d2256888ae687070ec6f9d0d554829fd4d8827c29541c,True,7,0.9451115266082998,-3.7913761860599493,1,2026-02-09T06:00:00+05:00,2026-02-09T01:00:00+00:00,11.415931162366709
2026-02-08,2026-02-08T18:00:00+00:00,2026-02-08T23:00:00+05:00,2026-02-08T12:00:00+00:00,2026-02-08T16:02:14+00:00,3f0384bcb66f4b40a2738944f50f3f4b4ce25da7c932879c8a8040c393c0e2f2,february-empirical-v1:204ed64bc6d9fa64157d2256888ae687070ec6f9d0d554829fd4d8827c29541c,True,8,0.9271746605083567,-3.6625795365979457,1,2026-02-09T07:00:00+05:00,2026-02-09T02:00:00+00:00,11.133403405597104
2026-02-08,2026-02-08T18:00:00+00:00,2026-02-08T23:00:00+05:00,2026-02-08T12:00:00+00:00,2026-02-08T16:02:14+00:00,3f0384bcb66f4b40a2738944f50f3f4b4ce25da7c932879c8a8040c393c0e2f2,february-empirical-v1:204ed64bc6d9fa64157d2256888ae687070ec6f9d0d554829fd4d8827c29541c,True,9,0.918739690144051,-2.739130994761979,1,2026-02-09T08:00:00+05:00,2026-02-09T03:00:00+00:00,11.039595480701033
2026-02-08,2026-02-08T18:00:00+00:00,2026-02-08T23:00:00+05:00,2026-02-08T12:00:00+00:00,2026-02-08T16:02:14+00:00,3f0384bcb66f4b40a2738944f50f3f4b4ce25da7c932879c8a8040c393c0e2f2,february-empirical-v1:204ed64bc6d9fa64157d2256888ae687070ec6f9d0d554829fd4d8827c29541c,True,10,0.9396848867212716,-1.052461933282018,1,2026-02-09T09:00:00+05:00,2026-02-09T04:00:00+00:00,11.295110921227273
2026-02-08,2026-02-08T18:00:00+00:00,2026-02-08T23:00:00+05:00,2026-02-08T12:00:00+00:00,2026-02-08T16:02:14+00:00,3f0384bcb66f4b40a2738944f50f3f4b4ce25da7c932879c8a8040c393c0e2f2,february-empirical-v1:204ed64bc6d9fa64157d2256888ae687070ec6f9d0d554829fd4d8827c29541c,True,11,0.9567046661633128,0.9885033299260044,1,2026-02-09T10:00:00+05:00,2026-02-09T05:00:00+00:00,11.674044091501367
2026-02-08,2026-02-08T18:00:00+00:00,2026-02-08T23:00:00+05:00,2026-02-08T12:00:00+00:00,2026-02-08T16:02:14+00:00,3f0384bcb66f4b40a2738944f50f3f4b4ce25da7c932879c8a8040c393c0e2f2,february-empirical-v1:204ed64bc6d9fa64157d2256888ae687070ec6f9d0d554829fd4d8827c29541c,True,12,0.9581178392512422,2.505634426454037,1,2026-02-09T11:00:00+05:00,2026-02-09T06:00:00+00:00,12.155119974989208
2026-02-08,2026-02-08T18:00:00+00:00,2026-02-08T23:00:00+05:00,2026-02-08T12:00:00+00:00,2026-02-08T16:02:14+00:00,3f0384bcb66f4b40a2738944f50f3f4b4ce25da7c932879c8a8040c393c0e2f2,february-empirical-v1:204ed64bc6d9fa64157d2256888ae687070ec6f9d0d554829fd4d8827c29541c,True,13,0.9577456451865354,4.1360474983679865,1,2026-02-09T12:00:00+05:00,2026-02-09T07:00:00+00:00,12.230572499308867
2026-02-08,2026-02-08T18:00:00+00:00,2026-02-08T23:00:00+05:00,2026-02-08T12:00:00+00:00,2026-02-08T16:02:14+00:00,3f0384bcb66f4b40a2738944f50f3f4b4ce25da7c932879c8a8040c393c0e2f2,february-empirical-v1:204ed64bc6d9fa64157d2256888ae687070ec6f9d0d554829fd4d8827c29541c,True,14,0.9592720366280928,4.832714558750013,1,2026-02-09T13:00:00+05:00,2026-02-09T08:00:00+00:00,11.921136916406278
2026-02-08,2026-02-08T18:00:00+00:00,2026-02-08T23:00:00+05:00,2026-02-08T12:00:00+00:00,2026-02-08T16:02:14+00:00,3f0384bcb66f4b40a2738944f50f3f4b4ce25da7c932879c8a8040c393c0e2f2,february-empirical-v1:204ed64bc6d9fa64157d2256888ae687070ec6f9d0d554829fd4d8827c29541c,True,15,0.915839848187531,4.521073653654014,1,2026-02-09T14:00:00+05:00,2026-02-09T09:00:00+00:00,11.007345437758518
2026-02-08,2026-02-08T18:00:00+00:00,2026-02-08T23:00:00+05:00,2026-02-08T12:00:00+00:00,2026-02-08T16:02:14+00:00,3f0384bcb66f4b40a2738944f50f3f4b4ce25da7c932879c8a8040c393c0e2f2,february-empirical-v1:204ed64bc6d9fa64157d2256888ae687070ec6f9d0d554829fd4d8827c29541c,True,16,0.7301277858900989,4.302192764144024,1,2026-02-09T15:00:00+05:00,2026-02-09T10:00:00+00:00,9.5072752808117
2026-02-08,2026-02-08T18:00:00+00:00,2026-02-08T23:00:00+05:00,2026-02-08T12:00:00+00:00,2026-02-08T16:02:14+00:00,3f0384bcb66f4b40a2738944f50f3f4b4ce25da7c932879c8a8040c393c0e2f2,february-empirical-v1:204ed64bc6d9fa64157d2256888ae687070ec6f9d0d554829fd4d8827c29541c,True,17,0.4256852964008012,3.4458997838140135,1,2026-02-09T16:00:00+05:00,2026-02-09T11:00:00+00:00,7.424574021708781
2026-02-08,2026-02-08T18:00:00+00:00,2026-02-08T23:00:00+05:00,2026-02-08T12:00:00+00:00,2026-02-08T16:02:14+00:00,3f0384bcb66f4b40a2738944f50f3f4b4ce25da7c932879c8a8040c393c0e2f2,february-empirical-v1:204ed64bc6d9fa64157d2256888ae687070ec6f9d0d554829fd4d8827c29541c,True,18,0.27990627876493723,1.5989685226600159,1,2026-02-09T17:00:00+05:00,2026-02-09T12:00:00+00:00,6.414516473478865
2026-02-08,2026-02-08T18:00:00+00:00,2026-02-08T23:00:00+05:00,2026-02-08T12:00:00+00:00,2026-02-08T16:02:14+00:00,3f0384bcb66f4b40a2738944f50f3f4b4ce25da7c932879c8a8040c393c0e2f2,february-empirical-v1:204ed64bc6d9fa64157d2256888ae687070ec6f9d0d554829fd4d8827c29541c,True,19,0.1339089511405134,0.3300320553420306,1,2026-02-09T18:00:00+05:00,2026-02-09T13:00:00+00:00,5.031271267069624
2026-02-08,2026-02-08T18:00:00+00:00,2026-02-08T23:00:00+05:00,2026-02-08T12:00:00+00:00,2026-02-08T16:02:14+00:00,3f0384bcb66f4b40a2738944f50f3f4b4ce25da7c932879c8a8040c393c0e2f2,february-empirical-v1:204ed64bc6d9fa64157d2256888ae687070ec6f9d0d554829fd4d8827c29541c,True,20,0.06328390491262875,0.06596783077600321,1,2026-02-09T19:00:00+05:00,2026-02-09T14:00:00+00:00,3.8427364211550104
2026-02-08,2026-02-08T18:00:00+00:00,2026-02-08T23:00:00+05:00,2026-02-08T12:00:00+00:00,2026-02-08T16:02:14+00:00,3f0384bcb66f4b40a2738944f50f3f4b4ce25da7c932879c8a8040c393c0e2f2,february-empirical-v1:204ed64bc6d9fa64157d2256888ae687070ec6f9d0d554829fd4d8827c29541c,True,21,0.05273817390322128,0.1970286718440093,1,2026-02-09T20:00:00+05:00,2026-02-09T15:00:00+00:00,3.5817969399307046
2026-02-08,2026-02-08T18:00:00+00:00,2026-02-08T23:00:00+05:00,2026-02-08T12:00:00+00:00,2026-02-08T16:02:14+00:00,3f0384bcb66f4b40a2738944f50f3f4b4ce25da7c932879c8a8040c393c0e2f2,february-empirical-v1:204ed64bc6d9fa64157d2256888ae687070ec6f9d0d554829fd4d8827c29541c,True,22,0.03385455228366812,0.5515890556200134,1,2026-02-09T21:00:00+05:00,2026-02-09T16:00:00+00:00,3.0232889069420907
2026-02-08,2026-02-08T18:00:00+00:00,2026-02-08T23:00:00+05:00,2026-02-08T12:00:00+00:00,2026-02-08T16:02:14+00:00,3f0384bcb66f4b40a2738944f50f3f4b4ce25da7c932879c8a8040c393c0e2f2,february-empirical-v1:204ed64bc6d9fa64157d2256888ae687070ec6f9d0d554829fd4d8827c29541c,True,23,0.027468864918802436,0.9679901864399767,1,2026-02-09T22:00:00+05:00,2026-02-09T17:00:00+00:00,2.8121493374449216
2026-02-08,2026-02-08T18:00:00+00:00,2026-02-08T23:00:00+05:00,2026-02-08T12:00:00+00:00,2026-02-08T16:02:14+00:00,3f0384bcb66f4b40a2738944f50f3f4b4ce25da7c932879c8a8040c393c0e2f2,february-empirical-v1:204ed64bc6d9fa64157d2256888ae687070ec6f9d0d554829fd4d8827c29541c,True,24,0.011253063035972599,1.0731081264399904,1,2026-02-09T23:00:00+05:00,2026-02-09T18:00:00+00:00,1.7699307573326697
2026-02-08,2026-02-08T18:00:00+00:00,2026-02-08T23:00:00+05:00,2026-02-08T12:00:00+00:00,2026-02-08T16:02:14+00:00,3f0384bcb66f4b40a2738944f50f3f4b4ce25da7c932879c8a8040c393c0e2f2,february-empirical-v1:204ed64bc6d9fa64157d2256888ae687070ec6f9d0d554829fd4d8827c29541c,True,1,0.958374908536974,-2.9220424236200415,2,2026-02-09T00:00:00+05:00,2026-02-08T19:00:00+00:00,12.224798991831113
2026-02-08,2026-02-08T18:00:00+00:00,2026-02-08T23:00:00+05:00,2026-02-08T12:00:00+00:00,2026-02-08T16:02:14+00:00,3f0384bcb66f4b40a2738944f50f3f4b4ce25da7c932879c8a8040c393c0e2f2,february-empirical-v1:204ed64bc6d9fa64157d2256888ae687070ec6f9d0d554829fd4d8827c29541c,True,2,0.961777362079145,-3.395314297262871,2,2026-02-09T01:00:00+05:00,2026-02-08T20:00:00+00:00,12.617001706461856
2026-02-08,2026-02-08T18:00:00+00:00,2026-02-08T23:00:00+05:00,2026-02-08T12:00:00+00:00,2026-02-08T16:02:14+00:00,3f0384bcb66f4b40a2738944f50f3f4b4ce25da7c932879c8a8040c393c0e2f2,february-empirical-v1:204ed64bc6d9fa64157d2256888ae687070ec6f9d0d554829fd4d8827c29541c,True,3,0.9615131219503831,-3.8461917466914315,2,2026-02-09T02:00:00+05:00,2026-02-08T21:00:00+00:00,12.585338431005484
2026-02-08,2026-02-08T18:00:00+00:00,2026-02-08T23:00:00+05:00,2026-02-08T12:00:00+00:00,2026-02-08T16:02:14+00:00,3f0384bcb66f4b40a2738944f50f3f4b4ce25da7c932879c8a8040c393c0e2f2,february-empirical-v1:204ed64bc6d9fa64157d2256888ae687070ec6f9d0d554829fd4d8827c29541c,True,4,0.960077648644847,-3.894272943619967,2,2026-02-09T03:00:00+05:00,2026-02-08T22:00:00+00:00,12.413329028435044
2026-02-08,2026-02-08T18:00:00+00:00,2026-02-08T23:00:00+05:00,2026-02-08T12:00:00+00:00,2026-02-08T16:02:14+00:00,3f0384bcb66f4b40a2738944f50f3f4b4ce25da7c932879c8a8040c393c0e2f2,february-empirical-v1:204ed64bc6d9fa64157d2256888ae687070ec6f9d0d554829fd4d8827c29541c,True,5,0.9603014589156995,-3.8259489116037457,2,2026-02-09T04:00:00+05:00,2026-02-08T23:00:00+00:00,12.440147688754255
2026-02-08,2026-02-08T18:00:00+00:00,2026-02-08T23:00:00+05:00,2026-02-08T12:00:00+00:00,2026-02-08T16:02:14+00:00,3f0384bcb66f4b40a2738944f50f3f4b4ce25da7c932879c8a8040c393c0e2f2,february-empirical-v1:204ed64bc6d9fa64157d2256888ae687070ec6f9d0d554829fd4d8827c29541c,True,6,0.9542150201102191,-3.7486408149641193,2,2026-02-09T05:00:00+05:00,2026-02-09T00:00:00+00:00,11.916199839899624
2026-02-08,2026-02-08T18:00:00+00:00,2026-02-08T23:00:00+05:00,2026-02-08T12:00:00+00:00,2026-02-08T16:02:14+00:00,3f0384bcb66f4b40a2738944f50f3f4b4ce25da7c932879c8a8040c393c0e2f2,february-empirical-v1:204ed64bc6d9fa64157d2256888ae687070ec6f9d0d554829fd4d8827c29541c,True,7,0.9271269728893241,-3.8289371479543775,2,2026-02-09T06:00:00+05:00,2026-02-09T01:00:00+00:00,11.28584476021715
2026-02-08,2026-02-08T18:00:00+00:00,2026-02-08T23:00:00+05:00,2026-02-08T12:00:00+00:00,2026-02-08T16:02:14+00:00,3f0384bcb66f4b40a2738944f50f3f4b4ce25da7c932879c8a8040c393c0e2f2,february-empirical-v1:204ed64bc6d9fa64157d2256888ae687070ec6f9d0d554829fd4d8827c29541c,True,8,0.9048847460263247,-3.6955230261135057,2,2026-02-09T07:00:00+05:00,2026-02-09T02:00:00+00:00,11.000245471683375
2026-02-08,2026-02-08T18:00:00+00:00,2026-02-08T23:00:00+05:00,2026-02-08T12:00:00+00:00,2026-02-08T16:02:14+00:00,3f0384bcb66f4b40a2738944f50f3f4b4ce25da7c932879c8a8040c393c0e2f2,february-empirical-v1:204ed64bc6d9fa64157d2256888ae687070ec6f9d0d554829fd4d8827c29541c,True,9,0.8963113365709342,-2.7630625710128243,2,2026-02-09T08:00:00+05:00,2026-02-09T03:00:00+00:00,10.89488644157631
2026-02-08,2026-02-08T18:00:00+00:00,2026-02-08T23:00:00+05:00,2026-02-08T12:00:00+00:00,2026-02-08T16:02:14+00:00,3f0384bcb66f4b40a2738944f50f3f4b4ce25da7c932879c8a8040c393c0e2f2,february-empirical-v1:204ed64bc6d9fa64157d2256888ae687070ec6f9d0d554829fd4d8827c29541c,True,10,0.9169831042759969,-1.0662013724576695,2,2026-02-09T09:00:00+05:00,2026-02-09T04:00:00+00:00,11.148922762521481
2026-02-08,2026-02-08T18:00:00+00:00,2026-02-08T23:00:00+05:00,2026-02-08T12:00:00+00:00,2026-02-08T16:02:14+00:00,3f0384bcb66f4b40a2738944f50f3f4b4ce25da7c932879c8a8040c393c0e2f2,february-empirical-v1:204ed64bc6d9fa64157d2256888ae687070ec6f9d0d554829fd4d8827c29541c,True,11,0.9397717887615926,0.9725729797922895,2,2026-02-09T10:00:00+05:00,2026-02-09T05:00:00+00:00,11.522050133403644
2026-02-08,2026-02-08T18:00:00+00:00,2026-02-08T23:00:00+05:00,2026-02-08T12:00:00+00:00,2026-02-08T16:02:14+00:00,3f0384bcb66f4b40a2738944f50f3f4b4ce25da7c932879c8a8040c393c0e2f2,february-empirical-v1:204ed64bc6d9fa64157d2256888ae687070ec6f9d0d554829fd4d8827c29541c,True,12,0.9553660643206724,2.4887742390389462,2,2026-02-09T11:00:00+05:00,2026-02-09T06:00:00+00:00,12.001589453932768
2026-02-08,2026-02-08T18:00:00+00:00,2026-02-08T23:00:00+05:00,2026-02-08T12:00:00+00:00,2026-02-08T16:02:14+00:00,3f0384bcb66f4b40a2738944f50f3f4b4ce25da7c932879c8a8040c393c0e2f2,february-empirical-v1:204ed64bc6d9fa64157d2256888ae687070ec6f9d0d554829fd4d8827c29541c,True,13,0.9564821984738001,4.109944677688304,2,2026-02-09T12:00:00+05:00,2026-02-09T07:00:00+00:00,12.084389283582446
2026-02-08,2026-02-08T18:00:00+00:00,2026-02-08T23:00:00+05:00,2026-02-08T12:00:00+00:00,2026-02-08T16:02:14+00:00,3f0384bcb66f4b40a2738944f50f3f4b4ce25da7c932879c8a8040c393c0e2f2,february-empirical-v1:204ed64bc6d9fa64157d2256888ae687070ec6f9d0d554829fd4d8827c29541c,True,14,0.9524990775058737,4.799935358750076,2,2026-02-09T13:00:00+05:00,2026-02-09T08:00:00+00:00,11.788903533330851
2026-02-08,2026-02-08T18:00:00+00:00,2026-02-08T23:00:00+05:00,2026-02-08T12:00:00+00:00,2026-02-08T16:02:14+00:00,3f0384bcb66f4b40a2738944f50f3f4b4ce25da7c932879c8a8040c393c0e2f2,february-empirical-v1:204ed64bc6d9fa64157d2256888ae687070ec6f9d0d554829fd4d8827c29541c,True,15,0.8941436657545673,4.490244642366974,2,2026-02-09T14:00:00+05:00,2026-02-09T09:00:00+00:00,10.868247833448219
2026-02-08,2026-02-08T18:00:00+00:00,2026-02-08T23:00:00+05:00,2026-02-08T12:00:00+00:00,2026-02-08T16:02:14+00:00,3f0384bcb66f4b40a2738944f50f3f4b4ce25da7c932879c8a8040c393c0e2f2,february-empirical-v1:204ed64bc6d9fa64157d2256888ae687070ec6f9d0d554829fd4d8827c29541c,True,16,0.6963225050326229,4.268796894834566,2,2026-02-09T15:00:00+05:00,2026-02-09T10:00:00+00:00,9.38907088508571
2026-02-08,2026-02-08T18:00:00+00:00,2026-02-08T23:00:00+05:00,2026-02-08T12:00:00+00:00,2026-02-08T16:02:14+00:00,3f0384bcb66f4b40a2738944f50f3f4b4ce25da7c932879c8a8040c393c0e2f2,february-empirical-v1:204ed64bc6d9fa64157d2256888ae687070ec6f9d0d554829fd4d8827c29541c,True,17,0.40061166118258246,3.4066449428053716,2,2026-02-09T16:00:00+05:00,2026-02-09T11:00:00+00:00,7.332442789261648
2026-02-08,2026-02-08T18:00:00+00:00,2026-02-08T23:00:00+05:00,2026-02-08T12:00:00+00:00,2026-02-08T16:02:14+00:00,3f0384bcb66f4b40a2738944f50f3f4b4ce25da7c932879c8a8040c393c0e2f2,february-empirical-v1:204ed64bc6d9fa64157d2256888ae687070ec6f9d0d554829fd4d8827c29541c,True,18,0.2583177456430937,1.5594908529384384,2,2026-02-09T17:00:00+05:00,2026-02-09T12:00:00+00:00,6.331422927676436
2026-02-08,2026-02-08T18:00:00+00:00,2026-02-08T23:00:00+05:00,2026-02-08T12:00:00+00:00,2026-02-08T16:02:14+00:00,3f0384bcb66f4b40a2738944f50f3f4b4ce25da7c932879c8a8040c393c0e2f2,february-empirical-v1:204ed64bc6d9fa64157d2256888ae687070ec6f9d0d554829fd4d8827c29541c,True,19,0.12202090120155283,0.2990028970521621,2,2026-02-09T18:00:00+05:00,2026-02-09T13:00:00+00:00,4.952793350714132
2026-02-08,2026-02-08T18:00:00+00:00,2026-02-08T23:00:00+05:00,2026-02-08T12:00:00+00:00,2026-02-08T16:02:14+00:00,3f0384bcb66f4b40a2738944f50f3f4b4ce25da7c932879c8a8040c393c0e2f2,february-empirical-v1:204ed64bc6d9fa64157d2256888ae687070ec6f9d0d554829fd4d8827c29541c,True,20,0.0567472278101511,0.04477590214622751,2,2026-02-09T19:00:00+05:00,2026-02-09T14:00:00+00:00,3.760600706075611
2026-02-08,2026-02-08T18:00:00+00:00,2026-02-08T23:00:00+05:00,2026-02-08T12:00:00+00:00,2026-02-08T16:02:14+00:00,3f0384bcb66f4b40a2738944f50f3f4b4ce25da7c932879c8a8040c393c0e2f2,february-empirical-v1:204ed64bc6d9fa64157d2256888ae687070ec6f9d0d554829fd4d8827c29541c,True,21,0.04726975423838379,0.18522983178257846,2,2026-02-09T20:00:00+05:00,2026-02-09T15:00:00+00:00,3.508881238657688
2026-02-08,2026-02-08T18:00:00+00:00,2026-02-08T23:00:00+05:00,2026-02-08T12:00:00+00:00,2026-02-08T16:02:14+00:00,3f0384bcb66f4b40a2738944f50f3f4b4ce25da7c932879c8a8040c393c0e2f2,february-empirical-v1:204ed64bc6d9fa64157d2256888ae687070ec6f9d0d554829fd4d8827c29541c,True,22,0.02944961384828823,0.5430319800488519,2,2026-02-09T21:00:00+05:00,2026-02-09T16:00:00+00:00,2.9434287170529307
2026-02-08,2026-02-08T18:00:00+00:00,2026-02-08T23:00:00+05:00,2026-02-08T12:00:00+00:00,2026-02-08T16:02:14+00:00,3f0384bcb66f4b40a2738944f50f3f4b4ce25da7c932879c8a8040c393c0e2f2,february-empirical-v1:204ed64bc6d9fa64157d2256888ae687070ec6f9d0d554829fd4d8827c29541c,True,23,0.024176332793070823,0.9608583445456134,2,2026-02-09T22:00:00+05:00,2026-02-09T17:00:00+00:00,2.7440535626337392
2026-02-08,2026-02-08T18:00:00+00:00,2026-02-08T23:00:00+05:00,2026-02-08T12:00:00+00:00,2026-02-08T16:02:14+00:00,3f0384bcb66f4b40a2738944f50f3f4b4ce25da7c932879c8a8040c393c0e2f2,february-empirical-v1:204ed64bc6d9fa64157d2256888ae687070ec6f9d0d554829fd4d8827c29541c,True,24,0.010112205323118887,1.0692450845456278,2,2026-02-09T23:00:00+05:00,2026-02-09T18:00:00+00:00,1.7145573039063502
2026-02-09,2026-02-09T18:00:00+00:00,2026-02-09T23:00:00+05:00,2026-02-09T12:00:00+00:00,2026-02-09T16:02:12+00:00,126d76e9163c4742cf8cb849f0b689f15a9c686485357e28a5d22944b893b761,february-empirical-v1:204ed64bc6d9fa64157d2256888ae687070ec6f9d0d554829fd4d8827c29541c,True,1,0.009998909287592379,1.4889070438360363,1,2026-02-10T00:00:00+05:00,2026-02-09T19:00:00+00:00,0.29793681031491975
2026-02-09,2026-02-09T18:00:00+00:00,2026-02-09T23:00:00+05:00,2026-02-09T12:00:00+00:00,2026-02-09T16:02:12+00:00,126d76e9163c4742cf8cb849f0b689f15a9c686485357e28a5d22944b893b761,february-empirical-v1:204ed64bc6d9fa64157d2256888ae687070ec6f9d0d554829fd4d8827c29541c,True,2,0.00999436767188833,1.6876130015400577,1,2026-02-10T01:00:00+05:00,2026-02-09T20:00:00+00:00,0.4975408205078977
2026-02-09,2026-02-09T18:00:00+00:00,2026-02-09T23:00:00+05:00,2026-02-09T12:00:00+00:00,2026-02-09T16:02:12+00:00,126d76e9163c4742cf8cb849f0b689f15a9c686485357e28a5d22944b893b761,february-empirical-v1:204ed64bc6d9fa64157d2256888ae687070ec6f9d0d554829fd4d8827c29541c,True,3,0.009991087329848576,1.067816041548042,1,2026-02-10T02:00:00+05:00,2026-02-09T21:00:00+00:00,0.6417118531550884
2026-02-09,2026-02-09T18:00:00+00:00,2026-02-09T23:00:00+05:00,2026-02-09T12:00:00+00:00,2026-02-09T16:02:12+00:00,126d76e9163c4742cf8cb849f0b689f15a9c686485357e28a5d22944b893b761,february-empirical-v1:204ed64bc6d9fa64157d2256888ae687070ec6f9d0d554829fd4d8827c29541c,True,4,0.00999983207215519,0.9039774928980364,1,2026-02-10T03:00:00+05:00,2026-02-09T22:00:00+00:00,0.25738042877942013
2026-02-09,2026-02-09T18:00:00+00:00,2026-02-09T23:00:00+05:00,2026-02-09T12:00:00+00:00,2026-02-09T16:02:12+00:00,126d76e9163c4742cf8cb849f0b689f15a9c686485357e28a5d22944b893b761,february-empirical-v1:204ed64bc6d9fa64157d2256888ae687070ec6f9d0d554829fd4d8827c29541c,True,5,0.014428624803654077,1.622528432998024,1,2026-02-10T04:00:00+05:00,2026-02-09T23:00:00+00:00,2.0792501367397884
2026-02-09,2026-02-09T18:00:00+00:00,2026-02-09T23:00:00+05:00,2026-02-09T12:00:00+00:00,2026-02-09T16:02:12+00:00,126d76e9163c4742cf8cb849f0b689f15a9c686485357e28a5d22944b893b761,february-empirical-v1:204ed64bc6d9fa64157d2256888ae687070ec6f9d0d554829fd4d8827c29541c,True,6,0.03993715508137066,2.0797794177980222,1,2026-02-10T05:00:00+05:00,2026-02-10T00:00:00+00:00,3.2244071363116245
2026-02-09,2026-02-09T18:00:00+00:00,2026-02-09T23:00:00+05:00,2026-02-09T12:00:00+00:00,2026-02-09T16:02:12+00:00,126d76e9163c4742cf8cb849f0b689f15a9c686485357e28a5d22944b893b761,february-empirical-v1:204ed64bc6d9fa64157d2256888ae687070ec6f9d0d554829fd4d8827c29541c,True,7,0.092657666477444,1.0121838896220083,1,2026-02-10T06:00:00+05:00,2026-02-10T01:00:00+00:00,4.412974723625664
2026-02-09,2026-02-09T18:00:00+00:00,2026-02-09T23:00:00+05:00,2026-02-09T12:00:00+00:00,2026-02-09T16:02:12+00:00,126d76e9163c4742cf8cb849f0b689f15a9c686485357e28a5d22944b893b761,february-empirical-v1:204ed64bc6d9fa64157d2256888ae687070ec6f9d0d554829fd4d8827c29541c,True,8,0.13861185545634286,-0.7911285391459728,1,2026-02-10T07:00:00+05:00,2026-02-10T02:00:00+00:00,5.094534633646544
2026-02-09,2026-02-09T18:00:00+00:00,2026-02-09T23:00:00+05:00,2026-02-09T12:00:00+00:00,2026-02-09T16:02:12+00:00,126d76e9163c4742cf8cb849f0b689f15a9c686485357e28a5d22944b893b761,february-empirical-v1:204ed64bc6d9fa64157d2256888ae687070ec6f9d0d554829fd4d8827c29541c,True,9,0.055959566451737976,-0.22889394305195765,1,2026-02-10T08:00:00+05:00,2026-02-10T03:00:00+00:00,3.6706677341810603
2026-02-09,2026-02-09T18:00:00+00:00,2026-02-09T23:00:00+05:00,2026-02-09T12:00:00+00:00,2026-02-09T16:02:12+00:00,126d76e9163c4742cf8cb849f0b689f15a9c686485357e28a5d22944b893b761,february-empirical-v1:204ed64bc6d9fa64157d2256888ae687070ec6f9d0d554829fd4d8827c29541c,True,10,0.07632826311034212,1.0542258787360197,1,2026-02-10T09:00:00+05:00,2026-02-10T04:00:00+00:00,4.114655720986495
2026-02-09,2026-02-09T18:00:00+00:00,2026-02-09T23:00:00+05:00,2026-02-09T12:00:00+00:00,2026-02-09T16:02:12+00:00,126d76e9163c4742cf8cb849f0b689f15a9c686485357e28a5d22944b893b761,february-empirical-v1:204ed64bc6d9fa64157d2256888ae687070ec6f9d0d554829fd4d8827c29541c,True,11,0.16463929532165897,2.573899685133995,1,2026-02-10T10:00:00+05:00,2026-02-10T05:00:00+00:00,5.405579251744982
2026-02-09,2026-02-09T18:00:00+00:00,2026-02-09T23:00:00+05:00,2026-02-09T12:00:00+00:00,2026-02-09T16:02:12+00:00,126d76e9163c4742cf8cb849f0b689f15a9c686485357e28a5d22944b893b761,february-empirical-v1:204ed64bc6d9fa64157d2256888ae687070ec6f9d0d554829fd4d8827c29541c,True,12,0.12852274286601897,3.844105185972012,1,2026-02-10T11:00:00+05:00,2026-02-10T06:00:00+00:00,4.958816110501361
2026-02-09,2026-02-09T18:00:00+00:00,2026-02-09T23:00:00+05:00,2026-02-09T12:00:00+00:00,2026-02-09T16:02:12+00:00,126d76e9163c4742cf8cb849f0b689f15a9c686485357e28a5d22944b893b761,february-empirical-v1:204ed64bc6d9fa64157d2256888ae687070ec6f9d0d554829fd4d8827c29541c,True,13,0.050995766475405636,4.6210217494920585,1,2026-02-10T12:00:00+05:00,2026-02-10T07:00:00+00:00,3.533727935707982
2026-02-09,2026-02-09T18:00:00+00:00,2026-02-09T23:00:00+05:00,2026-02-09T12:00:00+00:00,2026-02-09T16:02:12+00:00,126d76e9163c4742cf8cb849f0b689f15a9c686485357e28a5d22944b893b761,february-empirical-v1:204ed64bc6d9fa64157d2256888ae687070ec6f9d0d554829fd4d8827c29541c,True,14,0.01,4.5305763281940585,1,2026-02-10T13:00:00+05:00,2026-02-10T08:00:00+00:00,0.15110736985383327
2026-02-09,2026-02-09T18:00:00+00:00,2026-02-09T23:00:00+05:00,2026-02-09T12:00:00+00:00,2026-02-09T16:02:12+00:00,126d76e9163c4742cf8cb849f0b689f15a9c686485357e28a5d22944b893b761,february-empirical-v1:204ed64bc6d9fa64157d2256888ae687070ec6f9d0d554829fd4d8827c29541c,True,15,0.012721786566576675,4.991891724890024,1,2026-02-10T14:00:00+05:00,2026-02-10T09:00:00+00:00,1.9129935236219804
2026-02-09,2026-02-09T18:00:00+00:00,2026-02-09T23:00:00+05:00,2026-02-09T12:00:00+00:00,2026-02-09T16:02:12+00:00,126d76e9163c4742cf8cb849f0b689f15a9c686485357e28a5d22944b893b761,february-empirical-v1:204ed64bc6d9fa64157d2256888ae687070ec6f9d0d554829fd4d8827c29541c,True,16,0.01051452083524304,5.622311475376023,1,2026-02-10T15:00:00+05:00,2026-02-10T10:00:00+00:00,1.5054302316361605
2026-02-09,2026-02-09T18:00:00+00:00,2026-02-09T23:00:00+05:00,2026-02-09T12:00:00+00:00,2026-02-09T16:02:12+00:00,126d76e9163c4742cf8cb849f0b689f15a9c686485357e28a5d22944b893b761,february-empirical-v1:204ed64bc6d9fa64157d2256888ae687070ec6f9d0d554829fd4d8827c29541c,True,17,0.00998111111826822,5.237441190471998,1,2026-02-10T16:00:00+05:00,2026-02-10T11:00:00+00:00,0.8683425997496962
2026-02-09,2026-02-09T18:00:00+00:00,2026-02-09T23:00:00+05:00,2026-02-09T12:00:00+00:00,2026-02-09T16:02:12+00:00,126d76e9163c4742cf8cb849f0b689f15a9c686485357e28a5d22944b893b761,february-empirical-v1:204ed64bc6d9fa64157d2256888ae687070ec6f9d0d554829fd4d8827c29541c,True,18,0.009991889210759908,3.4815100574340363,1,2026-02-10T17:00:00+05:00,2026-02-10T12:00:00+00:00,0.6064691871020327
2026-02-09,2026-02-09T18:00:00+00:00,2026-02-09T23:00:00+05:00,2026-02-09T12:00:00+00:00,2026-02-09T16:02:12+00:00,126d76e9163c4742cf8cb849f0b689f15a9c686485357e28a5d22944b893b761,february-empirical-v1:204ed64bc6d9fa64157d2256888ae687070ec6f9d0d554829fd4d8827c29541c,True,19,0.029555715455137677,3.33851173399205,1,2026-02-10T18:00:00+05:00,2026-02-10T13:00:00+00:00,2.8811500101479184
2026-02-09,2026-02-09T18:00:00+00:00,2026-02-09T23:00:00+05:00,2026-02-09T12:00:00+00:00,2026-02-09T16:02:12+00:00,126d76e9163c4742cf8cb849f0b689f15a9c686485357e28a5d22944b893b761,february-empirical-v1:204ed64bc6d9fa64157d2256888ae687070ec6f9d0d554829fd4d8827c29541c,True,20,0.0801351313416067,3.0227930388880395,1,2026-02-10T19:00:00+05:00,2026-02-10T14:00:00+00:00,4.194012706459161
2026-02-09,2026-02-09T18:00:00+00:00,2026-02-09T23:00:00+05:00,2026-02-09T12:00:00+00:00,2026-02-09T16:02:12+00:00,126d76e9163c4742cf8cb849f0b689f15a9c686485357e28a5d22944b893b761,february-empirical-v1:204ed64bc6d9fa64157d2256888ae687070ec6f9d0d554829fd4d8827c29541c,True,21,0.1648582176133129,2.6245347836320434,1,2026-02-10T20:00:00+05:00,2026-02-10T15:00:00+00:00,5.407933009890441
2026-02-09,2026-02-09T18:00:00+00:00,2026-02-09T23:00:00+05:00,2026-02-09T12:00:00+00:00,2026-02-09T16:02:12+00:00,126d76e9163c4742cf8cb849f0b689f15a9c686485357e28a5d22944b893b761,february-empirical-v1:204ed64bc6d9fa64157d2256888ae687070ec6f9d0d554829fd4d8827c29541c,True,22,0.3511591858665558,1.9697538362060527,1,2026-02-10T21:00:00+05:00,2026-02-10T16:00:00+00:00,6.923528225395789
2026-02-09,2026-02-09T18:00:00+00:00,2026-02-09T23:00:00+05:00,2026-02-09T12:00:00+00:00,2026-02-09T16:02:12+00:00,126d76e9163c4742cf8cb849f0b689f15a9c686485357e28a5d22944b893b761,february-empirical-v1:204ed64bc6d9fa64157d2256888ae687070ec6f9d0d554829fd4d8827c29541c,True,23,0.49576904525910626,1.6367089947000295,1,2026-02-10T22:00:00+05:00,2026-02-10T17:00:00+00:00,7.890150941706119
2026-02-09,2026-02-09T18:00:00+00:00,2026-02-09T23:00:00+05:00,2026-02-09T12:00:00+00:00,2026-02-09T16:02:12+00:00,126d76e9163c4742cf8cb849f0b689f15a9c686485357e28a5d22944b893b761,february-empirical-v1:204ed64bc6d9fa64157d2256888ae687070ec6f9d0d554829fd4d8827c29541c,True,24,0.5903242797490376,1.1513589005940617,1,2026-02-10T23:00:00+05:00,2026-02-10T18:00:00+00:00,8.522973282594082
2026-02-09,2026-02-09T18:00:00+00:00,2026-02-09T23:00:00+05:00,2026-02-09T12:00:00+00:00,2026-02-09T16:02:12+00:00,126d76e9163c4742cf8cb849f0b689f15a9c686485357e28a5d22944b893b761,february-empirical-v1:204ed64bc6d9fa64157d2256888ae687070ec6f9d0d554829fd4d8827c29541c,True,1,0.009999689029757432,1.481884303980678,2,2026-02-10T00:00:00+05:00,2026-02-09T19:00:00+00:00,0.25219752304748944
2026-02-09,2026-02-09T18:00:00+00:00,2026-02-09T23:00:00+05:00,2026-02-09T12:00:00+00:00,2026-02-09T16:02:12+00:00,126d76e9163c4742cf8cb849f0b689f15a9c686485357e28a5d22944b893b761,february-empirical-v1:204ed64bc6d9fa64157d2256888ae687070ec6f9d0d554829fd4d8827c29541c,True,2,0.009969919021860209,1.6683041542696628,2,2026-02-10T01:00:00+05:00,2026-02-09T20:00:00+00:00,0.46257224552118703
2026-02-09,2026-02-09T18:00:00+00:00,2026-02-09T23:00:00+05:00,2026-02-09T12:00:00+00:00,2026-02-09T16:02:12+00:00,126d76e9163c4742cf8cb849f0b689f15a9c686485357e28a5d22944b893b761,february-empirical-v1:204ed64bc6d9fa64157d2256888ae687070ec6f9d0d554829fd4d8827c29541c,True,3,0.009940475935779802,1.0607326009515532,2,2026-02-10T02:00:00+05:00,2026-02-09T21:00:00+00:00,0.6706367204893822
2026-02-09,2026-02-09T18:00:00+00:00,2026-02-09T23:00:00+05:00,2026-02-09T12:00:00+00:00,2026-02-09T16:02:12+00:00,126d76e9163c4742cf8cb849f0b689f15a9c686485357e28a5d22944b893b761,february-empirical-v1:204ed64bc6d9fa64157d2256888ae687070ec6f9d0d554829fd4d8827c29541c,True,4,0.009998581333579898,0.8889071269255169,2,2026-02-10T03:00:00+05:00,2026-02-09T22:00:00+00:00,0.2600252427020526
2026-02-09,2026-02-09T18:00:00+00:00,2026-02-09T23:00:00+05:00,2026-02-09T12:00:00+00:00,2026-02-09T16:02:12+00:00,126d76e9163c4742cf8cb849f0b689f15a9c686485357e28a5d22944b893b761,february-empirical-v1:204ed64bc6d9fa64157d2256888ae687070ec6f9d0d554829fd4d8827c29541c,True,5,0.013031836466184507,1.5952583416495258,2,2026-02-10T04:00:00+05:00,2026-02-09T23:00:00+00:00,2.0655784868359697
2026-02-09,2026-02-09T18:00:00+00:00,2026-02-09T23:00:00+05:00,2026-02-09T12:00:00+00:00,2026-02-09T16:02:12+00:00,126d76e9163c4742cf8cb849f0b689f15a9c686485357e28a5d22944b893b761,february-empirical-v1:204ed64bc6d9fa64157d2256888ae687070ec6f9d0d554829fd4d8827c29541c,True,6,0.036496604721063225,2.0568390172015825,2,2026-02-10T05:00:00+05:00,2026-02-10T00:00:00+00:00,3.2076210886842174
2026-02-09,2026-02-09T18:00:00+00:00,2026-02-09T23:00:00+05:00,2026-02-09T12:00:00+00:00,2026-02-09T16:02:12+00:00,126d76e9163c4742cf8cb849f0b689f15a9c686485357e28a5d22944b893b761,february-empirical-v1:204ed64bc6d9fa64157d2256888ae687070ec6f9d0d554829fd4d8827c29541c,True,7,0.08556350729200525,0.9906692922793354,2,2026-02-10T06:00:00+05:00,2026-02-10T01:00:00+00:00,4.35865635441604
2026-02-09,2026-02-09T18:00:00+00:00,2026-02-09T23:00:00+05:00,2026-02-09T12:00:00+00:00,2026-02-09T16:02:12+00:00,126d76e9163c4742cf8cb849f0b689f15a9c686485357e28a5d22944b893b761,february-empirical-v1:204ed64bc6d9fa64157d2256888ae687070ec6f9d0d554829fd4d8827c29541c,True,8,0.12600627179668825,-0.798856934304979,2,2026-02-10T07:00:00+05:00,2026-02-10T02:00:00+00:00,5.005962807730657
2026-02-09,2026-02-09T18:00:00+00:00,2026-02-09T23:00:00+05:00,2026-02-09T12:00:00+00:00,2026-02-09T16:02:12+00:00,126d76e9163c4742cf8cb849f0b689f15a9c686485357e28a5d22944b893b761,february-empirical-v1:204ed64bc6d9fa64157d2256888ae687070ec6f9d0d554829fd4d8827c29541c,True,9,0.050389528912901736,-0.2321586851523989,2,2026-02-10T08:00:00+05:00,2026-02-10T03:00:00+00:00,3.592638611656278
2026-02-09,2026-02-09T18:00:00+00:00,2026-02-09T23:00:00+05:00,2026-02-09T12:00:00+00:00,2026-02-09T16:02:12+00:00,126d76e9163c4742cf8cb849f0b689f15a9c686485357e28a5d22944b893b761,february-empirical-v1:204ed64bc6d9fa64157d2256888ae687070ec6f9d0d554829fd4d8827c29541c,True,10,0.07014770167006358,1.0606671842567152,2,2026-02-10T09:00:00+05:00,2026-02-10T04:00:00+00:00,4.046805037365715
2026-02-09,2026-02-09T18:00:00+00:00,2026-02-09T23:00:00+05:00,2026-02-09T12:00:00+00:00,2026-02-09T16:02:12+00:00,126d76e9163c4742cf8cb849f0b689f15a9c686485357e28a5d22944b893b761,february-empirical-v1:204ed64bc6d9fa64157d2256888ae687070ec6f9d0d554829fd4d8827c29541c,True,11,0.15121398325798352,2.5718973709222155,2,2026-02-10T10:00:00+05:00,2026-02-10T05:00:00+00:00,5.325820694115884
2026-02-09,2026-02-09T18:00:00+00:00,2026-02-09T23:00:00+05:00,2026-02-09T12:00:00+00:00,2026-02-09T16:02:12+00:00,126d76e9163c4742cf8cb849f0b689f15a9c686485357e28a5d22944b893b761,february-empirical-v1:204ed64bc6d9fa64157d2256888ae687070ec6f9d0d554829fd4d8827c29541c,True,12,0.1179643170956726,3.837109583253323,2,2026-02-10T11:00:00+05:00,2026-02-10T06:00:00+00:00,4.8986738230308635
2026-02-09,2026-02-09T18:00:00+00:00,2026-02-09T23:00:00+05:00,2026-02-09T12:00:00+00:00,2026-02-09T16:02:12+00:00,126d76e9163c4742cf8cb849f0b689f15a9c686485357e28a5d22944b893b761,february-empirical-v1:204ed64bc6d9fa64157d2256888ae687070ec6f9d0d554829fd4d8827c29541c,True,13,0.04698394920063033,4.6121005696981,2,2026-02-10T12:00:00+05:00,2026-02-10T07:00:00+00:00,3.5012081591409143
2026-02-09,2026-02-09T18:00:00+00:00,2026-02-09T23:00:00+05:00,2026-02-09T12:00:00+00:00,2026-02-09T16:02:12+00:00,126d76e9163c4742cf8cb849f0b689f15a9c686485357e28a5d22944b893b761,february-empirical-v1:204ed64bc6d9fa64157d2256888ae687070ec6f9d0d554829fd4d8827c29541c,True,14,0.01,4.498926562756594,2,2026-02-10T13:00:00+05:00,2026-02-10T08:00:00+00:00,0.15648016020938094
2026-02-09,2026-02-09T18:00:00+00:00,2026-02-09T23:00:00+05:00,2026-02-09T12:00:00+00:00,2026-02-09T16:02:12+00:00,126d76e9163c4742cf8cb849f0b689f15a9c686485357e28a5d22944b893b761,february-empirical-v1:204ed64bc6d9fa64157d2256888ae687070ec6f9d0d554829fd4d8827c29541c,True,15,0.011572681156039521,4.948197139123636,2,2026-02-10T14:00:00+05:00,2026-02-10T09:00:00+00:00,1.9061524315308283
2026-02-09,2026-02-09T18:00:00+00:00,2026-02-09T23:00:00+05:00,2026-02-09T12:00:00+00:00,2026-02-09T16:02:12+00:00,126d76e9163c4742cf8cb849f0b689f15a9c686485357e28a5d22944b893b761,february-empirical-v1:204ed64bc6d9fa64157d2256888ae687070ec6f9d0d554829fd4d8827c29541c,True,16,0.009947681761255557,5.582760688250289,2,2026-02-10T15:00:00+05:00,2026-02-10T10:00:00+00:00,1.5281543000772966
2026-02-09,2026-02-09T18:00:00+00:00,2026-02-09T23:00:00+05:00,2026-02-09T12:00:00+00:00,2026-02-09T16:02:12+00:00,126d76e9163c4742cf8cb849f0b689f15a9c686485357e28a5d22944b893b761,february-empirical-v1:204ed64bc6d9fa64157d2256888ae687070ec6f9d0d554829fd4d8827c29541c,True,17,0.009866344497827037,5.194802294633291,2,2026-02-10T16:00:00+05:00,2026-02-10T11:00:00+00:00,0.8885059574082389
2026-02-09,2026-02-09T18:00:00+00:00,2026-02-09T23:00:00+05:00,2026-02-09T12:00:00+00:00,2026-02-09T16:02:12+00:00,126d76e9163c4742cf8cb849f0b689f15a9c686485357e28a5d22944b893b761,february-empirical-v1:204ed64bc6d9fa64157d2256888ae687070ec6f9d0d554829fd4d8827c29541c,True,18,0.009953818785785752,3.442311353974162,2,2026-02-10T17:00:00+05:00,2026-02-10T12:00:00+00:00,0.5763472471140108
2026-02-09,2026-02-09T18:00:00+00:00,2026-02-09T23:00:00+05:00,2026-02-09T12:00:00+00:00,2026-02-09T16:02:12+00:00,126d76e9163c4742cf8cb849f0b689f15a9c686485357e28a5d22944b893b761,february-empirical-v1:204ed64bc6d9fa64157d2256888ae687070ec6f9d0d554829fd4d8827c29541c,True,19,0.026968872802969564,3.300222781078105,2,2026-02-10T18:00:00+05:00,2026-02-10T13:00:00+00:00,2.8504254945430465
2026-02-09,2026-02-09T18:00:00+00:00,2026-02-09T23:00:00+05:00,2026-02-09T12:00:00+00:00,2026-02-09T16:02:12+00:00,126d76e9163c4742cf8cb849f0b689f15a9c686485357e28a5d22944b893b761,february-empirical-v1:204ed64bc6d9fa64157d2256888ae687070ec6f9d0d554829fd4d8827c29541c,True,20,0.07514085647686755,2.9880391080131403,2,2026-02-10T19:00:00+05:00,2026-02-10T14:00:00+00:00,4.1534477238444625
2026-02-09,2026-02-09T18:00:00+00:00,2026-02-09T23:00:00+05:00,2026-02-09T12:00:00+00:00,2026-02-09T16:02:12+00:00,126d76e9163c4742cf8cb849f0b689f15a9c686485357e28a5d22944b893b761,february-empirical-v1:204ed64bc6d9fa64157d2256888ae687070ec6f9d0d554829fd4d8827c29541c,True,21,0.15260761292849195,2.5962467911917315,2,2026-02-10T20:00:00+05:00,2026-02-10T15:00:00+00:00,5.341099934019987
2026-02-09,2026-02-09T18:00:00+00:00,2026-02-09T23:00:00+05:00,2026-02-09T12:00:00+00:00,2026-02-09T16:02:12+00:00,126d76e9163c4742cf8cb849f0b689f15a9c686485357e28a5d22944b893b761,february-empirical-v1:204ed64bc6d9fa64157d2256888ae687070ec6f9d0d554829fd4d8827c29541c,True,22,0.32935502860370264,1.9489971538994268,2,2026-02-10T21:00:00+05:00,2026-02-10T16:00:00+00:00,6.848353504922929
2026-02-09,2026-02-09T18:00:00+00:00,2026-02-09T23:00:00+05:00,2026-02-09T12:00:00+00:00,2026-02-09T16:02:12+00:00,126d76e9163c4742cf8cb849f0b689f15a9c686485357e28a5d22944b893b761,february-empirical-v1:204ed64bc6d9fa64157d2256888ae687070ec6f9d0d554829fd4d8827c29541c,True,23,0.46813017620790215,1.618850250828018,2,2026-02-10T22:00:00+05:00,2026-02-10T17:00:00+00:00,7.802895426093829
2026-02-09,2026-02-09T18:00:00+00:00,2026-02-09T23:00:00+05:00,2026-02-09T12:00:00+00:00,2026-02-09T16:02:12+00:00,126d76e9163c4742cf8cb849f0b689f15a9c686485357e28a5d22944b893b761,february-empirical-v1:204ed64bc6d9fa64157d2256888ae687070ec6f9d0d554829fd4d8827c29541c,True,24,0.5614979768999322,1.139908220532618,2,2026-02-10T23:00:00+05:00,2026-02-10T18:00:00+00:00,8.420236864403456
2026-02-10,2026-02-10T18:00:00+00:00,2026-02-10T23:00:00+05:00,2026-02-10T12:00:00+00:00,2026-02-10T16:02:02+00:00,e12922a36effda96d06edc34726c3afcc423b54fc6dfdf5ac4bce50dfe057651,february-empirical-v1:204ed64bc6d9fa64157d2256888ae687070ec6f9d0d554829fd4d8827c29541c,True,1,0.9342385231777782,0.9941352618479868,1,2026-02-11T00:00:00+05:00,2026-02-10T19:00:00+00:00,11.211962816021753
2026-02-10,2026-02-10T18:00:00+00:00,2026-02-10T23:00:00+05:00,2026-02-10T12:00:00+00:00,2026-02-10T16:02:02+00:00,e12922a36effda96d06edc34726c3afcc423b54fc6dfdf5ac4bce50dfe057651,february-empirical-v1:204ed64bc6d9fa64157d2256888ae687070ec6f9d0d554829fd4d8827c29541c,True,2,0.8713482084190789,0.5804841249640162,1,2026-02-11T01:00:00+05:00,2026-02-10T20:00:00+00:00,10.58017286829007
2026-02-10,2026-02-10T18:00:00+00:00,2026-02-10T23:00:00+05:00,2026-02-10T12:00:00+00:00,2026-02-10T16:02:02+00:00,e12922a36effda96d06edc34726c3afcc423b54fc6dfdf5ac4bce50dfe057651,february-empirical-v1:204ed64bc6d9fa64157d2256888ae687070ec6f9d0d554829fd4d8827c29541c,True,3,0.6496195272782297,0.11853084756398857,1,2026-02-11T02:00:00+05:00,2026-02-10T21:00:00+00:00,8.92095874529233
2026-02-10,2026-02-10T18:00:00+00:00,2026-02-10T23:00:00+05:00,2026-02-10T12:00:00+00:00,2026-02-10T16:02:02+00:00,e12922a36effda96d06edc34726c3afcc423b54fc6dfdf5ac4bce50dfe057651,february-empirical-v1:204ed64bc6d9fa64157d2256888ae687070ec6f9d0d554829fd4d8827c29541c,True,4,0.459416298822455,0.0513676285580118,1,2026-02-11T03:00:00+05:00,2026-02-10T22:00:00+00:00,7.643830010319746
2026-02-10,2026-02-10T18:00:00+00:00,2026-02-10T23:00:00+05:00,2026-02-10T12:00:00+00:00,2026-02-10T16:02:02+00:00,e12922a36effda96d06edc34726c3afcc423b54fc6dfdf5ac4bce50dfe057651,february-empirical-v1:204ed64bc6d9fa64157d2256888ae687070ec6f9d0d554829fd4d8827c29541c,True,5,0.08848099733370048,0.4449951870820428,1,2026-02-11T04:00:00+05:00,2026-02-10T23:00:00+00:00,4.343775864190335
2026-02-10,2026-02-10T18:00:00+00:00,2026-02-10T23:00:00+05:00,2026-02-10T12:00:00+00:00,2026-02-10T16:02:02+00:00,e12922a36effda96d06edc34726c3afcc423b54fc6dfdf5ac4bce50dfe057651,february-empirical-v1:204ed64bc6d9fa64157d2256888ae687070ec6f9d0d554829fd4d8827c29541c,True,6,0.010206765201216883,0.6900799944260143,1,2026-02-11T05:00:00+05:00,2026-02-11T00:00:00+00:00,1.3644602480776262
2026-02-10,2026-02-10T18:00:00+00:00,2026-02-10T23:00:00+05:00,2026-02-10T12:00:00+00:00,2026-02-10T16:02:02+00:00,e12922a36effda96d06edc34726c3afcc423b54fc6dfdf5ac4bce50dfe057651,february-empirical-v1:204ed64bc6d9fa64157d2256888ae687070ec6f9d0d554829fd4d8827c29541c,True,7,0.012817867954862987,0.258905737029977,1,2026-02-11T06:00:00+05:00,2026-02-11T01:00:00+00:00,1.9223524457817578
2026-02-10,2026-02-10T18:00:00+00:00,2026-02-10T23:00:00+05:00,2026-02-10T12:00:00+00:00,2026-02-10T16:02:02+00:00,e12922a36effda96d06edc34726c3afcc423b54fc6dfdf5ac4bce50dfe057651,february-empirical-v1:204ed64bc6d9fa64157d2256888ae687070ec6f9d0d554829fd4d8827c29541c,True,8,0.030710378874549603,1.4168792664260081,1,2026-02-11T07:00:00+05:00,2026-02-11T02:00:00+00:00,2.919328380518841
2026-02-10,2026-02-10T18:00:00+00:00,2026-02-10T23:00:00+05:00,2026-02-10T12:00:00+00:00,2026-02-10T16:02:02+00:00,e12922a36effda96d06edc34726c3afcc423b54fc6dfdf5ac4bce50dfe057651,february-empirical-v1:204ed64bc6d9fa64157d2256888ae687070ec6f9d0d554829fd4d8827c29541c,True,9,0.07826916686606697,2.775080370250066,1,2026-02-11T08:00:00+05:00,2026-02-11T03:00:00+00:00,4.155115296099169
2026-02-10,2026-02-10T18:00:00+00:00,2026-02-10T23:00:00+05:00,2026-02-10T12:00:00+00:00,2026-02-10T16:02:02+00:00,e12922a36effda96d06edc34726c3afcc423b54fc6dfdf5ac4bce50dfe057651,february-empirical-v1:204ed64bc6d9fa64157d2256888ae687070ec6f9d0d554829fd4d8827c29541c,True,10,0.1217358793383809,3.8491685718700523,1,2026-02-11T09:00:00+05:00,2026-02-11T04:00:00+00:00,4.867519369929514
2026-02-10,2026-02-10T18:00:00+00:00,2026-02-10T23:00:00+05:00,2026-02-10T12:00:00+00:00,2026-02-10T16:02:02+00:00,e12922a36effda96d06edc34726c3afcc423b54fc6dfdf5ac4bce50dfe057651,february-empirical-v1:204ed64bc6d9fa64157d2256888ae687070ec6f9d0d554829fd4d8827c29541c,True,11,0.2223889089379633,4.972133764244063,1,2026-02-11T10:00:00+05:00,2026-02-11T05:00:00+00:00,5.961765223186154
2026-02-10,2026-02-10T18:00:00+00:00,2026-02-10T23:00:00+05:00,2026-02-10T12:00:00+00:00,2026-02-10T16:02:02+00:00,e12922a36effda96d06edc34726c3afcc423b54fc6dfdf5ac4bce50dfe057651,february-empirical-v1:204ed64bc6d9fa64157d2256888ae687070ec6f9d0d554829fd4d8827c29541c,True,12,0.6183447189115341,6.678974188424036,1,2026-02-11T11:00:00+05:00,2026-02-11T06:00:00+00:00,8.700217458856018
2026-02-10,2026-02-10T18:00:00+00:00,2026-02-10T23:00:00+05:00,2026-02-10T12:00:00+00:00,2026-02-10T16:02:02+00:00,e12922a36effda96d06edc34726c3afcc423b54fc6dfdf5ac4bce50dfe057651,february-empirical-v1:204ed64bc6d9fa64157d2256888ae687070ec6f9d0d554829fd4d8827c29541c,True,13,0.9439340740398022,7.336963085642083,1,2026-02-11T12:00:00+05:00,2026-02-11T07:00:00+00:00,11.38971602625713
2026-02-10,2026-02-10T18:00:00+00:00,2026-02-10T23:00:00+05:00,2026-02-10T12:00:00+00:00,2026-02-10T16:02:02+00:00,e12922a36effda96d06edc34726c3afcc423b54fc6dfdf5ac4bce50dfe057651,february-empirical-v1:204ed64bc6d9fa64157d2256888ae687070ec6f9d0d554829fd4d8827c29541c,True,14,0.9463602106479789,7.799803851948013,1,2026-02-11T13:00:00+05:00,2026-02-11T08:00:00+00:00,11.443732216042969
2026-02-10,2026-02-10T18:00:00+00:00,2026-02-10T23:00:00+05:00,2026-02-10T12:00:00+00:00,2026-02-10T16:02:02+00:00,e12922a36effda96d06edc34726c3afcc423b54fc6dfdf5ac4bce50dfe057651,february-empirical-v1:204ed64bc6d9fa64157d2256888ae687070ec6f9d0d554829fd4d8827c29541c,True,15,0.2551535537136756,7.276929856588026,1,2026-02-11T14:00:00+05:00,2026-02-11T09:00:00+00:00,6.231583299064534
2026-02-10,2026-02-10T18:00:00+00:00,2026-02-10T23:00:00+05:00,2026-02-10T12:00:00+00:00,2026-02-10T16:02:02+00:00,e12922a36effda96d06edc34726c3afcc423b54fc6dfdf5ac4bce50dfe057651,february-empirical-v1:204ed64bc6d9fa64157d2256888ae687070ec6f9d0d554829fd4d8827c29541c,True,16,0.009958014267601343,5.731448015700039,1,2026-02-11T15:00:00+05:00,2026-02-11T10:00:00+00:00,1.2321905562046886
2026-02-10,2026-02-10T18:00:00+00:00,2026-02-10T23:00:00+05:00,2026-02-10T12:00:00+00:00,2026-02-10T16:02:02+00:00,e12922a36effda96d06edc34726c3afcc423b54fc6dfdf5ac4bce50dfe057651,february-empirical-v1:204ed64bc6d9fa64157d2256888ae687070ec6f9d0d554829fd4d8827c29541c,True,17,0.01074122040508983,5.570298069490036,1,2026-02-11T16:00:00+05:00,2026-02-11T11:00:00+00:00,1.60927182249819
2026-02-10,2026-02-10T18:00:00+00:00,2026-02-10T23:00:00+05:00,2026-02-10T12:00:00+00:00,2026-02-10T16:02:02+00:00,e12922a36effda96d06edc34726c3afcc423b54fc6dfdf5ac4bce50dfe057651,february-empirical-v1:204ed64bc6d9fa64157d2256888ae687070ec6f9d0d554829fd4d8827c29541c,True,18,0.1931215467687198,4.112983024204084,1,2026-02-11T17:00:00+05:00,2026-02-11T12:00:00+00:00,5.711808146199106
2026-02-10,2026-02-10T18:00:00+00:00,2026-02-10T23:00:00+05:00,2026-02-10T12:00:00+00:00,2026-02-10T16:02:02+00:00,e12922a36effda96d06edc34726c3afcc423b54fc6dfdf5ac4bce50dfe057651,february-empirical-v1:204ed64bc6d9fa64157d2256888ae687070ec6f9d0d554829fd4d8827c29541c,True,19,0.48699391151562904,3.453831431573974,1,2026-02-11T18:00:00+05:00,2026-02-11T13:00:00+00:00,7.828717862342376
2026-02-10,2026-02-10T18:00:00+00:00,2026-02-10T23:00:00+05:00,2026-02-10T12:00:00+00:00,2026-02-10T16:02:02+00:00,e12922a36effda96d06edc34726c3afcc423b54fc6dfdf5ac4bce50dfe057651,february-empirical-v1:204ed64bc6d9fa64157d2256888ae687070ec6f9d0d554829fd4d8827c29541c,True,20,0.8675451200074491,2.8707623942780742,1,2026-02-11T19:00:00+05:00,2026-02-11T14:00:00+00:00,10.5499239969418
2026-02-10,2026-02-10T18:00:00+00:00,2026-02-10T23:00:00+05:00,2026-02-10T12:00:00+00:00,2026-02-10T16:02:02+00:00,e12922a36effda96d06edc34726c3afcc423b54fc6dfdf5ac4bce50dfe057651,february-empirical-v1:204ed64bc6d9fa64157d2256888ae687070ec6f9d0d554829fd4d8827c29541c,True,21,0.8714010035321784,2.1403753057500694,1,2026-02-11T20:00:00+05:00,2026-02-11T15:00:00+00:00,10.580592788210701
2026-02-10,2026-02-10T18:00:00+00:00,2026-02-10T23:00:00+05:00,2026-02-10T12:00:00+00:00,2026-02-10T16:02:02+00:00,e12922a36effda96d06edc34726c3afcc423b54fc6dfdf5ac4bce50dfe057651,february-empirical-v1:204ed64bc6d9fa64157d2256888ae687070ec6f9d0d554829fd4d8827c29541c,True,22,0.6565129515261371,1.8444105085320643,1,2026-02-11T21:00:00+05:00,2026-02-11T16:00:00+00:00,8.971311474984358
2026-02-10,2026-02-10T18:00:00+00:00,2026-02-10T23:00:00+05:00,2026-02-10T12:00:00+00:00,2026-02-10T16:02:02+00:00,e12922a36effda96d06edc34726c3afcc423b54fc6dfdf5ac4bce50dfe057651,february-empirical-v1:204ed64bc6d9fa64157d2256888ae687070ec6f9d0d554829fd4d8827c29541c,True,23,0.37272906553089585,1.8661821081240078,1,2026-02-11T22:00:00+05:00,2026-02-11T17:00:00+00:00,7.071253993974342
2026-02-10,2026-02-10T18:00:00+00:00,2026-02-10T23:00:00+05:00,2026-02-10T12:00:00+00:00,2026-02-10T16:02:02+00:00,e12922a36effda96d06edc34726c3afcc423b54fc6dfdf5ac4bce50dfe057651,february-empirical-v1:204ed64bc6d9fa64157d2256888ae687070ec6f9d0d554829fd4d8827c29541c,True,24,0.44512515549165077,1.329417365064046,1,2026-02-11T23:00:00+05:00,2026-02-11T18:00:00+00:00,7.550935683604897
2026-02-10,2026-02-10T18:00:00+00:00,2026-02-10T23:00:00+05:00,2026-02-10T12:00:00+00:00,2026-02-10T16:02:02+00:00,e12922a36effda96d06edc34726c3afcc423b54fc6dfdf5ac4bce50dfe057651,february-empirical-v1:204ed64bc6d9fa64157d2256888ae687070ec6f9d0d554829fd4d8827c29541c,True,1,0.9111509427148958,0.9849592051235732,2,2026-02-11T00:00:00+05:00,2026-02-10T19:00:00+00:00,11.077251056101469
2026-02-10,2026-02-10T18:00:00+00:00,2026-02-10T23:00:00+05:00,2026-02-10T12:00:00+00:00,2026-02-10T16:02:02+00:00,e12922a36effda96d06edc34726c3afcc423b54fc6dfdf5ac4bce50dfe057651,february-empirical-v1:204ed64bc6d9fa64157d2256888ae687070ec6f9d0d554829fd4d8827c29541c,True,2,0.84953218881699,0.5681534893313938,2,2026-02-11T01:00:00+05:00,2026-02-10T20:00:00+00:00,10.459839621449373
2026-02-10,2026-02-10T18:00:00+00:00,2026-02-10T23:00:00+05:00,2026-02-10T12:00:00+00:00,2026-02-10T16:02:02+00:00,e12922a36effda96d06edc34726c3afcc423b54fc6dfdf5ac4bce50dfe057651,february-empirical-v1:204ed64bc6d9fa64157d2256888ae687070ec6f9d0d554829fd4d8827c29541c,True,3,0.6261333053569287,0.11060496655539964,2,2026-02-11T02:00:00+05:00,2026-02-10T21:00:00+00:00,8.841434890349813
2026-02-10,2026-02-10T18:00:00+00:00,2026-02-10T23:00:00+05:00,2026-02-10T12:00:00+00:00,2026-02-10T16:02:02+00:00,e12922a36effda96d06edc34726c3afcc423b54fc6dfdf5ac4bce50dfe057651,february-empirical-v1:204ed64bc6d9fa64157d2256888ae687070ec6f9d0d554829fd4d8827c29541c,True,4,0.4346286281658435,0.03659024598397309,2,2026-02-11T03:00:00+05:00,2026-02-10T22:00:00+00:00,7.570149936803675
2026-02-10,2026-02-10T18:00:00+00:00,2026-02-10T23:00:00+05:00,2026-02-10T12:00:00+00:00,2026-02-10T16:02:02+00:00,e12922a36effda96d06edc34726c3afcc423b54fc6dfdf5ac4bce50dfe057651,february-empirical-v1:204ed64bc6d9fa64157d2256888ae687070ec6f9d0d554829fd4d8827c29541c,True,5,0.0813809384899368,0.4441370907697433,2,2026-02-11T04:00:00+05:00,2026-02-10T23:00:00+00:00,4.281654136022228
2026-02-10,2026-02-10T18:00:00+00:00,2026-02-10T23:00:00+05:00,2026-02-10T12:00:00+00:00,2026-02-10T16:02:02+00:00,e12922a36effda96d06edc34726c3afcc423b54fc6dfdf5ac4bce50dfe057651,february-empirical-v1:204ed64bc6d9fa64157d2256888ae687070ec6f9d0d554829fd4d8827c29541c,True,6,0.009776576187421684,0.6789473111722373,2,2026-02-11T05:00:00+05:00,2026-02-11T00:00:00+00:00,1.3342939643703509
2026-02-10,2026-02-10T18:00:00+00:00,2026-02-10T23:00:00+05:00,2026-02-10T12:00:00+00:00,2026-02-10T16:02:02+00:00,e12922a36effda96d06edc34726c3afcc423b54fc6dfdf5ac4bce50dfe057651,february-empirical-v1:204ed64bc6d9fa64157d2256888ae687070ec6f9d0d554829fd4d8827c29541c,True,7,0.011098125099700876,0.24145787173728195,2,2026-02-11T06:00:00+05:00,2026-02-11T01:00:00+00:00,1.8543028446107648
2026-02-10,2026-02-10T18:00:00+00:00,2026-02-10T23:00:00+05:00,2026-02-10T12:00:00+00:00,2026-02-10T16:02:02+00:00,e12922a36effda96d06edc34726c3afcc423b54fc6dfdf5ac4bce50dfe057651,february-empirical-v1:204ed64bc6d9fa64157d2256888ae687070ec6f9d0d554829fd4d8827c29541c,True,8,0.028354714906388967,1.4052434500522963,2,2026-02-11T07:00:00+05:00,2026-02-11T02:00:00+00:00,2.9023808494766463
2026-02-10,2026-02-10T18:00:00+00:00,2026-02-10T23:00:00+05:00,2026-02-10T12:00:00+00:00,2026-02-10T16:02:02+00:00,e12922a36effda96d06edc34726c3afcc423b54fc6dfdf5ac4bce50dfe057651,february-empirical-v1:204ed64bc6d9fa64157d2256888ae687070ec6f9d0d554829fd4d8827c29541c,True,9,0.07343843479849907,2.769853624010011,2,2026-02-11T08:00:00+05:00,2026-02-11T03:00:00+00:00,4.117087781418187
2026-02-10,2026-02-10T18:00:00+00:00,2026-02-10T23:00:00+05:00,2026-02-10T12:00:00+00:00,2026-02-10T16:02:02+00:00,e12922a36effda96d06edc34726c3afcc423b54fc6dfdf5ac4bce50dfe057651,february-empirical-v1:204ed64bc6d9fa64157d2256888ae687070ec6f9d0d554829fd4d8827c29541c,True,10,0.11081340810097633,3.8334262162987898,2,2026-02-11T09:00:00+05:00,2026-02-11T04:00:00+00:00,4.803272419485941
2026-02-10,2026-02-10T18:00:00+00:00,2026-02-10T23:00:00+05:00,2026-02-10T12:00:00+00:00,2026-02-10T16:02:02+00:00,e12922a36effda96d06edc34726c3afcc423b54fc6dfdf5ac4bce50dfe057651,february-empirical-v1:204ed64bc6d9fa64157d2256888ae687070ec6f9d0d554829fd4d8827c29541c,True,11,0.2068412105672221,4.953232249558596,2,2026-02-11T10:00:00+05:00,2026-02-11T05:00:00+00:00,5.897467836287639
2026-02-10,2026-02-10T18:00:00+00:00,2026-02-10T23:00:00+05:00,2026-02-10T12:00:00+00:00,2026-02-10T16:02:02+00:00,e12922a36effda96d06edc34726c3afcc423b54fc6dfdf5ac4bce50dfe057651,february-empirical-v1:204ed64bc6d9fa64157d2256888ae687070ec6f9d0d554829fd4d8827c29541c,True,12,0.5938293476175696,6.658155280061806,2,2026-02-11T11:00:00+05:00,2026-02-11T06:00:00+00:00,8.618649706396376
2026-02-10,2026-02-10T18:00:00+00:00,2026-02-10T23:00:00+05:00,2026-02-10T12:00:00+00:00,2026-02-10T16:02:02+00:00,e12922a36effda96d06edc34726c3afcc423b54fc6dfdf5ac4bce50dfe057651,february-empirical-v1:204ed64bc6d9fa64157d2256888ae687070ec6f9d0d554829fd4d8827c29541c,True,13,0.9266601202837276,7.327568351224102,2,2026-02-11T12:00:00+05:00,2026-02-11T07:00:00+00:00,11.2771239456919
2026-02-10,2026-02-10T18:00:00+00:00,2026-02-10T23:00:00+05:00,2026-02-10T12:00:00+00:00,2026-02-10T16:02:02+00:00,e12922a36effda96d06edc34726c3afcc423b54fc6dfdf5ac4bce50dfe057651,february-empirical-v1:204ed64bc6d9fa64157d2256888ae687070ec6f9d0d554829fd4d8827c29541c,True,14,0.9290169851900438,7.78981014984754,2,2026-02-11T13:00:00+05:00,2026-02-11T08:00:00+00:00,11.321150221785606
2026-02-10,2026-02-10T18:00:00+00:00,2026-02-10T23:00:00+05:00,2026-02-10T12:00:00+00:00,2026-02-10T16:02:02+00:00,e12922a36effda96d06edc34726c3afcc423b54fc6dfdf5ac4bce50dfe057651,february-empirical-v1:204ed64bc6d9fa64157d2256888ae687070ec6f9d0d554829fd4d8827c29541c,True,15,0.23328015241382136,7.2585697549611154,2,2026-02-11T14:00:00+05:00,2026-02-11T09:00:00+00:00,6.12766013808492
2026-02-10,2026-02-10T18:00:00+00:00,2026-02-10T23:00:00+05:00,2026-02-10T12:00:00+00:00,2026-02-10T16:02:02+00:00,e12922a36effda96d06edc34726c3afcc423b54fc6dfdf5ac4bce50dfe057651,february-empirical-v1:204ed64bc6d9fa64157d2256888ae687070ec6f9d0d554829fd4d8827c29541c,True,16,0.009735535012855597,5.693873938068009,2,2026-02-11T15:00:00+05:00,2026-02-11T10:00:00+00:00,1.1765451750236304
2026-02-10,2026-02-10T18:00:00+00:00,2026-02-10T23:00:00+05:00,2026-02-10T12:00:00+00:00,2026-02-10T16:02:02+00:00,e12922a36effda96d06edc34726c3afcc423b54fc6dfdf5ac4bce50dfe057651,february-empirical-v1:204ed64bc6d9fa64157d2256888ae687070ec6f9d0d554829fd4d8827c29541c,True,17,0.010062680093403855,5.518062545227622,2,2026-02-11T16:00:00+05:00,2026-02-11T11:00:00+00:00,1.6584458784080707
2026-02-10,2026-02-10T18:00:00+00:00,2026-02-10T23:00:00+05:00,2026-02-10T12:00:00+00:00,2026-02-10T16:02:02+00:00,e12922a36effda96d06edc34726c3afcc423b54fc6dfdf5ac4bce50dfe057651,february-empirical-v1:204ed64bc6d9fa64157d2256888ae687070ec6f9d0d554829fd4d8827c29541c,True,18,0.18680318919829736,4.067423770548942,2,2026-02-11T17:00:00+05:00,2026-02-11T12:00:00+00:00,5.716007575943835
2026-02-10,2026-02-10T18:00:00+00:00,2026-02-10T23:00:00+05:00,2026-02-10T12:00:00+00:00,2026-02-10T16:02:02+00:00,e12922a36effda96d06edc34726c3afcc423b54fc6dfdf5ac4bce50dfe057651,february-empirical-v1:204ed64bc6d9fa64157d2256888ae687070ec6f9d0d554829fd4d8827c29541c,True,19,0.4652484703480377,3.419064955467775,2,2026-02-11T18:00:00+05:00,2026-02-11T13:00:00+00:00,7.7832631097482645
2026-02-10,2026-02-10T18:00:00+00:00,2026-02-10T23:00:00+05:00,2026-02-10T12:00:00+00:00,2026-02-10T16:02:02+00:00,e12922a36effda96d06edc34726c3afcc423b54fc6dfdf5ac4bce50dfe057651,february-empirical-v1:204ed64bc6d9fa64157d2256888ae687070ec6f9d0d554829fd4d8827c29541c,True,20,0.8532902969903077,2.845417650756758,2,2026-02-11T19:00:00+05:00,2026-02-11T14:00:00+00:00,10.491005012957471
2026-02-10,2026-02-10T18:00:00+00:00,2026-02-10T23:00:00+05:00,2026-02-10T12:00:00+00:00,2026-02-10T16:02:02+00:00,e12922a36effda96d06edc34726c3afcc423b54fc6dfdf5ac4bce50dfe057651,february-empirical-v1:204ed64bc6d9fa64157d2256888ae687070ec6f9d0d554829fd4d8827c29541c,True,21,0.8558738871694476,2.119492652630015,2,2026-02-11T20:00:00+05:00,2026-02-11T15:00:00+00:00,10.512430314123906
2026-02-10,2026-02-10T18:00:00+00:00,2026-02-10T23:00:00+05:00,2026-02-10T12:00:00+00:00,2026-02-10T16:02:02+00:00,e12922a36effda96d06edc34726c3afcc423b54fc6dfdf5ac4bce50dfe057651,february-empirical-v1:204ed64bc6d9fa64157d2256888ae687070ec6f9d0d554829fd4d8827c29541c,True,22,0.6354496974900163,1.8255184014677184,2,2026-02-11T21:00:00+05:00,2026-02-11T16:00:00+00:00,8.919582578015905
2026-02-10,2026-02-10T18:00:00+00:00,2026-02-10T23:00:00+05:00,2026-02-10T12:00:00+00:00,2026-02-10T16:02:02+00:00,e12922a36effda96d06edc34726c3afcc423b54fc6dfdf5ac4bce50dfe057651,february-empirical-v1:204ed64bc6d9fa64157d2256888ae687070ec6f9d0d554829fd4d8827c29541c,True,23,0.35474877162236607,1.847714695889806,2,2026-02-11T22:00:00+05:00,2026-02-11T17:00:00+00:00,7.0198895192389585
2026-02-10,2026-02-10T18:00:00+00:00,2026-02-10T23:00:00+05:00,2026-02-10T12:00:00+00:00,2026-02-10T16:02:02+00:00,e12922a36effda96d06edc34726c3afcc423b54fc6dfdf5ac4bce50dfe057651,february-empirical-v1:204ed64bc6d9fa64157d2256888ae687070ec6f9d0d554829fd4d8827c29541c,True,24,0.42470350059609174,1.3130956440553518,2,2026-02-11T23:00:00+05:00,2026-02-11T18:00:00+00:00,7.5007941425390845
2026-02-11,2026-02-11T18:00:00+00:00,2026-02-11T23:00:00+05:00,2026-02-11T12:00:00+00:00,2026-02-11T16:01:35+00:00,780b9694c504597ae10754656d67cfbf50b9eb40cedb01fdb1c8399830d1be88,february-empirical-v1:204ed64bc6d9fa64157d2256888ae687070ec6f9d0d554829fd4d8827c29541c,True,1,0.30672623928451903,-0.10629221229197583,1,2026-02-12T00:00:00+05:00,2026-02-11T19:00:00+00:00,6.6104774955018435
2026-02-11,2026-02-11T18:00:00+00:00,2026-02-11T23:00:00+05:00,2026-02-11T12:00:00+00:00,2026-02-11T16:01:35+00:00,780b9694c504597ae10754656d67cfbf50b9eb40cedb01fdb1c8399830d1be88,february-empirical-v1:204ed64bc6d9fa64157d2256888ae687070ec6f9d0d554829fd4d8827c29541c,True,2,0.3371628361365197,0.2392463371219833,1,2026-02-12T01:00:00+05:00,2026-02-11T20:00:00+00:00,6.827671338230022
2026-02-11,2026-02-11T18:00:00+00:00,2026-02-11T23:00:00+05:00,2026-02-11T12:00:00+00:00,2026-02-11T16:01:35+00:00,780b9694c504597ae10754656d67cfbf50b9eb40cedb01fdb1c8399830d1be88,february-empirical-v1:204ed64bc6d9fa64157d2256888ae687070ec6f9d0d554829fd4d8827c29541c,True,3,0.44783023544029293,0.10452191503401309,1,2026-02-12T02:00:00+05:00,2026-02-11T21:00:00+00:00,7.568519061975843
2026-02-11,2026-02-11T18:00:00+00:00,2026-02-11T23:00:00+05:00,2026-02-11T12:00:00+00:00,2026-02-11T16:01:35+00:00,780b9694c504597ae10754656d67cfbf50b9eb40cedb01fdb1c8399830d1be88,february-empirical-v1:204ed64bc6d9fa64157d2256888ae687070ec6f9d0d554829fd4d8827c29541c,True,4,0.21949837010622703,-0.024630802439958188,1,2026-02-12T03:00:00+05:00,2026-02-11T22:00:00+00:00,5.9379615277342515
2026-02-11,2026-02-11T18:00:00+00:00,2026-02-11T23:00:00+05:00,2026-02-11T12:00:00+00:00,2026-02-11T16:01:35+00:00,780b9694c504597ae10754656d67cfbf50b9eb40cedb01fdb1c8399830d1be88,february-empirical-v1:204ed64bc6d9fa64157d2256888ae687070ec6f9d0d554829fd4d8827c29541c,True,5,0.10795063446045781,-0.031287873715996284,1,2026-02-12T04:00:00+05:00,2026-02-11T23:00:00+00:00,4.666347903397582
2026-02-11,2026-02-11T18:00:00+00:00,2026-02-11T23:00:00+05:00,2026-02-11T12:00:00+00:00,2026-02-11T16:01:35+00:00,780b9694c504597ae10754656d67cfbf50b9eb40cedb01fdb1c8399830d1be88,february-empirical-v1:204ed64bc6d9fa64157d2256888ae687070ec6f9d0d554829fd4d8827c29541c,True,6,0.11510528791361258,-0.08870303902398291,1,2026-02-12T05:00:00+05:00,2026-02-12T00:00:00+00:00,4.778324798286838
2026-02-11,2026-02-11T18:00:00+00:00,2026-02-11T23:00:00+05:00,2026-02-11T12:00:00+00:00,2026-02-11T16:01:35+00:00,780b9694c504597ae10754656d67cfbf50b9eb40cedb01fdb1c8399830d1be88,february-empirical-v1:204ed64bc6d9fa64157d2256888ae687070ec6f9d0d554829fd4d8827c29541c,True,7,0.07995450137997571,-0.1343058942539983,1,2026-02-12T06:00:00+05:00,2026-02-12T01:00:00+00:00,4.190247341237598
2026-02-11,2026-02-11T18:00:00+00:00,2026-02-11T23:00:00+05:00,2026-02-11T12:00:00+00:00,2026-02-11T16:01:35+00:00,780b9694c504597ae10754656d67cfbf50b9eb40cedb01fdb1c8399830d1be88,february-empirical-v1:204ed64bc6d9fa64157d2256888ae687070ec6f9d0d554829fd4d8827c29541c,True,8,0.049028748674124045,-0.11410934575991405,1,2026-02-12T07:00:00+05:00,2026-02-12T02:00:00+00:00,3.4794624490677477
2026-02-11,2026-02-11T18:00:00+00:00,2026-02-11T23:00:00+05:00,2026-02-11T12:00:00+00:00,2026-02-11T16:01:35+00:00,780b9694c504597ae10754656d67cfbf50b9eb40cedb01fdb1c8399830d1be88,february-empirical-v1:204ed64bc6d9fa64157d2256888ae687070ec6f9d0d554829fd4d8827c29541c,True,9,0.035224768536204855,0.14031657911402817,1,2026-02-12T08:00:00+05:00,2026-02-12T03:00:00+00:00,3.0685944242886505
2026-02-11,2026-02-11T18:00:00+00:00,2026-02-11T23:00:00+05:00,2026-02-11T12:00:00+00:00,2026-02-11T16:01:35+00:00,780b9694c504597ae10754656d67cfbf50b9eb40cedb01fdb1c8399830d1be88,february-empirical-v1:204ed64bc6d9fa64157d2256888ae687070ec6f9d0d554829fd4d8827c29541c,True,10,0.012011903508094455,0.5563856729640406,1,2026-02-12T09:00:00+05:00,2026-02-12T04:00:00+00:00,1.8438465180949342
2026-02-11,2026-02-11T18:00:00+00:00,2026-02-11T23:00:00+05:00,2026-02-11T12:00:00+00:00,2026-02-11T16:01:35+00:00,780b9694c504597ae10754656d67cfbf50b9eb40cedb01fdb1c8399830d1be88,february-empirical-v1:204ed64bc6d9fa64157d2256888ae687070ec6f9d0d554829fd4d8827c29541c,True,11,0.009989161940633427,1.161714469978051,1,2026-02-12T10:00:00+05:00,2026-02-12T05:00:00+00:00,0.7263327091609063
2026-02-11,2026-02-11T18:00:00+00:00,2026-02-11T23:00:00+05:00,2026-02-11T12:00:00+00:00,2026-02-11T16:01:35+00:00,780b9694c504597ae10754656d67cfbf50b9eb40cedb01fdb1c8399830d1be88,february-empirical-v1:204ed64bc6d9fa64157d2256888ae687070ec6f9d0d554829fd4d8827c29541c,True,12,0.03875752018636632,2.05723298852007,1,2026-02-12T11:00:00+05:00,2026-02-12T06:00:00+00:00,3.185403096548351
2026-02-11,2026-02-11T18:00:00+00:00,2026-02-11T23:00:00+05:00,2026-02-11T12:00:00+00:00,2026-02-11T16:01:35+00:00,780b9694c504597ae10754656d67cfbf50b9eb40cedb01fdb1c8399830d1be88,february-empirical-v1:204ed64bc6d9fa64157d2256888ae687070ec6f9d0d554829fd4d8827c29541c,True,13,0.032612144995508345,2.418527840174079,1,2026-02-12T12:00:00+05:00,2026-02-12T07:00:00+00:00,2.9822093292907477
2026-02-11,2026-02-11T18:00:00+00:00,2026-02-11T23:00:00+05:00,2026-02-11T12:00:00+00:00,2026-02-11T16:01:35+00:00,780b9694c504597ae10754656d67cfbf50b9eb40cedb01fdb1c8399830d1be88,february-empirical-v1:204ed64bc6d9fa64157d2256888ae687070ec6f9d0d554829fd4d8827c29541c,True,14,0.08313145024800042,2.4334535062200757,1,2026-02-12T13:00:00+05:00,2026-02-12T08:00:00+00:00,4.255144817754553
2026-02-11,2026-02-11T18:00:00+00:00,2026-02-11T23:00:00+05:00,2026-02-11T12:00:00+00:00,2026-02-11T16:01:35+00:00,780b9694c504597ae10754656d67cfbf50b9eb40cedb01fdb1c8399830d1be88,february-empirical-v1:204ed64bc6d9fa64157d2256888ae687070ec6f9d0d554829fd4d8827c29541c,True,15,0.10706974991240906,2.892456006710063,1,2026-02-12T14:00:00+05:00,2026-02-12T09:00:00+00:00,4.6517534493191475
2026-02-11,2026-02-11T18:00:00+00:00,2026-02-11T23:00:00+05:00,2026-02-11T12:00:00+00:00,2026-02-11T16:01:35+00:00,780b9694c504597ae10754656d67cfbf50b9eb40cedb01fdb1c8399830d1be88,february-empirical-v1:204ed64bc6d9fa64157d2256888ae687070ec6f9d0d554829fd4d8827c29541c,True,16,0.13722127040916207,2.664950818984039,1,2026-02-12T15:00:00+05:00,2026-02-12T10:00:00+00:00,5.075828513834564
2026-02-11,2026-02-11T18:00:00+00:00,2026-02-11T23:00:00+05:00,2026-02-11T12:00:00+00:00,2026-02-11T16:01:35+00:00,780b9694c504597ae10754656d67cfbf50b9eb40cedb01fdb1c8399830d1be88,february-empirical-v1:204ed64bc6d9fa64157d2256888ae687070ec6f9d0d554829fd4d8827c29541c,True,17,0.06860420057588626,2.282530454896005,1,2026-02-12T16:00:00+05:00,2026-02-12T11:00:00+00:00,3.953641921427386
2026-02-11,2026-02-11T18:00:00+00:00,2026-02-11T23:00:00+05:00,2026-02-11T12:00:00+00:00,2026-02-11T16:01:35+00:00,780b9694c504597ae10754656d67cfbf50b9eb40cedb01fdb1c8399830d1be88,february-empirical-v1:204ed64bc6d9fa64157d2256888ae687070ec6f9d0d554829fd4d8827c29541c,True,18,0.012197713707797674,1.644008740022059,1,2026-02-12T17:00:00+05:00,2026-02-12T12:00:00+00:00,1.8619455820919402
2026-02-11,2026-02-11T18:00:00+00:00,2026-02-11T23:00:00+05:00,2026-02-11T12:00:00+00:00,2026-02-11T16:01:35+00:00,780b9694c504597ae10754656d67cfbf50b9eb40cedb01fdb1c8399830d1be88,february-empirical-v1:204ed64bc6d9fa64157d2256888ae687070ec6f9d0d554829fd4d8827c29541c,True,19,0.04929008260199305,0.27575849791202245,1,2026-02-12T18:00:00+05:00,2026-02-12T13:00:00+00:00,3.4866720496937185
2026-02-11,2026-02-11T18:00:00+00:00,2026-02-11T23:00:00+05:00,2026-02-11T12:00:00+00:00,2026-02-11T16:01:35+00:00,780b9694c504597ae10754656d67cfbf50b9eb40cedb01fdb1c8399830d1be88,february-empirical-v1:204ed64bc6d9fa64157d2256888ae687070ec6f9d0d554829fd4d8827c29541c,True,20,0.10984301694503976,0.01923643691804955,1,2026-02-12T19:00:00+05:00,2026-02-12T14:00:00+00:00,4.697700808078725
2026-02-11,2026-02-11T18:00:00+00:00,2026-02-11T23:00:00+05:00,2026-02-11T12:00:00+00:00,2026-02-11T16:01:35+00:00,780b9694c504597ae10754656d67cfbf50b9eb40cedb01fdb1c8399830d1be88,february-empirical-v1:204ed64bc6d9fa64157d2256888ae687070ec6f9d0d554829fd4d8827c29541c,True,21,0.03828983180374902,0.09465749592402517,1,2026-02-12T20:00:00+05:00,2026-02-12T15:00:00+00:00,3.1699392133166167
2026-02-11,2026-02-11T18:00:00+00:00,2026-02-11T23:00:00+05:00,2026-02-11T12:00:00+00:00,2026-02-11T16:01:35+00:00,780b9694c504597ae10754656d67cfbf50b9eb40cedb01fdb1c8399830d1be88,february-empirical-v1:204ed64bc6d9fa64157d2256888ae687070ec6f9d0d554829fd4d8827c29541c,True,22,0.04734562642609828,-0.37917972897594154,1,2026-02-12T21:00:00+05:00,2026-02-12T16:00:00+00:00,3.433028986287383
2026-02-11,2026-02-11T18:00:00+00:00,2026-02-11T23:00:00+05:00,2026-02-11T12:00:00+00:00,2026-02-11T16:01:35+00:00,780b9694c504597ae10754656d67cfbf50b9eb40cedb01fdb1c8399830d1be88,february-empirical-v1:204ed64bc6d9fa64157d2256888ae687070ec6f9d0d554829fd4d8827c29541c,True,23,0.04064960706835816,-0.3202243337199775,1,2026-02-12T22:00:00+05:00,2026-02-12T17:00:00+00:00,3.247964006108852
2026-02-11,2026-02-11T18:00:00+00:00,2026-02-11T23:00:00+05:00,2026-02-11T12:00:00+00:00,2026-02-11T16:01:35+00:00,780b9694c504597ae10754656d67cfbf50b9eb40cedb01fdb1c8399830d1be88,february-empirical-v1:204ed64bc6d9fa64157d2256888ae687070ec6f9d0d554829fd4d8827c29541c,True,24,0.013759622323510625,-0.4591192302524405,1,2026-02-12T23:00:00+05:00,2026-02-12T18:00:00+00:00,2.014085152677494
2026-02-11,2026-02-11T18:00:00+00:00,2026-02-11T23:00:00+05:00,2026-02-11T12:00:00+00:00,2026-02-11T16:01:35+00:00,780b9694c504597ae10754656d67cfbf50b9eb40cedb01fdb1c8399830d1be88,february-empirical-v1:204ed64bc6d9fa64157d2256888ae687070ec6f9d0d554829fd4d8827c29541c,True,1,0.2920832722566582,-0.12565057637004884,2,2026-02-12T00:00:00+05:00,2026-02-11T19:00:00+00:00,6.581673532091429
2026-02-11,2026-02-11T18:00:00+00:00,2026-02-11T23:00:00+05:00,2026-02-11T12:00:00+00:00,2026-02-11T16:01:35+00:00,780b9694c504597ae10754656d67cfbf50b9eb40cedb01fdb1c8399830d1be88,february-empirical-v1:204ed64bc6d9fa64157d2256888ae687070ec6f9d0d554829fd4d8827c29541c,True,2,0.32231670623930536,0.21867189977928092,2,2026-02-12T01:00:00+05:00,2026-02-11T20:00:00+00:00,6.800809282514568
2026-02-11,2026-02-11T18:00:00+00:00,2026-02-11T23:00:00+05:00,2026-02-11T12:00:00+00:00,2026-02-11T16:01:35+00:00,780b9694c504597ae10754656d67cfbf50b9eb40cedb01fdb1c8399830d1be88,february-empirical-v1:204ed64bc6d9fa64157d2256888ae687070ec6f9d0d554829fd4d8827c29541c,True,3,0.42772088677462655,0.08366204619818518,2,2026-02-12T02:00:00+05:00,2026-02-11T21:00:00+00:00,7.521879333993255
2026-02-11,2026-02-11T18:00:00+00:00,2026-02-11T23:00:00+05:00,2026-02-11T12:00:00+00:00,2026-02-11T16:01:35+00:00,780b9694c504597ae10754656d67cfbf50b9eb40cedb01fdb1c8399830d1be88,february-empirical-v1:204ed64bc6d9fa64157d2256888ae687070ec6f9d0d554829fd4d8827c29541c,True,4,0.20678519469232912,-0.04299802678559672,2,2026-02-12T03:00:00+05:00,2026-02-11T22:00:00+00:00,5.896980130567281
2026-02-11,2026-02-11T18:00:00+00:00,2026-02-11T23:00:00+05:00,2026-02-11T12:00:00+00:00,2026-02-11T16:01:35+00:00,780b9694c504597ae10754656d67cfbf50b9eb40cedb01fdb1c8399830d1be88,february-empirical-v1:204ed64bc6d9fa64157d2256888ae687070ec6f9d0d554829fd4d8827c29541c,True,5,0.10090852467418882,-0.04842358255183399,2,2026-02-12T04:00:00+05:00,2026-02-11T23:00:00+00:00,4.641162258236534
2026-02-11,2026-02-11T18:00:00+00:00,2026-02-11T23:00:00+05:00,2026-02-11T12:00:00+00:00,2026-02-11T16:01:35+00:00,780b9694c504597ae10754656d67cfbf50b9eb40cedb01fdb1c8399830d1be88,february-empirical-v1:204ed64bc6d9fa64157d2256888ae687070ec6f9d0d554829fd4d8827c29541c,True,6,0.1074144656329701,-0.10610465840574079,2,2026-02-12T05:00:00+05:00,2026-02-12T00:00:00+00:00,4.757926592506918
2026-02-11,2026-02-11T18:00:00+00:00,2026-02-11T23:00:00+05:00,2026-02-11T12:00:00+00:00,2026-02-11T16:01:35+00:00,780b9694c504597ae10754656d67cfbf50b9eb40cedb01fdb1c8399830d1be88,february-empirical-v1:204ed64bc6d9fa64157d2256888ae687070ec6f9d0d554829fd4d8827c29541c,True,7,0.07601331480866157,-0.1521975707109391,2,2026-02-12T06:00:00+05:00,2026-02-12T01:00:00+00:00,4.172081494264818
2026-02-11,2026-02-11T18:00:00+00:00,2026-02-11T23:00:00+05:00,2026-02-11T12:00:00+00:00,2026-02-11T16:01:35+00:00,780b9694c504597ae10754656d67cfbf50b9eb40cedb01fdb1c8399830d1be88,february-empirical-v1:204ed64bc6d9fa64157d2256888ae687070ec6f9d0d554829fd4d8827c29541c,True,8,0.04555102360386475,-0.1321789237823623,2,2026-02-12T07:00:00+05:00,2026-02-12T02:00:00+00:00,3.462738046325454
2026-02-11,2026-02-11T18:00:00+00:00,2026-02-11T23:00:00+05:00,2026-02-11T12:00:00+00:00,2026-02-11T16:01:35+00:00,780b9694c504597ae10754656d67cfbf50b9eb40cedb01fdb1c8399830d1be88,february-empirical-v1:204ed64bc6d9fa64157d2256888ae687070ec6f9d0d554829fd4d8827c29541c,True,9,0.03276679906820322,0.12274352197738381,2,2026-02-12T08:00:00+05:00,2026-02-12T03:00:00+00:00,3.0677903128335267
2026-02-11,2026-02-11T18:00:00+00:00,2026-02-11T23:00:00+05:00,2026-02-11T12:00:00+00:00,2026-02-11T16:01:35+00:00,780b9694c504597ae10754656d67cfbf50b9eb40cedb01fdb1c8399830d1be88,february-empirical-v1:204ed64bc6d9fa64157d2256888ae687070ec6f9d0d554829fd4d8827c29541c,True,10,0.010849052067444425,0.5417383304513805,2,2026-02-12T09:00:00+05:00,2026-02-12T04:00:00+00:00,1.827089339139856
2026-02-11,2026-02-11T18:00:00+00:00,2026-02-11T23:00:00+05:00,2026-02-11T12:00:00+00:00,2026-02-11T16:01:35+00:00,780b9694c504597ae10754656d67cfbf50b9eb40cedb01fdb1c8399830d1be88,february-empirical-v1:204ed64bc6d9fa64157d2256888ae687070ec6f9d0d554829fd4d8827c29541c,True,11,0.00993187413233199,1.1453191688247557,2,2026-02-12T10:00:00+05:00,2026-02-12T05:00:00+00:00,0.7314227981872594
2026-02-11,2026-02-11T18:00:00+00:00,2026-02-11T23:00:00+05:00,2026-02-11T12:00:00+00:00,2026-02-11T16:01:35+00:00,780b9694c504597ae10754656d67cfbf50b9eb40cedb01fdb1c8399830d1be88,february-empirical-v1:204ed64bc6d9fa64157d2256888ae687070ec6f9d0d554829fd4d8827c29541c,True,12,0.035704668419968735,2.0359509314448587,2,2026-02-12T11:00:00+05:00,2026-02-12T06:00:00+00:00,3.17793131990995
2026-02-11,2026-02-11T18:00:00+00:00,2026-02-11T23:00:00+05:00,2026-02-11T12:00:00+00:00,2026-02-11T16:01:35+00:00,780b9694c504597ae10754656d67cfbf50b9eb40cedb01fdb1c8399830d1be88,february-empirical-v1:204ed64bc6d9fa64157d2256888ae687070ec6f9d0d554829fd4d8827c29541c,True,13,0.030318526590149074,2.389838944931796,2,2026-02-12T12:00:00+05:00,2026-02-12T07:00:00+00:00,2.9760043400610052
2026-02-11,2026-02-11T18:00:00+00:00,2026-02-11T23:00:00+05:00,2026-02-11T12:00:00+00:00,2026-02-11T16:01:35+00:00,780b9694c504597ae10754656d67cfbf50b9eb40cedb01fdb1c8399830d1be88,february-empirical-v1:204ed64bc6d9fa64157d2256888ae687070ec6f9d0d554829fd4d8827c29541c,True,14,0.07927844294968119,2.4039044783928603,2,2026-02-12T13:00:00+05:00,2026-02-12T08:00:00+00:00,4.241817372708084
2026-02-11,2026-02-11T18:00:00+00:00,2026-02-11T23:00:00+05:00,2026-02-11T12:00:00+00:00,2026-02-11T16:01:35+00:00,780b9694c504597ae10754656d67cfbf50b9eb40cedb01fdb1c8399830d1be88,february-empirical-v1:204ed64bc6d9fa64157d2256888ae687070ec6f9d0d554829fd4d8827c29541c,True,15,0.10031023593907645,2.8547430008604238,2,2026-02-12T14:00:00+05:00,2026-02-12T09:00:00+00:00,4.630147601449323
2026-02-11,2026-02-11T18:00:00+00:00,2026-02-11T23:00:00+05:00,2026-02-11T12:00:00+00:00,2026-02-11T16:01:35+00:00,780b9694c504597ae10754656d67cfbf50b9eb40cedb01fdb1c8399830d1be88,february-empirical-v1:204ed64bc6d9fa64157d2256888ae687070ec6f9d0d554829fd4d8827c29541c,True,16,0.12876193977703035,2.62666237939618,2,2026-02-12T15:00:00+05:00,2026-02-12T10:00:00+00:00,5.042726608419971
2026-02-11,2026-02-11T18:00:00+00:00,2026-02-11T23:00:00+05:00,2026-02-11T12:00:00+00:00,2026-02-11T16:01:35+00:00,780b9694c504597ae10754656d67cfbf50b9eb40cedb01fdb1c8399830d1be88,february-empirical-v1:204ed64bc6d9fa64157d2256888ae687070ec6f9d0d554829fd4d8827c29541c,True,17,0.06433571362808653,2.240826756935121,2,2026-02-12T16:00:00+05:00,2026-02-12T11:00:00+00:00,3.9226738933174263
2026-02-11,2026-02-11T18:00:00+00:00,2026-02-11T23:00:00+05:00,2026-02-11T12:00:00+00:00,2026-02-11T16:01:35+00:00,780b9694c504597ae10754656d67cfbf50b9eb40cedb01fdb1c8399830d1be88,february-empirical-v1:204ed64bc6d9fa64157d2256888ae687070ec6f9d0d554829fd4d8827c29541c,True,18,0.011135883015433171,1.60351924117532,2,2026-02-12T17:00:00+05:00,2026-02-12T12:00:00+00:00,1.8584282420375442
2026-02-11,2026-02-11T18:00:00+00:00,2026-02-11T23:00:00+05:00,2026-02-11T12:00:00+00:00,2026-02-11T16:01:35+00:00,780b9694c504597ae10754656d67cfbf50b9eb40cedb01fdb1c8399830d1be88,february-empirical-v1:204ed64bc6d9fa64157d2256888ae687070ec6f9d0d554829fd4d8827c29541c,True,19,0.04486901456426178,0.25724362641886955,2,2026-02-12T18:00:00+05:00,2026-02-12T13:00:00+00:00,3.444427978619278
2026-02-11,2026-02-11T18:00:00+00:00,2026-02-11T23:00:00+05:00,2026-02-11T12:00:00+00:00,2026-02-11T16:01:35+00:00,780b9694c504597ae10754656d67cfbf50b9eb40cedb01fdb1c8399830d1be88,february-empirical-v1:204ed64bc6d9fa64157d2256888ae687070ec6f9d0d554829fd4d8827c29541c,True,20,0.10192847355804206,-0.0026947730096367195,2,2026-02-12T19:00:00+05:00,2026-02-12T14:00:00+00:00,4.659939791953649
2026-02-11,2026-02-11T18:00:00+00:00,2026-02-11T23:00:00+05:00,2026-02-11T12:00:00+00:00,2026-02-11T16:01:35+00:00,780b9694c504597ae10754656d67cfbf50b9eb40cedb01fdb1c8399830d1be88,february-empirical-v1:204ed64bc6d9fa64157d2256888ae687070ec6f9d0d554829fd4d8827c29541c,True,21,0.03456243290219401,0.0699003475617701,2,2026-02-12T20:00:00+05:00,2026-02-12T15:00:00+00:00,3.1351087995107485
2026-02-11,2026-02-11T18:00:00+00:00,2026-02-11T23:00:00+05:00,2026-02-11T12:00:00+00:00,2026-02-11T16:01:35+00:00,780b9694c504597ae10754656d67cfbf50b9eb40cedb01fdb1c8399830d1be88,february-empirical-v1:204ed64bc6d9fa64157d2256888ae687070ec6f9d0d554829fd4d8827c29541c,True,22,0.04350426241826018,-0.403192282714258,2,2026-02-12T21:00:00+05:00,2026-02-12T16:00:00+00:00,3.4077881355315895
2026-02-11,2026-02-11T18:00:00+00:00,2026-02-11T23:00:00+05:00,2026-02-11T12:00:00+00:00,2026-02-11T16:01:35+00:00,780b9694c504597ae10754656d67cfbf50b9eb40cedb01fdb1c8399830d1be88,february-empirical-v1:204ed64bc6d9fa64157d2256888ae687070ec6f9d0d554829fd4d8827c29541c,True,23,0.03670999042420929,-0.3481242658927499,2,2026-02-12T22:00:00+05:00,2026-02-12T17:00:00+00:00,3.2156209394012327
2026-02-11,2026-02-11T18:00:00+00:00,2026-02-11T23:00:00+05:00,2026-02-11T12:00:00+00:00,2026-02-11T16:01:35+00:00,780b9694c504597ae10754656d67cfbf50b9eb40cedb01fdb1c8399830d1be88,february-empirical-v1:204ed64bc6d9fa64157d2256888ae687070ec6f9d0d554829fd4d8827c29541c,True,24,0.012404833091553897,-0.48385221459807326,2,2026-02-12T23:00:00+05:00,2026-02-12T18:00:00+00:00,1.9970726369203513
2026-02-12,2026-02-12T18:00:00+00:00,2026-02-12T23:00:00+05:00,2026-02-12T12:00:00+00:00,2026-02-12T16:02:08+00:00,a94ee7b07fdf917fdb71e209ad0af57c6031b3253397f3a02d881198b79458a7,february-empirical-v1:204ed64bc6d9fa64157d2256888ae687070ec6f9d0d554829fd4d8827c29541c,True,1,0.009992629972631109,-0.03389048927994054,1,2026-02-13T00:00:00+05:00,2026-02-12T19:00:00+00:00,0.5739127028627785
2026-02-12,2026-02-12T18:00:00+00:00,2026-02-12T23:00:00+05:00,2026-02-12T12:00:00+00:00,2026-02-12T16:02:08+00:00,a94ee7b07fdf917fdb71e209ad0af57c6031b3253397f3a02d881198b79458a7,february-empirical-v1:204ed64bc6d9fa64157d2256888ae687070ec6f9d0d554829fd4d8827c29541c,True,2,0.01,0.11688724085001923,1,2026-02-13T01:00:00+05:00,2026-02-12T20:00:00+00:00,0.14999738943152835
2026-02-12,2026-02-12T18:00:00+00:00,2026-02-12T23:00:00+05:00,2026-02-12T12:00:00+00:00,2026-02-12T16:02:08+00:00,a94ee7b07fdf917fdb71e209ad0af57c6031b3253397f3a02d881198b79458a7,february-empirical-v1:204ed64bc6d9fa64157d2256888ae687070ec6f9d0d554829fd4d8827c29541c,True,3,0.009959527677271197,0.09285730271602688,1,2026-02-13T02:00:00+05:00,2026-02-12T21:00:00+00:00,1.208349599547991
2026-02-12,2026-02-12T18:00:00+00:00,2026-02-12T23:00:00+05:00,2026-02-12T12:00:00+00:00,2026-02-12T16:02:08+00:00,a94ee7b07fdf917fdb71e209ad0af57c6031b3253397f3a02d881198b79458a7,february-empirical-v1:204ed64bc6d9fa64157d2256888ae687070ec6f9d0d554829fd4d8827c29541c,True,4,0.009957663987004145,0.27535369648802543,1,2026-02-13T03:00:00+05:00,2026-02-12T22:00:00+00:00,1.2377085760124342
2026-02-12,2026-02-12T18:00:00+00:00,2026-02-12T23:00:00+05:00,2026-02-12T12:00:00+00:00,2026-02-12T16:02:08+00:00,a94ee7b07fdf917fdb71e209ad0af57c6031b3253397f3a02d881198b79458a7,february-empirical-v1:204ed64bc6d9fa64157d2256888ae687070ec6f9d0d554829fd4d8827c29541c,True,5,0.011032027783810112,0.35325779651003586,1,2026-02-13T04:00:00+05:00,2026-02-12T23:00:00+00:00,1.7424785191899363
2026-02-12,2026-02-12T18:00:00+00:00,2026-02-12T23:00:00+05:00,2026-02-12T12:00:00+00:00,2026-02-12T16:02:08+00:00,a94ee7b07fdf917fdb71e209ad0af57c6031b3253397f3a02d881198b79458a7,february-empirical-v1:204ed64bc6d9fa64157d2256888ae687070ec6f9d0d554829fd4d8827c29541c,True,6,0.018056679086624117,0.38588980528203365,1,2026-02-13T05:00:00+05:00,2026-02-13T00:00:00+00:00,2.349657742670995
2026-02-12,2026-02-12T18:00:00+00:00,2026-02-12T23:00:00+05:00,2026-02-12T12:00:00+00:00,2026-02-12T16:02:08+00:00,a94ee7b07fdf917fdb71e209ad0af57c6031b3253397f3a02d881198b79458a7,february-empirical-v1:204ed64bc6d9fa64157d2256888ae687070ec6f9d0d554829fd4d8827c29541c,True,7,0.04033019841634715,0.46518358339403676,1,2026-02-13T06:00:00+05:00,2026-02-13T01:00:00+00:00,3.2374029182531685
2026-02-12,2026-02-12T18:00:00+00:00,2026-02-12T23:00:00+05:00,2026-02-12T12:00:00+00:00,2026-02-12T16:02:08+00:00,a94ee7b07fdf917fdb71e209ad0af57c6031b3253397f3a02d881198b79458a7,february-empirical-v1:204ed64bc6d9fa64157d2256888ae687070ec6f9d0d554829fd4d8827c29541c,True,8,0.009961644489153742,0.11175896793002948,1,2026-02-13T07:00:00+05:00,2026-02-13T02:00:00+00:00,1.1750031624612756
2026-02-12,2026-02-12T18:00:00+00:00,2026-02-12T23:00:00+05:00,2026-02-12T12:00:00+00:00,2026-02-12T16:02:08+00:00,a94ee7b07fdf917fdb71e209ad0af57c6031b3253397f3a02d881198b79458a7,february-empirical-v1:204ed64bc6d9fa64157d2256888ae687070ec6f9d0d554829fd4d8827c29541c,True,9,0.01,0.14462151773403775,1,2026-02-13T08:00:00+05:00,2026-02-13T03:00:00+00:00,0.21447459295145216
2026-02-12,2026-02-12T18:00:00+00:00,2026-02-12T23:00:00+05:00,2026-02-12T12:00:00+00:00,2026-02-12T16:02:08+00:00,a94ee7b07fdf917fdb71e209ad0af57c6031b3253397f3a02d881198b79458a7,february-empirical-v1:204ed64bc6d9fa64157d2256888ae687070ec6f9d0d554829fd4d8827c29541c,True,10,0.009969247045787938,0.16442724246007856,1,2026-02-13T09:00:00+05:00,2026-02-13T04:00:00+00:00,1.0552390121413295
2026-02-12,2026-02-12T18:00:00+00:00,2026-02-12T23:00:00+05:00,2026-02-12T12:00:00+00:00,2026-02-12T16:02:08+00:00,a94ee7b07fdf917fdb71e209ad0af57c6031b3253397f3a02d881198b79458a7,february-empirical-v1:204ed64bc6d9fa64157d2256888ae687070ec6f9d0d554829fd4d8827c29541c,True,11,0.01039725091362985,-0.1067733547799321,1,2026-02-13T10:00:00+05:00,2026-02-13T05:00:00+00:00,1.451713785553757
2026-02-12,2026-02-12T18:00:00+00:00,2026-02-12T23:00:00+05:00,2026-02-12T12:00:00+00:00,2026-02-12T16:02:08+00:00,a94ee7b07fdf917fdb71e209ad0af57c6031b3253397f3a02d881198b79458a7,february-empirical-v1:204ed64bc6d9fa64157d2256888ae687070ec6f9d0d554829fd4d8827c29541c,True,12,0.009989565667698925,-0.07988814049593884,1,2026-02-13T11:00:00+05:00,2026-02-13T06:00:00+00:00,0.708588904632222
2026-02-12,2026-02-12T18:00:00+00:00,2026-02-12T23:00:00+05:00,2026-02-12T12:00:00+00:00,2026-02-12T16:02:08+00:00,a94ee7b07fdf917fdb71e209ad0af57c6031b3253397f3a02d881198b79458a7,february-empirical-v1:204ed64bc6d9fa64157d2256888ae687070ec6f9d0d554829fd4d8827c29541c,True,13,0.009991847788889,0.06750828335401593,1,2026-02-13T12:00:00+05:00,2026-02-13T07:00:00+00:00,0.608289678328456
2026-02-12,2026-02-12T18:00:00+00:00,2026-02-12T23:00:00+05:00,2026-02-12T12:00:00+00:00,2026-02-12T16:02:08+00:00,a94ee7b07fdf917fdb71e209ad0af57c6031b3253397f3a02d881198b79458a7,february-empirical-v1:204ed64bc6d9fa64157d2256888ae687070ec6f9d0d554829fd4d8827c29541c,True,14,0.009975564205556632,0.4032427674560495,1,2026-02-13T13:00:00+05:00,2026-02-13T08:00:00+00:00,0.9557239005103334
2026-02-12,2026-02-12T18:00:00+00:00,2026-02-12T23:00:00+05:00,2026-02-12T12:00:00+00:00,2026-02-12T16:02:08+00:00,a94ee7b07fdf917fdb71e209ad0af57c6031b3253397f3a02d881198b79458a7,february-empirical-v1:204ed64bc6d9fa64157d2256888ae687070ec6f9d0d554829fd4d8827c29541c,True,15,0.009992970371252165,0.6028236593400607,1,2026-02-13T14:00:00+05:00,2026-02-13T09:00:00+00:00,0.5589521834673822
2026-02-12,2026-02-12T18:00:00+00:00,2026-02-12T23:00:00+05:00,2026-02-12T12:00:00+00:00,2026-02-12T16:02:08+00:00,a94ee7b07fdf917fdb71e209ad0af57c6031b3253397f3a02d881198b79458a7,february-empirical-v1:204ed64bc6d9fa64157d2256888ae687070ec6f9d0d554829fd4d8827c29541c,True,16,0.01,0.8603970278080055,1,2026-02-13T15:00:00+05:00,2026-02-13T10:00:00+00:00,0.21954552443863598
2026-02-12,2026-02-12T18:00:00+00:00,2026-02-12T23:00:00+05:00,2026-02-12T12:00:00+00:00,2026-02-12T16:02:08+00:00,a94ee7b07fdf917fdb71e209ad0af57c6031b3253397f3a02d881198b79458a7,february-empirical-v1:204ed64bc6d9fa64157d2256888ae687070ec6f9d0d554829fd4d8827c29541c,True,17,0.009986346684409357,1.0168619466840596,1,2026-02-13T16:00:00+05:00,2026-02-13T11:00:00+00:00,0.7858659855648213
2026-02-12,2026-02-12T18:00:00+00:00,2026-02-12T23:00:00+05:00,2026-02-12T12:00:00+00:00,2026-02-12T16:02:08+00:00,a94ee7b07fdf917fdb71e209ad0af57c6031b3253397f3a02d881198b79458a7,february-empirical-v1:204ed64bc6d9fa64157d2256888ae687070ec6f9d0d554829fd4d8827c29541c,True,18,0.011837227844263748,0.8447114242360385,1,2026-02-13T17:00:00+05:00,2026-02-13T12:00:00+00:00,1.8268320268375056
2026-02-12,2026-02-12T18:00:00+00:00,2026-02-12T23:00:00+05:00,2026-02-12T12:00:00+00:00,2026-02-12T16:02:08+00:00,a94ee7b07fdf917fdb71e209ad0af57c6031b3253397f3a02d881198b79458a7,february-empirical-v1:204ed64bc6d9fa64157d2256888ae687070ec6f9d0d554829fd4d8827c29541c,True,19,0.018980549011955384,0.28383126314605533,1,2026-02-13T18:00:00+05:00,2026-02-13T13:00:00+00:00,2.3987598851214615
2026-02-12,2026-02-12T18:00:00+00:00,2026-02-12T23:00:00+05:00,2026-02-12T12:00:00+00:00,2026-02-12T16:02:08+00:00,a94ee7b07fdf917fdb71e209ad0af57c6031b3253397f3a02d881198b79458a7,february-empirical-v1:204ed64bc6d9fa64157d2256888ae687070ec6f9d0d554829fd4d8827c29541c,True,20,0.05093710934557646,0.14830999975202985,1,2026-02-13T19:00:00+05:00,2026-02-13T14:00:00+00:00,3.5321097207162184
2026-02-12,2026-02-12T18:00:00+00:00,2026-02-12T23:00:00+05:00,2026-02-12T12:00:00+00:00,2026-02-12T16:02:08+00:00,a94ee7b07fdf917fdb71e209ad0af57c6031b3253397f3a02d881198b79458a7,february-empirical-v1:204ed64bc6d9fa64157d2256888ae687070ec6f9d0d554829fd4d8827c29541c,True,21,0.09105745967055982,0.5871549222780459,1,2026-02-13T20:00:00+05:00,2026-02-13T15:00:00+00:00,4.386462571935864
2026-02-12,2026-02-12T18:00:00+00:00,2026-02-12T23:00:00+05:00,2026-02-12T12:00:00+00:00,2026-02-12T16:02:08+00:00,a94ee7b07fdf917fdb71e209ad0af57c6031b3253397f3a02d881198b79458a7,february-empirical-v1:204ed64bc6d9fa64157d2256888ae687070ec6f9d0d554829fd4d8827c29541c,True,22,0.1563848301746116,0.42541822929200634,1,2026-02-13T21:00:00+05:00,2026-02-13T16:00:00+00:00,5.316830799362673
2026-02-12,2026-02-12T18:00:00+00:00,2026-02-12T23:00:00+05:00,2026-02-12T12:00:00+00:00,2026-02-12T16:02:08+00:00,a94ee7b07fdf917fdb71e209ad0af57c6031b3253397f3a02d881198b79458a7,february-empirical-v1:204ed64bc6d9fa64157d2256888ae687070ec6f9d0d554829fd4d8827c29541c,True,23,0.2015355288761041,0.3809972634500127,1,2026-02-13T22:00:00+05:00,2026-02-13T17:00:00+00:00,5.790036857981282
2026-02-12,2026-02-12T18:00:00+00:00,2026-02-12T23:00:00+05:00,2026-02-12T12:00:00+00:00,2026-02-12T16:02:08+00:00,a94ee7b07fdf917fdb71e209ad0af57c6031b3253397f3a02d881198b79458a7,february-empirical-v1:204ed64bc6d9fa64157d2256888ae687070ec6f9d0d554829fd4d8827c29541c,True,24,0.2575807178359095,0.4163375008980097,1,2026-02-13T23:00:00+05:00,2026-02-13T18:00:00+00:00,6.251393946370955
2026-02-12,2026-02-12T18:00:00+00:00,2026-02-12T23:00:00+05:00,2026-02-12T12:00:00+00:00,2026-02-12T16:02:08+00:00,a94ee7b07fdf917fdb71e209ad0af57c6031b3253397f3a02d881198b79458a7,february-empirical-v1:204ed64bc6d9fa64157d2256888ae687070ec6f9d0d554829fd4d8827c29541c,True,1,0.009952075061880596,-0.06351097022718477,2,2026-02-13T00:00:00+05:00,2026-02-12T19:00:00+00:00,0.5886695627104389
2026-02-12,2026-02-12T18:00:00+00:00,2026-02-12T23:00:00+05:00,2026-02-12T12:00:00+00:00,2026-02-12T16:02:08+00:00,a94ee7b07fdf917fdb71e209ad0af57c6031b3253397f3a02d881198b79458a7,february-empirical-v1:204ed64bc6d9fa64157d2256888ae687070ec6f9d0d554829fd4d8827c29541c,True,2,0.01,0.08902470235403825,2,2026-02-13T01:00:00+05:00,2026-02-12T20:00:00+00:00,0.17972493181671434
2026-02-12,2026-02-12T18:00:00+00:00,2026-02-12T23:00:00+05:00,2026-02-12T12:00:00+00:00,2026-02-12T16:02:08+00:00,a94ee7b07fdf917fdb71e209ad0af57c6031b3253397f3a02d881198b79458a7,february-empirical-v1:204ed64bc6d9fa64157d2256888ae687070ec6f9d0d554829fd4d8827c29541c,True,3,0.009712054342099695,0.06402290531190147,2,2026-02-13T02:00:00+05:00,2026-02-12T21:00:00+00:00,1.2282490253605614
2026-02-12,2026-02-12T18:00:00+00:00,2026-02-12T23:00:00+05:00,2026-02-12T12:00:00+00:00,2026-02-12T16:02:08+00:00,a94ee7b07fdf917fdb71e209ad0af57c6031b3253397f3a02d881198b79458a7,february-empirical-v1:204ed64bc6d9fa64157d2256888ae687070ec6f9d0d554829fd4d8827c29541c,True,4,0.00970324830522925,0.25073764023716194,2,2026-02-13T03:00:00+05:00,2026-02-12T22:00:00+00:00,1.2476396985293228
2026-02-12,2026-02-12T18:00:00+00:00,2026-02-12T23:00:00+05:00,2026-02-12T12:00:00+00:00,2026-02-12T16:02:08+00:00,a94ee7b07fdf917fdb71e209ad0af57c6031b3253397f3a02d881198b79458a7,february-empirical-v1:204ed64bc6d9fa64157d2256888ae687070ec6f9d0d554829fd4d8827c29541c,True,5,0.010139820693515234,0.328172721412443,2,2026-02-13T04:00:00+05:00,2026-02-12T23:00:00+00:00,1.7458451506769377
2026-02-12,2026-02-12T18:00:00+00:00,2026-02-12T23:00:00+05:00,2026-02-12T12:00:00+00:00,2026-02-12T16:02:08+00:00,a94ee7b07fdf917fdb71e209ad0af57c6031b3253397f3a02d881198b79458a7,february-empirical-v1:204ed64bc6d9fa64157d2256888ae687070ec6f9d0d554829fd4d8827c29541c,True,6,0.016586178038421218,0.3571792313376818,2,2026-02-13T05:00:00+05:00,2026-02-13T00:00:00+00:00,2.3475098389839157
2026-02-12,2026-02-12T18:00:00+00:00,2026-02-12T23:00:00+05:00,2026-02-12T12:00:00+00:00,2026-02-12T16:02:08+00:00,a94ee7b07fdf917fdb71e209ad0af57c6031b3253397f3a02d881198b79458a7,february-empirical-v1:204ed64bc6d9fa64157d2256888ae687070ec6f9d0d554829fd4d8827c29541c,True,7,0.03689014081520747,0.43530396720461795,2,2026-02-13T06:00:00+05:00,2026-02-13T01:00:00+00:00,3.222374795040806
2026-02-12,2026-02-12T18:00:00+00:00,2026-02-12T23:00:00+05:00,2026-02-12T12:00:00+00:00,2026-02-12T16:02:08+00:00,a94ee7b07fdf917fdb71e209ad0af57c6031b3253397f3a02d881198b79458a7,february-empirical-v1:204ed64bc6d9fa64157d2256888ae687070ec6f9d0d554829fd4d8827c29541c,True,8,0.00973848796841933,0.07780861425322882,2,2026-02-13T07:00:00+05:00,2026-02-13T02:00:00+00:00,1.1700428406522614
2026-02-12,2026-02-12T18:00:00+00:00,2026-02-12T23:00:00+05:00,2026-02-12T12:00:00+00:00,2026-02-12T16:02:08+00:00,a94ee7b07fdf917fdb71e209ad0af57c6031b3253397f3a02d881198b79458a7,february-empirical-v1:204ed64bc6d9fa64157d2256888ae687070ec6f9d0d554829fd4d8827c29541c,True,9,0.01,0.12206907814618262,2,2026-02-13T08:00:00+05:00,2026-02-13T03:00:00+00:00,0.1943522489993573
2026-02-12,2026-02-12T18:00:00+00:00,2026-02-12T23:00:00+05:00,2026-02-12T12:00:00+00:00,2026-02-12T16:02:08+00:00,a94ee7b07fdf917fdb71e209ad0af57c6031b3253397f3a02d881198b79458a7,february-empirical-v1:204ed64bc6d9fa64157d2256888ae687070ec6f9d0d554829fd4d8827c29541c,True,10,0.009808408555909592,0.15269142349040976,2,2026-02-13T09:00:00+05:00,2026-02-13T04:00:00+00:00,1.0160794539735296
2026-02-12,2026-02-12T18:00:00+00:00,2026-02-12T23:00:00+05:00,2026-02-12T12:00:00+00:00,2026-02-12T16:02:08+00:00,a94ee7b07fdf917fdb71e209ad0af57c6031b3253397f3a02d881198b79458a7,february-empirical-v1:204ed64bc6d9fa64157d2256888ae687070ec6f9d0d554829fd4d8827c29541c,True,11,0.009846382664880195,-0.10638016884718127,2,2026-02-13T10:00:00+05:00,2026-02-13T05:00:00+00:00,1.4133837733777723
2026-02-12,2026-02-12T18:00:00+00:00,2026-02-12T23:00:00+05:00,2026-02-12T12:00:00+00:00,2026-02-12T16:02:08+00:00,a94ee7b07fdf917fdb71e209ad0af57c6031b3253397f3a02d881198b79458a7,february-empirical-v1:204ed64bc6d9fa64157d2256888ae687070ec6f9d0d554829fd4d8827c29541c,True,12,0.009938298767109574,-0.0789291302789934,2,2026-02-13T11:00:00+05:00,2026-02-13T06:00:00+00:00,0.6860220457589987
2026-02-12,2026-02-12T18:00:00+00:00,2026-02-12T23:00:00+05:00,2026-02-12T12:00:00+00:00,2026-02-12T16:02:08+00:00,a94ee7b07fdf917fdb71e209ad0af57c6031b3253397f3a02d881198b79458a7,february-empirical-v1:204ed64bc6d9fa64157d2256888ae687070ec6f9d0d554829fd4d8827c29541c,True,13,0.009950681107850419,0.0654730081949424,2,2026-02-13T12:00:00+05:00,2026-02-13T07:00:00+00:00,0.5985201711903565
2026-02-12,2026-02-12T18:00:00+00:00,2026-02-12T23:00:00+05:00,2026-02-12T12:00:00+00:00,2026-02-12T16:02:08+00:00,a94ee7b07fdf917fdb71e209ad0af57c6031b3253397f3a02d881198b79458a7,february-empirical-v1:204ed64bc6d9fa64157d2256888ae687070ec6f9d0d554829fd4d8827c29541c,True,14,0.00984182340657099,0.39641216514945654,2,2026-02-13T13:00:00+05:00,2026-02-13T08:00:00+00:00,0.9425007876914512
2026-02-12,2026-02-12T18:00:00+00:00,2026-02-12T23:00:00+05:00,2026-02-12T12:00:00+00:00,2026-02-12T16:02:08+00:00,a94ee7b07fdf917fdb71e209ad0af57c6031b3253397f3a02d881198b79458a7,february-empirical-v1:204ed64bc6d9fa64157d2256888ae687070ec6f9d0d554829fd4d8827c29541c,True,15,0.009956546124099486,0.5929908359415776,2,2026-02-13T14:00:00+05:00,2026-02-13T09:00:00+00:00,0.5570740563636146
2026-02-12,2026-02-12T18:00:00+00:00,2026-02-12T23:00:00+05:00,2026-02-12T12:00:00+00:00,2026-02-12T16:02:08+00:00,a94ee7b07fdf917fdb71e209ad0af57c6031b3253397f3a02d881198b79458a7,february-empirical-v1:204ed64bc6d9fa64157d2256888ae687070ec6f9d0d554829fd4d8827c29541c,True,16,0.01,0.8466840583539579,2,2026-02-13T15:00:00+05:00,2026-02-13T10:00:00+00:00,0.22176110990526388
2026-02-12,2026-02-12T18:00:00+00:00,2026-02-12T23:00:00+05:00,2026-02-12T12:00:00+00:00,2026-02-12T16:02:08+00:00,a94ee7b07fdf917fdb71e209ad0af57c6031b3253397f3a02d881198b79458a7,february-empirical-v1:204ed64bc6d9fa64157d2256888ae687070ec6f9d0d554829fd4d8827c29541c,True,17,0.00991739205421223,1.0010127763441687,2,2026-02-13T16:00:00+05:00,2026-02-13T11:00:00+00:00,0.7761005136777693
2026-02-12,2026-02-12T18:00:00+00:00,2026-02-12T23:00:00+05:00,2026-02-12T12:00:00+00:00,2026-02-12T16:02:08+00:00,a94ee7b07fdf917fdb71e209ad0af57c6031b3253397f3a02d881198b79458a7,february-empirical-v1:204ed64bc6d9fa64157d2256888ae687070ec6f9d0d554829fd4d8827c29541c,True,18,0.010724652529711859,0.8251883428766291,2,2026-02-13T17:00:00+05:00,2026-02-13T12:00:00+00:00,1.813497552546203
2026-02-12,2026-02-12T18:00:00+00:00,2026-02-12T23:00:00+05:00,2026-02-12T12:00:00+00:00,2026-02-12T16:02:08+00:00,a94ee7b07fdf917fdb71e209ad0af57c6031b3253397f3a02d881198b79458a7,february-empirical-v1:204ed64bc6d9fa64157d2256888ae687070ec6f9d0d554829fd4d8827c29541c,True,19,0.017108528502905444,0.2576877920650418,2,2026-02-13T18:00:00+05:00,2026-02-13T13:00:00+00:00,2.374799769813047
2026-02-12,2026-02-12T18:00:00+00:00,2026-02-12T23:00:00+05:00,2026-02-12T12:00:00+00:00,2026-02-12T16:02:08+00:00,a94ee7b07fdf917fdb71e209ad0af57c6031b3253397f3a02d881198b79458a7,february-empirical-v1:204ed64bc6d9fa64157d2256888ae687070ec6f9d0d554829fd4d8827c29541c,True,20,0.04666521267350168,0.11759110486053714,2,2026-02-13T19:00:00+05:00,2026-02-13T14:00:00+00:00,3.4926509596710154
2026-02-12,2026-02-12T18:00:00+00:00,2026-02-12T23:00:00+05:00,2026-02-12T12:00:00+00:00,2026-02-12T16:02:08+00:00,a94ee7b07fdf917fdb71e209ad0af57c6031b3253397f3a02d881198b79458a7,february-empirical-v1:204ed64bc6d9fa64157d2256888ae687070ec6f9d0d554829fd4d8827c29541c,True,21,0.08476989189435985,0.5597795518767157,2,2026-02-13T20:00:00+05:00,2026-02-13T15:00:00+00:00,4.344045681152289
2026-02-12,2026-02-12T18:00:00+00:00,2026-02-12T23:00:00+05:00,2026-02-12T12:00:00+00:00,2026-02-12T16:02:08+00:00,a94ee7b07fdf917fdb71e209ad0af57c6031b3253397f3a02d881198b79458a7,february-empirical-v1:204ed64bc6d9fa64157d2256888ae687070ec6f9d0d554829fd4d8827c29541c,True,22,0.14574445042822384,0.3918347402500899,2,2026-02-13T21:00:00+05:00,2026-02-13T16:00:00+00:00,5.265854760526956
2026-02-12,2026-02-12T18:00:00+00:00,2026-02-12T23:00:00+05:00,2026-02-12T12:00:00+00:00,2026-02-12T16:02:08+00:00,a94ee7b07fdf917fdb71e209ad0af57c6031b3253397f3a02d881198b79458a7,february-empirical-v1:204ed64bc6d9fa64157d2256888ae687070ec6f9d0d554829fd4d8827c29541c,True,23,0.18797295781791418,0.3480111595779931,2,2026-02-13T22:00:00+05:00,2026-02-13T17:00:00+00:00,5.728832486140313
2026-02-12,2026-02-12T18:00:00+00:00,2026-02-12T23:00:00+05:00,2026-02-12T12:00:00+00:00,2026-02-12T16:02:08+00:00,a94ee7b07fdf917fdb71e209ad0af57c6031b3253397f3a02d881198b79458a7,february-empirical-v1:204ed64bc6d9fa64157d2256888ae687070ec6f9d0d554829fd4d8827c29541c,True,24,0.23967252380479317,0.38244578804551566,2,2026-02-13T23:00:00+05:00,2026-02-13T18:00:00+00:00,6.183315719649738
2026-02-13,2026-02-13T18:00:00+00:00,2026-02-13T23:00:00+05:00,2026-02-13T12:00:00+00:00,2026-02-13T16:00:11+00:00,c49f0ced843891681f52acf9347aaf9874957cc555419f0ccc49e2fcf191a038,february-empirical-v1:204ed64bc6d9fa64157d2256888ae687070ec6f9d0d554829fd4d8827c29541c,True,1,0.42727384397030344,1.073061802816028,1,2026-02-14T00:00:00+05:00,2026-02-13T19:00:00+00:00,7.4348997915585135
2026-02-13,2026-02-13T18:00:00+00:00,2026-02-13T23:00:00+05:00,2026-02-13T12:00:00+00:00,2026-02-13T16:00:11+00:00,c49f0ced843891681f52acf9347aaf9874957cc555419f0ccc49e2fcf191a038,february-empirical-v1:204ed64bc6d9fa64157d2256888ae687070ec6f9d0d554829fd4d8827c29541c,True,2,0.4637654543767885,0.4757946415020342,1,2026-02-14T01:00:00+05:00,2026-02-13T20:00:00+00:00,7.672100098138901
2026-02-13,2026-02-13T18:00:00+00:00,2026-02-13T23:00:00+05:00,2026-02-13T12:00:00+00:00,2026-02-13T16:00:11+00:00,c49f0ced843891681f52acf9347aaf9874957cc555419f0ccc49e2fcf191a038,february-empirical-v1:204ed64bc6d9fa64157d2256888ae687070ec6f9d0d554829fd4d8827c29541c,True,3,0.48439327109932057,0.1358922891280372,1,2026-02-14T02:00:00+05:00,2026-02-13T21:00:00+00:00,7.810511262447487
2026-02-13,2026-02-13T18:00:00+00:00,2026-02-13T23:00:00+05:00,2026-02-13T12:00:00+00:00,2026-02-13T16:00:11+00:00,c49f0ced843891681f52acf9347aaf9874957cc555419f0ccc49e2fcf191a038,february-empirical-v1:204ed64bc6d9fa64157d2256888ae687070ec6f9d0d554829fd4d8827c29541c,True,4,0.33410412564852593,0.09168434341205511,1,2026-02-14T03:00:00+05:00,2026-02-13T22:00:00+00:00,6.806723128748577
2026-02-13,2026-02-13T18:00:00+00:00,2026-02-13T23:00:00+05:00,2026-02-13T12:00:00+00:00,2026-02-13T16:00:11+00:00,c49f0ced843891681f52acf9347aaf9874957cc555419f0ccc49e2fcf191a038,february-empirical-v1:204ed64bc6d9fa64157d2256888ae687070ec6f9d0d554829fd4d8827c29541c,True,5,0.23999754499623505,0.07584717764808602,1,2026-02-14T04:00:00+05:00,2026-02-13T23:00:00+00:00,6.1067730000935185
2026-02-13,2026-02-13T18:00:00+00:00,2026-02-13T23:00:00+05:00,2026-02-13T12:00:00+00:00,2026-02-13T16:00:11+00:00,c49f0ced843891681f52acf9347aaf9874957cc555419f0ccc49e2fcf191a038,february-empirical-v1:204ed64bc6d9fa64157d2256888ae687070ec6f9d0d554829fd4d8827c29541c,True,6,0.1378611307432722,-0.015675520949912425,1,2026-02-14T05:00:00+05:00,2026-02-14T00:00:00+00:00,5.084435901133214
2026-02-13,2026-02-13T18:00:00+00:00,2026-02-13T23:00:00+05:00,2026-02-13T12:00:00+00:00,2026-02-13T16:00:11+00:00,c49f0ced843891681f52acf9347aaf9874957cc555419f0ccc49e2fcf191a038,february-empirical-v1:204ed64bc6d9fa64157d2256888ae687070ec6f9d0d554829fd4d8827c29541c,True,7,0.13679193309964818,-0.13846643979996998,1,2026-02-14T06:00:00+05:00,2026-02-14T01:00:00+00:00,5.070053077684289
2026-02-13,2026-02-13T18:00:00+00:00,2026-02-13T23:00:00+05:00,2026-02-13T12:00:00+00:00,2026-02-13T16:00:11+00:00,c49f0ced843891681f52acf9347aaf9874957cc555419f0ccc49e2fcf191a038,february-empirical-v1:204ed64bc6d9fa64157d2256888ae687070ec6f9d0d554829fd4d8827c29541c,True,8,0.10680794182530984,-0.1475957006419435,1,2026-02-14T07:00:00+05:00,2026-02-14T02:00:00+00:00,4.64741582515149
2026-02-13,2026-02-13T18:00:00+00:00,2026-02-13T23:00:00+05:00,2026-02-13T12:00:00+00:00,2026-02-13T16:00:11+00:00,c49f0ced843891681f52acf9347aaf9874957cc555419f0ccc49e2fcf191a038,february-empirical-v1:204ed64bc6d9fa64157d2256888ae687070ec6f9d0d554829fd4d8827c29541c,True,9,0.08547876585999224,0.8924067325300484,1,2026-02-14T08:00:00+05:00,2026-02-14T03:00:00+00:00,4.2940350332574715
2026-02-13,2026-02-13T18:00:00+00:00,2026-02-13T23:00:00+05:00,2026-02-13T12:00:00+00:00,2026-02-13T16:00:11+00:00,c49f0ced843891681f52acf9347aaf9874957cc555419f0ccc49e2fcf191a038,february-empirical-v1:204ed64bc6d9fa64157d2256888ae687070ec6f9d0d554829fd4d8827c29541c,True,10,0.10975099110236658,2.017727709422047,1,2026-02-14T09:00:00+05:00,2026-02-14T04:00:00+00:00,4.69617612821245
2026-02-13,2026-02-13T18:00:00+00:00,2026-02-13T23:00:00+05:00,2026-02-13T12:00:00+00:00,2026-02-13T16:00:11+00:00,c49f0ced843891681f52acf9347aaf9874957cc555419f0ccc49e2fcf191a038,february-empirical-v1:204ed64bc6d9fa64157d2256888ae687070ec6f9d0d554829fd4d8827c29541c,True,11,0.1670968187073726,2.708352587356046,1,2026-02-14T10:00:00+05:00,2026-02-14T05:00:00+00:00,5.432001484232502
2026-02-13,2026-02-13T18:00:00+00:00,2026-02-13T23:00:00+05:00,2026-02-13T12:00:00+00:00,2026-02-13T16:00:11+00:00,c49f0ced843891681f52acf9347aaf9874957cc555419f0ccc49e2fcf191a038,february-empirical-v1:204ed64bc6d9fa64157d2256888ae687070ec6f9d0d554829fd4d8827c29541c,True,12,0.14144544342124715,3.443626418246083,1,2026-02-14T11:00:00+05:00,2026-02-14T06:00:00+00:00,5.13265199732505
2026-02-13,2026-02-13T18:00:00+00:00,2026-02-13T23:00:00+05:00,2026-02-13T12:00:00+00:00,2026-02-13T16:00:11+00:00,c49f0ced843891681f52acf9347aaf9874957cc555419f0ccc49e2fcf191a038,february-empirical-v1:204ed64bc6d9fa64157d2256888ae687070ec6f9d0d554829fd4d8827c29541c,True,13,0.1159641529398837,3.962782193194016,1,2026-02-14T12:00:00+05:00,2026-02-14T07:00:00+00:00,4.7898782319414845
2026-02-13,2026-02-13T18:00:00+00:00,2026-02-13T23:00:00+05:00,2026-02-13T12:00:00+00:00,2026-02-13T16:00:11+00:00,c49f0ced843891681f52acf9347aaf9874957cc555419f0ccc49e2fcf191a038,february-empirical-v1:204ed64bc6d9fa64157d2256888ae687070ec6f9d0d554829fd4d8827c29541c,True,14,0.07505017738586194,4.228558074448017,1,2026-02-14T13:00:00+05:00,2026-02-14T08:00:00+00:00,4.088013078239519
2026-02-13,2026-02-13T18:00:00+00:00,2026-02-13T23:00:00+05:00,2026-02-13T12:00:00+00:00,2026-02-13T16:00:11+00:00,c49f0ced843891681f52acf9347aaf9874957cc555419f0ccc49e2fcf191a038,february-empirical-v1:204ed64bc6d9fa64157d2256888ae687070ec6f9d0d554829fd4d8827c29541c,True,15,0.02357587267302942,4.431904374960027,1,2026-02-14T14:00:00+05:00,2026-02-14T09:00:00+00:00,2.642993657458135
2026-02-13,2026-02-13T18:00:00+00:00,2026-02-13T23:00:00+05:00,2026-02-13T12:00:00+00:00,2026-02-13T16:00:11+00:00,c49f0ced843891681f52acf9347aaf9874957cc555419f0ccc49e2fcf191a038,february-empirical-v1:204ed64bc6d9fa64157d2256888ae687070ec6f9d0d554829fd4d8827c29541c,True,16,0.010754029322654193,4.4059386432460315,1,2026-02-14T15:00:00+05:00,2026-02-14T10:00:00+00:00,1.615139051880243
2026-02-13,2026-02-13T18:00:00+00:00,2026-02-13T23:00:00+05:00,2026-02-13T12:00:00+00:00,2026-02-13T16:00:11+00:00,c49f0ced843891681f52acf9347aaf9874957cc555419f0ccc49e2fcf191a038,february-empirical-v1:204ed64bc6d9fa64157d2256888ae687070ec6f9d0d554829fd4d8827c29541c,True,17,0.03729344700549885,4.0901407691920895,1,2026-02-14T16:00:00+05:00,2026-02-14T11:00:00+00:00,3.1369942466535816
2026-02-13,2026-02-13T18:00:00+00:00,2026-02-13T23:00:00+05:00,2026-02-13T12:00:00+00:00,2026-02-13T16:00:11+00:00,c49f0ced843891681f52acf9347aaf9874957cc555419f0ccc49e2fcf191a038,february-empirical-v1:204ed64bc6d9fa64157d2256888ae687070ec6f9d0d554829fd4d8827c29541c,True,18,0.025009911561747204,2.9940279186060366,1,2026-02-14T17:00:00+05:00,2026-02-14T12:00:00+00:00,2.719210427657772
2026-02-13,2026-02-13T18:00:00+00:00,2026-02-13T23:00:00+05:00,2026-02-13T12:00:00+00:00,2026-02-13T16:00:11+00:00,c49f0ced843891681f52acf9347aaf9874957cc555419f0ccc49e2fcf191a038,february-empirical-v1:204ed64bc6d9fa64157d2256888ae687070ec6f9d0d554829fd4d8827c29541c,True,19,0.012692083451565592,1.801133583940043,1,2026-02-14T18:00:00+05:00,2026-02-14T13:00:00+00:00,1.910100256296749
2026-02-13,2026-02-13T18:00:00+00:00,2026-02-13T23:00:00+05:00,2026-02-13T12:00:00+00:00,2026-02-13T16:00:11+00:00,c49f0ced843891681f52acf9347aaf9874957cc555419f0ccc49e2fcf191a038,february-empirical-v1:204ed64bc6d9fa64157d2256888ae687070ec6f9d0d554829fd4d8827c29541c,True,20,0.00999615321721628,1.097764730850031,1,2026-02-14T19:00:00+05:00,2026-02-14T14:00:00+00:00,0.4190661033444951
2026-02-13,2026-02-13T18:00:00+00:00,2026-02-13T23:00:00+05:00,2026-02-13T12:00:00+00:00,2026-02-13T16:00:11+00:00,c49f0ced843891681f52acf9347aaf9874957cc555419f0ccc49e2fcf191a038,february-empirical-v1:204ed64bc6d9fa64157d2256888ae687070ec6f9d0d554829fd4d8827c29541c,True,21,0.00998870711901506,0.9677008088180514,1,2026-02-14T20:00:00+05:00,2026-02-14T15:00:00+00:00,0.7463221192881233
2026-02-13,2026-02-13T18:00:00+00:00,2026-02-13T23:00:00+05:00,2026-02-13T12:00:00+00:00,2026-02-13T16:00:11+00:00,c49f0ced843891681f52acf9347aaf9874957cc555419f0ccc49e2fcf191a038,february-empirical-v1:204ed64bc6d9fa64157d2256888ae687070ec6f9d0d554829fd4d8827c29541c,True,22,0.010526752666958685,1.0271965564480183,1,2026-02-14T21:00:00+05:00,2026-02-14T16:00:00+00:00,1.5110331221284865
2026-02-13,2026-02-13T18:00:00+00:00,2026-02-13T23:00:00+05:00,2026-02-13T12:00:00+00:00,2026-02-13T16:00:11+00:00,c49f0ced843891681f52acf9347aaf9874957cc555419f0ccc49e2fcf191a038,february-empirical-v1:204ed64bc6d9fa64157d2256888ae687070ec6f9d0d554829fd4d8827c29541c,True,23,0.010295525751399116,1.1052461873080688,1,2026-02-14T22:00:00+05:00,2026-02-14T17:00:00+00:00,1.4051177435591626
2026-02-13,2026-02-13T18:00:00+00:00,2026-02-13T23:00:00+05:00,2026-02-13T12:00:00+00:00,2026-02-13T16:00:11+00:00,c49f0ced843891681f52acf9347aaf9874957cc555419f0ccc49e2fcf191a038,february-empirical-v1:204ed64bc6d9fa64157d2256888ae687070ec6f9d0d554829fd4d8827c29541c,True,24,0.01272921359029306,1.0371739089620178,1,2026-02-14T23:00:00+05:00,2026-02-14T18:00:00+00:00,1.913716961720453
2026-02-13,2026-02-13T18:00:00+00:00,2026-02-13T23:00:00+05:00,2026-02-13T12:00:00+00:00,2026-02-13T16:00:11+00:00,c49f0ced843891681f52acf9347aaf9874957cc555419f0ccc49e2fcf191a038,february-empirical-v1:204ed64bc6d9fa64157d2256888ae687070ec6f9d0d554829fd4d8827c29541c,True,1,0.4027859210486075,1.047231200035867,2,2026-02-14T00:00:00+05:00,2026-02-13T19:00:00+00:00,7.347636298754198
2026-02-13,2026-02-13T18:00:00+00:00,2026-02-13T23:00:00+05:00,2026-02-13T12:00:00+00:00,2026-02-13T16:00:11+00:00,c49f0ced843891681f52acf9347aaf9874957cc555419f0ccc49e2fcf191a038,february-empirical-v1:204ed64bc6d9fa64157d2256888ae687070ec6f9d0d554829fd4d8827c29541c,True,2,0.4344828201669563,0.4465295997304679,2,2026-02-14T01:00:00+05:00,2026-02-13T20:00:00+00:00,7.569131045157005
2026-02-13,2026-02-13T18:00:00+00:00,2026-02-13T23:00:00+05:00,2026-02-13T12:00:00+00:00,2026-02-13T16:00:11+00:00,c49f0ced843891681f52acf9347aaf9874957cc555419f0ccc49e2fcf191a038,february-empirical-v1:204ed64bc6d9fa64157d2256888ae687070ec6f9d0d554829fd4d8827c29541c,True,3,0.45548329425583495,0.11147600647075251,2,2026-02-14T02:00:00+05:00,2026-02-13T21:00:00+00:00,7.715880248140152
2026-02-13,2026-02-13T18:00:00+00:00,2026-02-13T23:00:00+05:00,2026-02-13T12:00:00+00:00,2026-02-13T16:00:11+00:00,c49f0ced843891681f52acf9347aaf9874957cc555419f0ccc49e2fcf191a038,february-empirical-v1:204ed64bc6d9fa64157d2256888ae687070ec6f9d0d554829fd4d8827c29541c,True,4,0.31154268790510686,0.06567484503887044,2,2026-02-14T03:00:00+05:00,2026-02-13T22:00:00+00:00,6.725895495021827
2026-02-13,2026-02-13T18:00:00+00:00,2026-02-13T23:00:00+05:00,2026-02-13T12:00:00+00:00,2026-02-13T16:00:11+00:00,c49f0ced843891681f52acf9347aaf9874957cc555419f0ccc49e2fcf191a038,february-empirical-v1:204ed64bc6d9fa64157d2256888ae687070ec6f9d0d554829fd4d8827c29541c,True,5,0.2220715590346962,0.052640997915545995,2,2026-02-14T04:00:00+05:00,2026-02-13T23:00:00+00:00,6.030071818369982
2026-02-13,2026-02-13T18:00:00+00:00,2026-02-13T23:00:00+05:00,2026-02-13T12:00:00+00:00,2026-02-13T16:00:11+00:00,c49f0ced843891681f52acf9347aaf9874957cc555419f0ccc49e2fcf191a038,february-empirical-v1:204ed64bc6d9fa64157d2256888ae687070ec6f9d0d554829fd4d8827c29541c,True,6,0.12699209795734992,-0.037681417077976676,2,2026-02-14T05:00:00+05:00,2026-02-14T00:00:00+00:00,5.0191148698598465
2026-02-13,2026-02-13T18:00:00+00:00,2026-02-13T23:00:00+05:00,2026-02-13T12:00:00+00:00,2026-02-13T16:00:11+00:00,c49f0ced843891681f52acf9347aaf9874957cc555419f0ccc49e2fcf191a038,february-empirical-v1:204ed64bc6d9fa64157d2256888ae687070ec6f9d0d554829fd4d8827c29541c,True,7,0.12618077295139749,-0.16340061055200295,2,2026-02-14T06:00:00+05:00,2026-02-14T01:00:00+00:00,5.008290855128801
2026-02-13,2026-02-13T18:00:00+00:00,2026-02-13T23:00:00+05:00,2026-02-13T12:00:00+00:00,2026-02-13T16:00:11+00:00,c49f0ced843891681f52acf9347aaf9874957cc555419f0ccc49e2fcf191a038,february-empirical-v1:204ed64bc6d9fa64157d2256888ae687070ec6f9d0d554829fd4d8827c29541c,True,8,0.0984199090805071,-0.17433888622406357,2,2026-02-14T07:00:00+05:00,2026-02-14T02:00:00+00:00,4.595346174745413
2026-02-13,2026-02-13T18:00:00+00:00,2026-02-13T23:00:00+05:00,2026-02-13T12:00:00+00:00,2026-02-13T16:00:11+00:00,c49f0ced843891681f52acf9347aaf9874957cc555419f0ccc49e2fcf191a038,february-empirical-v1:204ed64bc6d9fa64157d2256888ae687070ec6f9d0d554829fd4d8827c29541c,True,9,0.07920733700456255,0.8655727203572496,2,2026-02-14T08:00:00+05:00,2026-02-14T03:00:00+00:00,4.240298707794725
2026-02-13,2026-02-13T18:00:00+00:00,2026-02-13T23:00:00+05:00,2026-02-13T12:00:00+00:00,2026-02-13T16:00:11+00:00,c49f0ced843891681f52acf9347aaf9874957cc555419f0ccc49e2fcf191a038,february-empirical-v1:204ed64bc6d9fa64157d2256888ae687070ec6f9d0d554829fd4d8827c29541c,True,10,0.10069402699811572,1.9919143228312919,2,2026-02-14T09:00:00+05:00,2026-02-14T04:00:00+00:00,4.637213298236216
2026-02-13,2026-02-13T18:00:00+00:00,2026-02-13T23:00:00+05:00,2026-02-13T12:00:00+00:00,2026-02-13T16:00:11+00:00,c49f0ced843891681f52acf9347aaf9874957cc555419f0ccc49e2fcf191a038,february-empirical-v1:204ed64bc6d9fa64157d2256888ae687070ec6f9d0d554829fd4d8827c29541c,True,11,0.15548427200278056,2.6861597904254495,2,2026-02-14T10:00:00+05:00,2026-02-14T05:00:00+00:00,5.372638559415597
2026-02-13,2026-02-13T18:00:00+00:00,2026-02-13T23:00:00+05:00,2026-02-13T12:00:00+00:00,2026-02-13T16:00:11+00:00,c49f0ced843891681f52acf9347aaf9874957cc555419f0ccc49e2fcf191a038,february-empirical-v1:204ed64bc6d9fa64157d2256888ae687070ec6f9d0d554829fd4d8827c29541c,True,12,0.13141046378942178,3.417793301789061,2,2026-02-14T11:00:00+05:00,2026-02-14T06:00:00+00:00,5.0780609845520095
2026-02-13,2026-02-13T18:00:00+00:00,2026-02-13T23:00:00+05:00,2026-02-13T12:00:00+00:00,2026-02-13T16:00:11+00:00,c49f0ced843891681f52acf9347aaf9874957cc555419f0ccc49e2fcf191a038,february-empirical-v1:204ed64bc6d9fa64157d2256888ae687070ec6f9d0d554829fd4d8827c29541c,True,13,0.10664118605980114,3.9296812277565323,2,2026-02-14T12:00:00+05:00,2026-02-14T07:00:00+00:00,4.746702098674877
2026-02-13,2026-02-13T18:00:00+00:00,2026-02-13T23:00:00+05:00,2026-02-13T12:00:00+00:00,2026-02-13T16:00:11+00:00,c49f0ced843891681f52acf9347aaf9874957cc555419f0ccc49e2fcf191a038,february-empirical-v1:204ed64bc6d9fa64157d2256888ae687070ec6f9d0d554829fd4d8827c29541c,True,14,0.07024689508045034,4.1963851723475045,2,2026-02-14T13:00:00+05:00,2026-02-14T08:00:00+00:00,4.048923588096451
2026-02-13,2026-02-13T18:00:00+00:00,2026-02-13T23:00:00+05:00,2026-02-13T12:00:00+00:00,2026-02-13T16:00:11+00:00,c49f0ced843891681f52acf9347aaf9874957cc555419f0ccc49e2fcf191a038,february-empirical-v1:204ed64bc6d9fa64157d2256888ae687070ec6f9d0d554829fd4d8827c29541c,True,15,0.021710156675953638,4.397659755990389,2,2026-02-14T14:00:00+05:00,2026-02-14T09:00:00+00:00,2.615209462313013
2026-02-13,2026-02-13T18:00:00+00:00,2026-02-13T23:00:00+05:00,2026-02-13T12:00:00+00:00,2026-02-13T16:00:11+00:00,c49f0ced843891681f52acf9347aaf9874957cc555419f0ccc49e2fcf191a038,february-empirical-v1:204ed64bc6d9fa64157d2256888ae687070ec6f9d0d554829fd4d8827c29541c,True,16,0.009997887089543063,4.367318006788992,2,2026-02-14T15:00:00+05:00,2026-02-14T10:00:00+00:00,1.5850362681980024
2026-02-13,2026-02-13T18:00:00+00:00,2026-02-13T23:00:00+05:00,2026-02-13T12:00:00+00:00,2026-02-13T16:00:11+00:00,c49f0ced843891681f52acf9347aaf9874957cc555419f0ccc49e2fcf191a038,february-empirical-v1:204ed64bc6d9fa64157d2256888ae687070ec6f9d0d554829fd4d8827c29541c,True,17,0.03403387386836719,4.049913485526076,2,2026-02-14T16:00:00+05:00,2026-02-14T11:00:00+00:00,3.1152930700433905
2026-02-13,2026-02-13T18:00:00+00:00,2026-02-13T23:00:00+05:00,2026-02-13T12:00:00+00:00,2026-02-13T16:00:11+00:00,c49f0ced843891681f52acf9347aaf9874957cc555419f0ccc49e2fcf191a038,february-empirical-v1:204ed64bc6d9fa64157d2256888ae687070ec6f9d0d554829fd4d8827c29541c,True,18,0.023144288215459743,2.9561058416754236,2,2026-02-14T17:00:00+05:00,2026-02-14T12:00:00+00:00,2.6901349255298244
2026-02-13,2026-02-13T18:00:00+00:00,2026-02-13T23:00:00+05:00,2026-02-13T12:00:00+00:00,2026-02-13T16:00:11+00:00,c49f0ced843891681f52acf9347aaf9874957cc555419f0ccc49e2fcf191a038,february-empirical-v1:204ed64bc6d9fa64157d2256888ae687070ec6f9d0d554829fd4d8827c29541c,True,19,0.011444122517230603,1.76161422204558,2,2026-02-14T18:00:00+05:00,2026-02-14T13:00:00+00:00,1.8921062251275718
2026-02-13,2026-02-13T18:00:00+00:00,2026-02-13T23:00:00+05:00,2026-02-13T12:00:00+00:00,2026-02-13T16:00:11+00:00,c49f0ced843891681f52acf9347aaf9874957cc555419f0ccc49e2fcf191a038,february-empirical-v1:204ed64bc6d9fa64157d2256888ae687070ec6f9d0d554829fd4d8827c29541c,True,20,0.009974818190019876,1.0605649123540388,2,2026-02-14T19:00:00+05:00,2026-02-14T14:00:00+00:00,0.4279514571928718
2026-02-13,2026-02-13T18:00:00+00:00,2026-02-13T23:00:00+05:00,2026-02-13T12:00:00+00:00,2026-02-13T16:00:11+00:00,c49f0ced843891681f52acf9347aaf9874957cc555419f0ccc49e2fcf191a038,february-empirical-v1:204ed64bc6d9fa64157d2256888ae687070ec6f9d0d554829fd4d8827c29541c,True,21,0.009931991563441142,0.9346610711463654,2,2026-02-14T20:00:00+05:00,2026-02-14T15:00:00+00:00,0.730592951682571
2026-02-13,2026-02-13T18:00:00+00:00,2026-02-13T23:00:00+05:00,2026-02-13T12:00:00+00:00,2026-02-13T16:00:11+00:00,c49f0ced843891681f52acf9347aaf9874957cc555419f0ccc49e2fcf191a038,february-empirical-v1:204ed64bc6d9fa64157d2256888ae687070ec6f9d0d554829fd4d8827c29541c,True,22,0.009927851251666151,1.0012610012275331,2,2026-02-14T21:00:00+05:00,2026-02-14T16:00:00+00:00,1.5056865968920428
2026-02-13,2026-02-13T18:00:00+00:00,2026-02-13T23:00:00+05:00,2026-02-13T12:00:00+00:00,2026-02-13T16:00:11+00:00,c49f0ced843891681f52acf9347aaf9874957cc555419f0ccc49e2fcf191a038,february-empirical-v1:204ed64bc6d9fa64157d2256888ae687070ec6f9d0d554829fd4d8827c29541c,True,23,0.009836530933612237,1.08755168473391,2,2026-02-14T22:00:00+05:00,2026-02-14T17:00:00+00:00,1.4022218930946944
2026-02-13,2026-02-13T18:00:00+00:00,2026-02-13T23:00:00+05:00,2026-02-13T12:00:00+00:00,2026-02-13T16:00:11+00:00,c49f0ced843891681f52acf9347aaf9874957cc555419f0ccc49e2fcf191a038,february-empirical-v1:204ed64bc6d9fa64157d2256888ae687070ec6f9d0d554829fd4d8827c29541c,True,24,0.011470281927455576,1.0153176882208754,2,2026-02-14T23:00:00+05:00,2026-02-14T18:00:00+00:00,1.8949643798094487
2026-02-14,2026-02-14T18:00:00+00:00,2026-02-14T23:00:00+05:00,2026-02-14T12:00:00+00:00,2026-02-14T15:59:17+00:00,c62393a93ef4b81af72df5ed0f9ed5dd771298a61335db127a0a7579f0110fe0,february-empirical-v1:204ed64bc6d9fa64157d2256888ae687070ec6f9d0d554829fd4d8827c29541c,True,1,0.01,1.4082746827160122,1,2026-02-15T00:00:00+05:00,2026-02-14T19:00:00+00:00,0.21293188859714499
2026-02-14,2026-02-14T18:00:00+00:00,2026-02-14T23:00:00+05:00,2026-02-14T12:00:00+00:00,2026-02-14T15:59:17+00:00,c62393a93ef4b81af72df5ed0f9ed5dd771298a61335db127a0a7579f0110fe0,february-empirical-v1:204ed64bc6d9fa64157d2256888ae687070ec6f9d0d554829fd4d8827c29541c,True,2,0.012662280177980352,1.4063024518260363,1,2026-02-15T01:00:00+05:00,2026-02-14T20:00:00+00:00,1.9071972329062081
2026-02-14,2026-02-14T18:00:00+00:00,2026-02-14T23:00:00+05:00,2026-02-14T12:00:00+00:00,2026-02-14T15:59:17+00:00,c62393a93ef4b81af72df5ed0f9ed5dd771298a61335db127a0a7579f0110fe0,february-empirical-v1:204ed64bc6d9fa64157d2256888ae687070ec6f9d0d554829fd4d8827c29541c,True,3,0.0099768610784425,0.8303096671080539,1,2026-02-15T02:00:00+05:00,2026-02-14T21:00:00+00:00,0.935294078448816
2026-02-14,2026-02-14T18:00:00+00:00,2026-02-14T23:00:00+05:00,2026-02-14T12:00:00+00:00,2026-02-14T15:59:17+00:00,c62393a93ef4b81af72df5ed0f9ed5dd771298a61335db127a0a7579f0110fe0,february-empirical-v1:204ed64bc6d9fa64157d2256888ae687070ec6f9d0d554829fd4d8827c29541c,True,4,0.018982920384320253,1.7181225007060448,1,2026-02-15T03:00:00+05:00,2026-02-14T22:00:00+00:00,2.3988859195993357
2026-02-14,2026-02-14T18:00:00+00:00,2026-02-14T23:00:00+05:00,2026-02-14T12:00:00+00:00,2026-02-14T15:59:17+00:00,c62393a93ef4b81af72df5ed0f9ed5dd771298a61335db127a0a7579f0110fe0,february-empirical-v1:204ed64bc6d9fa64157d2256888ae687070ec6f9d0d554829fd4d8827c29541c,True,5,0.049667065230894904,1.4259021455980587,1,2026-02-15T04:00:00+05:00,2026-02-14T23:00:00+00:00,3.4970721313802926
2026-02-14,2026-02-14T18:00:00+00:00,2026-02-14T23:00:00+05:00,2026-02-14T12:00:00+00:00,2026-02-14T15:59:17+00:00,c62393a93ef4b81af72df5ed0f9ed5dd771298a61335db127a0a7579f0110fe0,february-empirical-v1:204ed64bc6d9fa64157d2256888ae687070ec6f9d0d554829fd4d8827c29541c,True,6,0.1331437138163767,0.9392464142920289,1,2026-02-15T05:00:00+05:00,2026-02-15T00:00:00+00:00,5.020977311227857
2026-02-14,2026-02-14T18:00:00+00:00,2026-02-14T23:00:00+05:00,2026-02-14T12:00:00+00:00,2026-02-14T15:59:17+00:00,c62393a93ef4b81af72df5ed0f9ed5dd771298a61335db127a0a7579f0110fe0,february-empirical-v1:204ed64bc6d9fa64157d2256888ae687070ec6f9d0d554829fd4d8827c29541c,True,7,0.19595461465545405,0.1817320295960485,1,2026-02-15T06:00:00+05:00,2026-02-15T01:00:00+00:00,5.742268071338122
2026-02-14,2026-02-14T18:00:00+00:00,2026-02-14T23:00:00+05:00,2026-02-14T12:00:00+00:00,2026-02-14T15:59:17+00:00,c62393a93ef4b81af72df5ed0f9ed5dd771298a61335db127a0a7579f0110fe0,february-empirical-v1:204ed64bc6d9fa64157d2256888ae687070ec6f9d0d554829fd4d8827c29541c,True,8,0.20999207178512985,0.02289130842399345,1,2026-02-15T07:00:00+05:00,2026-02-15T02:00:00+00:00,5.859676805306079
2026-02-14,2026-02-14T18:00:00+00:00,2026-02-14T23:00:00+05:00,2026-02-14T12:00:00+00:00,2026-02-14T15:59:17+00:00,c62393a93ef4b81af72df5ed0f9ed5dd771298a61335db127a0a7579f0110fe0,february-empirical-v1:204ed64bc6d9fa64157d2256888ae687070ec6f9d0d554829fd4d8827c29541c,True,9,0.22191497590517473,1.0375142822000498,1,2026-02-15T08:00:00+05:00,2026-02-15T03:00:00+00:00,5.957862366925157
2026-02-14,2026-02-14T18:00:00+00:00,2026-02-14T23:00:00+05:00,2026-02-14T12:00:00+00:00,2026-02-14T15:59:17+00:00,c62393a93ef4b81af72df5ed0f9ed5dd771298a61335db127a0a7579f0110fe0,february-empirical-v1:204ed64bc6d9fa64157d2256888ae687070ec6f9d0d554829fd4d8827c29541c,True,10,0.4210308929525452,2.4234393856719976,1,2026-02-15T09:00:00+05:00,2026-02-15T04:00:00+00:00,7.3943197821019995
2026-02-14,2026-02-14T18:00:00+00:00,2026-02-14T23:00:00+05:00,2026-02-14T12:00:00+00:00,2026-02-14T15:59:17+00:00,c62393a93ef4b81af72df5ed0f9ed5dd771298a61335db127a0a7579f0110fe0,february-empirical-v1:204ed64bc6d9fa64157d2256888ae687070ec6f9d0d554829fd4d8827c29541c,True,11,0.5593611891027315,3.5893261170519963,1,2026-02-15T10:00:00+05:00,2026-02-15T05:00:00+00:00,8.327115271079633
2026-02-14,2026-02-14T18:00:00+00:00,2026-02-14T23:00:00+05:00,2026-02-14T12:00:00+00:00,2026-02-14T15:59:17+00:00,c62393a93ef4b81af72df5ed0f9ed5dd771298a61335db127a0a7579f0110fe0,february-empirical-v1:204ed64bc6d9fa64157d2256888ae687070ec6f9d0d554829fd4d8827c29541c,True,12,0.6671716623848148,4.41192135820603,1,2026-02-15T11:00:00+05:00,2026-02-15T06:00:00+00:00,9.049167583564271
2026-02-14,2026-02-14T18:00:00+00:00,2026-02-14T23:00:00+05:00,2026-02-14T12:00:00+00:00,2026-02-14T15:59:17+00:00,c62393a93ef4b81af72df5ed0f9ed5dd771298a61335db127a0a7579f0110fe0,february-empirical-v1:204ed64bc6d9fa64157d2256888ae687070ec6f9d0d554829fd4d8827c29541c,True,13,0.6956845237972862,4.85988373925602,1,2026-02-15T12:00:00+05:00,2026-02-15T07:00:00+00:00,9.257388257390684
2026-02-14,2026-02-14T18:00:00+00:00,2026-02-14T23:00:00+05:00,2026-02-14T12:00:00+00:00,2026-02-14T15:59:17+00:00,c62393a93ef4b81af72df5ed0f9ed5dd771298a61335db127a0a7579f0110fe0,february-empirical-v1:204ed64bc6d9fa64157d2256888ae687070ec6f9d0d554829fd4d8827c29541c,True,14,0.6928834432211695,4.82179467076196,1,2026-02-15T13:00:00+05:00,2026-02-15T08:00:00+00:00,9.236978213491284
2026-02-14,2026-02-14T18:00:00+00:00,2026-02-14T23:00:00+05:00,2026-02-14T12:00:00+00:00,2026-02-14T15:59:17+00:00,c62393a93ef4b81af72df5ed0f9ed5dd771298a61335db127a0a7579f0110fe0,february-empirical-v1:204ed64bc6d9fa64157d2256888ae687070ec6f9d0d554829fd4d8827c29541c,True,15,0.6532497528538252,4.842817762342008,1,2026-02-15T14:00:00+05:00,2026-02-15T09:00:00+00:00,8.947475576486136
2026-02-14,2026-02-14T18:00:00+00:00,2026-02-14T23:00:00+05:00,2026-02-14T12:00:00+00:00,2026-02-14T15:59:17+00:00,c62393a93ef4b81af72df5ed0f9ed5dd771298a61335db127a0a7579f0110fe0,february-empirical-v1:204ed64bc6d9fa64157d2256888ae687070ec6f9d0d554829fd4d8827c29541c,True,16,0.6121953310834726,4.810980156066023,1,2026-02-15T15:00:00+05:00,2026-02-15T10:00:00+00:00,8.661319311193909
2026-02-14,2026-02-14T18:00:00+00:00,2026-02-14T23:00:00+05:00,2026-02-14T12:00:00+00:00,2026-02-14T15:59:17+00:00,c62393a93ef4b81af72df5ed0f9ed5dd771298a61335db127a0a7579f0110fe0,february-empirical-v1:204ed64bc6d9fa64157d2256888ae687070ec6f9d0d554829fd4d8827c29541c,True,17,0.5445120650153178,4.47232976848403,1,2026-02-15T16:00:00+05:00,2026-02-15T11:00:00+00:00,8.231391757931585
2026-02-14,2026-02-14T18:00:00+00:00,2026-02-14T23:00:00+05:00,2026-02-14T12:00:00+00:00,2026-02-14T15:59:17+00:00,c62393a93ef4b81af72df5ed0f9ed5dd771298a61335db127a0a7579f0110fe0,february-empirical-v1:204ed64bc6d9fa64157d2256888ae687070ec6f9d0d554829fd4d8827c29541c,True,18,0.5214328063798144,3.4091631858240135,1,2026-02-15T17:00:00+05:00,2026-02-15T12:00:00+00:00,8.06981816043911
2026-02-14,2026-02-14T18:00:00+00:00,2026-02-14T23:00:00+05:00,2026-02-14T12:00:00+00:00,2026-02-14T15:59:17+00:00,c62393a93ef4b81af72df5ed0f9ed5dd771298a61335db127a0a7579f0110fe0,february-empirical-v1:204ed64bc6d9fa64157d2256888ae687070ec6f9d0d554829fd4d8827c29541c,True,19,0.5179419093775813,2.7894404034760782,1,2026-02-15T18:00:00+05:00,2026-02-15T13:00:00+00:00,8.045379039753543
2026-02-14,2026-02-14T18:00:00+00:00,2026-02-14T23:00:00+05:00,2026-02-14T12:00:00+00:00,2026-02-14T15:59:17+00:00,c62393a93ef4b81af72df5ed0f9ed5dd771298a61335db127a0a7579f0110fe0,february-empirical-v1:204ed64bc6d9fa64157d2256888ae687070ec6f9d0d554829fd4d8827c29541c,True,20,0.4758210570272759,2.5664362208980265,1,2026-02-15T19:00:00+05:00,2026-02-15T14:00:00+00:00,7.750498785965022
2026-02-14,2026-02-14T18:00:00+00:00,2026-02-14T23:00:00+05:00,2026-02-14T12:00:00+00:00,2026-02-14T15:59:17+00:00,c62393a93ef4b81af72df5ed0f9ed5dd771298a61335db127a0a7579f0110fe0,february-empirical-v1:204ed64bc6d9fa64157d2256888ae687070ec6f9d0d554829fd4d8827c29541c,True,21,0.4651415418490543,2.3105172142400647,1,2026-02-15T20:00:00+05:00,2026-02-15T15:00:00+00:00,7.68104484918351
2026-02-14,2026-02-14T18:00:00+00:00,2026-02-14T23:00:00+05:00,2026-02-14T12:00:00+00:00,2026-02-14T15:59:17+00:00,c62393a93ef4b81af72df5ed0f9ed5dd771298a61335db127a0a7579f0110fe0,february-empirical-v1:204ed64bc6d9fa64157d2256888ae687070ec6f9d0d554829fd4d8827c29541c,True,22,0.46044121108529856,2.0024063593960477,1,2026-02-15T21:00:00+05:00,2026-02-15T16:00:00+00:00,7.650492075935828
2026-02-14,2026-02-14T18:00:00+00:00,2026-02-14T23:00:00+05:00,2026-02-14T12:00:00+00:00,2026-02-14T15:59:17+00:00,c62393a93ef4b81af72df5ed0f9ed5dd771298a61335db127a0a7579f0110fe0,february-empirical-v1:204ed64bc6d9fa64157d2256888ae687070ec6f9d0d554829fd4d8827c29541c,True,23,0.4320691623093974,1.6623178168520099,1,2026-02-15T22:00:00+05:00,2026-02-15T17:00:00+00:00,7.466069996641639
2026-02-14,2026-02-14T18:00:00+00:00,2026-02-14T23:00:00+05:00,2026-02-14T12:00:00+00:00,2026-02-14T15:59:17+00:00,c62393a93ef4b81af72df5ed0f9ed5dd771298a61335db127a0a7579f0110fe0,february-empirical-v1:204ed64bc6d9fa64157d2256888ae687070ec6f9d0d554829fd4d8827c29541c,True,24,0.40560252604121827,1.3332112390220345,1,2026-02-15T23:00:00+05:00,2026-02-15T18:00:00+00:00,7.294033351313209
2026-02-14,2026-02-14T18:00:00+00:00,2026-02-14T23:00:00+05:00,2026-02-14T12:00:00+00:00,2026-02-14T15:59:17+00:00,c62393a93ef4b81af72df5ed0f9ed5dd771298a61335db127a0a7579f0110fe0,february-empirical-v1:204ed64bc6d9fa64157d2256888ae687070ec6f9d0d554829fd4d8827c29541c,True,1,0.01,1.3841266853118555,2,2026-02-15T00:00:00+05:00,2026-02-14T19:00:00+00:00,0.19931288323531468
2026-02-14,2026-02-14T18:00:00+00:00,2026-02-14T23:00:00+05:00,2026-02-14T12:00:00+00:00,2026-02-14T15:59:17+00:00,c62393a93ef4b81af72df5ed0f9ed5dd771298a61335db127a0a7579f0110fe0,february-empirical-v1:204ed64bc6d9fa64157d2256888ae687070ec6f9d0d554829fd4d8827c29541c,True,2,0.011495753350403119,1.3882782939482468,2,2026-02-15T01:00:00+05:00,2026-02-14T20:00:00+00:00,1.8977473655925947
2026-02-14,2026-02-14T18:00:00+00:00,2026-02-14T23:00:00+05:00,2026-02-14T12:00:00+00:00,2026-02-14T15:59:17+00:00,c62393a93ef4b81af72df5ed0f9ed5dd771298a61335db127a0a7579f0110fe0,february-empirical-v1:204ed64bc6d9fa64157d2256888ae687070ec6f9d0d554829fd4d8827c29541c,True,3,0.009854497273557208,0.8226331752859437,2,2026-02-15T02:00:00+05:00,2026-02-14T21:00:00+00:00,0.9145932492459854
2026-02-14,2026-02-14T18:00:00+00:00,2026-02-14T23:00:00+05:00,2026-02-14T12:00:00+00:00,2026-02-14T15:59:17+00:00,c62393a93ef4b81af72df5ed0f9ed5dd771298a61335db127a0a7579f0110fe0,february-empirical-v1:204ed64bc6d9fa64157d2256888ae687070ec6f9d0d554829fd4d8827c29541c,True,4,0.017147777312505174,1.7016396452794424,2,2026-02-15T03:00:00+05:00,2026-02-14T22:00:00+00:00,2.3768503036441215
2026-02-14,2026-02-14T18:00:00+00:00,2026-02-14T23:00:00+05:00,2026-02-14T12:00:00+00:00,2026-02-14T15:59:17+00:00,c62393a93ef4b81af72df5ed0f9ed5dd771298a61335db127a0a7579f0110fe0,february-empirical-v1:204ed64bc6d9fa64157d2256888ae687070ec6f9d0d554829fd4d8827c29541c,True,5,0.04553491469870656,1.415060808873534,2,2026-02-15T04:00:00+05:00,2026-02-14T23:00:00+00:00,3.462305566509218
2026-02-14,2026-02-14T18:00:00+00:00,2026-02-14T23:00:00+05:00,2026-02-14T12:00:00+00:00,2026-02-14T15:59:17+00:00,c62393a93ef4b81af72df5ed0f9ed5dd771298a61335db127a0a7579f0110fe0,february-empirical-v1:204ed64bc6d9fa64157d2256888ae687070ec6f9d0d554829fd4d8827c29541c,True,6,0.12258933020467586,0.9295333252500768,2,2026-02-15T05:00:00+05:00,2026-02-15T00:00:00+00:00,4.960376851602453
2026-02-14,2026-02-14T18:00:00+00:00,2026-02-14T23:00:00+05:00,2026-02-14T12:00:00+00:00,2026-02-14T15:59:17+00:00,c62393a93ef4b81af72df5ed0f9ed5dd771298a61335db127a0a7579f0110fe0,february-empirical-v1:204ed64bc6d9fa64157d2256888ae687070ec6f9d0d554829fd4d8827c29541c,True,7,0.18294916644178177,0.16799678776305882,2,2026-02-15T06:00:00+05:00,2026-02-15T01:00:00+00:00,5.6737534968733225
2026-02-14,2026-02-14T18:00:00+00:00,2026-02-14T23:00:00+05:00,2026-02-14T12:00:00+00:00,2026-02-14T15:59:17+00:00,c62393a93ef4b81af72df5ed0f9ed5dd771298a61335db127a0a7579f0110fe0,february-empirical-v1:204ed64bc6d9fa64157d2256888ae687070ec6f9d0d554829fd4d8827c29541c,True,8,0.194695850562334,0.0023504800618070476,2,2026-02-15T07:00:00+05:00,2026-02-15T02:00:00+00:00,5.791723499320483
2026-02-14,2026-02-14T18:00:00+00:00,2026-02-14T23:00:00+05:00,2026-02-14T12:00:00+00:00,2026-02-14T15:59:17+00:00,c62393a93ef4b81af72df5ed0f9ed5dd771298a61335db127a0a7579f0110fe0,february-empirical-v1:204ed64bc6d9fa64157d2256888ae687070ec6f9d0d554829fd4d8827c29541c,True,9,0.2061999112792156,1.0218040183279982,2,2026-02-15T08:00:00+05:00,2026-02-15T03:00:00+00:00,5.891884323902624
2026-02-14,2026-02-14T18:00:00+00:00,2026-02-14T23:00:00+05:00,2026-02-14T12:00:00+00:00,2026-02-14T15:59:17+00:00,c62393a93ef4b81af72df5ed0f9ed5dd771298a61335db127a0a7579f0110fe0,february-empirical-v1:204ed64bc6d9fa64157d2256888ae687070ec6f9d0d554829fd4d8827c29541c,True,10,0.3968986735322368,2.4106135190812665,2,2026-02-15T09:00:00+05:00,2026-02-15T04:00:00+00:00,7.306496804610614
2026-02-14,2026-02-14T18:00:00+00:00,2026-02-14T23:00:00+05:00,2026-02-14T12:00:00+00:00,2026-02-14T15:59:17+00:00,c62393a93ef4b81af72df5ed0f9ed5dd771298a61335db127a0a7579f0110fe0,february-empirical-v1:204ed64bc6d9fa64157d2256888ae687070ec6f9d0d554829fd4d8827c29541c,True,11,0.5302394696312863,3.5679122729125083,2,2026-02-15T10:00:00+05:00,2026-02-15T05:00:00+00:00,8.226029970625284
2026-02-14,2026-02-14T18:00:00+00:00,2026-02-14T23:00:00+05:00,2026-02-14T12:00:00+00:00,2026-02-14T15:59:17+00:00,c62393a93ef4b81af72df5ed0f9ed5dd771298a61335db127a0a7579f0110fe0,february-empirical-v1:204ed64bc6d9fa64157d2256888ae687070ec6f9d0d554829fd4d8827c29541c,True,12,0.6385064869693117,4.382583782779477,2,2026-02-15T11:00:00+05:00,2026-02-15T06:00:00+00:00,8.94522351563172
2026-02-14,2026-02-14T18:00:00+00:00,2026-02-14T23:00:00+05:00,2026-02-14T12:00:00+00:00,2026-02-14T15:59:17+00:00,c62393a93ef4b81af72df5ed0f9ed5dd771298a61335db127a0a7579f0110fe0,february-empirical-v1:204ed64bc6d9fa64157d2256888ae687070ec6f9d0d554829fd4d8827c29541c,True,13,0.6632315449510278,4.823105294581467,2,2026-02-15T12:00:00+05:00,2026-02-15T07:00:00+00:00,9.152622053722325
2026-02-14,2026-02-14T18:00:00+00:00,2026-02-14T23:00:00+05:00,2026-02-14T12:00:00+00:00,2026-02-14T15:59:17+00:00,c62393a93ef4b81af72df5ed0f9ed5dd771298a61335db127a0a7579f0110fe0,february-empirical-v1:204ed64bc6d9fa64157d2256888ae687070ec6f9d0d554829fd4d8827c29541c,True,14,0.660949281412795,4.7808734876529115,2,2026-02-15T13:00:00+05:00,2026-02-15T08:00:00+00:00,9.133477988550991
2026-02-14,2026-02-14T18:00:00+00:00,2026-02-14T23:00:00+05:00,2026-02-14T12:00:00+00:00,2026-02-14T15:59:17+00:00,c62393a93ef4b81af72df5ed0f9ed5dd771298a61335db127a0a7579f0110fe0,february-empirical-v1:204ed64bc6d9fa64157d2256888ae687070ec6f9d0d554829fd4d8827c29541c,True,15,0.6271057624445717,4.798556190932118,2,2026-02-15T14:00:00+05:00,2026-02-15T09:00:00+00:00,8.849592047290846
2026-02-14,2026-02-14T18:00:00+00:00,2026-02-14T23:00:00+05:00,2026-02-14T12:00:00+00:00,2026-02-14T15:59:17+00:00,c62393a93ef4b81af72df5ed0f9ed5dd771298a61335db127a0a7579f0110fe0,february-empirical-v1:204ed64bc6d9fa64157d2256888ae687070ec6f9d0d554829fd4d8827c29541c,True,16,0.5856082036623992,4.768780820165887,2,2026-02-15T15:00:00+05:00,2026-02-15T10:00:00+00:00,8.56819776141625
2026-02-14,2026-02-14T18:00:00+00:00,2026-02-14T23:00:00+05:00,2026-02-14T12:00:00+00:00,2026-02-14T15:59:17+00:00,c62393a93ef4b81af72df5ed0f9ed5dd771298a61335db127a0a7579f0110fe0,february-empirical-v1:204ed64bc6d9fa64157d2256888ae687070ec6f9d0d554829fd4d8827c29541c,True,17,0.5182327202021761,4.433089235776151,2,2026-02-15T16:00:00+05:00,2026-02-15T11:00:00+00:00,8.14423109366242
2026-02-14,2026-02-14T18:00:00+00:00,2026-02-14T23:00:00+05:00,2026-02-14T12:00:00+00:00,2026-02-14T15:59:17+00:00,c62393a93ef4b81af72df5ed0f9ed5dd771298a61335db127a0a7579f0110fe0,february-empirical-v1:204ed64bc6d9fa64157d2256888ae687070ec6f9d0d554829fd4d8827c29541c,True,18,0.4942002609648692,3.374419842837767,2,2026-02-15T17:00:00+05:00,2026-02-15T12:00:00+00:00,7.980504167580211
2026-02-14,2026-02-14T18:00:00+00:00,2026-02-14T23:00:00+05:00,2026-02-14T12:00:00+00:00,2026-02-14T15:59:17+00:00,c62393a93ef4b81af72df5ed0f9ed5dd771298a61335db127a0a7579f0110fe0,february-empirical-v1:204ed64bc6d9fa64157d2256888ae687070ec6f9d0d554829fd4d8827c29541c,True,19,0.4900172770670097,2.7570035840942637,2,2026-02-15T18:00:00+05:00,2026-02-15T13:00:00+00:00,7.952006580683871
2026-02-14,2026-02-14T18:00:00+00:00,2026-02-14T23:00:00+05:00,2026-02-14T12:00:00+00:00,2026-02-14T15:59:17+00:00,c62393a93ef4b81af72df5ed0f9ed5dd771298a61335db127a0a7579f0110fe0,february-empirical-v1:204ed64bc6d9fa64157d2256888ae687070ec6f9d0d554829fd4d8827c29541c,True,20,0.44693923275113706,2.5348929880455557,2,2026-02-15T19:00:00+05:00,2026-02-15T14:00:00+00:00,7.656175204780326
2026-02-14,2026-02-14T18:00:00+00:00,2026-02-14T23:00:00+05:00,2026-02-14T12:00:00+00:00,2026-02-14T15:59:17+00:00,c62393a93ef4b81af72df5ed0f9ed5dd771298a61335db127a0a7579f0110fe0,february-empirical-v1:204ed64bc6d9fa64157d2256888ae687070ec6f9d0d554829fd4d8827c29541c,True,21,0.43716289260108027,2.281605076217602,2,2026-02-15T20:00:00+05:00,2026-02-15T15:00:00+00:00,7.587859122055663
2026-02-14,2026-02-14T18:00:00+00:00,2026-02-14T23:00:00+05:00,2026-02-14T12:00:00+00:00,2026-02-14T15:59:17+00:00,c62393a93ef4b81af72df5ed0f9ed5dd771298a61335db127a0a7579f0110fe0,february-empirical-v1:204ed64bc6d9fa64157d2256888ae687070ec6f9d0d554829fd4d8827c29541c,True,22,0.43323917447637705,1.9766200083150807,2,2026-02-15T21:00:00+05:00,2026-02-15T16:00:00+00:00,7.560440574022233
2026-02-14,2026-02-14T18:00:00+00:00,2026-02-14T23:00:00+05:00,2026-02-14T12:00:00+00:00,2026-02-14T15:59:17+00:00,c62393a93ef4b81af72df5ed0f9ed5dd771298a61335db127a0a7579f0110fe0,february-empirical-v1:204ed64bc6d9fa64157d2256888ae687070ec6f9d0d554829fd4d8827c29541c,True,23,0.40723857774625527,1.6390144634644912,2,2026-02-15T22:00:00+05:00,2026-02-15T17:00:00+00:00,7.378751016392092
2026-02-14,2026-02-14T18:00:00+00:00,2026-02-14T23:00:00+05:00,2026-02-14T12:00:00+00:00,2026-02-14T15:59:17+00:00,c62393a93ef4b81af72df5ed0f9ed5dd771298a61335db127a0a7579f0110fe0,february-empirical-v1:204ed64bc6d9fa64157d2256888ae687070ec6f9d0d554829fd4d8827c29541c,True,24,0.3827827226262667,1.3165135539352946,2,2026-02-15T23:00:00+05:00,2026-02-15T18:00:00+00:00,7.2092602716012895
2026-02-15,2026-02-15T18:00:00+00:00,2026-02-15T23:00:00+05:00,2026-02-15T12:00:00+00:00,2026-02-15T16:02:39+00:00,d8e8cd243450630a7196be079568d6abc3ed1c27dc46977d28453c1e58b48522,february-empirical-v1:204ed64bc6d9fa64157d2256888ae687070ec6f9d0d554829fd4d8827c29541c,True,1,0.3875020743213109,2.34081870988598,1,2026-02-16T00:00:00+05:00,2026-02-15T19:00:00+00:00,7.172429990861786
2026-02-15,2026-02-15T18:00:00+00:00,2026-02-15T23:00:00+05:00,2026-02-15T12:00:00+00:00,2026-02-15T16:02:39+00:00,d8e8cd243450630a7196be079568d6abc3ed1c27dc46977d28453c1e58b48522,february-empirical-v1:204ed64bc6d9fa64157d2256888ae687070ec6f9d0d554829fd4d8827c29541c,True,2,0.37271476218694205,2.6349361014180204,1,2026-02-16T01:00:00+05:00,2026-02-15T20:00:00+00:00,7.071156034573933
2026-02-15,2026-02-15T18:00:00+00:00,2026-02-15T23:00:00+05:00,2026-02-15T12:00:00+00:00,2026-02-15T16:02:39+00:00,d8e8cd243450630a7196be079568d6abc3ed1c27dc46977d28453c1e58b48522,february-empirical-v1:204ed64bc6d9fa64157d2256888ae687070ec6f9d0d554829fd4d8827c29541c,True,3,0.4213289287900225,2.7428337108840424,1,2026-02-16T02:00:00+05:00,2026-02-15T21:00:00+00:00,7.396257054566385
2026-02-15,2026-02-15T18:00:00+00:00,2026-02-15T23:00:00+05:00,2026-02-15T12:00:00+00:00,2026-02-15T16:02:39+00:00,d8e8cd243450630a7196be079568d6abc3ed1c27dc46977d28453c1e58b48522,february-empirical-v1:204ed64bc6d9fa64157d2256888ae687070ec6f9d0d554829fd4d8827c29541c,True,4,0.36060308232889254,2.7738286260880045,1,2026-02-16T03:00:00+05:00,2026-02-15T22:00:00+00:00,6.988206697644357
2026-02-15,2026-02-15T18:00:00+00:00,2026-02-15T23:00:00+05:00,2026-02-15T12:00:00+00:00,2026-02-15T16:02:39+00:00,d8e8cd243450630a7196be079568d6abc3ed1c27dc46977d28453c1e58b48522,february-empirical-v1:204ed64bc6d9fa64157d2256888ae687070ec6f9d0d554829fd4d8827c29541c,True,5,0.2674761524497889,2.4545571068520076,1,2026-02-16T04:00:00+05:00,2026-02-15T23:00:00+00:00,6.3236953011354995
2026-02-15,2026-02-15T18:00:00+00:00,2026-02-15T23:00:00+05:00,2026-02-15T12:00:00+00:00,2026-02-15T16:02:39+00:00,d8e8cd243450630a7196be079568d6abc3ed1c27dc46977d28453c1e58b48522,february-empirical-v1:204ed64bc6d9fa64157d2256888ae687070ec6f9d0d554829fd4d8827c29541c,True,6,0.2814460399462181,2.109469025828048,1,2026-02-16T05:00:00+05:00,2026-02-16T00:00:00+00:00,6.425766794840628
2026-02-15,2026-02-15T18:00:00+00:00,2026-02-15T23:00:00+05:00,2026-02-15T12:00:00+00:00,2026-02-15T16:02:39+00:00,d8e8cd243450630a7196be079568d6abc3ed1c27dc46977d28453c1e58b48522,february-empirical-v1:204ed64bc6d9fa64157d2256888ae687070ec6f9d0d554829fd4d8827c29541c,True,7,0.2540739443097245,1.9135432028420496,1,2026-02-16T06:00:00+05:00,2026-02-16T01:00:00+00:00,6.222692675220804
2026-02-15,2026-02-15T18:00:00+00:00,2026-02-15T23:00:00+05:00,2026-02-15T12:00:00+00:00,2026-02-15T16:02:39+00:00,d8e8cd243450630a7196be079568d6abc3ed1c27dc46977d28453c1e58b48522,february-empirical-v1:204ed64bc6d9fa64157d2256888ae687070ec6f9d0d554829fd4d8827c29541c,True,8,0.23861418776915663,1.8736896779940366,1,2026-02-16T07:00:00+05:00,2026-02-16T02:00:00+00:00,6.095381001559189
2026-02-15,2026-02-15T18:00:00+00:00,2026-02-15T23:00:00+05:00,2026-02-15T12:00:00+00:00,2026-02-15T16:02:39+00:00,d8e8cd243450630a7196be079568d6abc3ed1c27dc46977d28453c1e58b48522,february-empirical-v1:204ed64bc6d9fa64157d2256888ae687070ec6f9d0d554829fd4d8827c29541c,True,9,0.1321762833633464,2.0256710528159942,1,2026-02-16T08:00:00+05:00,2026-02-16T03:00:00+00:00,5.007963457813546
2026-02-15,2026-02-15T18:00:00+00:00,2026-02-15T23:00:00+05:00,2026-02-15T12:00:00+00:00,2026-02-15T16:02:39+00:00,d8e8cd243450630a7196be079568d6abc3ed1c27dc46977d28453c1e58b48522,february-empirical-v1:204ed64bc6d9fa64157d2256888ae687070ec6f9d0d554829fd4d8827c29541c,True,10,0.09550439505062427,2.1004044060280194,1,2026-02-16T09:00:00+05:00,2026-02-16T04:00:00+00:00,4.460139189760387
2026-02-15,2026-02-15T18:00:00+00:00,2026-02-15T23:00:00+05:00,2026-02-15T12:00:00+00:00,2026-02-15T16:02:39+00:00,d8e8cd243450630a7196be079568d6abc3ed1c27dc46977d28453c1e58b48522,february-empirical-v1:204ed64bc6d9fa64157d2256888ae687070ec6f9d0d554829fd4d8827c29541c,True,11,0.08454136952866279,2.317410882916022,1,2026-02-16T10:00:00+05:00,2026-02-16T05:00:00+00:00,4.278504294591224
2026-02-15,2026-02-15T18:00:00+00:00,2026-02-15T23:00:00+05:00,2026-02-15T12:00:00+00:00,2026-02-15T16:02:39+00:00,d8e8cd243450630a7196be079568d6abc3ed1c27dc46977d28453c1e58b48522,february-empirical-v1:204ed64bc6d9fa64157d2256888ae687070ec6f9d0d554829fd4d8827c29541c,True,12,0.09392123617306017,2.5873632865400396,1,2026-02-16T11:00:00+05:00,2026-02-16T06:00:00+00:00,4.433909487367882
2026-02-15,2026-02-15T18:00:00+00:00,2026-02-15T23:00:00+05:00,2026-02-15T12:00:00+00:00,2026-02-15T16:02:39+00:00,d8e8cd243450630a7196be079568d6abc3ed1c27dc46977d28453c1e58b48522,february-empirical-v1:204ed64bc6d9fa64157d2256888ae687070ec6f9d0d554829fd4d8827c29541c,True,13,0.11841425241587439,2.7710109370780174,1,2026-02-16T12:00:00+05:00,2026-02-16T07:00:00+00:00,4.822836916807303
2026-02-15,2026-02-15T18:00:00+00:00,2026-02-15T23:00:00+05:00,2026-02-15T12:00:00+00:00,2026-02-15T16:02:39+00:00,d8e8cd243450630a7196be079568d6abc3ed1c27dc46977d28453c1e58b48522,february-empirical-v1:204ed64bc6d9fa64157d2256888ae687070ec6f9d0d554829fd4d8827c29541c,True,14,0.13012051372189878,2.8467748810320472,1,2026-02-16T13:00:00+05:00,2026-02-16T08:00:00+00:00,4.980309289306045
2026-02-15,2026-02-15T18:00:00+00:00,2026-02-15T23:00:00+05:00,2026-02-15T12:00:00+00:00,2026-02-15T16:02:39+00:00,d8e8cd243450630a7196be079568d6abc3ed1c27dc46977d28453c1e58b48522,february-empirical-v1:204ed64bc6d9fa64157d2256888ae687070ec6f9d0d554829fd4d8827c29541c,True,15,0.14566627913970456,3.52730637004197,1,2026-02-16T14:00:00+05:00,2026-02-16T09:00:00+00:00,5.189430587614237
2026-02-15,2026-02-15T18:00:00+00:00,2026-02-15T23:00:00+05:00,2026-02-15T12:00:00+00:00,2026-02-15T16:02:39+00:00,d8e8cd243450630a7196be079568d6abc3ed1c27dc46977d28453c1e58b48522,february-empirical-v1:204ed64bc6d9fa64157d2256888ae687070ec6f9d0d554829fd4d8827c29541c,True,16,0.161910355696011,4.345040877412032,1,2026-02-16T15:00:00+05:00,2026-02-16T10:00:00+00:00,5.3762388687999225
2026-02-15,2026-02-15T18:00:00+00:00,2026-02-15T23:00:00+05:00,2026-02-15T12:00:00+00:00,2026-02-15T16:02:39+00:00,d8e8cd243450630a7196be079568d6abc3ed1c27dc46977d28453c1e58b48522,february-empirical-v1:204ed64bc6d9fa64157d2256888ae687070ec6f9d0d554829fd4d8827c29541c,True,17,0.25214487001618563,4.571809499170001,1,2026-02-16T16:00:00+05:00,2026-02-16T11:00:00+00:00,6.2068066762218175
2026-02-15,2026-02-15T18:00:00+00:00,2026-02-15T23:00:00+05:00,2026-02-15T12:00:00+00:00,2026-02-15T16:02:39+00:00,d8e8cd243450630a7196be079568d6abc3ed1c27dc46977d28453c1e58b48522,february-empirical-v1:204ed64bc6d9fa64157d2256888ae687070ec6f9d0d554829fd4d8827c29541c,True,18,0.31885644103023913,3.5831045804720247,1,2026-02-16T17:00:00+05:00,2026-02-16T12:00:00+00:00,6.699107258014011
2026-02-15,2026-02-15T18:00:00+00:00,2026-02-15T23:00:00+05:00,2026-02-15T12:00:00+00:00,2026-02-15T16:02:39+00:00,d8e8cd243450630a7196be079568d6abc3ed1c27dc46977d28453c1e58b48522,february-empirical-v1:204ed64bc6d9fa64157d2256888ae687070ec6f9d0d554829fd4d8827c29541c,True,19,0.3663316795157463,3.1499731672080316,1,2026-02-16T18:00:00+05:00,2026-02-16T13:00:00+00:00,7.027440176712114
2026-02-15,2026-02-15T18:00:00+00:00,2026-02-15T23:00:00+05:00,2026-02-15T12:00:00+00:00,2026-02-15T16:02:39+00:00,d8e8cd243450630a7196be079568d6abc3ed1c27dc46977d28453c1e58b48522,february-empirical-v1:204ed64bc6d9fa64157d2256888ae687070ec6f9d0d554829fd4d8827c29541c,True,20,0.4619438996917486,2.9785284695300334,1,2026-02-16T19:00:00+05:00,2026-02-16T14:00:00+00:00,7.660259751140468
2026-02-15,2026-02-15T18:00:00+00:00,2026-02-15T23:00:00+05:00,2026-02-15T12:00:00+00:00,2026-02-15T16:02:39+00:00,d8e8cd243450630a7196be079568d6abc3ed1c27dc46977d28453c1e58b48522,february-empirical-v1:204ed64bc6d9fa64157d2256888ae687070ec6f9d0d554829fd4d8827c29541c,True,21,0.4814112791584427,2.7894102398379914,1,2026-02-16T20:00:00+05:00,2026-02-16T15:00:00+00:00,7.7896348914517555
2026-02-15,2026-02-15T18:00:00+00:00,2026-02-15T23:00:00+05:00,2026-02-15T12:00:00+00:00,2026-02-15T16:02:39+00:00,d8e8cd243450630a7196be079568d6abc3ed1c27dc46977d28453c1e58b48522,february-empirical-v1:204ed64bc6d9fa64157d2256888ae687070ec6f9d0d554829fd4d8827c29541c,True,22,0.4489095743944073,2.444227714559986,1,2026-02-16T21:00:00+05:00,2026-02-16T16:00:00+00:00,7.575534908302389
2026-02-15,2026-02-15T18:00:00+00:00,2026-02-15T23:00:00+05:00,2026-02-15T12:00:00+00:00,2026-02-15T16:02:39+00:00,d8e8cd243450630a7196be079568d6abc3ed1c27dc46977d28453c1e58b48522,february-empirical-v1:204ed64bc6d9fa64157d2256888ae687070ec6f9d0d554829fd4d8827c29541c,True,23,0.491724661831759,2.1586088343560164,1,2026-02-16T22:00:00+05:00,2026-02-16T17:00:00+00:00,7.861836965494153
2026-02-15,2026-02-15T18:00:00+00:00,2026-02-15T23:00:00+05:00,2026-02-15T12:00:00+00:00,2026-02-15T16:02:39+00:00,d8e8cd243450630a7196be079568d6abc3ed1c27dc46977d28453c1e58b48522,february-empirical-v1:204ed64bc6d9fa64157d2256888ae687070ec6f9d0d554829fd4d8827c29541c,True,24,0.5186294772625762,1.911878638513997,1,2026-02-16T23:00:00+05:00,2026-02-16T18:00:00+00:00,8.050192574644479
2026-02-15,2026-02-15T18:00:00+00:00,2026-02-15T23:00:00+05:00,2026-02-15T12:00:00+00:00,2026-02-15T16:02:39+00:00,d8e8cd243450630a7196be079568d6abc3ed1c27dc46977d28453c1e58b48522,february-empirical-v1:204ed64bc6d9fa64157d2256888ae687070ec6f9d0d554829fd4d8827c29541c,True,1,0.3655214654900501,2.3275445407826965,2,2026-02-16T00:00:00+05:00,2026-02-15T19:00:00+00:00,7.092659609420273
2026-02-15,2026-02-15T18:00:00+00:00,2026-02-15T23:00:00+05:00,2026-02-15T12:00:00+00:00,2026-02-15T16:02:39+00:00,d8e8cd243450630a7196be079568d6abc3ed1c27dc46977d28453c1e58b48522,february-empirical-v1:204ed64bc6d9fa64157d2256888ae687070ec6f9d0d554829fd4d8827c29541c,True,2,0.35104124737813325,2.6230339183703677,2,2026-02-16T01:00:00+05:00,2026-02-15T20:00:00+00:00,6.994845006054418
2026-02-15,2026-02-15T18:00:00+00:00,2026-02-15T23:00:00+05:00,2026-02-15T12:00:00+00:00,2026-02-15T16:02:39+00:00,d8e8cd243450630a7196be079568d6abc3ed1c27dc46977d28453c1e58b48522,february-empirical-v1:204ed64bc6d9fa64157d2256888ae687070ec6f9d0d554829fd4d8827c29541c,True,3,0.39677012549620444,2.731299143552178,2,2026-02-16T02:00:00+05:00,2026-02-15T21:00:00+00:00,7.305598523850239
2026-02-15,2026-02-15T18:00:00+00:00,2026-02-15T23:00:00+05:00,2026-02-15T12:00:00+00:00,2026-02-15T16:02:39+00:00,d8e8cd243450630a7196be079568d6abc3ed1c27dc46977d28453c1e58b48522,february-empirical-v1:204ed64bc6d9fa64157d2256888ae687070ec6f9d0d554829fd4d8827c29541c,True,4,0.33767052799142283,2.759559951341089,2,2026-02-16T03:00:00+05:00,2026-02-15T22:00:00+00:00,6.904525122512685
2026-02-15,2026-02-15T18:00:00+00:00,2026-02-15T23:00:00+05:00,2026-02-15T12:00:00+00:00,2026-02-15T16:02:39+00:00,d8e8cd243450630a7196be079568d6abc3ed1c27dc46977d28453c1e58b48522,february-empirical-v1:204ed64bc6d9fa64157d2256888ae687070ec6f9d0d554829fd4d8827c29541c,True,5,0.2467647473964057,2.4412223934645,2,2026-02-16T04:00:00+05:00,2026-02-15T23:00:00+00:00,6.245064608197797
2026-02-15,2026-02-15T18:00:00+00:00,2026-02-15T23:00:00+05:00,2026-02-15T12:00:00+00:00,2026-02-15T16:02:39+00:00,d8e8cd243450630a7196be079568d6abc3ed1c27dc46977d28453c1e58b48522,february-empirical-v1:204ed64bc6d9fa64157d2256888ae687070ec6f9d0d554829fd4d8827c29541c,True,6,0.2622005467171742,2.0946595061787434,2,2026-02-16T05:00:00+05:00,2026-02-16T00:00:00+00:00,6.360200009305647
2026-02-15,2026-02-15T18:00:00+00:00,2026-02-15T23:00:00+05:00,2026-02-15T12:00:00+00:00,2026-02-15T16:02:39+00:00,d8e8cd243450630a7196be079568d6abc3ed1c27dc46977d28453c1e58b48522,february-empirical-v1:204ed64bc6d9fa64157d2256888ae687070ec6f9d0d554829fd4d8827c29541c,True,7,0.23574935221719412,1.89865964455214,2,2026-02-16T06:00:00+05:00,2026-02-16T01:00:00+00:00,6.149158380701195
2026-02-15,2026-02-15T18:00:00+00:00,2026-02-15T23:00:00+05:00,2026-02-15T12:00:00+00:00,2026-02-15T16:02:39+00:00,d8e8cd243450630a7196be079568d6abc3ed1c27dc46977d28453c1e58b48522,february-empirical-v1:204ed64bc6d9fa64157d2256888ae687070ec6f9d0d554829fd4d8827c29541c,True,8,0.22251906847846256,1.858615043308589,2,2026-02-16T07:00:00+05:00,2026-02-16T02:00:00+00:00,6.033968087348305
2026-02-15,2026-02-15T18:00:00+00:00,2026-02-15T23:00:00+05:00,2026-02-15T12:00:00+00:00,2026-02-15T16:02:39+00:00,d8e8cd243450630a7196be079568d6abc3ed1c27dc46977d28453c1e58b48522,february-empirical-v1:204ed64bc6d9fa64157d2256888ae687070ec6f9d0d554829fd4d8827c29541c,True,9,0.12230404010067378,2.012512130035873,2,2026-02-16T08:00:00+05:00,2026-02-16T03:00:00+00:00,4.956570751376669
2026-02-15,2026-02-15T18:00:00+00:00,2026-02-15T23:00:00+05:00,2026-02-15T12:00:00+00:00,2026-02-15T16:02:39+00:00,d8e8cd243450630a7196be079568d6abc3ed1c27dc46977d28453c1e58b48522,february-empirical-v1:204ed64bc6d9fa64157d2256888ae687070ec6f9d0d554829fd4d8827c29541c,True,10,0.088291880367049,2.0873650356267035,2,2026-02-16T09:00:00+05:00,2026-02-16T04:00:00+00:00,4.408886437727621
2026-02-15,2026-02-15T18:00:00+00:00,2026-02-15T23:00:00+05:00,2026-02-15T12:00:00+00:00,2026-02-15T16:02:39+00:00,d8e8cd243450630a7196be079568d6abc3ed1c27dc46977d28453c1e58b48522,february-empirical-v1:204ed64bc6d9fa64157d2256888ae687070ec6f9d0d554829fd4d8827c29541c,True,11,0.07866678936250146,2.305809034759875,2,2026-02-16T10:00:00+05:00,2026-02-16T05:00:00+00:00,4.228753811842251
2026-02-15,2026-02-15T18:00:00+00:00,2026-02-15T23:00:00+05:00,2026-02-15T12:00:00+00:00,2026-02-15T16:02:39+00:00,d8e8cd243450630a7196be079568d6abc3ed1c27dc46977d28453c1e58b48522,february-empirical-v1:204ed64bc6d9fa64157d2256888ae687070ec6f9d0d554829fd4d8827c29541c,True,12,0.08664486570261075,2.5753894792696315,2,2026-02-16T11:00:00+05:00,2026-02-16T06:00:00+00:00,4.3785644540638575
2026-02-15,2026-02-15T18:00:00+00:00,2026-02-15T23:00:00+05:00,2026-02-15T12:00:00+00:00,2026-02-15T16:02:39+00:00,d8e8cd243450630a7196be079568d6abc3ed1c27dc46977d28453c1e58b48522,february-empirical-v1:204ed64bc6d9fa64157d2256888ae687070ec6f9d0d554829fd4d8827c29541c,True,13,0.10751043220438401,2.7604519774287724,2,2026-02-16T12:00:00+05:00,2026-02-16T07:00:00+00:00,4.759206897655965
2026-02-15,2026-02-15T18:00:00+00:00,2026-02-15T23:00:00+05:00,2026-02-15T12:00:00+00:00,2026-02-15T16:02:39+00:00,d8e8cd243450630a7196be079568d6abc3ed1c27dc46977d28453c1e58b48522,february-empirical-v1:204ed64bc6d9fa64157d2256888ae687070ec6f9d0d554829fd4d8827c29541c,True,14,0.11936634003011515,2.840073813967706,2,2026-02-16T13:00:00+05:00,2026-02-16T08:00:00+00:00,4.917378431892086
2026-02-15,2026-02-15T18:00:00+00:00,2026-02-15T23:00:00+05:00,2026-02-15T12:00:00+00:00,2026-02-15T16:02:39+00:00,d8e8cd243450630a7196be079568d6abc3ed1c27dc46977d28453c1e58b48522,february-empirical-v1:204ed64bc6d9fa64157d2256888ae687070ec6f9d0d554829fd4d8827c29541c,True,15,0.13429914651951116,3.519212707880115,2,2026-02-16T14:00:00+05:00,2026-02-16T09:00:00+00:00,5.116599355974566
2026-02-15,2026-02-15T18:00:00+00:00,2026-02-15T23:00:00+05:00,2026-02-15T12:00:00+00:00,2026-02-15T16:02:39+00:00,d8e8cd243450630a7196be079568d6abc3ed1c27dc46977d28453c1e58b48522,february-empirical-v1:204ed64bc6d9fa64157d2256888ae687070ec6f9d0d554829fd4d8827c29541c,True,16,0.14893658783703007,4.337529112798904,2,2026-02-16T15:00:00+05:00,2026-02-16T10:00:00+00:00,5.300852173618929
2026-02-15,2026-02-15T18:00:00+00:00,2026-02-15T23:00:00+05:00,2026-02-15T12:00:00+00:00,2026-02-15T16:02:39+00:00,d8e8cd243450630a7196be079568d6abc3ed1c27dc46977d28453c1e58b48522,february-empirical-v1:204ed64bc6d9fa64157d2256888ae687070ec6f9d0d554829fd4d8827c29541c,True,17,0.23437715059405567,4.5559123543508235,2,2026-02-16T16:00:00+05:00,2026-02-16T11:00:00+00:00,6.137211221393803
2026-02-15,2026-02-15T18:00:00+00:00,2026-02-15T23:00:00+05:00,2026-02-15T12:00:00+00:00,2026-02-15T16:02:39+00:00,d8e8cd243450630a7196be079568d6abc3ed1c27dc46977d28453c1e58b48522,february-empirical-v1:204ed64bc6d9fa64157d2256888ae687070ec6f9d0d554829fd4d8827c29541c,True,18,0.29772865839230767,3.5657328846332916,2,2026-02-16T17:00:00+05:00,2026-02-16T12:00:00+00:00,6.623513877387118
2026-02-15,2026-02-15T18:00:00+00:00,2026-02-15T23:00:00+05:00,2026-02-15T12:00:00+00:00,2026-02-15T16:02:39+00:00,d8e8cd243450630a7196be079568d6abc3ed1c27dc46977d28453c1e58b48522,february-empirical-v1:204ed64bc6d9fa64157d2256888ae687070ec6f9d0d554829fd4d8827c29541c,True,19,0.34370127378265075,3.1324044700099307,2,2026-02-16T18:00:00+05:00,2026-02-16T13:00:00+00:00,6.945263114372337
2026-02-15,2026-02-15T18:00:00+00:00,2026-02-15T23:00:00+05:00,2026-02-15T12:00:00+00:00,2026-02-15T16:02:39+00:00,d8e8cd243450630a7196be079568d6abc3ed1c27dc46977d28453c1e58b48522,february-empirical-v1:204ed64bc6d9fa64157d2256888ae687070ec6f9d0d554829fd4d8827c29541c,True,20,0.4335959314694677,2.9606761242372954,2,2026-02-16T19:00:00+05:00,2026-02-16T14:00:00+00:00,7.562933556046026
2026-02-15,2026-02-15T18:00:00+00:00,2026-02-15T23:00:00+05:00,2026-02-15T12:00:00+00:00,2026-02-15T16:02:39+00:00,d8e8cd243450630a7196be079568d6abc3ed1c27dc46977d28453c1e58b48522,february-empirical-v1:204ed64bc6d9fa64157d2256888ae687070ec6f9d0d554829fd4d8827c29541c,True,21,0.45183886650451666,2.7693770850911505,2,2026-02-16T20:00:00+05:00,2026-02-16T15:00:00+00:00,7.690413353175202
2026-02-15,2026-02-15T18:00:00+00:00,2026-02-15T23:00:00+05:00,2026-02-15T12:00:00+00:00,2026-02-15T16:02:39+00:00,d8e8cd243450630a7196be079568d6abc3ed1c27dc46977d28453c1e58b48522,february-empirical-v1:204ed64bc6d9fa64157d2256888ae687070ec6f9d0d554829fd4d8827c29541c,True,22,0.4216693231224936,2.4260130370944353,2,2026-02-16T21:00:00+05:00,2026-02-16T16:00:00+00:00,7.479591615202059
2026-02-15,2026-02-15T18:00:00+00:00,2026-02-15T23:00:00+05:00,2026-02-15T12:00:00+00:00,2026-02-15T16:02:39+00:00,d8e8cd243450630a7196be079568d6abc3ed1c27dc46977d28453c1e58b48522,february-empirical-v1:204ed64bc6d9fa64157d2256888ae687070ec6f9d0d554829fd4d8827c29541c,True,23,0.4612828001392976,2.142866824305486,2,2026-02-16T22:00:00+05:00,2026-02-16T17:00:00+00:00,7.75624602478324
2026-02-15,2026-02-15T18:00:00+00:00,2026-02-15T23:00:00+05:00,2026-02-15T12:00:00+00:00,2026-02-15T16:02:39+00:00,d8e8cd243450630a7196be079568d6abc3ed1c27dc46977d28453c1e58b48522,february-empirical-v1:204ed64bc6d9fa64157d2256888ae687070ec6f9d0d554829fd4d8827c29541c,True,24,0.489242345720806,1.89853337363337,2,2026-02-16T23:00:00+05:00,2026-02-16T18:00:00+00:00,7.946727173945432
2026-02-16,2026-02-16T18:00:00+00:00,2026-02-16T23:00:00+05:00,2026-02-16T12:00:00+00:00,2026-02-16T16:01:08+00:00,08f9604530e9db29993cb01c55cc0963d6422a5132a3ed50987dab793af4d3d6,february-empirical-v1:204ed64bc6d9fa64157d2256888ae687070ec6f9d0d554829fd4d8827c29541c,True,1,0.33385715672819744,4.307503520706064,1,2026-02-17T00:00:00+05:00,2026-02-16T19:00:00+00:00,6.805031711172852
2026-02-16,2026-02-16T18:00:00+00:00,2026-02-16T23:00:00+05:00,2026-02-16T12:00:00+00:00,2026-02-16T16:01:08+00:00,08f9604530e9db29993cb01c55cc0963d6422a5132a3ed50987dab793af4d3d6,february-empirical-v1:204ed64bc6d9fa64157d2256888ae687070ec6f9d0d554829fd4d8827c29541c,True,2,0.27117965590014187,4.2719886755580205,1,2026-02-17T01:00:00+05:00,2026-02-16T20:00:00+00:00,6.350755084488533
2026-02-16,2026-02-16T18:00:00+00:00,2026-02-16T23:00:00+05:00,2026-02-16T12:00:00+00:00,2026-02-16T16:01:08+00:00,08f9604530e9db29993cb01c55cc0963d6422a5132a3ed50987dab793af4d3d6,february-empirical-v1:204ed64bc6d9fa64157d2256888ae687070ec6f9d0d554829fd4d8827c29541c,True,3,0.22493679090693822,4.11463191397803,1,2026-02-17T02:00:00+05:00,2026-02-16T21:00:00+00:00,5.982747126549978
2026-02-16,2026-02-16T18:00:00+00:00,2026-02-16T23:00:00+05:00,2026-02-16T12:00:00+00:00,2026-02-16T16:01:08+00:00,08f9604530e9db29993cb01c55cc0963d6422a5132a3ed50987dab793af4d3d6,february-empirical-v1:204ed64bc6d9fa64157d2256888ae687070ec6f9d0d554829fd4d8827c29541c,True,4,0.14282052592987027,4.089738899226006,1,2026-02-17T03:00:00+05:00,2026-02-16T22:00:00+00:00,5.151149577325504
2026-02-16,2026-02-16T18:00:00+00:00,2026-02-16T23:00:00+05:00,2026-02-16T12:00:00+00:00,2026-02-16T16:01:08+00:00,08f9604530e9db29993cb01c55cc0963d6422a5132a3ed50987dab793af4d3d6,february-empirical-v1:204ed64bc6d9fa64157d2256888ae687070ec6f9d0d554829fd4d8827c29541c,True,5,0.11389481970860477,3.7851136649120463,1,2026-02-17T04:00:00+05:00,2026-02-16T23:00:00+00:00,4.762041606318555
2026-02-16,2026-02-16T18:00:00+00:00,2026-02-16T23:00:00+05:00,2026-02-16T12:00:00+00:00,2026-02-16T16:01:08+00:00,08f9604530e9db29993cb01c55cc0963d6422a5132a3ed50987dab793af4d3d6,february-empirical-v1:204ed64bc6d9fa64157d2256888ae687070ec6f9d0d554829fd4d8827c29541c,True,6,0.12552218873100482,3.528741290753999,1,2026-02-17T05:00:00+05:00,2026-02-17T00:00:00+00:00,4.918452721533747
2026-02-16,2026-02-16T18:00:00+00:00,2026-02-16T23:00:00+05:00,2026-02-16T12:00:00+00:00,2026-02-16T16:01:08+00:00,08f9604530e9db29993cb01c55cc0963d6422a5132a3ed50987dab793af4d3d6,february-empirical-v1:204ed64bc6d9fa64157d2256888ae687070ec6f9d0d554829fd4d8827c29541c,True,7,0.03585620789025477,3.564544549860045,1,2026-02-17T06:00:00+05:00,2026-02-17T01:00:00+00:00,3.0894726517620485
2026-02-16,2026-02-16T18:00:00+00:00,2026-02-16T23:00:00+05:00,2026-02-16T12:00:00+00:00,2026-02-16T16:01:08+00:00,08f9604530e9db29993cb01c55cc0963d6422a5132a3ed50987dab793af4d3d6,february-empirical-v1:204ed64bc6d9fa64157d2256888ae687070ec6f9d0d554829fd4d8827c29541c,True,8,0.015149615958785941,3.4583190391180096,1,2026-02-17T07:00:00+05:00,2026-02-17T02:00:00+00:00,2.149479139662392
2026-02-16,2026-02-16T18:00:00+00:00,2026-02-16T23:00:00+05:00,2026-02-16T12:00:00+00:00,2026-02-16T16:01:08+00:00,08f9604530e9db29993cb01c55cc0963d6422a5132a3ed50987dab793af4d3d6,february-empirical-v1:204ed64bc6d9fa64157d2256888ae687070ec6f9d0d554829fd4d8827c29541c,True,9,0.022584664599206394,3.882637761028036,1,2026-02-17T08:00:00+05:00,2026-02-17T03:00:00+00:00,2.5903126049588243
2026-02-16,2026-02-16T18:00:00+00:00,2026-02-16T23:00:00+05:00,2026-02-16T12:00:00+00:00,2026-02-16T16:01:08+00:00,08f9604530e9db29993cb01c55cc0963d6422a5132a3ed50987dab793af4d3d6,february-empirical-v1:204ed64bc6d9fa64157d2256888ae687070ec6f9d0d554829fd4d8827c29541c,True,10,0.07858206081659283,4.08753536561602,1,2026-02-17T09:00:00+05:00,2026-02-17T04:00:00+00:00,4.161637802048401
2026-02-16,2026-02-16T18:00:00+00:00,2026-02-16T23:00:00+05:00,2026-02-16T12:00:00+00:00,2026-02-16T16:01:08+00:00,08f9604530e9db29993cb01c55cc0963d6422a5132a3ed50987dab793af4d3d6,february-empirical-v1:204ed64bc6d9fa64157d2256888ae687070ec6f9d0d554829fd4d8827c29541c,True,11,0.07047167356604513,4.076927799700002,1,2026-02-17T10:00:00+05:00,2026-02-17T05:00:00+00:00,3.9925707778909585
2026-02-16,2026-02-16T18:00:00+00:00,2026-02-16T23:00:00+05:00,2026-02-16T12:00:00+00:00,2026-02-16T16:01:08+00:00,08f9604530e9db29993cb01c55cc0963d6422a5132a3ed50987dab793af4d3d6,february-empirical-v1:204ed64bc6d9fa64157d2256888ae687070ec6f9d0d554829fd4d8827c29541c,True,12,0.05101071522655598,4.431052673602039,1,2026-02-17T11:00:00+05:00,2026-02-17T06:00:00+00:00,3.5341403372913884
2026-02-16,2026-02-16T18:00:00+00:00,2026-02-16T23:00:00+05:00,2026-02-16T12:00:00+00:00,2026-02-16T16:01:08+00:00,08f9604530e9db29993cb01c55cc0963d6422a5132a3ed50987dab793af4d3d6,february-empirical-v1:204ed64bc6d9fa64157d2256888ae687070ec6f9d0d554829fd4d8827c29541c,True,13,0.05281791168154988,4.560366980772017,1,2026-02-17T12:00:00+05:00,2026-02-17T07:00:00+00:00,3.583996721418088
2026-02-16,2026-02-16T18:00:00+00:00,2026-02-16T23:00:00+05:00,2026-02-16T12:00:00+00:00,2026-02-16T16:01:08+00:00,08f9604530e9db29993cb01c55cc0963d6422a5132a3ed50987dab793af4d3d6,february-empirical-v1:204ed64bc6d9fa64157d2256888ae687070ec6f9d0d554829fd4d8827c29541c,True,14,0.0742468033277866,4.669350667408025,1,2026-02-17T13:00:00+05:00,2026-02-17T08:00:00+00:00,4.071266151479035
2026-02-16,2026-02-16T18:00:00+00:00,2026-02-16T23:00:00+05:00,2026-02-16T12:00:00+00:00,2026-02-16T16:01:08+00:00,08f9604530e9db29993cb01c55cc0963d6422a5132a3ed50987dab793af4d3d6,february-empirical-v1:204ed64bc6d9fa64157d2256888ae687070ec6f9d0d554829fd4d8827c29541c,True,15,0.10059386935578132,4.928254124755995,1,2026-02-17T14:00:00+05:00,2026-02-17T09:00:00+00:00,4.544461362506542
2026-02-16,2026-02-16T18:00:00+00:00,2026-02-16T23:00:00+05:00,2026-02-16T12:00:00+00:00,2026-02-16T16:01:08+00:00,08f9604530e9db29993cb01c55cc0963d6422a5132a3ed50987dab793af4d3d6,february-empirical-v1:204ed64bc6d9fa64157d2256888ae687070ec6f9d0d554829fd4d8827c29541c,True,16,0.15287343595567715,5.20770880993399,1,2026-02-17T15:00:00+05:00,2026-02-17T10:00:00+00:00,5.279077801793099
2026-02-16,2026-02-16T18:00:00+00:00,2026-02-16T23:00:00+05:00,2026-02-16T12:00:00+00:00,2026-02-16T16:01:08+00:00,08f9604530e9db29993cb01c55cc0963d6422a5132a3ed50987dab793af4d3d6,february-empirical-v1:204ed64bc6d9fa64157d2256888ae687070ec6f9d0d554829fd4d8827c29541c,True,17,0.22981597596494305,5.194909396414005,1,2026-02-17T16:00:00+05:00,2026-02-17T11:00:00+00:00,6.022927398096255
2026-02-16,2026-02-16T18:00:00+00:00,2026-02-16T23:00:00+05:00,2026-02-16T12:00:00+00:00,2026-02-16T16:01:08+00:00,08f9604530e9db29993cb01c55cc0963d6422a5132a3ed50987dab793af4d3d6,february-empirical-v1:204ed64bc6d9fa64157d2256888ae687070ec6f9d0d554829fd4d8827c29541c,True,18,0.2987215994940696,4.75676488067603,1,2026-02-17T17:00:00+05:00,2026-02-17T12:00:00+00:00,6.551991302238546
2026-02-16,2026-02-16T18:00:00+00:00,2026-02-16T23:00:00+05:00,2026-02-16T12:00:00+00:00,2026-02-16T16:01:08+00:00,08f9604530e9db29993cb01c55cc0963d6422a5132a3ed50987dab793af4d3d6,february-empirical-v1:204ed64bc6d9fa64157d2256888ae687070ec6f9d0d554829fd4d8827c29541c,True,19,0.4225142625149416,4.485436443614049,1,2026-02-17T18:00:00+05:00,2026-02-17T13:00:00+00:00,7.403961880958506
2026-02-16,2026-02-16T18:00:00+00:00,2026-02-16T23:00:00+05:00,2026-02-16T12:00:00+00:00,2026-02-16T16:01:08+00:00,08f9604530e9db29993cb01c55cc0963d6422a5132a3ed50987dab793af4d3d6,february-empirical-v1:204ed64bc6d9fa64157d2256888ae687070ec6f9d0d554829fd4d8827c29541c,True,20,0.49315107641082717,4.386135824842029,1,2026-02-17T19:00:00+05:00,2026-02-17T14:00:00+00:00,7.871823028681695
2026-02-16,2026-02-16T18:00:00+00:00,2026-02-16T23:00:00+05:00,2026-02-16T12:00:00+00:00,2026-02-16T16:01:08+00:00,08f9604530e9db29993cb01c55cc0963d6422a5132a3ed50987dab793af4d3d6,february-empirical-v1:204ed64bc6d9fa64157d2256888ae687070ec6f9d0d554829fd4d8827c29541c,True,21,0.5321025082398477,4.206984128925967,1,2026-02-17T20:00:00+05:00,2026-02-17T15:00:00+00:00,8.144514758840488
2026-02-16,2026-02-16T18:00:00+00:00,2026-02-16T23:00:00+05:00,2026-02-16T12:00:00+00:00,2026-02-16T16:01:08+00:00,08f9604530e9db29993cb01c55cc0963d6422a5132a3ed50987dab793af4d3d6,february-empirical-v1:204ed64bc6d9fa64157d2256888ae687070ec6f9d0d554829fd4d8827c29541c,True,22,0.5989034249208742,3.623481612580008,1,2026-02-17T21:00:00+05:00,2026-02-17T16:00:00+00:00,8.577240937365495
2026-02-16,2026-02-16T18:00:00+00:00,2026-02-16T23:00:00+05:00,2026-02-16T12:00:00+00:00,2026-02-16T16:01:08+00:00,08f9604530e9db29993cb01c55cc0963d6422a5132a3ed50987dab793af4d3d6,february-empirical-v1:204ed64bc6d9fa64157d2256888ae687070ec6f9d0d554829fd4d8827c29541c,True,23,0.5080822349325655,3.466132005770021,1,2026-02-17T22:00:00+05:00,2026-02-17T17:00:00+00:00,7.976353292638116
2026-02-16,2026-02-16T18:00:00+00:00,2026-02-16T23:00:00+05:00,2026-02-16T12:00:00+00:00,2026-02-16T16:01:08+00:00,08f9604530e9db29993cb01c55cc0963d6422a5132a3ed50987dab793af4d3d6,february-empirical-v1:204ed64bc6d9fa64157d2256888ae687070ec6f9d0d554829fd4d8827c29541c,True,24,0.4963193338176815,2.801576636152504,1,2026-02-17T23:00:00+05:00,2026-02-17T18:00:00+00:00,7.894003409563608
2026-02-16,2026-02-16T18:00:00+00:00,2026-02-16T23:00:00+05:00,2026-02-16T12:00:00+00:00,2026-02-16T16:01:08+00:00,08f9604530e9db29993cb01c55cc0963d6422a5132a3ed50987dab793af4d3d6,february-empirical-v1:204ed64bc6d9fa64157d2256888ae687070ec6f9d0d554829fd4d8827c29541c,True,1,0.3136822330747908,4.28975218527944,2,2026-02-17T00:00:00+05:00,2026-02-16T19:00:00+00:00,6.74175256954681
2026-02-16,2026-02-16T18:00:00+00:00,2026-02-16T23:00:00+05:00,2026-02-16T12:00:00+00:00,2026-02-16T16:01:08+00:00,08f9604530e9db29993cb01c55cc0963d6422a5132a3ed50987dab793af4d3d6,february-empirical-v1:204ed64bc6d9fa64157d2256888ae687070ec6f9d0d554829fd4d8827c29541c,True,2,0.2545847390167443,4.256645119863947,2,2026-02-17T01:00:00+05:00,2026-02-16T20:00:00+00:00,6.303756036079554
2026-02-16,2026-02-16T18:00:00+00:00,2026-02-16T23:00:00+05:00,2026-02-16T12:00:00+00:00,2026-02-16T16:01:08+00:00,08f9604530e9db29993cb01c55cc0963d6422a5132a3ed50987dab793af4d3d6,february-empirical-v1:204ed64bc6d9fa64157d2256888ae687070ec6f9d0d554829fd4d8827c29541c,True,3,0.20840406223820446,4.093273226584756,2,2026-02-17T02:00:00+05:00,2026-02-16T21:00:00+00:00,5.911074902167903
2026-02-16,2026-02-16T18:00:00+00:00,2026-02-16T23:00:00+05:00,2026-02-16T12:00:00+00:00,2026-02-16T16:01:08+00:00,08f9604530e9db29993cb01c55cc0963d6422a5132a3ed50987dab793af4d3d6,february-empirical-v1:204ed64bc6d9fa64157d2256888ae687070ec6f9d0d554829fd4d8827c29541c,True,4,0.1309662589291168,4.062777186724247,2,2026-02-17T03:00:00+05:00,2026-02-16T22:00:00+00:00,5.072134777524902
2026-02-16,2026-02-16T18:00:00+00:00,2026-02-16T23:00:00+05:00,2026-02-16T12:00:00+00:00,2026-02-16T16:01:08+00:00,08f9604530e9db29993cb01c55cc0963d6422a5132a3ed50987dab793af4d3d6,february-empirical-v1:204ed64bc6d9fa64157d2256888ae687070ec6f9d0d554829fd4d8827c29541c,True,5,0.10387582482040643,3.7559359802989434,2,2026-02-17T04:00:00+05:00,2026-02-16T23:00:00+00:00,4.695791053293305
2026-02-16,2026-02-16T18:00:00+00:00,2026-02-16T23:00:00+05:00,2026-02-16T12:00:00+00:00,2026-02-16T16:01:08+00:00,08f9604530e9db29993cb01c55cc0963d6422a5132a3ed50987dab793af4d3d6,february-empirical-v1:204ed64bc6d9fa64157d2256888ae687070ec6f9d0d554829fd4d8827c29541c,True,6,0.11480473364696965,3.4975108609709764,2,2026-02-17T05:00:00+05:00,2026-02-17T00:00:00+00:00,4.856521322440081
2026-02-16,2026-02-16T18:00:00+00:00,2026-02-16T23:00:00+05:00,2026-02-16T12:00:00+00:00,2026-02-16T16:01:08+00:00,08f9604530e9db29993cb01c55cc0963d6422a5132a3ed50987dab793af4d3d6,february-empirical-v1:204ed64bc6d9fa64157d2256888ae687070ec6f9d0d554829fd4d8827c29541c,True,7,0.03251097195504748,3.534376136266417,2,2026-02-17T06:00:00+05:00,2026-02-17T01:00:00+00:00,3.058199329536909
2026-02-16,2026-02-16T18:00:00+00:00,2026-02-16T23:00:00+05:00,2026-02-16T12:00:00+00:00,2026-02-16T16:01:08+00:00,08f9604530e9db29993cb01c55cc0963d6422a5132a3ed50987dab793af4d3d6,february-empirical-v1:204ed64bc6d9fa64157d2256888ae687070ec6f9d0d554829fd4d8827c29541c,True,8,0.013479439713790906,3.4330606053183033,2,2026-02-17T07:00:00+05:00,2026-02-17T02:00:00+00:00,2.1144832330350347
2026-02-16,2026-02-16T18:00:00+00:00,2026-02-16T23:00:00+05:00,2026-02-16T12:00:00+00:00,2026-02-16T16:01:08+00:00,08f9604530e9db29993cb01c55cc0963d6422a5132a3ed50987dab793af4d3d6,february-empirical-v1:204ed64bc6d9fa64157d2256888ae687070ec6f9d0d554829fd4d8827c29541c,True,9,0.020799928897753544,3.8587190306267303,2,2026-02-17T08:00:00+05:00,2026-02-17T03:00:00+00:00,2.5676550811173118
2026-02-16,2026-02-16T18:00:00+00:00,2026-02-16T23:00:00+05:00,2026-02-16T12:00:00+00:00,2026-02-16T16:01:08+00:00,08f9604530e9db29993cb01c55cc0963d6422a5132a3ed50987dab793af4d3d6,february-empirical-v1:204ed64bc6d9fa64157d2256888ae687070ec6f9d0d554829fd4d8827c29541c,True,10,0.07387448021392355,4.0655628667078645,2,2026-02-17T09:00:00+05:00,2026-02-17T04:00:00+00:00,4.126400742126764
2026-02-16,2026-02-16T18:00:00+00:00,2026-02-16T23:00:00+05:00,2026-02-16T12:00:00+00:00,2026-02-16T16:01:08+00:00,08f9604530e9db29993cb01c55cc0963d6422a5132a3ed50987dab793af4d3d6,february-empirical-v1:204ed64bc6d9fa64157d2256888ae687070ec6f9d0d554829fd4d8827c29541c,True,11,0.06558543744863067,4.063183615827995,2,2026-02-17T10:00:00+05:00,2026-02-17T05:00:00+00:00,3.9493652158852153
2026-02-16,2026-02-16T18:00:00+00:00,2026-02-16T23:00:00+05:00,2026-02-16T12:00:00+00:00,2026-02-16T16:01:08+00:00,08f9604530e9db29993cb01c55cc0963d6422a5132a3ed50987dab793af4d3d6,february-empirical-v1:204ed64bc6d9fa64157d2256888ae687070ec6f9d0d554829fd4d8827c29541c,True,12,0.04664956431204022,4.4196150133344645,2,2026-02-17T11:00:00+05:00,2026-02-17T06:00:00+00:00,3.492230844186891
2026-02-16,2026-02-16T18:00:00+00:00,2026-02-16T23:00:00+05:00,2026-02-16T12:00:00+00:00,2026-02-16T16:01:08+00:00,08f9604530e9db29993cb01c55cc0963d6422a5132a3ed50987dab793af4d3d6,february-empirical-v1:204ed64bc6d9fa64157d2256888ae687070ec6f9d0d554829fd4d8827c29541c,True,13,0.048433075062311995,4.545843468805344,2,2026-02-17T12:00:00+05:00,2026-02-17T07:00:00+00:00,3.5401132045309405
2026-02-16,2026-02-16T18:00:00+00:00,2026-02-16T23:00:00+05:00,2026-02-16T12:00:00+00:00,2026-02-16T16:01:08+00:00,08f9604530e9db29993cb01c55cc0963d6422a5132a3ed50987dab793af4d3d6,february-empirical-v1:204ed64bc6d9fa64157d2256888ae687070ec6f9d0d554829fd4d8827c29541c,True,14,0.06881480766744084,4.651878199457997,2,2026-02-17T13:00:00+05:00,2026-02-17T08:00:00+00:00,4.018337384602895
2026-02-16,2026-02-16T18:00:00+00:00,2026-02-16T23:00:00+05:00,2026-02-16T12:00:00+00:00,2026-02-16T16:01:08+00:00,08f9604530e9db29993cb01c55cc0963d6422a5132a3ed50987dab793af4d3d6,february-empirical-v1:204ed64bc6d9fa64157d2256888ae687070ec6f9d0d554829fd4d8827c29541c,True,15,0.09280977025846454,4.90927609320147,2,2026-02-17T14:00:00+05:00,2026-02-17T09:00:00+00:00,4.492062007708904
2026-02-16,2026-02-16T18:00:00+00:00,2026-02-16T23:00:00+05:00,2026-02-16T12:00:00+00:00,2026-02-16T16:01:08+00:00,08f9604530e9db29993cb01c55cc0963d6422a5132a3ed50987dab793af4d3d6,february-empirical-v1:204ed64bc6d9fa64157d2256888ae687070ec6f9d0d554829fd4d8827c29541c,True,16,0.14233981056873887,5.190674266474218,2,2026-02-17T15:00:00+05:00,2026-02-17T10:00:00+00:00,5.2238711218855105
2026-02-16,2026-02-16T18:00:00+00:00,2026-02-16T23:00:00+05:00,2026-02-16T12:00:00+00:00,2026-02-16T16:01:08+00:00,08f9604530e9db29993cb01c55cc0963d6422a5132a3ed50987dab793af4d3d6,february-empirical-v1:204ed64bc6d9fa64157d2256888ae687070ec6f9d0d554829fd4d8827c29541c,True,17,0.21384891565405068,5.179359790029366,2,2026-02-17T16:00:00+05:00,2026-02-17T11:00:00+00:00,5.958480859184434
2026-02-16,2026-02-16T18:00:00+00:00,2026-02-16T23:00:00+05:00,2026-02-16T12:00:00+00:00,2026-02-16T16:01:08+00:00,08f9604530e9db29993cb01c55cc0963d6422a5132a3ed50987dab793af4d3d6,february-empirical-v1:204ed64bc6d9fa64157d2256888ae687070ec6f9d0d554829fd4d8827c29541c,True,18,0.27803785959157895,4.74088851742232,2,2026-02-17T17:00:00+05:00,2026-02-17T12:00:00+00:00,6.47757703601362
2026-02-16,2026-02-16T18:00:00+00:00,2026-02-16T23:00:00+05:00,2026-02-16T12:00:00+00:00,2026-02-16T16:01:08+00:00,08f9604530e9db29993cb01c55cc0963d6422a5132a3ed50987dab793af4d3d6,february-empirical-v1:204ed64bc6d9fa64157d2256888ae687070ec6f9d0d554829fd4d8827c29541c,True,19,0.3979556991020646,4.468535293357434,2,2026-02-17T18:00:00+05:00,2026-02-17T13:00:00+00:00,7.313883193091585
2026-02-16,2026-02-16T18:00:00+00:00,2026-02-16T23:00:00+05:00,2026-02-16T12:00:00+00:00,2026-02-16T16:01:08+00:00,08f9604530e9db29993cb01c55cc0963d6422a5132a3ed50987dab793af4d3d6,february-empirical-v1:204ed64bc6d9fa64157d2256888ae687070ec6f9d0d554829fd4d8827c29541c,True,20,0.46350063895729693,4.364663693432135,2,2026-02-17T19:00:00+05:00,2026-02-17T14:00:00+00:00,7.771355586756537
2026-02-16,2026-02-16T18:00:00+00:00,2026-02-16T23:00:00+05:00,2026-02-16T12:00:00+00:00,2026-02-16T16:01:08+00:00,08f9604530e9db29993cb01c55cc0963d6422a5132a3ed50987dab793af4d3d6,february-empirical-v1:204ed64bc6d9fa64157d2256888ae687070ec6f9d0d554829fd4d8827c29541c,True,21,0.5020042660587385,4.182651352552284,2,2026-02-17T20:00:00+05:00,2026-02-17T15:00:00+00:00,8.033670834900118
2026-02-16,2026-02-16T18:00:00+00:00,2026-02-16T23:00:00+05:00,2026-02-16T12:00:00+00:00,2026-02-16T16:01:08+00:00,08f9604530e9db29993cb01c55cc0963d6422a5132a3ed50987dab793af4d3d6,february-empirical-v1:204ed64bc6d9fa64157d2256888ae687070ec6f9d0d554829fd4d8827c29541c,True,22,0.5680800438506586,3.6024350249192025,2,2026-02-17T21:00:00+05:00,2026-02-17T16:00:00+00:00,8.460630036140182
2026-02-16,2026-02-16T18:00:00+00:00,2026-02-16T23:00:00+05:00,2026-02-16T12:00:00+00:00,2026-02-16T16:01:08+00:00,08f9604530e9db29993cb01c55cc0963d6422a5132a3ed50987dab793af4d3d6,february-empirical-v1:204ed64bc6d9fa64157d2256888ae687070ec6f9d0d554829fd4d8827c29541c,True,23,0.4782585593287032,3.4382029493348796,2,2026-02-17T22:00:00+05:00,2026-02-17T17:00:00+00:00,7.871897479449127
2026-02-16,2026-02-16T18:00:00+00:00,2026-02-16T23:00:00+05:00,2026-02-16T12:00:00+00:00,2026-02-16T16:01:08+00:00,08f9604530e9db29993cb01c55cc0963d6422a5132a3ed50987dab793af4d3d6,february-empirical-v1:204ed64bc6d9fa64157d2256888ae687070ec6f9d0d554829fd4d8827c29541c,True,24,0.4671309125659529,2.7748037865140986,2,2026-02-17T23:00:00+05:00,2026-02-17T18:00:00+00:00,7.796087701473284
2026-02-17,2026-02-17T18:00:00+00:00,2026-02-17T23:00:00+05:00,2026-02-17T12:00:00+00:00,2026-02-17T16:01:59+00:00,4d13feb29900c9b8d2bd2e0d738abe4ca7b550c221bdca36bc658ba00129fbec,february-empirical-v1:204ed64bc6d9fa64157d2256888ae687070ec6f9d0d554829fd4d8827c29541c,True,1,0.45795792864776025,3.4442854521250297,1,2026-02-18T00:00:00+05:00,2026-02-17T19:00:00+00:00,7.634350410798323
2026-02-17,2026-02-17T18:00:00+00:00,2026-02-17T23:00:00+05:00,2026-02-17T12:00:00+00:00,2026-02-17T16:01:59+00:00,4d13feb29900c9b8d2bd2e0d738abe4ca7b550c221bdca36bc658ba00129fbec,february-empirical-v1:204ed64bc6d9fa64157d2256888ae687070ec6f9d0d554829fd4d8827c29541c,True,2,0.4369538004564063,3.0658917321600256,1,2026-02-18T01:00:00+05:00,2026-02-17T20:00:00+00:00,7.497820792320386
2026-02-17,2026-02-17T18:00:00+00:00,2026-02-17T23:00:00+05:00,2026-02-17T12:00:00+00:00,2026-02-17T16:01:59+00:00,4d13feb29900c9b8d2bd2e0d738abe4ca7b550c221bdca36bc658ba00129fbec,february-empirical-v1:204ed64bc6d9fa64157d2256888ae687070ec6f9d0d554829fd4d8827c29541c,True,3,0.47077408274201377,2.8041668339400303,1,2026-02-18T02:00:00+05:00,2026-02-17T21:00:00+00:00,7.717657111885929
2026-02-17,2026-02-17T18:00:00+00:00,2026-02-17T23:00:00+05:00,2026-02-17T12:00:00+00:00,2026-02-17T16:01:59+00:00,4d13feb29900c9b8d2bd2e0d738abe4ca7b550c221bdca36bc658ba00129fbec,february-empirical-v1:204ed64bc6d9fa64157d2256888ae687070ec6f9d0d554829fd4d8827c29541c,True,4,0.44780420326838355,2.663876519374014,1,2026-02-18T03:00:00+05:00,2026-02-17T22:00:00+00:00,7.5683498494064585
2026-02-17,2026-02-17T18:00:00+00:00,2026-02-17T23:00:00+05:00,2026-02-17T12:00:00+00:00,2026-02-17T16:01:59+00:00,4d13feb29900c9b8d2bd2e0d738abe4ca7b550c221bdca36bc658ba00129fbec,february-empirical-v1:204ed64bc6d9fa64157d2256888ae687070ec6f9d0d554829fd4d8827c29541c,True,5,0.5458468900772943,2.566157150238041,1,2026-02-18T04:00:00+05:00,2026-02-17T23:00:00+00:00,8.240736619943524
2026-02-17,2026-02-17T18:00:00+00:00,2026-02-17T23:00:00+05:00,2026-02-17T12:00:00+00:00,2026-02-17T16:01:59+00:00,4d13feb29900c9b8d2bd2e0d738abe4ca7b550c221bdca36bc658ba00129fbec,february-empirical-v1:204ed64bc6d9fa64157d2256888ae687070ec6f9d0d554829fd4d8827c29541c,True,6,0.49565233874957226,2.90793878876201,1,2026-02-18T05:00:00+05:00,2026-02-18T00:00:00+00:00,7.889333901137615
2026-02-17,2026-02-17T18:00:00+00:00,2026-02-17T23:00:00+05:00,2026-02-17T12:00:00+00:00,2026-02-17T16:01:59+00:00,4d13feb29900c9b8d2bd2e0d738abe4ca7b550c221bdca36bc658ba00129fbec,february-empirical-v1:204ed64bc6d9fa64157d2256888ae687070ec6f9d0d554829fd4d8827c29541c,True,7,0.5118319454257796,3.021898725806011,1,2026-02-18T06:00:00+05:00,2026-02-18T01:00:00+00:00,8.002604318440646
2026-02-17,2026-02-17T18:00:00+00:00,2026-02-17T23:00:00+05:00,2026-02-17T12:00:00+00:00,2026-02-17T16:01:59+00:00,4d13feb29900c9b8d2bd2e0d738abe4ca7b550c221bdca36bc658ba00129fbec,february-empirical-v1:204ed64bc6d9fa64157d2256888ae687070ec6f9d0d554829fd4d8827c29541c,True,8,0.5360208415083318,2.9219068575899882,1,2026-02-18T07:00:00+05:00,2026-02-18T02:00:00+00:00,8.171946281332701
2026-02-17,2026-02-17T18:00:00+00:00,2026-02-17T23:00:00+05:00,2026-02-17T12:00:00+00:00,2026-02-17T16:01:59+00:00,4d13feb29900c9b8d2bd2e0d738abe4ca7b550c221bdca36bc658ba00129fbec,february-empirical-v1:204ed64bc6d9fa64157d2256888ae687070ec6f9d0d554829fd4d8827c29541c,True,9,0.48997113039068296,3.633895852798048,1,2026-02-18T08:00:00+05:00,2026-02-18T03:00:00+00:00,7.849560817991955
2026-02-17,2026-02-17T18:00:00+00:00,2026-02-17T23:00:00+05:00,2026-02-17T12:00:00+00:00,2026-02-17T16:01:59+00:00,4d13feb29900c9b8d2bd2e0d738abe4ca7b550c221bdca36bc658ba00129fbec,february-empirical-v1:204ed64bc6d9fa64157d2256888ae687070ec6f9d0d554829fd4d8827c29541c,True,10,0.6283187345071918,4.894281738613984,1,2026-02-18T09:00:00+05:00,2026-02-18T04:00:00+00:00,8.765367993576799
2026-02-17,2026-02-17T18:00:00+00:00,2026-02-17T23:00:00+05:00,2026-02-17T12:00:00+00:00,2026-02-17T16:01:59+00:00,4d13feb29900c9b8d2bd2e0d738abe4ca7b550c221bdca36bc658ba00129fbec,february-empirical-v1:204ed64bc6d9fa64157d2256888ae687070ec6f9d0d554829fd4d8827c29541c,True,11,0.6921823000054967,6.918631138083981,1,2026-02-18T10:00:00+05:00,2026-02-18T05:00:00+00:00,9.23185674213764
2026-02-17,2026-02-17T18:00:00+00:00,2026-02-17T23:00:00+05:00,2026-02-17T12:00:00+00:00,2026-02-17T16:01:59+00:00,4d13feb29900c9b8d2bd2e0d738abe4ca7b550c221bdca36bc658ba00129fbec,february-empirical-v1:204ed64bc6d9fa64157d2256888ae687070ec6f9d0d554829fd4d8827c29541c,True,12,0.7003431361707689,8.856542785692,1,2026-02-18T11:00:00+05:00,2026-02-18T06:00:00+00:00,9.291186646641533
2026-02-17,2026-02-17T18:00:00+00:00,2026-02-17T23:00:00+05:00,2026-02-17T12:00:00+00:00,2026-02-17T16:01:59+00:00,4d13feb29900c9b8d2bd2e0d738abe4ca7b550c221bdca36bc658ba00129fbec,february-empirical-v1:204ed64bc6d9fa64157d2256888ae687070ec6f9d0d554829fd4d8827c29541c,True,13,0.7044858267503012,10.199525978162,1,2026-02-18T12:00:00+05:00,2026-02-18T07:00:00+00:00,9.321242005947632
2026-02-17,2026-02-17T18:00:00+00:00,2026-02-17T23:00:00+05:00,2026-02-17T12:00:00+00:00,2026-02-17T16:01:59+00:00,4d13feb29900c9b8d2bd2e0d738abe4ca7b550c221bdca36bc658ba00129fbec,february-empirical-v1:204ed64bc6d9fa64157d2256888ae687070ec6f9d0d554829fd4d8827c29541c,True,14,0.6828028240361251,11.000003158566017,1,2026-02-18T13:00:00+05:00,2026-02-18T08:00:00+00:00,9.163344751412275
2026-02-17,2026-02-17T18:00:00+00:00,2026-02-17T23:00:00+05:00,2026-02-17T12:00:00+00:00,2026-02-17T16:01:59+00:00,4d13feb29900c9b8d2bd2e0d738abe4ca7b550c221bdca36bc658ba00129fbec,february-empirical-v1:204ed64bc6d9fa64157d2256888ae687070ec6f9d0d554829fd4d8827c29541c,True,15,0.6952874443663175,11.381749438413976,1,2026-02-18T14:00:00+05:00,2026-02-18T09:00:00+00:00,9.25450743278124
2026-02-17,2026-02-17T18:00:00+00:00,2026-02-17T23:00:00+05:00,2026-02-17T12:00:00+00:00,2026-02-17T16:01:59+00:00,4d13feb29900c9b8d2bd2e0d738abe4ca7b550c221bdca36bc658ba00129fbec,february-empirical-v1:204ed64bc6d9fa64157d2256888ae687070ec6f9d0d554829fd4d8827c29541c,True,16,0.6984159744047476,11.304784200068013,1,2026-02-18T15:00:00+05:00,2026-02-18T10:00:00+00:00,9.277205023296329
2026-02-17,2026-02-17T18:00:00+00:00,2026-02-17T23:00:00+05:00,2026-02-17T12:00:00+00:00,2026-02-17T16:01:59+00:00,4d13feb29900c9b8d2bd2e0d738abe4ca7b550c221bdca36bc658ba00129fbec,february-empirical-v1:204ed64bc6d9fa64157d2256888ae687070ec6f9d0d554829fd4d8827c29541c,True,17,0.6463500187983573,10.313921580836052,1,2026-02-18T16:00:00+05:00,2026-02-18T11:00:00+00:00,8.897076757068149
2026-02-17,2026-02-17T18:00:00+00:00,2026-02-17T23:00:00+05:00,2026-02-17T12:00:00+00:00,2026-02-17T16:01:59+00:00,4d13feb29900c9b8d2bd2e0d738abe4ca7b550c221bdca36bc658ba00129fbec,february-empirical-v1:204ed64bc6d9fa64157d2256888ae687070ec6f9d0d554829fd4d8827c29541c,True,18,0.5521859610362606,8.805061297902057,1,2026-02-18T17:00:00+05:00,2026-02-18T12:00:00+00:00,8.281728138466974
2026-02-17,2026-02-17T18:00:00+00:00,2026-02-17T23:00:00+05:00,2026-02-17T12:00:00+00:00,2026-02-17T16:01:59+00:00,4d13feb29900c9b8d2bd2e0d738abe4ca7b550c221bdca36bc658ba00129fbec,february-empirical-v1:204ed64bc6d9fa64157d2256888ae687070ec6f9d0d554829fd4d8827c29541c,True,19,0.3842941085006065,7.86794524096598,1,2026-02-18T18:00:00+05:00,2026-02-18T13:00:00+00:00,7.150459575457904
2026-02-17,2026-02-17T18:00:00+00:00,2026-02-17T23:00:00+05:00,2026-02-17T12:00:00+00:00,2026-02-17T16:01:59+00:00,4d13feb29900c9b8d2bd2e0d738abe4ca7b550c221bdca36bc658ba00129fbec,february-empirical-v1:204ed64bc6d9fa64157d2256888ae687070ec6f9d0d554829fd4d8827c29541c,True,20,0.46771036824960205,7.354023549998033,1,2026-02-18T19:00:00+05:00,2026-02-18T14:00:00+00:00,7.697742561424059
2026-02-17,2026-02-17T18:00:00+00:00,2026-02-17T23:00:00+05:00,2026-02-17T12:00:00+00:00,2026-02-17T16:01:59+00:00,4d13feb29900c9b8d2bd2e0d738abe4ca7b550c221bdca36bc658ba00129fbec,february-empirical-v1:204ed64bc6d9fa64157d2256888ae687070ec6f9d0d554829fd4d8827c29541c,True,21,0.4351861013176302,6.729741098258046,1,2026-02-18T20:00:00+05:00,2026-02-18T15:00:00+00:00,7.486330513514136
2026-02-17,2026-02-17T18:00:00+00:00,2026-02-17T23:00:00+05:00,2026-02-17T12:00:00+00:00,2026-02-17T16:01:59+00:00,4d13feb29900c9b8d2bd2e0d738abe4ca7b550c221bdca36bc658ba00129fbec,february-empirical-v1:204ed64bc6d9fa64157d2256888ae687070ec6f9d0d554829fd4d8827c29541c,True,22,0.4518165113308447,6.3380098803500005,1,2026-02-18T21:00:00+05:00,2026-02-18T16:00:00+00:00,7.5944303838610745
2026-02-17,2026-02-17T18:00:00+00:00,2026-02-17T23:00:00+05:00,2026-02-17T12:00:00+00:00,2026-02-17T16:01:59+00:00,4d13feb29900c9b8d2bd2e0d738abe4ca7b550c221bdca36bc658ba00129fbec,february-empirical-v1:204ed64bc6d9fa64157d2256888ae687070ec6f9d0d554829fd4d8827c29541c,True,23,0.3819212082767,6.034069078080051,1,2026-02-18T22:00:00+05:00,2026-02-18T17:00:00+00:00,7.13420827898376
2026-02-17,2026-02-17T18:00:00+00:00,2026-02-17T23:00:00+05:00,2026-02-17T12:00:00+00:00,2026-02-17T16:01:59+00:00,4d13feb29900c9b8d2bd2e0d738abe4ca7b550c221bdca36bc658ba00129fbec,february-empirical-v1:204ed64bc6d9fa64157d2256888ae687070ec6f9d0d554829fd4d8827c29541c,True,24,0.4838186631188611,5.796658139017552,1,2026-02-18T23:00:00+05:00,2026-02-18T18:00:00+00:00,7.806488538840243
2026-02-17,2026-02-17T18:00:00+00:00,2026-02-17T23:00:00+05:00,2026-02-17T12:00:00+00:00,2026-02-17T16:01:59+00:00,4d13feb29900c9b8d2bd2e0d738abe4ca7b550c221bdca36bc658ba00129fbec,february-empirical-v1:204ed64bc6d9fa64157d2256888ae687070ec6f9d0d554829fd4d8827c29541c,True,1,0.4303065060223826,3.419108305885061,2,2026-02-18T00:00:00+05:00,2026-02-17T19:00:00+00:00,7.5399473815154305
2026-02-17,2026-02-17T18:00:00+00:00,2026-02-17T23:00:00+05:00,2026-02-17T12:00:00+00:00,2026-02-17T16:01:59+00:00,4d13feb29900c9b8d2bd2e0d738abe4ca7b550c221bdca36bc658ba00129fbec,february-empirical-v1:204ed64bc6d9fa64157d2256888ae687070ec6f9d0d554829fd4d8827c29541c,True,2,0.412013520401871,3.0436350893184567,2,2026-02-18T01:00:00+05:00,2026-02-17T20:00:00+00:00,7.412117835923701
2026-02-17,2026-02-17T18:00:00+00:00,2026-02-17T23:00:00+05:00,2026-02-17T12:00:00+00:00,2026-02-17T16:01:59+00:00,4d13feb29900c9b8d2bd2e0d738abe4ca7b550c221bdca36bc658ba00129fbec,february-empirical-v1:204ed64bc6d9fa64157d2256888ae687070ec6f9d0d554829fd4d8827c29541c,True,3,0.4427291825392223,2.784746672045628,2,2026-02-18T02:00:00+05:00,2026-02-17T21:00:00+00:00,7.626755796889687
2026-02-17,2026-02-17T18:00:00+00:00,2026-02-17T23:00:00+05:00,2026-02-17T12:00:00+00:00,2026-02-17T16:01:59+00:00,4d13feb29900c9b8d2bd2e0d738abe4ca7b550c221bdca36bc658ba00129fbec,february-empirical-v1:204ed64bc6d9fa64157d2256888ae687070ec6f9d0d554829fd4d8827c29541c,True,4,0.4213983915991651,2.6484884671398277,2,2026-02-18T03:00:00+05:00,2026-02-17T22:00:00+00:00,7.4776983729379465
2026-02-17,2026-02-17T18:00:00+00:00,2026-02-17T23:00:00+05:00,2026-02-17T12:00:00+00:00,2026-02-17T16:01:59+00:00,4d13feb29900c9b8d2bd2e0d738abe4ca7b550c221bdca36bc658ba00129fbec,february-empirical-v1:204ed64bc6d9fa64157d2256888ae687070ec6f9d0d554829fd4d8827c29541c,True,5,0.5189919952192509,2.5481078139871443,2,2026-02-18T04:00:00+05:00,2026-02-17T23:00:00+00:00,8.149403837881774
2026-02-17,2026-02-17T18:00:00+00:00,2026-02-17T23:00:00+05:00,2026-02-17T12:00:00+00:00,2026-02-17T16:01:59+00:00,4d13feb29900c9b8d2bd2e0d738abe4ca7b550c221bdca36bc658ba00129fbec,february-empirical-v1:204ed64bc6d9fa64157d2256888ae687070ec6f9d0d554829fd4d8827c29541c,True,6,0.4675651249377917,2.888675298772853,2,2026-02-18T05:00:00+05:00,2026-02-18T00:00:00+00:00,7.7990458780047005
2026-02-17,2026-02-17T18:00:00+00:00,2026-02-17T23:00:00+05:00,2026-02-17T12:00:00+00:00,2026-02-17T16:01:59+00:00,4d13feb29900c9b8d2bd2e0d738abe4ca7b550c221bdca36bc658ba00129fbec,february-empirical-v1:204ed64bc6d9fa64157d2256888ae687070ec6f9d0d554829fd4d8827c29541c,True,7,0.48327193291130505,3.0025031850034907,2,2026-02-18T06:00:00+05:00,2026-02-18T01:00:00+00:00,7.906052296393826
2026-02-17,2026-02-17T18:00:00+00:00,2026-02-17T23:00:00+05:00,2026-02-17T12:00:00+00:00,2026-02-17T16:01:59+00:00,4d13feb29900c9b8d2bd2e0d738abe4ca7b550c221bdca36bc658ba00129fbec,february-empirical-v1:204ed64bc6d9fa64157d2256888ae687070ec6f9d0d554829fd4d8827c29541c,True,8,0.5078644060246488,2.8981872210716233,2,2026-02-18T07:00:00+05:00,2026-02-18T02:00:00+00:00,8.073594452102828
2026-02-17,2026-02-17T18:00:00+00:00,2026-02-17T23:00:00+05:00,2026-02-17T12:00:00+00:00,2026-02-17T16:01:59+00:00,4d13feb29900c9b8d2bd2e0d738abe4ca7b550c221bdca36bc658ba00129fbec,february-empirical-v1:204ed64bc6d9fa64157d2256888ae687070ec6f9d0d554829fd4d8827c29541c,True,9,0.4604413994164074,3.6194213722015434,2,2026-02-18T08:00:00+05:00,2026-02-18T03:00:00+00:00,7.750513779381225
2026-02-17,2026-02-17T18:00:00+00:00,2026-02-17T23:00:00+05:00,2026-02-17T12:00:00+00:00,2026-02-17T16:01:59+00:00,4d13feb29900c9b8d2bd2e0d738abe4ca7b550c221bdca36bc658ba00129fbec,february-empirical-v1:204ed64bc6d9fa64157d2256888ae687070ec6f9d0d554829fd4d8827c29541c,True,10,0.6012257866115627,4.887438828357347,2,2026-02-18T09:00:00+05:00,2026-02-18T04:00:00+00:00,8.664040558960039
2026-02-17,2026-02-17T18:00:00+00:00,2026-02-17T23:00:00+05:00,2026-02-17T12:00:00+00:00,2026-02-17T16:01:59+00:00,4d13feb29900c9b8d2bd2e0d738abe4ca7b550c221bdca36bc658ba00129fbec,february-empirical-v1:204ed64bc6d9fa64157d2256888ae687070ec6f9d0d554829fd4d8827c29541c,True,11,0.6600466966907996,6.913252226880218,2,2026-02-18T10:00:00+05:00,2026-02-18T05:00:00+00:00,9.125906934441304
2026-02-17,2026-02-17T18:00:00+00:00,2026-02-17T23:00:00+05:00,2026-02-17T12:00:00+00:00,2026-02-17T16:01:59+00:00,4d13feb29900c9b8d2bd2e0d738abe4ca7b550c221bdca36bc658ba00129fbec,february-empirical-v1:204ed64bc6d9fa64157d2256888ae687070ec6f9d0d554829fd4d8827c29541c,True,12,0.6680735009509163,8.83958475578612,2,2026-02-18T11:00:00+05:00,2026-02-18T06:00:00+00:00,9.193237311191833
2026-02-17,2026-02-17T18:00:00+00:00,2026-02-17T23:00:00+05:00,2026-02-17T12:00:00+00:00,2026-02-17T16:01:59+00:00,4d13feb29900c9b8d2bd2e0d738abe4ca7b550c221bdca36bc658ba00129fbec,february-empirical-v1:204ed64bc6d9fa64157d2256888ae687070ec6f9d0d554829fd4d8827c29541c,True,13,0.6728438311176923,10.166153000428892,2,2026-02-18T12:00:00+05:00,2026-02-18T07:00:00+00:00,9.233251757407913
2026-02-17,2026-02-17T18:00:00+00:00,2026-02-17T23:00:00+05:00,2026-02-17T12:00:00+00:00,2026-02-17T16:01:59+00:00,4d13feb29900c9b8d2bd2e0d738abe4ca7b550c221bdca36bc658ba00129fbec,february-empirical-v1:204ed64bc6d9fa64157d2256888ae687070ec6f9d0d554829fd4d8827c29541c,True,14,0.6543013807112502,10.960213742665871,2,2026-02-18T13:00:00+05:00,2026-02-18T08:00:00+00:00,9.077714119851818
2026-02-17,2026-02-17T18:00:00+00:00,2026-02-17T23:00:00+05:00,2026-02-17T12:00:00+00:00,2026-02-17T16:01:59+00:00,4d13feb29900c9b8d2bd2e0d738abe4ca7b550c221bdca36bc658ba00129fbec,february-empirical-v1:204ed64bc6d9fa64157d2256888ae687070ec6f9d0d554829fd4d8827c29541c,True,15,0.6642471944517723,11.342029178909343,2,2026-02-18T14:00:00+05:00,2026-02-18T09:00:00+00:00,9.161141516925309
2026-02-17,2026-02-17T18:00:00+00:00,2026-02-17T23:00:00+05:00,2026-02-17T12:00:00+00:00,2026-02-17T16:01:59+00:00,4d13feb29900c9b8d2bd2e0d738abe4ca7b550c221bdca36bc658ba00129fbec,february-empirical-v1:204ed64bc6d9fa64157d2256888ae687070ec6f9d0d554829fd4d8827c29541c,True,16,0.666926756759013,11.262705102396296,2,2026-02-18T15:00:00+05:00,2026-02-18T10:00:00+00:00,9.183618200525217
2026-02-17,2026-02-17T18:00:00+00:00,2026-02-17T23:00:00+05:00,2026-02-17T12:00:00+00:00,2026-02-17T16:01:59+00:00,4d13feb29900c9b8d2bd2e0d738abe4ca7b550c221bdca36bc658ba00129fbec,february-empirical-v1:204ed64bc6d9fa64157d2256888ae687070ec6f9d0d554829fd4d8827c29541c,True,17,0.6217345879997348,10.274550907860714,2,2026-02-18T16:00:00+05:00,2026-02-18T11:00:00+00:00,8.804537603798234
2026-02-17,2026-02-17T18:00:00+00:00,2026-02-17T23:00:00+05:00,2026-02-17T12:00:00+00:00,2026-02-17T16:01:59+00:00,4d13feb29900c9b8d2bd2e0d738abe4ca7b550c221bdca36bc658ba00129fbec,february-empirical-v1:204ed64bc6d9fa64157d2256888ae687070ec6f9d0d554829fd4d8827c29541c,True,18,0.5245410665163538,8.762567315266494,2,2026-02-18T17:00:00+05:00,2026-02-18T12:00:00+00:00,8.187208224736837
2026-02-17,2026-02-17T18:00:00+00:00,2026-02-17T23:00:00+05:00,2026-02-17T12:00:00+00:00,2026-02-17T16:01:59+00:00,4d13feb29900c9b8d2bd2e0d738abe4ca7b550c221bdca36bc658ba00129fbec,february-empirical-v1:204ed64bc6d9fa64157d2256888ae687070ec6f9d0d554829fd4d8827c29541c,True,19,0.3633711048286101,7.828301470441886,2,2026-02-18T18:00:00+05:00,2026-02-18T13:00:00+00:00,7.0781338147418635
2026-02-17,2026-02-17T18:00:00+00:00,2026-02-17T23:00:00+05:00,2026-02-17T12:00:00+00:00,2026-02-17T16:01:59+00:00,4d13feb29900c9b8d2bd2e0d738abe4ca7b550c221bdca36bc658ba00129fbec,february-empirical-v1:204ed64bc6d9fa64157d2256888ae687070ec6f9d0d554829fd4d8827c29541c,True,20,0.43998081073718504,7.31887144552951,2,2026-02-18T19:00:00+05:00,2026-02-18T14:00:00+00:00,7.607550450870193
2026-02-17,2026-02-17T18:00:00+00:00,2026-02-17T23:00:00+05:00,2026-02-17T12:00:00+00:00,2026-02-17T16:01:59+00:00,4d13feb29900c9b8d2bd2e0d738abe4ca7b550c221bdca36bc658ba00129fbec,february-empirical-v1:204ed64bc6d9fa64157d2256888ae687070ec6f9d0d554829fd4d8827c29541c,True,21,0.40906466495447846,6.698684171811976,2,2026-02-18T20:00:00+05:00,2026-02-18T15:00:00+00:00,7.391511530333365
2026-02-17,2026-02-17T18:00:00+00:00,2026-02-17T23:00:00+05:00,2026-02-17T12:00:00+00:00,2026-02-17T16:01:59+00:00,4d13feb29900c9b8d2bd2e0d738abe4ca7b550c221bdca36bc658ba00129fbec,february-empirical-v1:204ed64bc6d9fa64157d2256888ae687070ec6f9d0d554829fd4d8827c29541c,True,22,0.4247174307866558,6.314627568734011,2,2026-02-18T21:00:00+05:00,2026-02-18T16:00:00+00:00,7.500891485311159
2026-02-17,2026-02-17T18:00:00+00:00,2026-02-17T23:00:00+05:00,2026-02-17T12:00:00+00:00,2026-02-17T16:01:59+00:00,4d13feb29900c9b8d2bd2e0d738abe4ca7b550c221bdca36bc658ba00129fbec,february-empirical-v1:204ed64bc6d9fa64157d2256888ae687070ec6f9d0d554829fd4d8827c29541c,True,23,0.3581530766837249,6.017752183539244,2,2026-02-18T22:00:00+05:00,2026-02-18T17:00:00+00:00,7.0428857715563975
2026-02-17,2026-02-17T18:00:00+00:00,2026-02-17T23:00:00+05:00,2026-02-17T12:00:00+00:00,2026-02-17T16:01:59+00:00,4d13feb29900c9b8d2bd2e0d738abe4ca7b550c221bdca36bc658ba00129fbec,february-empirical-v1:204ed64bc6d9fa64157d2256888ae687070ec6f9d0d554829fd4d8827c29541c,True,24,0.4549210154980417,5.785534844476729,2,2026-02-18T23:00:00+05:00,2026-02-18T18:00:00+00:00,7.711951100673705
2026-02-18,2026-02-18T18:00:00+00:00,2026-02-18T23:00:00+05:00,2026-02-18T12:00:00+00:00,2026-02-18T16:00:27+00:00,446011d7430e1a4fee00e09e6bac0039ca3789551aee6c64520ba6ba6720986e,february-empirical-v1:204ed64bc6d9fa64157d2256888ae687070ec6f9d0d554829fd4d8827c29541c,True,1,0.3737252003932381,5.3997774589400365,1,2026-02-19T00:00:00+05:00,2026-02-18T19:00:00+00:00,7.078076228981554
2026-02-18,2026-02-18T18:00:00+00:00,2026-02-18T23:00:00+05:00,2026-02-18T12:00:00+00:00,2026-02-18T16:00:27+00:00,446011d7430e1a4fee00e09e6bac0039ca3789551aee6c64520ba6ba6720986e,february-empirical-v1:204ed64bc6d9fa64157d2256888ae687070ec6f9d0d554829fd4d8827c29541c,True,2,0.31980845132503005,5.31282324967799,1,2026-02-19T01:00:00+05:00,2026-02-18T20:00:00+00:00,6.706063156036583
2026-02-18,2026-02-18T18:00:00+00:00,2026-02-18T23:00:00+05:00,2026-02-18T12:00:00+00:00,2026-02-18T16:00:27+00:00,446011d7430e1a4fee00e09e6bac0039ca3789551aee6c64520ba6ba6720986e,february-empirical-v1:204ed64bc6d9fa64157d2256888ae687070ec6f9d0d554829fd4d8827c29541c,True,3,0.3668547504985968,5.046315655684964,1,2026-02-19T02:00:00+05:00,2026-02-18T21:00:00+00:00,7.031022536195114
2026-02-18,2026-02-18T18:00:00+00:00,2026-02-18T23:00:00+05:00,2026-02-18T12:00:00+00:00,2026-02-18T16:00:27+00:00,446011d7430e1a4fee00e09e6bac0039ca3789551aee6c64520ba6ba6720986e,february-empirical-v1:204ed64bc6d9fa64157d2256888ae687070ec6f9d0d554829fd4d8827c29541c,True,4,0.2693802714724861,4.913095898324002,1,2026-02-19T03:00:00+05:00,2026-02-18T22:00:00+00:00,6.3376078163858
2026-02-18,2026-02-18T18:00:00+00:00,2026-02-18T23:00:00+05:00,2026-02-18T12:00:00+00:00,2026-02-18T16:00:27+00:00,446011d7430e1a4fee00e09e6bac0039ca3789551aee6c64520ba6ba6720986e,february-empirical-v1:204ed64bc6d9fa64157d2256888ae687070ec6f9d0d554829fd4d8827c29541c,True,5,0.27684152331616707,4.773674037122021,1,2026-02-19T04:00:00+05:00,2026-02-18T23:00:00+00:00,6.392123725750806
2026-02-18,2026-02-18T18:00:00+00:00,2026-02-18T23:00:00+05:00,2026-02-18T12:00:00+00:00,2026-02-18T16:00:27+00:00,446011d7430e1a4fee00e09e6bac0039ca3789551aee6c64520ba6ba6720986e,february-empirical-v1:204ed64bc6d9fa64157d2256888ae687070ec6f9d0d554829fd4d8827c29541c,True,6,0.18331180409155728,4.950009839500012,1,2026-02-19T05:00:00+05:00,2026-02-19T00:00:00+00:00,5.606338019987685
2026-02-18,2026-02-18T18:00:00+00:00,2026-02-18T23:00:00+05:00,2026-02-18T12:00:00+00:00,2026-02-18T16:00:27+00:00,446011d7430e1a4fee00e09e6bac0039ca3789551aee6c64520ba6ba6720986e,february-empirical-v1:204ed64bc6d9fa64157d2256888ae687070ec6f9d0d554829fd4d8827c29541c,True,7,0.19422197836096733,4.972712242867999,1,2026-02-19T06:00:00+05:00,2026-02-19T01:00:00+00:00,5.723639512499017
2026-02-18,2026-02-18T18:00:00+00:00,2026-02-18T23:00:00+05:00,2026-02-18T12:00:00+00:00,2026-02-18T16:00:27+00:00,446011d7430e1a4fee00e09e6bac0039ca3789551aee6c64520ba6ba6720986e,february-empirical-v1:204ed64bc6d9fa64157d2256888ae687070ec6f9d0d554829fd4d8827c29541c,True,8,0.18842570679983967,5.255444495212032,1,2026-02-19T07:00:00+05:00,2026-02-19T02:00:00+00:00,5.6613204983080525
2026-02-18,2026-02-18T18:00:00+00:00,2026-02-18T23:00:00+05:00,2026-02-18T12:00:00+00:00,2026-02-18T16:00:27+00:00,446011d7430e1a4fee00e09e6bac0039ca3789551aee6c64520ba6ba6720986e,february-empirical-v1:204ed64bc6d9fa64157d2256888ae687070ec6f9d0d554829fd4d8827c29541c,True,9,0.17936467420988825,6.30275644444805,1,2026-02-19T08:00:00+05:00,2026-02-19T03:00:00+00:00,5.563900180332454
2026-02-18,2026-02-18T18:00:00+00:00,2026-02-18T23:00:00+05:00,2026-02-18T12:00:00+00:00,2026-02-18T16:00:27+00:00,446011d7430e1a4fee00e09e6bac0039ca3789551aee6c64520ba6ba6720986e,february-empirical-v1:204ed64bc6d9fa64157d2256888ae687070ec6f9d0d554829fd4d8827c29541c,True,10,0.22074937192679978,7.861928908072002,1,2026-02-19T09:00:00+05:00,2026-02-19T04:00:00+00:00,5.9482635745428745
2026-02-18,2026-02-18T18:00:00+00:00,2026-02-18T23:00:00+05:00,2026-02-18T12:00:00+00:00,2026-02-18T16:00:27+00:00,446011d7430e1a4fee00e09e6bac0039ca3789551aee6c64520ba6ba6720986e,february-empirical-v1:204ed64bc6d9fa64157d2256888ae687070ec6f9d0d554829fd4d8827c29541c,True,11,0.24627831075198103,9.612586628787994,1,2026-02-19T10:00:00+05:00,2026-02-19T05:00:00+00:00,6.158495341137009
2026-02-18,2026-02-18T18:00:00+00:00,2026-02-18T23:00:00+05:00,2026-02-18T12:00:00+00:00,2026-02-18T16:00:27+00:00,446011d7430e1a4fee00e09e6bac0039ca3789551aee6c64520ba6ba6720986e,february-empirical-v1:204ed64bc6d9fa64157d2256888ae687070ec6f9d0d554829fd4d8827c29541c,True,12,0.2397093457057192,11.22024048702599,1,2026-02-19T11:00:00+05:00,2026-02-19T06:00:00+00:00,6.104399668150847
2026-02-18,2026-02-18T18:00:00+00:00,2026-02-18T23:00:00+05:00,2026-02-18T12:00:00+00:00,2026-02-18T16:00:27+00:00,446011d7430e1a4fee00e09e6bac0039ca3789551aee6c64520ba6ba6720986e,february-empirical-v1:204ed64bc6d9fa64157d2256888ae687070ec6f9d0d554829fd4d8827c29541c,True,13,0.16581046061265928,12.570210498198037,1,2026-02-19T12:00:00+05:00,2026-02-19T07:00:00+00:00,5.418171116294477
2026-02-18,2026-02-18T18:00:00+00:00,2026-02-18T23:00:00+05:00,2026-02-18T12:00:00+00:00,2026-02-18T16:00:27+00:00,446011d7430e1a4fee00e09e6bac0039ca3789551aee6c64520ba6ba6720986e,february-empirical-v1:204ed64bc6d9fa64157d2256888ae687070ec6f9d0d554829fd4d8827c29541c,True,14,0.15427525122302907,13.45903830615805,1,2026-02-19T13:00:00+05:00,2026-02-19T08:00:00+00:00,5.294149515500422
2026-02-18,2026-02-18T18:00:00+00:00,2026-02-18T23:00:00+05:00,2026-02-18T12:00:00+00:00,2026-02-18T16:00:27+00:00,446011d7430e1a4fee00e09e6bac0039ca3789551aee6c64520ba6ba6720986e,february-empirical-v1:204ed64bc6d9fa64157d2256888ae687070ec6f9d0d554829fd4d8827c29541c,True,15,0.16906061353390855,13.414756567530048,1,2026-02-19T14:00:00+05:00,2026-02-19T09:00:00+00:00,5.453115360001156
2026-02-18,2026-02-18T18:00:00+00:00,2026-02-18T23:00:00+05:00,2026-02-18T12:00:00+00:00,2026-02-18T16:00:27+00:00,446011d7430e1a4fee00e09e6bac0039ca3789551aee6c64520ba6ba6720986e,february-empirical-v1:204ed64bc6d9fa64157d2256888ae687070ec6f9d0d554829fd4d8827c29541c,True,16,0.08942257596543951,13.48863777709596,1,2026-02-19T15:00:00+05:00,2026-02-19T10:00:00+00:00,4.359375895014567
2026-02-18,2026-02-18T18:00:00+00:00,2026-02-18T23:00:00+05:00,2026-02-18T12:00:00+00:00,2026-02-18T16:00:27+00:00,446011d7430e1a4fee00e09e6bac0039ca3789551aee6c64520ba6ba6720986e,february-empirical-v1:204ed64bc6d9fa64157d2256888ae687070ec6f9d0d554829fd4d8827c29541c,True,17,0.056984910184699374,12.961494770238062,1,2026-02-19T16:00:00+05:00,2026-02-19T11:00:00+00:00,3.698954604084532
2026-02-18,2026-02-18T18:00:00+00:00,2026-02-18T23:00:00+05:00,2026-02-18T12:00:00+00:00,2026-02-18T16:00:27+00:00,446011d7430e1a4fee00e09e6bac0039ca3789551aee6c64520ba6ba6720986e,february-empirical-v1:204ed64bc6d9fa64157d2256888ae687070ec6f9d0d554829fd4d8827c29541c,True,18,0.04749310177041634,10.972491347000016,1,2026-02-19T17:00:00+05:00,2026-02-19T12:00:00+00:00,3.437097491067381
2026-02-18,2026-02-18T18:00:00+00:00,2026-02-18T23:00:00+05:00,2026-02-18T12:00:00+00:00,2026-02-18T16:00:27+00:00,446011d7430e1a4fee00e09e6bac0039ca3789551aee6c64520ba6ba6720986e,february-empirical-v1:204ed64bc6d9fa64157d2256888ae687070ec6f9d0d554829fd4d8827c29541c,True,19,0.051460109001558146,9.857738899725973,1,2026-02-19T18:00:00+05:00,2026-02-19T13:00:00+00:00,3.5465380755719957
2026-02-18,2026-02-18T18:00:00+00:00,2026-02-18T23:00:00+05:00,2026-02-18T12:00:00+00:00,2026-02-18T16:00:27+00:00,446011d7430e1a4fee00e09e6bac0039ca3789551aee6c64520ba6ba6720986e,february-empirical-v1:204ed64bc6d9fa64157d2256888ae687070ec6f9d0d554829fd4d8827c29541c,True,20,0.04836281198849588,9.27526120406202,1,2026-02-19T19:00:00+05:00,2026-02-19T14:00:00+00:00,3.4610907910717437
2026-02-18,2026-02-18T18:00:00+00:00,2026-02-18T23:00:00+05:00,2026-02-18T12:00:00+00:00,2026-02-18T16:00:27+00:00,446011d7430e1a4fee00e09e6bac0039ca3789551aee6c64520ba6ba6720986e,february-empirical-v1:204ed64bc6d9fa64157d2256888ae687070ec6f9d0d554829fd4d8827c29541c,True,21,0.020982242399049104,8.96500365024201,1,2026-02-19T20:00:00+05:00,2026-02-19T15:00:00+00:00,2.5051465431783195
2026-02-18,2026-02-18T18:00:00+00:00,2026-02-18T23:00:00+05:00,2026-02-18T12:00:00+00:00,2026-02-18T16:00:27+00:00,446011d7430e1a4fee00e09e6bac0039ca3789551aee6c64520ba6ba6720986e,february-empirical-v1:204ed64bc6d9fa64157d2256888ae687070ec6f9d0d554829fd4d8827c29541c,True,22,0.00997229330533004,9.029338227364008,1,2026-02-19T21:00:00+05:00,2026-02-19T16:00:00+00:00,1.0072508545690704
2026-02-18,2026-02-18T18:00:00+00:00,2026-02-18T23:00:00+05:00,2026-02-18T12:00:00+00:00,2026-02-18T16:00:27+00:00,446011d7430e1a4fee00e09e6bac0039ca3789551aee6c64520ba6ba6720986e,february-empirical-v1:204ed64bc6d9fa64157d2256888ae687070ec6f9d0d554829fd4d8827c29541c,True,23,0.009979846199963498,8.315803653557964,1,2026-02-19T22:00:00+05:00,2026-02-19T17:00:00+00:00,0.88826903677325
2026-02-18,2026-02-18T18:00:00+00:00,2026-02-18T23:00:00+05:00,2026-02-18T12:00:00+00:00,2026-02-18T16:00:27+00:00,446011d7430e1a4fee00e09e6bac0039ca3789551aee6c64520ba6ba6720986e,february-empirical-v1:204ed64bc6d9fa64157d2256888ae687070ec6f9d0d554829fd4d8827c29541c,True,24,0.009991245452411236,7.616715162772039,1,2026-02-19T23:00:00+05:00,2026-02-19T18:00:00+00:00,0.6347623665261422
2026-02-18,2026-02-18T18:00:00+00:00,2026-02-18T23:00:00+05:00,2026-02-18T12:00:00+00:00,2026-02-18T16:00:27+00:00,446011d7430e1a4fee00e09e6bac0039ca3789551aee6c64520ba6ba6720986e,february-empirical-v1:204ed64bc6d9fa64157d2256888ae687070ec6f9d0d554829fd4d8827c29541c,True,1,0.3495149962153145,5.390507697045678,2,2026-02-19T00:00:00+05:00,2026-02-18T19:00:00+00:00,6.984535102503661
2026-02-18,2026-02-18T18:00:00+00:00,2026-02-18T23:00:00+05:00,2026-02-18T12:00:00+00:00,2026-02-18T16:00:27+00:00,446011d7430e1a4fee00e09e6bac0039ca3789551aee6c64520ba6ba6720986e,february-empirical-v1:204ed64bc6d9fa64157d2256888ae687070ec6f9d0d554829fd4d8827c29541c,True,2,0.2964917388526078,5.3072200846527835,2,2026-02-19T01:00:00+05:00,2026-02-18T20:00:00+00:00,6.6143465433198845
2026-02-18,2026-02-18T18:00:00+00:00,2026-02-18T23:00:00+05:00,2026-02-18T12:00:00+00:00,2026-02-18T16:00:27+00:00,446011d7430e1a4fee00e09e6bac0039ca3789551aee6c64520ba6ba6720986e,february-empirical-v1:204ed64bc6d9fa64157d2256888ae687070ec6f9d0d554829fd4d8827c29541c,True,3,0.3422856761024662,5.040085071339433,2,2026-02-19T02:00:00+05:00,2026-02-18T21:00:00+00:00,6.9357006806753665
2026-02-18,2026-02-18T18:00:00+00:00,2026-02-18T23:00:00+05:00,2026-02-18T12:00:00+00:00,2026-02-18T16:00:27+00:00,446011d7430e1a4fee00e09e6bac0039ca3789551aee6c64520ba6ba6720986e,february-empirical-v1:204ed64bc6d9fa64157d2256888ae687070ec6f9d0d554829fd4d8827c29541c,True,4,0.24741925526128017,4.907592235337802,2,2026-02-19T03:00:00+05:00,2026-02-18T22:00:00+00:00,6.250649604148167
2026-02-18,2026-02-18T18:00:00+00:00,2026-02-18T23:00:00+05:00,2026-02-18T12:00:00+00:00,2026-02-18T16:00:27+00:00,446011d7430e1a4fee00e09e6bac0039ca3789551aee6c64520ba6ba6720986e,february-empirical-v1:204ed64bc6d9fa64157d2256888ae687070ec6f9d0d554829fd4d8827c29541c,True,5,0.25443593487631094,4.76757959977931,2,2026-02-19T04:00:00+05:00,2026-02-18T23:00:00+00:00,6.3026531856336225
2026-02-18,2026-02-18T18:00:00+00:00,2026-02-18T23:00:00+05:00,2026-02-18T12:00:00+00:00,2026-02-18T16:00:27+00:00,446011d7430e1a4fee00e09e6bac0039ca3789551aee6c64520ba6ba6720986e,february-empirical-v1:204ed64bc6d9fa64157d2256888ae687070ec6f9d0d554829fd4d8827c29541c,True,6,0.1688750013914108,4.950465106380079,2,2026-02-19T05:00:00+05:00,2026-02-19T00:00:00+00:00,5.519449560321718
2026-02-18,2026-02-18T18:00:00+00:00,2026-02-18T23:00:00+05:00,2026-02-18T12:00:00+00:00,2026-02-18T16:00:27+00:00,446011d7430e1a4fee00e09e6bac0039ca3789551aee6c64520ba6ba6720986e,february-empirical-v1:204ed64bc6d9fa64157d2256888ae687070ec6f9d0d554829fd4d8827c29541c,True,7,0.17976505688043662,4.9742432490683655,2,2026-02-19T06:00:00+05:00,2026-02-19T01:00:00+00:00,5.6388440981296855
2026-02-18,2026-02-18T18:00:00+00:00,2026-02-18T23:00:00+05:00,2026-02-18T12:00:00+00:00,2026-02-18T16:00:27+00:00,446011d7430e1a4fee00e09e6bac0039ca3789551aee6c64520ba6ba6720986e,february-empirical-v1:204ed64bc6d9fa64157d2256888ae687070ec6f9d0d554829fd4d8827c29541c,True,8,0.17409158408685385,5.257512434470925,2,2026-02-19T07:00:00+05:00,2026-02-19T02:00:00+00:00,5.576642242258656
2026-02-18,2026-02-18T18:00:00+00:00,2026-02-18T23:00:00+05:00,2026-02-18T12:00:00+00:00,2026-02-18T16:00:27+00:00,446011d7430e1a4fee00e09e6bac0039ca3789551aee6c64520ba6ba6720986e,february-empirical-v1:204ed64bc6d9fa64157d2256888ae687070ec6f9d0d554829fd4d8827c29541c,True,9,0.16566692809521263,6.3099016223475815,2,2026-02-19T08:00:00+05:00,2026-02-19T03:00:00+00:00,5.484277432058492
2026-02-18,2026-02-18T18:00:00+00:00,2026-02-18T23:00:00+05:00,2026-02-18T12:00:00+00:00,2026-02-18T16:00:27+00:00,446011d7430e1a4fee00e09e6bac0039ca3789551aee6c64520ba6ba6720986e,february-empirical-v1:204ed64bc6d9fa64157d2256888ae687070ec6f9d0d554829fd4d8827c29541c,True,10,0.20353977837746418,7.869493486857323,2,2026-02-19T09:00:00+05:00,2026-02-19T04:00:00+00:00,5.868723710316282
2026-02-18,2026-02-18T18:00:00+00:00,2026-02-18T23:00:00+05:00,2026-02-18T12:00:00+00:00,2026-02-18T16:00:27+00:00,446011d7430e1a4fee00e09e6bac0039ca3789551aee6c64520ba6ba6720986e,february-empirical-v1:204ed64bc6d9fa64157d2256888ae687070ec6f9d0d554829fd4d8827c29541c,True,11,0.22769992050131105,9.62266378328917,2,2026-02-19T10:00:00+05:00,2026-02-19T05:00:00+00:00,6.079075499714886
2026-02-18,2026-02-18T18:00:00+00:00,2026-02-18T23:00:00+05:00,2026-02-18T12:00:00+00:00,2026-02-18T16:00:27+00:00,446011d7430e1a4fee00e09e6bac0039ca3789551aee6c64520ba6ba6720986e,february-empirical-v1:204ed64bc6d9fa64157d2256888ae687070ec6f9d0d554829fd4d8827c29541c,True,12,0.22196813869592175,11.230348718396272,2,2026-02-19T11:00:00+05:00,2026-02-19T06:00:00+00:00,6.029171382718159
2026-02-18,2026-02-18T18:00:00+00:00,2026-02-18T23:00:00+05:00,2026-02-18T12:00:00+00:00,2026-02-18T16:00:27+00:00,446011d7430e1a4fee00e09e6bac0039ca3789551aee6c64520ba6ba6720986e,february-empirical-v1:204ed64bc6d9fa64157d2256888ae687070ec6f9d0d554829fd4d8827c29541c,True,13,0.1530394599170226,12.576333596097527,2,2026-02-19T12:00:00+05:00,2026-02-19T07:00:00+00:00,5.345834544569157
2026-02-18,2026-02-18T18:00:00+00:00,2026-02-18T23:00:00+05:00,2026-02-18T12:00:00+00:00,2026-02-18T16:00:27+00:00,446011d7430e1a4fee00e09e6bac0039ca3789551aee6c64520ba6ba6720986e,february-empirical-v1:204ed64bc6d9fa64157d2256888ae687070ec6f9d0d554829fd4d8827c29541c,True,14,0.14297521553146034,13.464139598207964,2,2026-02-19T13:00:00+05:00,2026-02-19T08:00:00+00:00,5.2323481596030925
2026-02-18,2026-02-18T18:00:00+00:00,2026-02-18T23:00:00+05:00,2026-02-18T12:00:00+00:00,2026-02-18T16:00:27+00:00,446011d7430e1a4fee00e09e6bac0039ca3789551aee6c64520ba6ba6720986e,february-empirical-v1:204ed64bc6d9fa64157d2256888ae687070ec6f9d0d554829fd4d8827c29541c,True,15,0.15731351191930018,13.418545595357273,2,2026-02-19T14:00:00+05:00,2026-02-19T09:00:00+00:00,5.392693668831048
2026-02-18,2026-02-18T18:00:00+00:00,2026-02-18T23:00:00+05:00,2026-02-18T12:00:00+00:00,2026-02-18T16:00:27+00:00,446011d7430e1a4fee00e09e6bac0039ca3789551aee6c64520ba6ba6720986e,february-empirical-v1:204ed64bc6d9fa64157d2256888ae687070ec6f9d0d554829fd4d8827c29541c,True,16,0.08279586985009096,13.489279815263046,2,2026-02-19T15:00:00+05:00,2026-02-19T10:00:00+00:00,4.307703403532893
2026-02-18,2026-02-18T18:00:00+00:00,2026-02-18T23:00:00+05:00,2026-02-18T12:00:00+00:00,2026-02-18T16:00:27+00:00,446011d7430e1a4fee00e09e6bac0039ca3789551aee6c64520ba6ba6720986e,february-empirical-v1:204ed64bc6d9fa64157d2256888ae687070ec6f9d0d554829fd4d8827c29541c,True,17,0.05252008115457343,12.954030073987212,2,2026-02-19T16:00:00+05:00,2026-02-19T11:00:00+00:00,3.649838081943744
2026-02-18,2026-02-18T18:00:00+00:00,2026-02-18T23:00:00+05:00,2026-02-18T12:00:00+00:00,2026-02-18T16:00:27+00:00,446011d7430e1a4fee00e09e6bac0039ca3789551aee6c64520ba6ba6720986e,february-empirical-v1:204ed64bc6d9fa64157d2256888ae687070ec6f9d0d554829fd4d8827c29541c,True,18,0.042510244353360274,10.962608373880016,2,2026-02-19T17:00:00+05:00,2026-02-19T12:00:00+00:00,3.381101483284173
2026-02-18,2026-02-18T18:00:00+00:00,2026-02-18T23:00:00+05:00,2026-02-18T12:00:00+00:00,2026-02-18T16:00:27+00:00,446011d7430e1a4fee00e09e6bac0039ca3789551aee6c64520ba6ba6720986e,february-empirical-v1:204ed64bc6d9fa64157d2256888ae687070ec6f9d0d554829fd4d8827c29541c,True,19,0.04600077738807863,9.85445312034426,2,2026-02-19T18:00:00+05:00,2026-02-19T13:00:00+00:00,3.4748126989500863
2026-02-18,2026-02-18T18:00:00+00:00,2026-02-18T23:00:00+05:00,2026-02-18T12:00:00+00:00,2026-02-18T16:00:27+00:00,446011d7430e1a4fee00e09e6bac0039ca3789551aee6c64520ba6ba6720986e,february-empirical-v1:204ed64bc6d9fa64157d2256888ae687070ec6f9d0d554829fd4d8827c29541c,True,20,0.04243884570525302,9.2762042979449,2,2026-02-19T19:00:00+05:00,2026-02-19T14:00:00+00:00,3.3791846258745784
2026-02-18,2026-02-18T18:00:00+00:00,2026-02-18T23:00:00+05:00,2026-02-18T12:00:00+00:00,2026-02-18T16:00:27+00:00,446011d7430e1a4fee00e09e6bac0039ca3789551aee6c64520ba6ba6720986e,february-empirical-v1:204ed64bc6d9fa64157d2256888ae687070ec6f9d0d554829fd4d8827c29541c,True,21,0.017913519798895543,8.972170377328155,2,2026-02-19T20:00:00+05:00,2026-02-19T15:00:00+00:00,2.416856125228207
2026-02-18,2026-02-18T18:00:00+00:00,2026-02-18T23:00:00+05:00,2026-02-18T12:00:00+00:00,2026-02-18T16:00:27+00:00,446011d7430e1a4fee00e09e6bac0039ca3789551aee6c64520ba6ba6720986e,february-empirical-v1:204ed64bc6d9fa64157d2256888ae687070ec6f9d0d554829fd4d8827c29541c,True,22,0.009855337529822402,9.03332923710741,2,2026-02-19T21:00:00+05:00,2026-02-19T16:00:00+00:00,0.912743025943942
2026-02-18,2026-02-18T18:00:00+00:00,2026-02-18T23:00:00+05:00,2026-02-18T12:00:00+00:00,2026-02-18T16:00:27+00:00,446011d7430e1a4fee00e09e6bac0039ca3789551aee6c64520ba6ba6720986e,february-empirical-v1:204ed64bc6d9fa64157d2256888ae687070ec6f9d0d554829fd4d8827c29541c,True,23,0.009906700711483503,8.321007070983967,2,2026-02-19T22:00:00+05:00,2026-02-19T17:00:00+00:00,0.799642583241862
2026-02-18,2026-02-18T18:00:00+00:00,2026-02-18T23:00:00+05:00,2026-02-18T12:00:00+00:00,2026-02-18T16:00:27+00:00,446011d7430e1a4fee00e09e6bac0039ca3789551aee6c64520ba6ba6720986e,february-empirical-v1:204ed64bc6d9fa64157d2256888ae687070ec6f9d0d554829fd4d8827c29541c,True,24,0.009955438734330488,7.629021957685325,2,2026-02-19T23:00:00+05:00,2026-02-19T18:00:00+00:00,0.5648996107312102
2026-02-19,2026-02-19T18:00:00+00:00,2026-02-19T23:00:00+05:00,2026-02-19T12:00:00+00:00,2026-02-19T16:00:17+00:00,3ef6fb8bd39b3619a474549d61dc007944f5be6a657c5fa7fbf5f38c45bf2eee,february-empirical-v1:204ed64bc6d9fa64157d2256888ae687070ec6f9d0d554829fd4d8827c29541c,True,1,0.207312421938106,9.22739319874006,1,2026-02-20T00:00:00+05:00,2026-02-19T19:00:00+00:00,5.837609788535376
2026-02-19,2026-02-19T18:00:00+00:00,2026-02-19T23:00:00+05:00,2026-02-19T12:00:00+00:00,2026-02-19T16:00:17+00:00,3ef6fb8bd39b3619a474549d61dc007944f5be6a657c5fa7fbf5f38c45bf2eee,february-empirical-v1:204ed64bc6d9fa64157d2256888ae687070ec6f9d0d554829fd4d8827c29541c,True,2,0.20941911637646954,8.926581754860024,1,2026-02-20T01:00:00+05:00,2026-02-19T20:00:00+00:00,5.854958496074067
2026-02-19,2026-02-19T18:00:00+00:00,2026-02-19T23:00:00+05:00,2026-02-19T12:00:00+00:00,2026-02-19T16:00:17+00:00,3ef6fb8bd39b3619a474549d61dc007944f5be6a657c5fa7fbf5f38c45bf2eee,february-empirical-v1:204ed64bc6d9fa64157d2256888ae687070ec6f9d0d554829fd4d8827c29541c,True,3,0.22140513548544247,8.512716166405028,1,2026-02-20T02:00:00+05:00,2026-02-19T21:00:00+00:00,5.9536638119889185
2026-02-19,2026-02-19T18:00:00+00:00,2026-02-19T23:00:00+05:00,2026-02-19T12:00:00+00:00,2026-02-19T16:00:17+00:00,3ef6fb8bd39b3619a474549d61dc007944f5be6a657c5fa7fbf5f38c45bf2eee,february-empirical-v1:204ed64bc6d9fa64157d2256888ae687070ec6f9d0d554829fd4d8827c29541c,True,4,0.34220177494206167,8.074985146570043,1,2026-02-20T03:00:00+05:00,2026-02-19T22:00:00+00:00,6.862181549666186
2026-02-19,2026-02-19T18:00:00+00:00,2026-02-19T23:00:00+05:00,2026-02-19T12:00:00+00:00,2026-02-19T16:00:17+00:00,3ef6fb8bd39b3619a474549d61dc007944f5be6a657c5fa7fbf5f38c45bf2eee,february-empirical-v1:204ed64bc6d9fa64157d2256888ae687070ec6f9d0d554829fd4d8827c29541c,True,5,0.41680460580906253,7.478006066288003,1,2026-02-20T04:00:00+05:00,2026-02-19T23:00:00+00:00,7.366848355246234
2026-02-19,2026-02-19T18:00:00+00:00,2026-02-19T23:00:00+05:00,2026-02-19T12:00:00+00:00,2026-02-19T16:00:17+00:00,3ef6fb8bd39b3619a474549d61dc007944f5be6a657c5fa7fbf5f38c45bf2eee,february-empirical-v1:204ed64bc6d9fa64157d2256888ae687070ec6f9d0d554829fd4d8827c29541c,True,6,0.39052133531793404,7.203903926466069,1,2026-02-20T05:00:00+05:00,2026-02-20T00:00:00+00:00,7.193108022367116
2026-02-19,2026-02-19T18:00:00+00:00,2026-02-19T23:00:00+05:00,2026-02-19T12:00:00+00:00,2026-02-19T16:00:17+00:00,3ef6fb8bd39b3619a474549d61dc007944f5be6a657c5fa7fbf5f38c45bf2eee,february-empirical-v1:204ed64bc6d9fa64157d2256888ae687070ec6f9d0d554829fd4d8827c29541c,True,7,0.3378762366384717,6.962392034196057,1,2026-02-20T06:00:00+05:00,2026-02-20T01:00:00+00:00,6.832557208670432
2026-02-19,2026-02-19T18:00:00+00:00,2026-02-19T23:00:00+05:00,2026-02-19T12:00:00+00:00,2026-02-19T16:00:17+00:00,3ef6fb8bd39b3619a474549d61dc007944f5be6a657c5fa7fbf5f38c45bf2eee,february-empirical-v1:204ed64bc6d9fa64157d2256888ae687070ec6f9d0d554829fd4d8827c29541c,True,8,0.34453467105933516,6.81676339036801,1,2026-02-20T07:00:00+05:00,2026-02-20T02:00:00+00:00,6.87815886976723
2026-02-19,2026-02-19T18:00:00+00:00,2026-02-19T23:00:00+05:00,2026-02-19T12:00:00+00:00,2026-02-19T16:00:17+00:00,3ef6fb8bd39b3619a474549d61dc007944f5be6a657c5fa7fbf5f38c45bf2eee,february-empirical-v1:204ed64bc6d9fa64157d2256888ae687070ec6f9d0d554829fd4d8827c29541c,True,9,0.2824271829113512,8.080451481284001,1,2026-02-20T08:00:00+05:00,2026-02-20T03:00:00+00:00,6.432935551784091
2026-02-19,2026-02-19T18:00:00+00:00,2026-02-19T23:00:00+05:00,2026-02-19T12:00:00+00:00,2026-02-19T16:00:17+00:00,3ef6fb8bd39b3619a474549d61dc007944f5be6a657c5fa7fbf5f38c45bf2eee,february-empirical-v1:204ed64bc6d9fa64157d2256888ae687070ec6f9d0d554829fd4d8827c29541c,True,10,0.21246205153907619,9.586178236184026,1,2026-02-20T09:00:00+05:00,2026-02-20T04:00:00+00:00,5.880017181013811
2026-02-19,2026-02-19T18:00:00+00:00,2026-02-19T23:00:00+05:00,2026-02-19T12:00:00+00:00,2026-02-19T16:00:17+00:00,3ef6fb8bd39b3619a474549d61dc007944f5be6a657c5fa7fbf5f38c45bf2eee,february-empirical-v1:204ed64bc6d9fa64157d2256888ae687070ec6f9d0d554829fd4d8827c29541c,True,11,0.15320392123730736,10.866702564625996,1,2026-02-20T10:00:00+05:00,2026-02-20T05:00:00+00:00,5.282631037133889
2026-02-19,2026-02-19T18:00:00+00:00,2026-02-19T23:00:00+05:00,2026-02-19T12:00:00+00:00,2026-02-19T16:00:17+00:00,3ef6fb8bd39b3619a474549d61dc007944f5be6a657c5fa7fbf5f38c45bf2eee,february-empirical-v1:204ed64bc6d9fa64157d2256888ae687070ec6f9d0d554829fd4d8827c29541c,True,12,0.12322442561079837,11.620467012404049,1,2026-02-20T11:00:00+05:00,2026-02-20T06:00:00+00:00,4.887543262012899
2026-02-19,2026-02-19T18:00:00+00:00,2026-02-19T23:00:00+05:00,2026-02-19T12:00:00+00:00,2026-02-19T16:00:17+00:00,3ef6fb8bd39b3619a474549d61dc007944f5be6a657c5fa7fbf5f38c45bf2eee,february-empirical-v1:204ed64bc6d9fa64157d2256888ae687070ec6f9d0d554829fd4d8827c29541c,True,13,0.11704791108800244,12.291921885694023,1,2026-02-20T12:00:00+05:00,2026-02-20T07:00:00+00:00,4.804456922980209
2026-02-19,2026-02-19T18:00:00+00:00,2026-02-19T23:00:00+05:00,2026-02-19T12:00:00+00:00,2026-02-19T16:00:17+00:00,3ef6fb8bd39b3619a474549d61dc007944f5be6a657c5fa7fbf5f38c45bf2eee,february-empirical-v1:204ed64bc6d9fa64157d2256888ae687070ec6f9d0d554829fd4d8827c29541c,True,14,0.07808670358742933,12.802584358554043,1,2026-02-20T13:00:00+05:00,2026-02-20T08:00:00+00:00,4.151311714027894
2026-02-19,2026-02-19T18:00:00+00:00,2026-02-19T23:00:00+05:00,2026-02-19T12:00:00+00:00,2026-02-19T16:00:17+00:00,3ef6fb8bd39b3619a474549d61dc007944f5be6a657c5fa7fbf5f38c45bf2eee,february-empirical-v1:204ed64bc6d9fa64157d2256888ae687070ec6f9d0d554829fd4d8827c29541c,True,15,0.0434934996496928,13.115686670698096,1,2026-02-20T14:00:00+05:00,2026-02-20T09:00:00+00:00,3.326757688699062
2026-02-19,2026-02-19T18:00:00+00:00,2026-02-19T23:00:00+05:00,2026-02-19T12:00:00+00:00,2026-02-19T16:00:17+00:00,3ef6fb8bd39b3619a474549d61dc007944f5be6a657c5fa7fbf5f38c45bf2eee,february-empirical-v1:204ed64bc6d9fa64157d2256888ae687070ec6f9d0d554829fd4d8827c29541c,True,16,0.024208875528287398,13.111209260724024,1,2026-02-20T15:00:00+05:00,2026-02-20T10:00:00+00:00,2.676636701265719
2026-02-19,2026-02-19T18:00:00+00:00,2026-02-19T23:00:00+05:00,2026-02-19T12:00:00+00:00,2026-02-19T16:00:17+00:00,3ef6fb8bd39b3619a474549d61dc007944f5be6a657c5fa7fbf5f38c45bf2eee,february-empirical-v1:204ed64bc6d9fa64157d2256888ae687070ec6f9d0d554829fd4d8827c29541c,True,17,0.01460023639781665,12.531459328914025,1,2026-02-20T16:00:00+05:00,2026-02-20T11:00:00+00:00,2.0959661686386704
2026-02-19,2026-02-19T18:00:00+00:00,2026-02-19T23:00:00+05:00,2026-02-19T12:00:00+00:00,2026-02-19T16:00:17+00:00,3ef6fb8bd39b3619a474549d61dc007944f5be6a657c5fa7fbf5f38c45bf2eee,february-empirical-v1:204ed64bc6d9fa64157d2256888ae687070ec6f9d0d554829fd4d8827c29541c,True,18,0.01077853108409337,10.875862361392024,1,2026-02-20T17:00:00+05:00,2026-02-20T12:00:00+00:00,1.6263622839687983
2026-02-19,2026-02-19T18:00:00+00:00,2026-02-19T23:00:00+05:00,2026-02-19T12:00:00+00:00,2026-02-19T16:00:17+00:00,3ef6fb8bd39b3619a474549d61dc007944f5be6a657c5fa7fbf5f38c45bf2eee,february-empirical-v1:204ed64bc6d9fa64157d2256888ae687070ec6f9d0d554829fd4d8827c29541c,True,19,0.01908797278813061,9.604194297160063,1,2026-02-20T18:00:00+05:00,2026-02-20T13:00:00+00:00,2.404469279285831
2026-02-19,2026-02-19T18:00:00+00:00,2026-02-19T23:00:00+05:00,2026-02-19T12:00:00+00:00,2026-02-19T16:00:17+00:00,3ef6fb8bd39b3619a474549d61dc007944f5be6a657c5fa7fbf5f38c45bf2eee,february-empirical-v1:204ed64bc6d9fa64157d2256888ae687070ec6f9d0d554829fd4d8827c29541c,True,20,0.2384181827831476,9.185934572521944,1,2026-02-20T19:00:00+05:00,2026-02-20T14:00:00+00:00,6.093766893164315
2026-02-19,2026-02-19T18:00:00+00:00,2026-02-19T23:00:00+05:00,2026-02-19T12:00:00+00:00,2026-02-19T16:00:17+00:00,3ef6fb8bd39b3619a474549d61dc007944f5be6a657c5fa7fbf5f38c45bf2eee,february-empirical-v1:204ed64bc6d9fa64157d2256888ae687070ec6f9d0d554829fd4d8827c29541c,True,21,0.37645796152783095,8.16522411388803,1,2026-02-20T20:00:00+05:00,2026-02-20T15:00:00+00:00,7.096792107105656
2026-02-19,2026-02-19T18:00:00+00:00,2026-02-19T23:00:00+05:00,2026-02-19T12:00:00+00:00,2026-02-19T16:00:17+00:00,3ef6fb8bd39b3619a474549d61dc007944f5be6a657c5fa7fbf5f38c45bf2eee,february-empirical-v1:204ed64bc6d9fa64157d2256888ae687070ec6f9d0d554829fd4d8827c29541c,True,22,0.523994113918445,7.63998627736396,1,2026-02-20T21:00:00+05:00,2026-02-20T16:00:00+00:00,8.087749398172393
2026-02-19,2026-02-19T18:00:00+00:00,2026-02-19T23:00:00+05:00,2026-02-19T12:00:00+00:00,2026-02-19T16:00:17+00:00,3ef6fb8bd39b3619a474549d61dc007944f5be6a657c5fa7fbf5f38c45bf2eee,february-empirical-v1:204ed64bc6d9fa64157d2256888ae687070ec6f9d0d554829fd4d8827c29541c,True,23,0.6069423742313791,7.254841625528002,1,2026-02-20T22:00:00+05:00,2026-02-20T17:00:00+00:00,8.62809156609008
2026-02-19,2026-02-19T18:00:00+00:00,2026-02-19T23:00:00+05:00,2026-02-19T12:00:00+00:00,2026-02-19T16:00:17+00:00,3ef6fb8bd39b3619a474549d61dc007944f5be6a657c5fa7fbf5f38c45bf2eee,february-empirical-v1:204ed64bc6d9fa64157d2256888ae687070ec6f9d0d554829fd4d8827c29541c,True,24,0.6167249118306414,6.733959719482016,1,2026-02-20T23:00:00+05:00,2026-02-20T18:00:00+00:00,8.689971317812649
2026-02-19,2026-02-19T18:00:00+00:00,2026-02-19T23:00:00+05:00,2026-02-19T12:00:00+00:00,2026-02-19T16:00:17+00:00,3ef6fb8bd39b3619a474549d61dc007944f5be6a657c5fa7fbf5f38c45bf2eee,february-empirical-v1:204ed64bc6d9fa64157d2256888ae687070ec6f9d0d554829fd4d8827c29541c,True,1,0.20499498050435833,9.23317440759763,2,2026-02-20T00:00:00+05:00,2026-02-19T19:00:00+00:00,5.8813935187039865
2026-02-19,2026-02-19T18:00:00+00:00,2026-02-19T23:00:00+05:00,2026-02-19T12:00:00+00:00,2026-02-19T16:00:17+00:00,3ef6fb8bd39b3619a474549d61dc007944f5be6a657c5fa7fbf5f38c45bf2eee,february-empirical-v1:204ed64bc6d9fa64157d2256888ae687070ec6f9d0d554829fd4d8827c29541c,True,2,0.20364196658646905,8.921926941266463,2,2026-02-20T01:00:00+05:00,2026-02-19T20:00:00+00:00,5.869613418353157
2026-02-19,2026-02-19T18:00:00+00:00,2026-02-19T23:00:00+05:00,2026-02-19T12:00:00+00:00,2026-02-19T16:00:17+00:00,3ef6fb8bd39b3619a474549d61dc007944f5be6a657c5fa7fbf5f38c45bf2eee,february-empirical-v1:204ed64bc6d9fa64157d2256888ae687070ec6f9d0d554829fd4d8827c29541c,True,3,0.21245771452033602,8.509281101112265,2,2026-02-20T02:00:00+05:00,2026-02-19T21:00:00+00:00,5.946368279449176
2026-02-19,2026-02-19T18:00:00+00:00,2026-02-19T23:00:00+05:00,2026-02-19T12:00:00+00:00,2026-02-19T16:00:17+00:00,3ef6fb8bd39b3619a474549d61dc007944f5be6a657c5fa7fbf5f38c45bf2eee,february-empirical-v1:204ed64bc6d9fa64157d2256888ae687070ec6f9d0d554829fd4d8827c29541c,True,4,0.3277896355925261,8.070378607126827,2,2026-02-20T03:00:00+05:00,2026-02-19T22:00:00+00:00,6.837779196213179
2026-02-19,2026-02-19T18:00:00+00:00,2026-02-19T23:00:00+05:00,2026-02-19T12:00:00+00:00,2026-02-19T16:00:17+00:00,3ef6fb8bd39b3619a474549d61dc007944f5be6a657c5fa7fbf5f38c45bf2eee,february-empirical-v1:204ed64bc6d9fa64157d2256888ae687070ec6f9d0d554829fd4d8827c29541c,True,5,0.4009646990449886,7.471263380789139,2,2026-02-20T04:00:00+05:00,2026-02-19T23:00:00+00:00,7.334909782373885
2026-02-19,2026-02-19T18:00:00+00:00,2026-02-19T23:00:00+05:00,2026-02-19T12:00:00+00:00,2026-02-19T16:00:17+00:00,3ef6fb8bd39b3619a474549d61dc007944f5be6a657c5fa7fbf5f38c45bf2eee,february-empirical-v1:204ed64bc6d9fa64157d2256888ae687070ec6f9d0d554829fd4d8827c29541c,True,6,0.37440607412439425,7.192074969061878,2,2026-02-20T05:00:00+05:00,2026-02-20T00:00:00+00:00,7.1526755886626034
2026-02-19,2026-02-19T18:00:00+00:00,2026-02-19T23:00:00+05:00,2026-02-19T12:00:00+00:00,2026-02-19T16:00:17+00:00,3ef6fb8bd39b3619a474549d61dc007944f5be6a657c5fa7fbf5f38c45bf2eee,february-empirical-v1:204ed64bc6d9fa64157d2256888ae687070ec6f9d0d554829fd4d8827c29541c,True,7,0.32123783108118537,6.949458253867078,2,2026-02-20T06:00:00+05:00,2026-02-20T01:00:00+00:00,6.793521426430002
2026-02-19,2026-02-19T18:00:00+00:00,2026-02-19T23:00:00+05:00,2026-02-19T12:00:00+00:00,2026-02-19T16:00:17+00:00,3ef6fb8bd39b3619a474549d61dc007944f5be6a657c5fa7fbf5f38c45bf2eee,february-empirical-v1:204ed64bc6d9fa64157d2256888ae687070ec6f9d0d554829fd4d8827c29541c,True,8,0.32776310361307875,6.805918076568332,2,2026-02-20T07:00:00+05:00,2026-02-20T02:00:00+00:00,6.837599971354403
2026-02-19,2026-02-19T18:00:00+00:00,2026-02-19T23:00:00+05:00,2026-02-19T12:00:00+00:00,2026-02-19T16:00:17+00:00,3ef6fb8bd39b3619a474549d61dc007944f5be6a657c5fa7fbf5f38c45bf2eee,february-empirical-v1:204ed64bc6d9fa64157d2256888ae687070ec6f9d0d554829fd4d8827c29541c,True,9,0.2669809959092852,8.06799705244822,2,2026-02-20T08:00:00+05:00,2026-02-20T03:00:00+00:00,6.3956299409454616
2026-02-19,2026-02-19T18:00:00+00:00,2026-02-19T23:00:00+05:00,2026-02-19T12:00:00+00:00,2026-02-19T16:00:17+00:00,3ef6fb8bd39b3619a474549d61dc007944f5be6a657c5fa7fbf5f38c45bf2eee,february-empirical-v1:204ed64bc6d9fa64157d2256888ae687070ec6f9d0d554829fd4d8827c29541c,True,10,0.20094393581929515,9.576789132724173,2,2026-02-20T09:00:00+05:00,2026-02-20T04:00:00+00:00,5.846122844629779
2026-02-19,2026-02-19T18:00:00+00:00,2026-02-19T23:00:00+05:00,2026-02-19T12:00:00+00:00,2026-02-19T16:00:17+00:00,3ef6fb8bd39b3619a474549d61dc007944f5be6a657c5fa7fbf5f38c45bf2eee,february-empirical-v1:204ed64bc6d9fa64157d2256888ae687070ec6f9d0d554829fd4d8827c29541c,True,11,0.14427988002054107,10.854977150620243,2,2026-02-20T10:00:00+05:00,2026-02-20T05:00:00+00:00,5.249753894105634
2026-02-19,2026-02-19T18:00:00+00:00,2026-02-19T23:00:00+05:00,2026-02-19T12:00:00+00:00,2026-02-19T16:00:17+00:00,3ef6fb8bd39b3619a474549d61dc007944f5be6a657c5fa7fbf5f38c45bf2eee,february-empirical-v1:204ed64bc6d9fa64157d2256888ae687070ec6f9d0d554829fd4d8827c29541c,True,12,0.1148778222559033,11.609006641116991,2,2026-02-20T11:00:00+05:00,2026-02-20T06:00:00+00:00,4.857496409087189
2026-02-19,2026-02-19T18:00:00+00:00,2026-02-19T23:00:00+05:00,2026-02-19T12:00:00+00:00,2026-02-19T16:00:17+00:00,3ef6fb8bd39b3619a474549d61dc007944f5be6a657c5fa7fbf5f38c45bf2eee,february-empirical-v1:204ed64bc6d9fa64157d2256888ae687070ec6f9d0d554829fd4d8827c29541c,True,13,0.10876421055150011,12.273869240256545,2,2026-02-20T12:00:00+05:00,2026-02-20T07:00:00+00:00,4.775933752121296
2026-02-19,2026-02-19T18:00:00+00:00,2026-02-19T23:00:00+05:00,2026-02-19T12:00:00+00:00,2026-02-19T16:00:17+00:00,3ef6fb8bd39b3619a474549d61dc007944f5be6a657c5fa7fbf5f38c45bf2eee,february-empirical-v1:204ed64bc6d9fa64157d2256888ae687070ec6f9d0d554829fd4d8827c29541c,True,14,0.07389704300159931,12.78355827264295,2,2026-02-20T13:00:00+05:00,2026-02-20T08:00:00+00:00,4.126882633112582
2026-02-19,2026-02-19T18:00:00+00:00,2026-02-19T23:00:00+05:00,2026-02-19T12:00:00+00:00,2026-02-19T16:00:17+00:00,3ef6fb8bd39b3619a474549d61dc007944f5be6a657c5fa7fbf5f38c45bf2eee,february-empirical-v1:204ed64bc6d9fa64157d2256888ae687070ec6f9d0d554829fd4d8827c29541c,True,15,0.03961095076773806,13.09672144859752,2,2026-02-20T14:00:00+05:00,2026-02-20T09:00:00+00:00,3.3032634213668
2026-02-19,2026-02-19T18:00:00+00:00,2026-02-19T23:00:00+05:00,2026-02-19T12:00:00+00:00,2026-02-19T16:00:17+00:00,3ef6fb8bd39b3619a474549d61dc007944f5be6a657c5fa7fbf5f38c45bf2eee,february-empirical-v1:204ed64bc6d9fa64157d2256888ae687070ec6f9d0d554829fd4d8827c29541c,True,16,0.02243415938003716,13.094178603113733,2,2026-02-20T15:00:00+05:00,2026-02-20T10:00:00+00:00,2.6530346104806375
2026-02-19,2026-02-19T18:00:00+00:00,2026-02-19T23:00:00+05:00,2026-02-19T12:00:00+00:00,2026-02-19T16:00:17+00:00,3ef6fb8bd39b3619a474549d61dc007944f5be6a657c5fa7fbf5f38c45bf2eee,february-empirical-v1:204ed64bc6d9fa64157d2256888ae687070ec6f9d0d554829fd4d8827c29541c,True,17,0.013068627902044095,12.5240866825294,2,2026-02-20T16:00:00+05:00,2026-02-20T11:00:00+00:00,2.0695982875023726
2026-02-19,2026-02-19T18:00:00+00:00,2026-02-19T23:00:00+05:00,2026-02-19T12:00:00+00:00,2026-02-19T16:00:17+00:00,3ef6fb8bd39b3619a474549d61dc007944f5be6a657c5fa7fbf5f38c45bf2eee,february-empirical-v1:204ed64bc6d9fa64157d2256888ae687070ec6f9d0d554829fd4d8827c29541c,True,18,0.010014649204656114,10.879334413854053,2,2026-02-20T17:00:00+05:00,2026-02-20T12:00:00+00:00,1.6040275213183088
2026-02-19,2026-02-19T18:00:00+00:00,2026-02-19T23:00:00+05:00,2026-02-19T12:00:00+00:00,2026-02-19T16:00:17+00:00,3ef6fb8bd39b3619a474549d61dc007944f5be6a657c5fa7fbf5f38c45bf2eee,february-empirical-v1:204ed64bc6d9fa64157d2256888ae687070ec6f9d0d554829fd4d8827c29541c,True,19,0.018234601803006675,9.610819574318384,2,2026-02-20T18:00:00+05:00,2026-02-20T13:00:00+00:00,2.4336308890667415
2026-02-19,2026-02-19T18:00:00+00:00,2026-02-19T23:00:00+05:00,2026-02-19T12:00:00+00:00,2026-02-19T16:00:17+00:00,3ef6fb8bd39b3619a474549d61dc007944f5be6a657c5fa7fbf5f38c45bf2eee,february-empirical-v1:204ed64bc6d9fa64157d2256888ae687070ec6f9d0d554829fd4d8827c29541c,True,20,0.22370547533296123,9.161611153675267,2,2026-02-20T19:00:00+05:00,2026-02-20T14:00:00+00:00,6.044297612875071
2026-02-19,2026-02-19T18:00:00+00:00,2026-02-19T23:00:00+05:00,2026-02-19T12:00:00+00:00,2026-02-19T16:00:17+00:00,3ef6fb8bd39b3619a474549d61dc007944f5be6a657c5fa7fbf5f38c45bf2eee,february-empirical-v1:204ed64bc6d9fa64157d2256888ae687070ec6f9d0d554829fd4d8827c29541c,True,21,0.3540870677527649,8.152881703013122,2,2026-02-20T20:00:00+05:00,2026-02-20T15:00:00+00:00,7.015419676240017
2026-02-19,2026-02-19T18:00:00+00:00,2026-02-19T23:00:00+05:00,2026-02-19T12:00:00+00:00,2026-02-19T16:00:17+00:00,3ef6fb8bd39b3619a474549d61dc007944f5be6a657c5fa7fbf5f38c45bf2eee,february-empirical-v1:204ed64bc6d9fa64157d2256888ae687070ec6f9d0d554829fd4d8827c29541c,True,22,0.49555342808068853,7.627779527107407,2,2026-02-20T21:00:00+05:00,2026-02-20T16:00:00+00:00,7.989722944991251
2026-02-19,2026-02-19T18:00:00+00:00,2026-02-19T23:00:00+05:00,2026-02-19T12:00:00+00:00,2026-02-19T16:00:17+00:00,3ef6fb8bd39b3619a474549d61dc007944f5be6a657c5fa7fbf5f38c45bf2eee,february-empirical-v1:204ed64bc6d9fa64157d2256888ae687070ec6f9d0d554829fd4d8827c29541c,True,23,0.5780475310295675,7.236357682006712,2,2026-02-20T22:00:00+05:00,2026-02-20T17:00:00+00:00,8.521799031292511
2026-02-19,2026-02-19T18:00:00+00:00,2026-02-19T23:00:00+05:00,2026-02-19T12:00:00+00:00,2026-02-19T16:00:17+00:00,3ef6fb8bd39b3619a474549d61dc007944f5be6a657c5fa7fbf5f38c45bf2eee,february-empirical-v1:204ed64bc6d9fa64157d2256888ae687070ec6f9d0d554829fd4d8827c29541c,True,24,0.5883906760223085,6.712812708545698,2,2026-02-20T23:00:00+05:00,2026-02-20T18:00:00+00:00,8.585273382908388
2026-02-20,2026-02-20T18:00:00+00:00,2026-02-20T23:00:00+05:00,2026-02-20T12:00:00+00:00,2026-02-20T16:02:08+00:00,538dd15b3f33f53faea1e41d155a1503cbe047461805cacda9636d21d3c35aec,february-empirical-v1:204ed64bc6d9fa64157d2256888ae687070ec6f9d0d554829fd4d8827c29541c,True,1,0.5261354344281739,5.9003145789000655,1,2026-02-21T00:00:00+05:00,2026-02-20T19:00:00+00:00,8.102740384824326
2026-02-20,2026-02-20T18:00:00+00:00,2026-02-20T23:00:00+05:00,2026-02-20T12:00:00+00:00,2026-02-20T16:02:08+00:00,538dd15b3f33f53faea1e41d155a1503cbe047461805cacda9636d21d3c35aec,february-empirical-v1:204ed64bc6d9fa64157d2256888ae687070ec6f9d0d554829fd4d8827c29541c,True,2,0.4875206098490842,5.518632574867979,1,2026-02-21T01:00:00+05:00,2026-02-20T20:00:00+00:00,7.832405179421042
2026-02-20,2026-02-20T18:00:00+00:00,2026-02-20T23:00:00+05:00,2026-02-20T12:00:00+00:00,2026-02-20T16:02:08+00:00,538dd15b3f33f53faea1e41d155a1503cbe047461805cacda9636d21d3c35aec,february-empirical-v1:204ed64bc6d9fa64157d2256888ae687070ec6f9d0d554829fd4d8827c29541c,True,3,0.45993949138003287,5.185938082850043,1,2026-02-21T02:00:00+05:00,2026-02-20T21:00:00+00:00,7.6472308313214965
2026-02-20,2026-02-20T18:00:00+00:00,2026-02-20T23:00:00+05:00,2026-02-20T12:00:00+00:00,2026-02-20T16:02:08+00:00,538dd15b3f33f53faea1e41d155a1503cbe047461805cacda9636d21d3c35aec,february-empirical-v1:204ed64bc6d9fa64157d2256888ae687070ec6f9d0d554829fd4d8827c29541c,True,4,0.4105443395440852,5.015239901929988,1,2026-02-21T03:00:00+05:00,2026-02-20T22:00:00+00:00,7.326155794386723
2026-02-20,2026-02-20T18:00:00+00:00,2026-02-20T23:00:00+05:00,2026-02-20T12:00:00+00:00,2026-02-20T16:02:08+00:00,538dd15b3f33f53faea1e41d155a1503cbe047461805cacda9636d21d3c35aec,february-empirical-v1:204ed64bc6d9fa64157d2256888ae687070ec6f9d0d554829fd4d8827c29541c,True,5,0.34758742123412634,4.926223566978024,1,2026-02-21T04:00:00+05:00,2026-02-20T23:00:00+00:00,6.899066258814694
2026-02-20,2026-02-20T18:00:00+00:00,2026-02-20T23:00:00+05:00,2026-02-20T12:00:00+00:00,2026-02-20T16:02:08+00:00,538dd15b3f33f53faea1e41d155a1503cbe047461805cacda9636d21d3c35aec,february-empirical-v1:204ed64bc6d9fa64157d2256888ae687070ec6f9d0d554829fd4d8827c29541c,True,6,0.21909005618862967,4.806640458758011,1,2026-02-21T05:00:00+05:00,2026-02-21T00:00:00+00:00,5.934599047342517
2026-02-20,2026-02-20T18:00:00+00:00,2026-02-20T23:00:00+05:00,2026-02-20T12:00:00+00:00,2026-02-20T16:02:08+00:00,538dd15b3f33f53faea1e41d155a1503cbe047461805cacda9636d21d3c35aec,february-empirical-v1:204ed64bc6d9fa64157d2256888ae687070ec6f9d0d554829fd4d8827c29541c,True,7,0.2807533443049524,4.818202207282013,1,2026-02-21T06:00:00+05:00,2026-02-21T01:00:00+00:00,6.420705588814088
2026-02-20,2026-02-20T18:00:00+00:00,2026-02-20T23:00:00+05:00,2026-02-20T12:00:00+00:00,2026-02-20T16:02:08+00:00,538dd15b3f33f53faea1e41d155a1503cbe047461805cacda9636d21d3c35aec,february-empirical-v1:204ed64bc6d9fa64157d2256888ae687070ec6f9d0d554829fd4d8827c29541c,True,8,0.29135819230261917,4.998594711544001,1,2026-02-21T07:00:00+05:00,2026-02-21T02:00:00+00:00,6.4981902984020765
2026-02-20,2026-02-20T18:00:00+00:00,2026-02-20T23:00:00+05:00,2026-02-20T12:00:00+00:00,2026-02-20T16:02:08+00:00,538dd15b3f33f53faea1e41d155a1503cbe047461805cacda9636d21d3c35aec,february-empirical-v1:204ed64bc6d9fa64157d2256888ae687070ec6f9d0d554829fd4d8827c29541c,True,9,0.3835726580629489,6.36377682157007,1,2026-02-21T08:00:00+05:00,2026-02-21T03:00:00+00:00,7.1455185733729225
2026-02-20,2026-02-20T18:00:00+00:00,2026-02-20T23:00:00+05:00,2026-02-20T12:00:00+00:00,2026-02-20T16:02:08+00:00,538dd15b3f33f53faea1e41d155a1503cbe047461805cacda9636d21d3c35aec,february-empirical-v1:204ed64bc6d9fa64157d2256888ae687070ec6f9d0d554829fd4d8827c29541c,True,10,0.30782526315504805,7.884999396417982,1,2026-02-21T09:00:00+05:00,2026-02-21T04:00:00+00:00,6.618507553590082
2026-02-20,2026-02-20T18:00:00+00:00,2026-02-20T23:00:00+05:00,2026-02-20T12:00:00+00:00,2026-02-20T16:02:08+00:00,538dd15b3f33f53faea1e41d155a1503cbe047461805cacda9636d21d3c35aec,february-empirical-v1:204ed64bc6d9fa64157d2256888ae687070ec6f9d0d554829fd4d8827c29541c,True,11,0.05950663527230668,9.391262809908028,1,2026-02-21T10:00:00+05:00,2026-02-21T05:00:00+00:00,3.7639964402143495
2026-02-20,2026-02-20T18:00:00+00:00,2026-02-20T23:00:00+05:00,2026-02-20T12:00:00+00:00,2026-02-20T16:02:08+00:00,538dd15b3f33f53faea1e41d155a1503cbe047461805cacda9636d21d3c35aec,february-empirical-v1:204ed64bc6d9fa64157d2256888ae687070ec6f9d0d554829fd4d8827c29541c,True,12,0.31822379370605813,8.254308717244044,1,2026-02-21T11:00:00+05:00,2026-02-21T06:00:00+00:00,6.694484797211501
2026-02-20,2026-02-20T18:00:00+00:00,2026-02-20T23:00:00+05:00,2026-02-20T12:00:00+00:00,2026-02-20T16:02:08+00:00,538dd15b3f33f53faea1e41d155a1503cbe047461805cacda9636d21d3c35aec,february-empirical-v1:204ed64bc6d9fa64157d2256888ae687070ec6f9d0d554829fd4d8827c29541c,True,13,0.967100488010118,7.482250113120017,1,2026-02-21T12:00:00+05:00,2026-02-21T07:00:00+00:00,14.059865865032213
2026-02-20,2026-02-20T18:00:00+00:00,2026-02-20T23:00:00+05:00,2026-02-20T12:00:00+00:00,2026-02-20T16:02:08+00:00,538dd15b3f33f53faea1e41d155a1503cbe047461805cacda9636d21d3c35aec,february-empirical-v1:204ed64bc6d9fa64157d2256888ae687070ec6f9d0d554829fd4d8827c29541c,True,14,0.9613680452210178,7.349039851696034,1,2026-02-21T13:00:00+05:00,2026-02-21T08:00:00+00:00,14.789750117874101
2026-02-20,2026-02-20T18:00:00+00:00,2026-02-20T23:00:00+05:00,2026-02-20T12:00:00+00:00,2026-02-20T16:02:08+00:00,538dd15b3f33f53faea1e41d155a1503cbe047461805cacda9636d21d3c35aec,february-empirical-v1:204ed64bc6d9fa64157d2256888ae687070ec6f9d0d554829fd4d8827c29541c,True,15,0.961817664028997,6.836069210624032,1,2026-02-21T14:00:00+05:00,2026-02-21T09:00:00+00:00,14.695754246544874
2026-02-20,2026-02-20T18:00:00+00:00,2026-02-20T23:00:00+05:00,2026-02-20T12:00:00+00:00,2026-02-20T16:02:08+00:00,538dd15b3f33f53faea1e41d155a1503cbe047461805cacda9636d21d3c35aec,february-empirical-v1:204ed64bc6d9fa64157d2256888ae687070ec6f9d0d554829fd4d8827c29541c,True,16,0.9577676733082696,5.662475637490047,1,2026-02-21T15:00:00+05:00,2026-02-21T10:00:00+00:00,12.226106878955205
2026-02-20,2026-02-20T18:00:00+00:00,2026-02-20T23:00:00+05:00,2026-02-20T12:00:00+00:00,2026-02-20T16:02:08+00:00,538dd15b3f33f53faea1e41d155a1503cbe047461805cacda9636d21d3c35aec,february-empirical-v1:204ed64bc6d9fa64157d2256888ae687070ec6f9d0d554829fd4d8827c29541c,True,17,0.8467100783559227,5.34197455294202,1,2026-02-21T16:00:00+05:00,2026-02-21T11:00:00+00:00,10.38420697271338
2026-02-20,2026-02-20T18:00:00+00:00,2026-02-20T23:00:00+05:00,2026-02-20T12:00:00+00:00,2026-02-20T16:02:08+00:00,538dd15b3f33f53faea1e41d155a1503cbe047461805cacda9636d21d3c35aec,february-empirical-v1:204ed64bc6d9fa64157d2256888ae687070ec6f9d0d554829fd4d8827c29541c,True,18,0.7061645154287837,5.497354812004062,1,2026-02-21T17:00:00+05:00,2026-02-21T12:00:00+00:00,9.333420948696613
2026-02-20,2026-02-20T18:00:00+00:00,2026-02-20T23:00:00+05:00,2026-02-20T12:00:00+00:00,2026-02-20T16:02:08+00:00,538dd15b3f33f53faea1e41d155a1503cbe047461805cacda9636d21d3c35aec,february-empirical-v1:204ed64bc6d9fa64157d2256888ae687070ec6f9d0d554829fd4d8827c29541c,True,19,0.635499238756279,4.845590393153998,1,2026-02-21T18:00:00+05:00,2026-02-21T13:00:00+00:00,8.817817687154923
2026-02-20,2026-02-20T18:00:00+00:00,2026-02-20T23:00:00+05:00,2026-02-20T12:00:00+00:00,2026-02-20T16:02:08+00:00,538dd15b3f33f53faea1e41d155a1503cbe047461805cacda9636d21d3c35aec,february-empirical-v1:204ed64bc6d9fa64157d2256888ae687070ec6f9d0d554829fd4d8827c29541c,True,20,0.7082588874008181,4.4768527192660486,1,2026-02-21T19:00:00+05:00,2026-02-21T14:00:00+00:00,9.348615687702978
2026-02-20,2026-02-20T18:00:00+00:00,2026-02-20T23:00:00+05:00,2026-02-20T12:00:00+00:00,2026-02-20T16:02:08+00:00,538dd15b3f33f53faea1e41d155a1503cbe047461805cacda9636d21d3c35aec,february-empirical-v1:204ed64bc6d9fa64157d2256888ae687070ec6f9d0d554829fd4d8827c29541c,True,21,0.6233686942989358,4.884221629678052,1,2026-02-21T20:00:00+05:00,2026-02-21T15:00:00+00:00,8.731996774445479
2026-02-20,2026-02-20T18:00:00+00:00,2026-02-20T23:00:00+05:00,2026-02-20T12:00:00+00:00,2026-02-20T16:02:08+00:00,538dd15b3f33f53faea1e41d155a1503cbe047461805cacda9636d21d3c35aec,february-empirical-v1:204ed64bc6d9fa64157d2256888ae687070ec6f9d0d554829fd4d8827c29541c,True,22,0.2692285309081883,4.682557888688052,1,2026-02-21T21:00:00+05:00,2026-02-21T16:00:00+00:00,6.3364991184054125
2026-02-20,2026-02-20T18:00:00+00:00,2026-02-20T23:00:00+05:00,2026-02-20T12:00:00+00:00,2026-02-20T16:02:08+00:00,538dd15b3f33f53faea1e41d155a1503cbe047461805cacda9636d21d3c35aec,february-empirical-v1:204ed64bc6d9fa64157d2256888ae687070ec6f9d0d554829fd4d8827c29541c,True,23,0.12129310454975499,4.235907160128022,1,2026-02-21T22:00:00+05:00,2026-02-21T17:00:00+00:00,4.861563173102465
2026-02-20,2026-02-20T18:00:00+00:00,2026-02-20T23:00:00+05:00,2026-02-20T12:00:00+00:00,2026-02-20T16:02:08+00:00,538dd15b3f33f53faea1e41d155a1503cbe047461805cacda9636d21d3c35aec,february-empirical-v1:204ed64bc6d9fa64157d2256888ae687070ec6f9d0d554829fd4d8827c29541c,True,24,0.09113260393758868,3.9602499026460123,1,2026-02-21T23:00:00+05:00,2026-02-21T18:00:00+00:00,4.38770755864478
2026-02-20,2026-02-20T18:00:00+00:00,2026-02-20T23:00:00+05:00,2026-02-20T12:00:00+00:00,2026-02-20T16:02:08+00:00,538dd15b3f33f53faea1e41d155a1503cbe047461805cacda9636d21d3c35aec,february-empirical-v1:204ed64bc6d9fa64157d2256888ae687070ec6f9d0d554829fd4d8827c29541c,True,1,0.49867486675641187,5.890262278036062,2,2026-02-21T00:00:00+05:00,2026-02-20T19:00:00+00:00,8.010988498977376
2026-02-20,2026-02-20T18:00:00+00:00,2026-02-20T23:00:00+05:00,2026-02-20T12:00:00+00:00,2026-02-20T16:02:08+00:00,538dd15b3f33f53faea1e41d155a1503cbe047461805cacda9636d21d3c35aec,february-empirical-v1:204ed64bc6d9fa64157d2256888ae687070ec6f9d0d554829fd4d8827c29541c,True,2,0.45851444184913476,5.507054687948369,2,2026-02-21T01:00:00+05:00,2026-02-20T20:00:00+00:00,7.73706160297807
2026-02-20,2026-02-20T18:00:00+00:00,2026-02-20T23:00:00+05:00,2026-02-20T12:00:00+00:00,2026-02-20T16:02:08+00:00,538dd15b3f33f53faea1e41d155a1503cbe047461805cacda9636d21d3c35aec,february-empirical-v1:204ed64bc6d9fa64157d2256888ae687070ec6f9d0d554829fd4d8827c29541c,True,3,0.43245820203065155,5.174393211234019,2,2026-02-21T02:00:00+05:00,2026-02-20T21:00:00+00:00,7.554983217037006
2026-02-20,2026-02-20T18:00:00+00:00,2026-02-20T23:00:00+05:00,2026-02-20T12:00:00+00:00,2026-02-20T16:02:08+00:00,538dd15b3f33f53faea1e41d155a1503cbe047461805cacda9636d21d3c35aec,february-empirical-v1:204ed64bc6d9fa64157d2256888ae687070ec6f9d0d554829fd4d8827c29541c,True,4,0.38683563319219516,5.003562962013234,2,2026-02-21T03:00:00+05:00,2026-02-20T22:00:00+00:00,7.236637886801527
2026-02-20,2026-02-20T18:00:00+00:00,2026-02-20T23:00:00+05:00,2026-02-20T12:00:00+00:00,2026-02-20T16:02:08+00:00,538dd15b3f33f53faea1e41d155a1503cbe047461805cacda9636d21d3c35aec,february-empirical-v1:204ed64bc6d9fa64157d2256888ae687070ec6f9d0d554829fd4d8827c29541c,True,5,0.3238961813032673,4.913296972704757,2,2026-02-21T04:00:00+05:00,2026-02-20T23:00:00+00:00,6.8114787162008295
2026-02-20,2026-02-20T18:00:00+00:00,2026-02-20T23:00:00+05:00,2026-02-20T12:00:00+00:00,2026-02-20T16:02:08+00:00,538dd15b3f33f53faea1e41d155a1503cbe047461805cacda9636d21d3c35aec,february-empirical-v1:204ed64bc6d9fa64157d2256888ae687070ec6f9d0d554829fd4d8827c29541c,True,6,0.2021740657530016,4.791638345431977,2,2026-02-21T05:00:00+05:00,2026-02-21T00:00:00+00:00,5.856833047881958
2026-02-20,2026-02-20T18:00:00+00:00,2026-02-20T23:00:00+05:00,2026-02-20T12:00:00+00:00,2026-02-20T16:02:08+00:00,538dd15b3f33f53faea1e41d155a1503cbe047461805cacda9636d21d3c35aec,february-empirical-v1:204ed64bc6d9fa64157d2256888ae687070ec6f9d0d554829fd4d8827c29541c,True,7,0.2597578828747804,4.809824660217714,2,2026-02-21T06:00:00+05:00,2026-02-21T01:00:00+00:00,6.342096394043324
2026-02-20,2026-02-20T18:00:00+00:00,2026-02-20T23:00:00+05:00,2026-02-20T12:00:00+00:00,2026-02-20T16:02:08+00:00,538dd15b3f33f53faea1e41d155a1503cbe047461805cacda9636d21d3c35aec,february-empirical-v1:204ed64bc6d9fa64157d2256888ae687070ec6f9d0d554829fd4d8827c29541c,True,8,0.2690740547795696,4.99247056761061,2,2026-02-21T07:00:00+05:00,2026-02-21T02:00:00+00:00,6.41114248583657
2026-02-20,2026-02-20T18:00:00+00:00,2026-02-20T23:00:00+05:00,2026-02-20T12:00:00+00:00,2026-02-20T16:02:08+00:00,538dd15b3f33f53faea1e41d155a1503cbe047461805cacda9636d21d3c35aec,february-empirical-v1:204ed64bc6d9fa64157d2256888ae687070ec6f9d0d554829fd4d8827c29541c,True,9,0.3610582792766883,6.359411882126835,2,2026-02-21T08:00:00+05:00,2026-02-21T03:00:00+00:00,7.062510561537586
2026-02-20,2026-02-20T18:00:00+00:00,2026-02-20T23:00:00+05:00,2026-02-20T12:00:00+00:00,2026-02-20T16:02:08+00:00,538dd15b3f33f53faea1e41d155a1503cbe047461805cacda9636d21d3c35aec,february-empirical-v1:204ed64bc6d9fa64157d2256888ae687070ec6f9d0d554829fd4d8827c29541c,True,10,0.28462553712631694,7.884827773370375,2,2026-02-21T09:00:00+05:00,2026-02-21T04:00:00+00:00,6.5264011015650505
2026-02-20,2026-02-20T18:00:00+00:00,2026-02-20T23:00:00+05:00,2026-02-20T12:00:00+00:00,2026-02-20T16:02:08+00:00,538dd15b3f33f53faea1e41d155a1503cbe047461805cacda9636d21d3c35aec,february-empirical-v1:204ed64bc6d9fa64157d2256888ae687070ec6f9d0d554829fd4d8827c29541c,True,11,0.05449227192335395,9.388037701957899,2,2026-02-21T10:00:00+05:00,2026-02-21T05:00:00+00:00,3.7027859820579248
2026-02-20,2026-02-20T18:00:00+00:00,2026-02-20T23:00:00+05:00,2026-02-20T12:00:00+00:00,2026-02-20T16:02:08+00:00,538dd15b3f33f53faea1e41d155a1503cbe047461805cacda9636d21d3c35aec,february-empirical-v1:204ed64bc6d9fa64157d2256888ae687070ec6f9d0d554829fd4d8827c29541c,True,12,0.3131173990511784,8.23474681567859,2,2026-02-21T11:00:00+05:00,2026-02-21T06:00:00+00:00,6.7375663456083865
2026-02-20,2026-02-20T18:00:00+00:00,2026-02-20T23:00:00+05:00,2026-02-20T12:00:00+00:00,2026-02-20T16:02:08+00:00,538dd15b3f33f53faea1e41d155a1503cbe047461805cacda9636d21d3c35aec,february-empirical-v1:204ed64bc6d9fa64157d2256888ae687070ec6f9d0d554829fd4d8827c29541c,True,13,0.9603015708018475,7.4510936775487835,2,2026-02-21T12:00:00+05:00,2026-02-21T07:00:00+00:00,14.057868545823764
2026-02-20,2026-02-20T18:00:00+00:00,2026-02-20T23:00:00+05:00,2026-02-20T12:00:00+00:00,2026-02-20T16:02:08+00:00,538dd15b3f33f53faea1e41d155a1503cbe047461805cacda9636d21d3c35aec,february-empirical-v1:204ed64bc6d9fa64157d2256888ae687070ec6f9d0d554829fd4d8827c29541c,True,14,0.9616857498659893,7.31163311136703,2,2026-02-21T13:00:00+05:00,2026-02-21T08:00:00+00:00,14.775795342863526
2026-02-20,2026-02-20T18:00:00+00:00,2026-02-20T23:00:00+05:00,2026-02-20T12:00:00+00:00,2026-02-20T16:02:08+00:00,538dd15b3f33f53faea1e41d155a1503cbe047461805cacda9636d21d3c35aec,february-empirical-v1:204ed64bc6d9fa64157d2256888ae687070ec6f9d0d554829fd4d8827c29541c,True,15,0.9621186710893228,6.7970510783898135,2,2026-02-21T14:00:00+05:00,2026-02-21T09:00:00+00:00,14.70176092028464
2026-02-20,2026-02-20T18:00:00+00:00,2026-02-20T23:00:00+05:00,2026-02-20T12:00:00+00:00,2026-02-20T16:02:08+00:00,538dd15b3f33f53faea1e41d155a1503cbe047461805cacda9636d21d3c35aec,february-empirical-v1:204ed64bc6d9fa64157d2256888ae687070ec6f9d0d554829fd4d8827c29541c,True,16,0.9591735649398183,5.6305602063476385,2,2026-02-21T15:00:00+05:00,2026-02-21T10:00:00+00:00,12.304994796529861
2026-02-20,2026-02-20T18:00:00+00:00,2026-02-20T23:00:00+05:00,2026-02-20T12:00:00+00:00,2026-02-20T16:02:08+00:00,538dd15b3f33f53faea1e41d155a1503cbe047461805cacda9636d21d3c35aec,february-empirical-v1:204ed64bc6d9fa64157d2256888ae687070ec6f9d0d554829fd4d8827c29541c,True,17,0.8430413617642626,5.3033309492761305,2,2026-02-21T16:00:00+05:00,2026-02-21T11:00:00+00:00,10.406012228255678
2026-02-20,2026-02-20T18:00:00+00:00,2026-02-20T23:00:00+05:00,2026-02-20T12:00:00+00:00,2026-02-20T16:02:08+00:00,538dd15b3f33f53faea1e41d155a1503cbe047461805cacda9636d21d3c35aec,february-empirical-v1:204ed64bc6d9fa64157d2256888ae687070ec6f9d0d554829fd4d8827c29541c,True,18,0.6926764243441113,5.454132382220962,2,2026-02-21T17:00:00+05:00,2026-02-21T12:00:00+00:00,9.36546679851776
2026-02-20,2026-02-20T18:00:00+00:00,2026-02-20T23:00:00+05:00,2026-02-20T12:00:00+00:00,2026-02-20T16:02:08+00:00,538dd15b3f33f53faea1e41d155a1503cbe047461805cacda9636d21d3c35aec,february-empirical-v1:204ed64bc6d9fa64157d2256888ae687070ec6f9d0d554829fd4d8827c29541c,True,19,0.621422910437088,4.80773888874694,2,2026-02-21T18:00:00+05:00,2026-02-21T13:00:00+00:00,8.80192319250357
2026-02-20,2026-02-20T18:00:00+00:00,2026-02-20T23:00:00+05:00,2026-02-20T12:00:00+00:00,2026-02-20T16:02:08+00:00,538dd15b3f33f53faea1e41d155a1503cbe047461805cacda9636d21d3c35aec,february-empirical-v1:204ed64bc6d9fa64157d2256888ae687070ec6f9d0d554829fd4d8827c29541c,True,20,0.6861112809031167,4.438850185733884,2,2026-02-21T19:00:00+05:00,2026-02-21T14:00:00+00:00,9.322965211923552
2026-02-20,2026-02-20T18:00:00+00:00,2026-02-20T23:00:00+05:00,2026-02-20T12:00:00+00:00,2026-02-20T16:02:08+00:00,538dd15b3f33f53faea1e41d155a1503cbe047461805cacda9636d21d3c35aec,february-empirical-v1:204ed64bc6d9fa64157d2256888ae687070ec6f9d0d554829fd4d8827c29541c,True,21,0.6120715771387134,4.844118624652765,2,2026-02-21T20:00:00+05:00,2026-02-21T15:00:00+00:00,8.730599571905875
2026-02-20,2026-02-20T18:00:00+00:00,2026-02-20T23:00:00+05:00,2026-02-20T12:00:00+00:00,2026-02-20T16:02:08+00:00,538dd15b3f33f53faea1e41d155a1503cbe047461805cacda9636d21d3c35aec,february-empirical-v1:204ed64bc6d9fa64157d2256888ae687070ec6f9d0d554829fd4d8827c29541c,True,22,0.2590727636283707,4.641423568565131,2,2026-02-21T21:00:00+05:00,2026-02-21T16:00:00+00:00,6.3370186854243356
2026-02-20,2026-02-20T18:00:00+00:00,2026-02-20T23:00:00+05:00,2026-02-20T12:00:00+00:00,2026-02-20T16:02:08+00:00,538dd15b3f33f53faea1e41d155a1503cbe047461805cacda9636d21d3c35aec,february-empirical-v1:204ed64bc6d9fa64157d2256888ae687070ec6f9d0d554829fd4d8827c29541c,True,23,0.11520796502903383,4.209463718110726,2,2026-02-21T22:00:00+05:00,2026-02-21T17:00:00+00:00,4.8619008958384855
2026-02-20,2026-02-20T18:00:00+00:00,2026-02-20T23:00:00+05:00,2026-02-20T12:00:00+00:00,2026-02-20T16:02:08+00:00,538dd15b3f33f53faea1e41d155a1503cbe047461805cacda9636d21d3c35aec,february-empirical-v1:204ed64bc6d9fa64157d2256888ae687070ec6f9d0d554829fd4d8827c29541c,True,24,0.08690308540370142,3.9373600984450263,2,2026-02-21T23:00:00+05:00,2026-02-21T18:00:00+00:00,4.383318348323083
2026-02-21,2026-02-21T18:00:00+00:00,2026-02-21T23:00:00+05:00,2026-02-21T12:00:00+00:00,2026-02-21T15:59:21+00:00,c744c908949f2d76cd19314317ae60abec697837460290e78c1a68aa35f28f6c,february-empirical-v1:204ed64bc6d9fa64157d2256888ae687070ec6f9d0d554829fd4d8827c29541c,True,1,0.04757056826214276,4.105422175406034,1,2026-02-22T00:00:00+05:00,2026-02-21T19:00:00+00:00,3.4392346129933276
2026-02-21,2026-02-21T18:00:00+00:00,2026-02-21T23:00:00+05:00,2026-02-21T12:00:00+00:00,2026-02-21T15:59:21+00:00,c744c908949f2d76cd19314317ae60abec697837460290e78c1a68aa35f28f6c,february-empirical-v1:204ed64bc6d9fa64157d2256888ae687070ec6f9d0d554829fd4d8827c29541c,True,2,0.023571657090580872,3.449122559760042,1,2026-02-22T01:00:00+05:00,2026-02-21T20:00:00+00:00,2.6427696062965755
2026-02-21,2026-02-21T18:00:00+00:00,2026-02-21T23:00:00+05:00,2026-02-21T12:00:00+00:00,2026-02-21T15:59:21+00:00,c744c908949f2d76cd19314317ae60abec697837460290e78c1a68aa35f28f6c,february-empirical-v1:204ed64bc6d9fa64157d2256888ae687070ec6f9d0d554829fd4d8827c29541c,True,3,0.010578032224689903,2.6719377836360536,1,2026-02-22T02:00:00+05:00,2026-02-21T21:00:00+00:00,1.534522142672768
2026-02-21,2026-02-21T18:00:00+00:00,2026-02-21T23:00:00+05:00,2026-02-21T12:00:00+00:00,2026-02-21T15:59:21+00:00,c744c908949f2d76cd19314317ae60abec697837460290e78c1a68aa35f28f6c,february-empirical-v1:204ed64bc6d9fa64157d2256888ae687070ec6f9d0d554829fd4d8827c29541c,True,4,0.00998187277187215,2.3495384840960583,1,2026-02-22T03:00:00+05:00,2026-02-21T22:00:00+00:00,0.8563441627630523
2026-02-21,2026-02-21T18:00:00+00:00,2026-02-21T23:00:00+05:00,2026-02-21T12:00:00+00:00,2026-02-21T15:59:21+00:00,c744c908949f2d76cd19314317ae60abec697837460290e78c1a68aa35f28f6c,february-empirical-v1:204ed64bc6d9fa64157d2256888ae687070ec6f9d0d554829fd4d8827c29541c,True,5,0.00999410853904734,2.1044198190440397,1,2026-02-22T04:00:00+05:00,2026-02-21T23:00:00+00:00,0.5089297088694243
2026-02-21,2026-02-21T18:00:00+00:00,2026-02-21T23:00:00+05:00,2026-02-21T12:00:00+00:00,2026-02-21T15:59:21+00:00,c744c908949f2d76cd19314317ae60abec697837460290e78c1a68aa35f28f6c,february-empirical-v1:204ed64bc6d9fa64157d2256888ae687070ec6f9d0d554829fd4d8827c29541c,True,6,0.009972965156354992,2.285334384295993,1,2026-02-22T05:00:00+05:00,2026-02-22T00:00:00+00:00,0.9966670903149241
2026-02-21,2026-02-21T18:00:00+00:00,2026-02-21T23:00:00+05:00,2026-02-21T12:00:00+00:00,2026-02-21T15:59:21+00:00,c744c908949f2d76cd19314317ae60abec697837460290e78c1a68aa35f28f6c,february-empirical-v1:204ed64bc6d9fa64157d2256888ae687070ec6f9d0d554829fd4d8827c29541c,True,7,0.012241946955555732,2.640291332482036,1,2026-02-22T06:00:00+05:00,2026-02-22T01:00:00+00:00,1.8662541743180248
2026-02-21,2026-02-21T18:00:00+00:00,2026-02-21T23:00:00+05:00,2026-02-21T12:00:00+00:00,2026-02-21T15:59:21+00:00,c744c908949f2d76cd19314317ae60abec697837460290e78c1a68aa35f28f6c,february-empirical-v1:204ed64bc6d9fa64157d2256888ae687070ec6f9d0d554829fd4d8827c29541c,True,8,0.04918432066714525,2.8724741697520244,1,2026-02-22T07:00:00+05:00,2026-02-22T02:00:00+00:00,3.4837543217205456
2026-02-21,2026-02-21T18:00:00+00:00,2026-02-21T23:00:00+05:00,2026-02-21T12:00:00+00:00,2026-02-21T15:59:21+00:00,c744c908949f2d76cd19314317ae60abec697837460290e78c1a68aa35f28f6c,february-empirical-v1:204ed64bc6d9fa64157d2256888ae687070ec6f9d0d554829fd4d8827c29541c,True,9,0.2675468722937546,3.3361868099519825,1,2026-02-22T08:00:00+05:00,2026-02-22T03:00:00+00:00,6.324212018260818
2026-02-21,2026-02-21T18:00:00+00:00,2026-02-21T23:00:00+05:00,2026-02-21T12:00:00+00:00,2026-02-21T15:59:21+00:00,c744c908949f2d76cd19314317ae60abec697837460290e78c1a68aa35f28f6c,february-empirical-v1:204ed64bc6d9fa64157d2256888ae687070ec6f9d0d554829fd4d8827c29541c,True,10,0.3979614340637779,4.447398875776003,1,2026-02-22T09:00:00+05:00,2026-02-22T04:00:00+00:00,7.244063072772295
2026-02-21,2026-02-21T18:00:00+00:00,2026-02-21T23:00:00+05:00,2026-02-21T12:00:00+00:00,2026-02-21T15:59:21+00:00,c744c908949f2d76cd19314317ae60abec697837460290e78c1a68aa35f28f6c,february-empirical-v1:204ed64bc6d9fa64157d2256888ae687070ec6f9d0d554829fd4d8827c29541c,True,11,0.5250980923333274,5.7137619346819974,1,2026-02-22T10:00:00+05:00,2026-02-22T05:00:00+00:00,8.095478145740229
2026-02-21,2026-02-21T18:00:00+00:00,2026-02-21T23:00:00+05:00,2026-02-21T12:00:00+00:00,2026-02-21T15:59:21+00:00,c744c908949f2d76cd19314317ae60abec697837460290e78c1a68aa35f28f6c,february-empirical-v1:204ed64bc6d9fa64157d2256888ae687070ec6f9d0d554829fd4d8827c29541c,True,12,0.6102510198189951,7.0830989144079695,1,2026-02-22T11:00:00+05:00,2026-02-22T06:00:00+00:00,8.64902050864943
2026-02-21,2026-02-21T18:00:00+00:00,2026-02-21T23:00:00+05:00,2026-02-21T12:00:00+00:00,2026-02-21T15:59:21+00:00,c744c908949f2d76cd19314317ae60abec697837460290e78c1a68aa35f28f6c,february-empirical-v1:204ed64bc6d9fa64157d2256888ae687070ec6f9d0d554829fd4d8827c29541c,True,13,0.6296099192199571,7.922750249594003,1,2026-02-22T12:00:00+05:00,2026-02-22T07:00:00+00:00,8.774799398418027
2026-02-21,2026-02-21T18:00:00+00:00,2026-02-21T23:00:00+05:00,2026-02-21T12:00:00+00:00,2026-02-21T15:59:21+00:00,c744c908949f2d76cd19314317ae60abec697837460290e78c1a68aa35f28f6c,february-empirical-v1:204ed64bc6d9fa64157d2256888ae687070ec6f9d0d554829fd4d8827c29541c,True,14,0.560738386501828,8.446678375461943,1,2026-02-22T13:00:00+05:00,2026-02-22T08:00:00+00:00,8.335826776889279
2026-02-21,2026-02-21T18:00:00+00:00,2026-02-21T23:00:00+05:00,2026-02-21T12:00:00+00:00,2026-02-21T15:59:21+00:00,c744c908949f2d76cd19314317ae60abec697837460290e78c1a68aa35f28f6c,february-empirical-v1:204ed64bc6d9fa64157d2256888ae687070ec6f9d0d554829fd4d8827c29541c,True,15,0.5697444055642752,8.758665247984027,1,2026-02-22T14:00:00+05:00,2026-02-22T09:00:00+00:00,8.392794635989048
2026-02-21,2026-02-21T18:00:00+00:00,2026-02-21T23:00:00+05:00,2026-02-21T12:00:00+00:00,2026-02-21T15:59:21+00:00,c744c908949f2d76cd19314317ae60abec697837460290e78c1a68aa35f28f6c,february-empirical-v1:204ed64bc6d9fa64157d2256888ae687070ec6f9d0d554829fd4d8827c29541c,True,16,0.5049730407361435,8.966730048262036,1,2026-02-22T15:00:00+05:00,2026-02-22T10:00:00+00:00,7.954586402308032
2026-02-21,2026-02-21T18:00:00+00:00,2026-02-21T23:00:00+05:00,2026-02-21T12:00:00+00:00,2026-02-21T15:59:21+00:00,c744c908949f2d76cd19314317ae60abec697837460290e78c1a68aa35f28f6c,february-empirical-v1:204ed64bc6d9fa64157d2256888ae687070ec6f9d0d554829fd4d8827c29541c,True,17,0.5274208480934733,8.623910087650017,1,2026-02-22T16:00:00+05:00,2026-02-22T11:00:00+00:00,8.11173932683752
2026-02-21,2026-02-21T18:00:00+00:00,2026-02-21T23:00:00+05:00,2026-02-21T12:00:00+00:00,2026-02-21T15:59:21+00:00,c744c908949f2d76cd19314317ae60abec697837460290e78c1a68aa35f28f6c,february-empirical-v1:204ed64bc6d9fa64157d2256888ae687070ec6f9d0d554829fd4d8827c29541c,True,18,0.5325294342315386,7.544182122906022,1,2026-02-22T17:00:00+05:00,2026-02-22T12:00:00+00:00,8.147503588309839
2026-02-21,2026-02-21T18:00:00+00:00,2026-02-21T23:00:00+05:00,2026-02-21T12:00:00+00:00,2026-02-21T15:59:21+00:00,c744c908949f2d76cd19314317ae60abec697837460290e78c1a68aa35f28f6c,february-empirical-v1:204ed64bc6d9fa64157d2256888ae687070ec6f9d0d554829fd4d8827c29541c,True,19,0.5275718121514157,6.284882910071985,1,2026-02-22T18:00:00+05:00,2026-02-22T13:00:00+00:00,8.11279619813131
2026-02-21,2026-02-21T18:00:00+00:00,2026-02-21T23:00:00+05:00,2026-02-21T12:00:00+00:00,2026-02-21T15:59:21+00:00,c744c908949f2d76cd19314317ae60abec697837460290e78c1a68aa35f28f6c,february-empirical-v1:204ed64bc6d9fa64157d2256888ae687070ec6f9d0d554829fd4d8827c29541c,True,20,0.3813740976912994,5.690529595019996,1,2026-02-22T19:00:00+05:00,2026-02-22T14:00:00+00:00,7.130461279325742
2026-02-21,2026-02-21T18:00:00+00:00,2026-02-21T23:00:00+05:00,2026-02-21T12:00:00+00:00,2026-02-21T15:59:21+00:00,c744c908949f2d76cd19314317ae60abec697837460290e78c1a68aa35f28f6c,february-empirical-v1:204ed64bc6d9fa64157d2256888ae687070ec6f9d0d554829fd4d8827c29541c,True,21,0.27073729554607756,5.258067361014014,1,2026-02-22T20:00:00+05:00,2026-02-22T15:00:00+00:00,6.347522962389711
2026-02-21,2026-02-21T18:00:00+00:00,2026-02-21T23:00:00+05:00,2026-02-21T12:00:00+00:00,2026-02-21T15:59:21+00:00,c744c908949f2d76cd19314317ae60abec697837460290e78c1a68aa35f28f6c,february-empirical-v1:204ed64bc6d9fa64157d2256888ae687070ec6f9d0d554829fd4d8827c29541c,True,22,0.18129763565930107,4.93583301769803,1,2026-02-22T21:00:00+05:00,2026-02-22T16:00:00+00:00,5.584682548916494
2026-02-21,2026-02-21T18:00:00+00:00,2026-02-21T23:00:00+05:00,2026-02-21T12:00:00+00:00,2026-02-21T15:59:21+00:00,c744c908949f2d76cd19314317ae60abec697837460290e78c1a68aa35f28f6c,february-empirical-v1:204ed64bc6d9fa64157d2256888ae687070ec6f9d0d554829fd4d8827c29541c,True,23,0.1259716376489363,4.6828528167560535,1,2026-02-22T22:00:00+05:00,2026-02-22T17:00:00+00:00,4.924498698603064
2026-02-21,2026-02-21T18:00:00+00:00,2026-02-21T23:00:00+05:00,2026-02-21T12:00:00+00:00,2026-02-21T15:59:21+00:00,c744c908949f2d76cd19314317ae60abec697837460290e78c1a68aa35f28f6c,february-empirical-v1:204ed64bc6d9fa64157d2256888ae687070ec6f9d0d554829fd4d8827c29541c,True,24,0.07431568033721521,4.464053091834046,1,2026-02-22T23:00:00+05:00,2026-02-22T18:00:00+00:00,4.072701943711542
2026-02-21,2026-02-21T18:00:00+00:00,2026-02-21T23:00:00+05:00,2026-02-21T12:00:00+00:00,2026-02-21T15:59:21+00:00,c744c908949f2d76cd19314317ae60abec697837460290e78c1a68aa35f28f6c,february-empirical-v1:204ed64bc6d9fa64157d2256888ae687070ec6f9d0d554829fd4d8827c29541c,True,1,0.044598325541949826,4.083048576107444,2,2026-02-22T00:00:00+05:00,2026-02-21T19:00:00+00:00,3.4371607225595406
2026-02-21,2026-02-21T18:00:00+00:00,2026-02-21T23:00:00+05:00,2026-02-21T12:00:00+00:00,2026-02-21T15:59:21+00:00,c744c908949f2d76cd19314317ae60abec697837460290e78c1a68aa35f28f6c,february-empirical-v1:204ed64bc6d9fa64157d2256888ae687070ec6f9d0d554829fd4d8827c29541c,True,2,0.022202468261363986,3.4206482715424045,2,2026-02-22T01:00:00+05:00,2026-02-21T20:00:00+00:00,2.6409300273851515
2026-02-21,2026-02-21T18:00:00+00:00,2026-02-21T23:00:00+05:00,2026-02-21T12:00:00+00:00,2026-02-21T15:59:21+00:00,c744c908949f2d76cd19314317ae60abec697837460290e78c1a68aa35f28f6c,february-empirical-v1:204ed64bc6d9fa64157d2256888ae687070ec6f9d0d554829fd4d8827c29541c,True,3,0.009953030892870637,2.647494654532693,2,2026-02-22T02:00:00+05:00,2026-02-21T21:00:00+00:00,1.5342147949367269
2026-02-21,2026-02-21T18:00:00+00:00,2026-02-21T23:00:00+05:00,2026-02-21T12:00:00+00:00,2026-02-21T15:59:21+00:00,c744c908949f2d76cd19314317ae60abec697837460290e78c1a68aa35f28f6c,february-empirical-v1:204ed64bc6d9fa64157d2256888ae687070ec6f9d0d554829fd4d8827c29541c,True,4,0.009879351190309667,2.328014349143075,2,2026-02-22T03:00:00+05:00,2026-02-21T22:00:00+00:00,0.8598655455353638
2026-02-21,2026-02-21T18:00:00+00:00,2026-02-21T23:00:00+05:00,2026-02-21T12:00:00+00:00,2026-02-21T15:59:21+00:00,c744c908949f2d76cd19314317ae60abec697837460290e78c1a68aa35f28f6c,february-empirical-v1:204ed64bc6d9fa64157d2256888ae687070ec6f9d0d554829fd4d8827c29541c,True,5,0.009961401889465782,2.0839929551106025,2,2026-02-22T04:00:00+05:00,2026-02-21T23:00:00+00:00,0.5227599811084622
2026-02-21,2026-02-21T18:00:00+00:00,2026-02-21T23:00:00+05:00,2026-02-21T12:00:00+00:00,2026-02-21T15:59:21+00:00,c744c908949f2d76cd19314317ae60abec697837460290e78c1a68aa35f28f6c,february-empirical-v1:204ed64bc6d9fa64157d2256888ae687070ec6f9d0d554829fd4d8827c29541c,True,6,0.009819686787646728,2.2618133585910414,2,2026-02-22T05:00:00+05:00,2026-02-22T00:00:00+00:00,0.9912450694764174
2026-02-21,2026-02-21T18:00:00+00:00,2026-02-21T23:00:00+05:00,2026-02-21T12:00:00+00:00,2026-02-21T15:59:21+00:00,c744c908949f2d76cd19314317ae60abec697837460290e78c1a68aa35f28f6c,february-empirical-v1:204ed64bc6d9fa64157d2256888ae687070ec6f9d0d554829fd4d8827c29541c,True,7,0.011093840171558261,2.615122014665701,2,2026-02-22T06:00:00+05:00,2026-02-22T01:00:00+00:00,1.853834677044027
2026-02-21,2026-02-21T18:00:00+00:00,2026-02-21T23:00:00+05:00,2026-02-21T12:00:00+00:00,2026-02-21T15:59:21+00:00,c744c908949f2d76cd19314317ae60abec697837460290e78c1a68aa35f28f6c,february-empirical-v1:204ed64bc6d9fa64157d2256888ae687070ec6f9d0d554829fd4d8827c29541c,True,8,0.0458302298231129,2.850853834860459,2,2026-02-22T07:00:00+05:00,2026-02-22T02:00:00+00:00,3.4702339657071017
2026-02-21,2026-02-21T18:00:00+00:00,2026-02-21T23:00:00+05:00,2026-02-21T12:00:00+00:00,2026-02-21T15:59:21+00:00,c744c908949f2d76cd19314317ae60abec697837460290e78c1a68aa35f28f6c,february-empirical-v1:204ed64bc6d9fa64157d2256888ae687070ec6f9d0d554829fd4d8827c29541c,True,9,0.24945155974241223,3.315422704308503,2,2026-02-22T08:00:00+05:00,2026-02-22T03:00:00+00:00,6.265711872555208
2026-02-21,2026-02-21T18:00:00+00:00,2026-02-21T23:00:00+05:00,2026-02-21T12:00:00+00:00,2026-02-21T15:59:21+00:00,c744c908949f2d76cd19314317ae60abec697837460290e78c1a68aa35f28f6c,february-empirical-v1:204ed64bc6d9fa64157d2256888ae687070ec6f9d0d554829fd4d8827c29541c,True,10,0.3769108446697593,4.439645347146268,2,2026-02-22T09:00:00+05:00,2026-02-22T04:00:00+00:00,7.169595439974493
2026-02-21,2026-02-21T18:00:00+00:00,2026-02-21T23:00:00+05:00,2026-02-21T12:00:00+00:00,2026-02-21T15:59:21+00:00,c744c908949f2d76cd19314317ae60abec697837460290e78c1a68aa35f28f6c,february-empirical-v1:204ed64bc6d9fa64157d2256888ae687070ec6f9d0d554829fd4d8827c29541c,True,11,0.49849976447215444,5.704941552993773,2,2026-02-22T10:00:00+05:00,2026-02-22T05:00:00+00:00,8.009795572424652
2026-02-21,2026-02-21T18:00:00+00:00,2026-02-21T23:00:00+05:00,2026-02-21T12:00:00+00:00,2026-02-21T15:59:21+00:00,c744c908949f2d76cd19314317ae60abec697837460290e78c1a68aa35f28f6c,february-empirical-v1:204ed64bc6d9fa64157d2256888ae687070ec6f9d0d554829fd4d8827c29541c,True,12,0.5836873642184977,7.0656973933379845,2,2026-02-22T11:00:00+05:00,2026-02-22T06:00:00+00:00,8.556409853739677
2026-02-21,2026-02-21T18:00:00+00:00,2026-02-21T23:00:00+05:00,2026-02-21T12:00:00+00:00,2026-02-21T15:59:21+00:00,c744c908949f2d76cd19314317ae60abec697837460290e78c1a68aa35f28f6c,february-empirical-v1:204ed64bc6d9fa64157d2256888ae687070ec6f9d0d554829fd4d8827c29541c,True,13,0.6032643949597624,7.900249783292679,2,2026-02-22T12:00:00+05:00,2026-02-22T07:00:00+00:00,8.676551196990493
2026-02-21,2026-02-21T18:00:00+00:00,2026-02-21T23:00:00+05:00,2026-02-21T12:00:00+00:00,2026-02-21T15:59:21+00:00,c744c908949f2d76cd19314317ae60abec697837460290e78c1a68aa35f28f6c,february-empirical-v1:204ed64bc6d9fa64157d2256888ae687070ec6f9d0d554829fd4d8827c29541c,True,14,0.5331522066848179,8.417551888480887,2,2026-02-22T13:00:00+05:00,2026-02-22T08:00:00+00:00,8.24587369446359
2026-02-21,2026-02-21T18:00:00+00:00,2026-02-21T23:00:00+05:00,2026-02-21T12:00:00+00:00,2026-02-21T15:59:21+00:00,c744c908949f2d76cd19314317ae60abec697837460290e78c1a68aa35f28f6c,february-empirical-v1:204ed64bc6d9fa64157d2256888ae687070ec6f9d0d554829fd4d8827c29541c,True,15,0.5430851036812002,8.731427822156206,2,2026-02-22T14:00:00+05:00,2026-02-22T09:00:00+00:00,8.307239783751044
2026-02-21,2026-02-21T18:00:00+00:00,2026-02-21T23:00:00+05:00,2026-02-21T12:00:00+00:00,2026-02-21T15:59:21+00:00,c744c908949f2d76cd19314317ae60abec697837460290e78c1a68aa35f28f6c,february-empirical-v1:204ed64bc6d9fa64157d2256888ae687070ec6f9d0d554829fd4d8827c29541c,True,16,0.4794270793000265,8.937031905152878,2,2026-02-22T15:00:00+05:00,2026-02-22T10:00:00+00:00,7.8798583036444905
2026-02-21,2026-02-21T18:00:00+00:00,2026-02-21T23:00:00+05:00,2026-02-21T12:00:00+00:00,2026-02-21T15:59:21+00:00,c744c908949f2d76cd19314317ae60abec697837460290e78c1a68aa35f28f6c,february-empirical-v1:204ed64bc6d9fa64157d2256888ae687070ec6f9d0d554829fd4d8827c29541c,True,17,0.5016728617925726,8.592760506786078,2,2026-02-22T16:00:00+05:00,2026-02-22T11:00:00+00:00,8.031413063389758
2026-02-21,2026-02-21T18:00:00+00:00,2026-02-21T23:00:00+05:00,2026-02-21T12:00:00+00:00,2026-02-21T15:59:21+00:00,c744c908949f2d76cd19314317ae60abec697837460290e78c1a68aa35f28f6c,february-empirical-v1:204ed64bc6d9fa64157d2256888ae687070ec6f9d0d554829fd4d8827c29541c,True,18,0.506971591792737,7.512048843607431,2,2026-02-22T17:00:00+05:00,2026-02-22T12:00:00+00:00,8.067511939767742
2026-02-21,2026-02-21T18:00:00+00:00,2026-02-21T23:00:00+05:00,2026-02-21T12:00:00+00:00,2026-02-21T15:59:21+00:00,c744c908949f2d76cd19314317ae60abec697837460290e78c1a68aa35f28f6c,february-empirical-v1:204ed64bc6d9fa64157d2256888ae687070ec6f9d0d554829fd4d8827c29541c,True,19,0.5018317381706314,6.249608675737306,2,2026-02-22T18:00:00+05:00,2026-02-22T13:00:00+00:00,8.032495447042209
2026-02-21,2026-02-21T18:00:00+00:00,2026-02-21T23:00:00+05:00,2026-02-21T12:00:00+00:00,2026-02-21T15:59:21+00:00,c744c908949f2d76cd19314317ae60abec697837460290e78c1a68aa35f28f6c,february-empirical-v1:204ed64bc6d9fa64157d2256888ae687070ec6f9d0d554829fd4d8827c29541c,True,20,0.3598283046833658,5.655299831704838,2,2026-02-22T19:00:00+05:00,2026-02-22T14:00:00+00:00,7.054202021150552
2026-02-21,2026-02-21T18:00:00+00:00,2026-02-21T23:00:00+05:00,2026-02-21T12:00:00+00:00,2026-02-21T15:59:21+00:00,c744c908949f2d76cd19314317ae60abec697837460290e78c1a68aa35f28f6c,february-empirical-v1:204ed64bc6d9fa64157d2256888ae687070ec6f9d0d554829fd4d8827c29541c,True,21,0.2510490309297128,5.223535216133428,2,2026-02-22T20:00:00+05:00,2026-02-22T15:00:00+00:00,6.277551407437419
2026-02-21,2026-02-21T18:00:00+00:00,2026-02-21T23:00:00+05:00,2026-02-21T12:00:00+00:00,2026-02-21T15:59:21+00:00,c744c908949f2d76cd19314317ae60abec697837460290e78c1a68aa35f28f6c,february-empirical-v1:204ed64bc6d9fa64157d2256888ae687070ec6f9d0d554829fd4d8827c29541c,True,22,0.16813496731875266,4.902644982477568,2,2026-02-22T21:00:00+05:00,2026-02-22T16:00:00+00:00,5.511336100646861
2026-02-21,2026-02-21T18:00:00+00:00,2026-02-21T23:00:00+05:00,2026-02-21T12:00:00+00:00,2026-02-21T15:59:21+00:00,c744c908949f2d76cd19314317ae60abec697837460290e78c1a68aa35f28f6c,february-empirical-v1:204ed64bc6d9fa64157d2256888ae687070ec6f9d0d554829fd4d8827c29541c,True,23,0.11457608141358455,4.650250052081503,2,2026-02-22T22:00:00+05:00,2026-02-22T17:00:00+00:00,4.85347083696966
2026-02-21,2026-02-21T18:00:00+00:00,2026-02-21T23:00:00+05:00,2026-02-21T12:00:00+00:00,2026-02-21T15:59:21+00:00,c744c908949f2d76cd19314317ae60abec697837460290e78c1a68aa35f28f6c,february-empirical-v1:204ed64bc6d9fa64157d2256888ae687070ec6f9d0d554829fd4d8827c29541c,True,24,0.06842188272954765,4.435882820630184,2,2026-02-22T23:00:00+05:00,2026-02-22T18:00:00+00:00,4.009945381434012
2026-02-22,2026-02-22T18:00:00+00:00,2026-02-22T23:00:00+05:00,2026-02-22T12:00:00+00:00,2026-02-22T16:01:10+00:00,81afb40f6288419e4ca657562aff34b226461cb8bf4f369c60be89f406a009fb,february-empirical-v1:204ed64bc6d9fa64157d2256888ae687070ec6f9d0d554829fd4d8827c29541c,True,1,0.024690371099294714,5.22445309581002,1,2026-02-23T00:00:00+05:00,2026-02-22T19:00:00+00:00,2.7022273861323063
2026-02-22,2026-02-22T18:00:00+00:00,2026-02-22T23:00:00+05:00,2026-02-22T12:00:00+00:00,2026-02-22T16:01:10+00:00,81afb40f6288419e4ca657562aff34b226461cb8bf4f369c60be89f406a009fb,february-empirical-v1:204ed64bc6d9fa64157d2256888ae687070ec6f9d0d554829fd4d8827c29541c,True,2,0.02469420418473522,5.286130013436036,1,2026-02-23T01:00:00+05:00,2026-02-22T20:00:00+00:00,2.7024311082171626
2026-02-22,2026-02-22T18:00:00+00:00,2026-02-22T23:00:00+05:00,2026-02-22T12:00:00+00:00,2026-02-22T16:01:10+00:00,81afb40f6288419e4ca657562aff34b226461cb8bf4f369c60be89f406a009fb,february-empirical-v1:204ed64bc6d9fa64157d2256888ae687070ec6f9d0d554829fd4d8827c29541c,True,3,0.03131220033377983,5.153694632950021,1,2026-02-23T02:00:00+05:00,2026-02-22T21:00:00+00:00,2.939227307064347
2026-02-22,2026-02-22T18:00:00+00:00,2026-02-22T23:00:00+05:00,2026-02-22T12:00:00+00:00,2026-02-22T16:01:10+00:00,81afb40f6288419e4ca657562aff34b226461cb8bf4f369c60be89f406a009fb,february-empirical-v1:204ed64bc6d9fa64157d2256888ae687070ec6f9d0d554829fd4d8827c29541c,True,4,0.029962463832148612,4.911742121978023,1,2026-02-23T03:00:00+05:00,2026-02-22T22:00:00+00:00,2.8945989424724603
2026-02-22,2026-02-22T18:00:00+00:00,2026-02-22T23:00:00+05:00,2026-02-22T12:00:00+00:00,2026-02-22T16:01:10+00:00,81afb40f6288419e4ca657562aff34b226461cb8bf4f369c60be89f406a009fb,february-empirical-v1:204ed64bc6d9fa64157d2256888ae687070ec6f9d0d554829fd4d8827c29541c,True,5,0.02191671081214685,4.584510986592022,1,2026-02-23T04:00:00+05:00,2026-02-22T23:00:00+00:00,2.5548119775401257
2026-02-22,2026-02-22T18:00:00+00:00,2026-02-22T23:00:00+05:00,2026-02-22T12:00:00+00:00,2026-02-22T16:01:10+00:00,81afb40f6288419e4ca657562aff34b226461cb8bf4f369c60be89f406a009fb,february-empirical-v1:204ed64bc6d9fa64157d2256888ae687070ec6f9d0d554829fd4d8827c29541c,True,6,0.012457106024594107,4.33647992375802,1,2026-02-23T05:00:00+05:00,2026-02-23T00:00:00+00:00,1.88721199991792
2026-02-22,2026-02-22T18:00:00+00:00,2026-02-22T23:00:00+05:00,2026-02-22T12:00:00+00:00,2026-02-22T16:01:10+00:00,81afb40f6288419e4ca657562aff34b226461cb8bf4f369c60be89f406a009fb,february-empirical-v1:204ed64bc6d9fa64157d2256888ae687070ec6f9d0d554829fd4d8827c29541c,True,7,0.009962299198235693,4.0598283056980335,1,2026-02-23T06:00:00+05:00,2026-02-23T01:00:00+00:00,1.164689437660628
2026-02-22,2026-02-22T18:00:00+00:00,2026-02-22T23:00:00+05:00,2026-02-22T12:00:00+00:00,2026-02-22T16:01:10+00:00,81afb40f6288419e4ca657562aff34b226461cb8bf4f369c60be89f406a009fb,february-empirical-v1:204ed64bc6d9fa64157d2256888ae687070ec6f9d0d554829fd4d8827c29541c,True,8,0.01,4.080662907360022,1,2026-02-23T07:00:00+05:00,2026-02-23T02:00:00+00:00,0.17453982427619522
2026-02-22,2026-02-22T18:00:00+00:00,2026-02-22T23:00:00+05:00,2026-02-22T12:00:00+00:00,2026-02-22T16:01:10+00:00,81afb40f6288419e4ca657562aff34b226461cb8bf4f369c60be89f406a009fb,february-empirical-v1:204ed64bc6d9fa64157d2256888ae687070ec6f9d0d554829fd4d8827c29541c,True,9,0.009993606588077604,5.1185453742220375,1,2026-02-23T08:00:00+05:00,2026-02-23T03:00:00+00:00,0.53099045398932
2026-02-22,2026-02-22T18:00:00+00:00,2026-02-22T23:00:00+05:00,2026-02-22T12:00:00+00:00,2026-02-22T16:01:10+00:00,81afb40f6288419e4ca657562aff34b226461cb8bf4f369c60be89f406a009fb,february-empirical-v1:204ed64bc6d9fa64157d2256888ae687070ec6f9d0d554829fd4d8827c29541c,True,10,0.00996517067519869,6.1835792789399875,1,2026-02-23T09:00:00+05:00,2026-02-23T04:00:00+00:00,1.119454654786439
2026-02-22,2026-02-22T18:00:00+00:00,2026-02-22T23:00:00+05:00,2026-02-22T12:00:00+00:00,2026-02-22T16:01:10+00:00,81afb40f6288419e4ca657562aff34b226461cb8bf4f369c60be89f406a009fb,february-empirical-v1:204ed64bc6d9fa64157d2256888ae687070ec6f9d0d554829fd4d8827c29541c,True,11,0.010809551707364692,7.1312824261839864,1,2026-02-23T10:00:00+05:00,2026-02-23T05:00:00+00:00,1.6405715340004707
2026-02-22,2026-02-22T18:00:00+00:00,2026-02-22T23:00:00+05:00,2026-02-22T12:00:00+00:00,2026-02-22T16:01:10+00:00,81afb40f6288419e4ca657562aff34b226461cb8bf4f369c60be89f406a009fb,february-empirical-v1:204ed64bc6d9fa64157d2256888ae687070ec6f9d0d554829fd4d8827c29541c,True,12,0.028526837114328765,8.176116626336011,1,2026-02-23T11:00:00+05:00,2026-02-23T06:00:00+00:00,2.8471306606979905
2026-02-22,2026-02-22T18:00:00+00:00,2026-02-22T23:00:00+05:00,2026-02-22T12:00:00+00:00,2026-02-22T16:01:10+00:00,81afb40f6288419e4ca657562aff34b226461cb8bf4f369c60be89f406a009fb,february-empirical-v1:204ed64bc6d9fa64157d2256888ae687070ec6f9d0d554829fd4d8827c29541c,True,13,0.09728671969846227,8.905113314651999,1,2026-02-23T12:00:00+05:00,2026-02-23T07:00:00+00:00,4.4896686613391
2026-02-22,2026-02-22T18:00:00+00:00,2026-02-22T23:00:00+05:00,2026-02-22T12:00:00+00:00,2026-02-22T16:01:10+00:00,81afb40f6288419e4ca657562aff34b226461cb8bf4f369c60be89f406a009fb,february-empirical-v1:204ed64bc6d9fa64157d2256888ae687070ec6f9d0d554829fd4d8827c29541c,True,14,0.3343905334715074,8.995578734066044,1,2026-02-23T13:00:00+05:00,2026-02-23T08:00:00+00:00,6.808684651781401
2026-02-22,2026-02-22T18:00:00+00:00,2026-02-22T23:00:00+05:00,2026-02-22T12:00:00+00:00,2026-02-22T16:01:10+00:00,81afb40f6288419e4ca657562aff34b226461cb8bf4f369c60be89f406a009fb,february-empirical-v1:204ed64bc6d9fa64157d2256888ae687070ec6f9d0d554829fd4d8827c29541c,True,15,0.5796994924032738,8.525983210034042,1,2026-02-23T14:00:00+05:00,2026-02-23T09:00:00+00:00,8.455765853397946
2026-02-22,2026-02-22T18:00:00+00:00,2026-02-22T23:00:00+05:00,2026-02-22T12:00:00+00:00,2026-02-22T16:01:10+00:00,81afb40f6288419e4ca657562aff34b226461cb8bf4f369c60be89f406a009fb,february-empirical-v1:204ed64bc6d9fa64157d2256888ae687070ec6f9d0d554829fd4d8827c29541c,True,16,0.5343068236161599,7.468852220416068,1,2026-02-23T15:00:00+05:00,2026-02-23T10:00:00+00:00,8.159946760837764
2026-02-22,2026-02-22T18:00:00+00:00,2026-02-22T23:00:00+05:00,2026-02-22T12:00:00+00:00,2026-02-22T16:01:10+00:00,81afb40f6288419e4ca657562aff34b226461cb8bf4f369c60be89f406a009fb,february-empirical-v1:204ed64bc6d9fa64157d2256888ae687070ec6f9d0d554829fd4d8827c29541c,True,17,0.615508525705905,6.1814482573300324,1,2026-02-23T16:00:00+05:00,2026-02-23T11:00:00+00:00,8.68227702881721
2026-02-22,2026-02-22T18:00:00+00:00,2026-02-22T23:00:00+05:00,2026-02-22T12:00:00+00:00,2026-02-22T16:01:10+00:00,81afb40f6288419e4ca657562aff34b226461cb8bf4f369c60be89f406a009fb,february-empirical-v1:204ed64bc6d9fa64157d2256888ae687070ec6f9d0d554829fd4d8827c29541c,True,18,0.7023778258904018,5.233422395498053,1,2026-02-23T17:00:00+05:00,2026-02-23T12:00:00+00:00,9.305948388902017
2026-02-22,2026-02-22T18:00:00+00:00,2026-02-22T23:00:00+05:00,2026-02-22T12:00:00+00:00,2026-02-22T16:01:10+00:00,81afb40f6288419e4ca657562aff34b226461cb8bf4f369c60be89f406a009fb,february-empirical-v1:204ed64bc6d9fa64157d2256888ae687070ec6f9d0d554829fd4d8827c29541c,True,19,0.6495377329013657,4.294881705498028,1,2026-02-23T18:00:00+05:00,2026-02-23T13:00:00+00:00,8.920361281680568
2026-02-22,2026-02-22T18:00:00+00:00,2026-02-22T23:00:00+05:00,2026-02-22T12:00:00+00:00,2026-02-22T16:01:10+00:00,81afb40f6288419e4ca657562aff34b226461cb8bf4f369c60be89f406a009fb,february-empirical-v1:204ed64bc6d9fa64157d2256888ae687070ec6f9d0d554829fd4d8827c29541c,True,20,0.5814554530787417,3.6572909630200456,1,2026-02-23T19:00:00+05:00,2026-02-23T14:00:00+00:00,8.466873238320314
2026-02-22,2026-02-22T18:00:00+00:00,2026-02-22T23:00:00+05:00,2026-02-22T12:00:00+00:00,2026-02-22T16:01:10+00:00,81afb40f6288419e4ca657562aff34b226461cb8bf4f369c60be89f406a009fb,february-empirical-v1:204ed64bc6d9fa64157d2256888ae687070ec6f9d0d554829fd4d8827c29541c,True,21,0.5170963088738624,2.9944861261060396,1,2026-02-23T20:00:00+05:00,2026-02-23T15:00:00+00:00,8.039459147889376
2026-02-22,2026-02-22T18:00:00+00:00,2026-02-22T23:00:00+05:00,2026-02-22T12:00:00+00:00,2026-02-22T16:01:10+00:00,81afb40f6288419e4ca657562aff34b226461cb8bf4f369c60be89f406a009fb,february-empirical-v1:204ed64bc6d9fa64157d2256888ae687070ec6f9d0d554829fd4d8827c29541c,True,22,0.4104057440993432,2.30218093220401,1,2026-02-23T21:00:00+05:00,2026-02-23T16:00:00+00:00,7.325254905617571
2026-02-22,2026-02-22T18:00:00+00:00,2026-02-22T23:00:00+05:00,2026-02-22T12:00:00+00:00,2026-02-22T16:01:10+00:00,81afb40f6288419e4ca657562aff34b226461cb8bf4f369c60be89f406a009fb,february-empirical-v1:204ed64bc6d9fa64157d2256888ae687070ec6f9d0d554829fd4d8827c29541c,True,23,0.571150819726,1.1870966067220365,1,2026-02-23T22:00:00+05:00,2026-02-23T17:00:00+00:00,8.401690953356967
2026-02-22,2026-02-22T18:00:00+00:00,2026-02-22T23:00:00+05:00,2026-02-22T12:00:00+00:00,2026-02-22T16:01:10+00:00,81afb40f6288419e4ca657562aff34b226461cb8bf4f369c60be89f406a009fb,february-empirical-v1:204ed64bc6d9fa64157d2256888ae687070ec6f9d0d554829fd4d8827c29541c,True,24,0.6658584142614817,0.040059546080044584,1,2026-02-23T23:00:00+05:00,2026-02-23T18:00:00+00:00,9.039575017461463
2026-02-22,2026-02-22T18:00:00+00:00,2026-02-22T23:00:00+05:00,2026-02-22T12:00:00+00:00,2026-02-22T16:01:10+00:00,81afb40f6288419e4ca657562aff34b226461cb8bf4f369c60be89f406a009fb,february-empirical-v1:204ed64bc6d9fa64157d2256888ae687070ec6f9d0d554829fd4d8827c29541c,True,1,0.0222511389203802,5.204193298344478,2,2026-02-23T00:00:00+05:00,2026-02-22T19:00:00+00:00,2.6434728008835386
2026-02-22,2026-02-22T18:00:00+00:00,2026-02-22T23:00:00+05:00,2026-02-22T12:00:00+00:00,2026-02-22T16:01:10+00:00,81afb40f6288419e4ca657562aff34b226461cb8bf4f369c60be89f406a009fb,february-empirical-v1:204ed64bc6d9fa64157d2256888ae687070ec6f9d0d554829fd4d8827c29541c,True,2,0.022312172990539562,5.2669519350846485,2,2026-02-23T01:00:00+05:00,2026-02-22T20:00:00+00:00,2.646661494425745
2026-02-22,2026-02-22T18:00:00+00:00,2026-02-22T23:00:00+05:00,2026-02-22T12:00:00+00:00,2026-02-22T16:01:10+00:00,81afb40f6288419e4ca657562aff34b226461cb8bf4f369c60be89f406a009fb,february-empirical-v1:204ed64bc6d9fa64157d2256888ae687070ec6f9d0d554829fd4d8827c29541c,True,3,0.027841837976859896,5.134086355958061,2,2026-02-23T02:00:00+05:00,2026-02-22T21:00:00+00:00,2.883153043621138
2026-02-22,2026-02-22T18:00:00+00:00,2026-02-22T23:00:00+05:00,2026-02-22T12:00:00+00:00,2026-02-22T16:01:10+00:00,81afb40f6288419e4ca657562aff34b226461cb8bf4f369c60be89f406a009fb,february-empirical-v1:204ed64bc6d9fa64157d2256888ae687070ec6f9d0d554829fd4d8827c29541c,True,4,0.026681331106419452,4.891140007704735,2,2026-02-23T03:00:00+05:00,2026-02-22T22:00:00+00:00,2.8396455284375217
2026-02-22,2026-02-22T18:00:00+00:00,2026-02-22T23:00:00+05:00,2026-02-22T12:00:00+00:00,2026-02-22T16:01:10+00:00,81afb40f6288419e4ca657562aff34b226461cb8bf4f369c60be89f406a009fb,february-empirical-v1:204ed64bc6d9fa64157d2256888ae687070ec6f9d0d554829fd4d8827c29541c,True,5,0.019588434425026658,4.564284708302125,2,2026-02-23T04:00:00+05:00,2026-02-22T23:00:00+00:00,2.5043611767206975
2026-02-22,2026-02-22T18:00:00+00:00,2026-02-22T23:00:00+05:00,2026-02-22T12:00:00+00:00,2026-02-22T16:01:10+00:00,81afb40f6288419e4ca657562aff34b226461cb8bf4f369c60be89f406a009fb,february-empirical-v1:204ed64bc6d9fa64157d2256888ae687070ec6f9d0d554829fd4d8827c29541c,True,6,0.01099860951689022,4.318794930431977,2,2026-02-23T05:00:00+05:00,2026-02-23T00:00:00+00:00,1.8434298575486001
2026-02-22,2026-02-22T18:00:00+00:00,2026-02-22T23:00:00+05:00,2026-02-22T12:00:00+00:00,2026-02-22T16:01:10+00:00,81afb40f6288419e4ca657562aff34b226461cb8bf4f369c60be89f406a009fb,february-empirical-v1:204ed64bc6d9fa64157d2256888ae687070ec6f9d0d554829fd4d8827c29541c,True,7,0.009757483780307202,4.043485483597578,2,2026-02-23T06:00:00+05:00,2026-02-23T01:00:00+00:00,1.1282145374879584
2026-02-22,2026-02-22T18:00:00+00:00,2026-02-22T23:00:00+05:00,2026-02-22T12:00:00+00:00,2026-02-22T16:01:10+00:00,81afb40f6288419e4ca657562aff34b226461cb8bf4f369c60be89f406a009fb,february-empirical-v1:204ed64bc6d9fa64157d2256888ae687070ec6f9d0d554829fd4d8827c29541c,True,8,0.01,4.063363613766398,2,2026-02-23T07:00:00+05:00,2026-02-23T02:00:00+00:00,0.13306150415346615
2026-02-22,2026-02-22T18:00:00+00:00,2026-02-22T23:00:00+05:00,2026-02-22T12:00:00+00:00,2026-02-22T16:01:10+00:00,81afb40f6288419e4ca657562aff34b226461cb8bf4f369c60be89f406a009fb,february-empirical-v1:204ed64bc6d9fa64157d2256888ae687070ec6f9d0d554829fd4d8827c29541c,True,9,0.009954960998011231,5.097561838383285,2,2026-02-23T08:00:00+05:00,2026-02-23T03:00:00+00:00,0.5682756140539567
2026-02-22,2026-02-22T18:00:00+00:00,2026-02-22T23:00:00+05:00,2026-02-22T12:00:00+00:00,2026-02-22T16:01:10+00:00,81afb40f6288419e4ca657562aff34b226461cb8bf4f369c60be89f406a009fb,february-empirical-v1:204ed64bc6d9fa64157d2256888ae687070ec6f9d0d554829fd4d8827c29541c,True,10,0.00974724476176854,6.160021837045633,2,2026-02-23T09:00:00+05:00,2026-02-23T04:00:00+00:00,1.1507606004869042
2026-02-22,2026-02-22T18:00:00+00:00,2026-02-22T23:00:00+05:00,2026-02-22T12:00:00+00:00,2026-02-22T16:01:10+00:00,81afb40f6288419e4ca657562aff34b226461cb8bf4f369c60be89f406a009fb,february-empirical-v1:204ed64bc6d9fa64157d2256888ae687070ec6f9d0d554829fd4d8827c29541c,True,11,0.010062505247715741,7.1032088427242,2,2026-02-23T10:00:00+05:00,2026-02-23T05:00:00+00:00,1.6582477805727098
2026-02-22,2026-02-22T18:00:00+00:00,2026-02-22T23:00:00+05:00,2026-02-22T12:00:00+00:00,2026-02-22T16:01:10+00:00,81afb40f6288419e4ca657562aff34b226461cb8bf4f369c60be89f406a009fb,february-empirical-v1:204ed64bc6d9fa64157d2256888ae687070ec6f9d0d554829fd4d8827c29541c,True,12,0.0269582696923654,8.143051326480702,2,2026-02-23T11:00:00+05:00,2026-02-23T06:00:00+00:00,2.8500279828976143
2026-02-22,2026-02-22T18:00:00+00:00,2026-02-22T23:00:00+05:00,2026-02-22T12:00:00+00:00,2026-02-22T16:01:10+00:00,81afb40f6288419e4ca657562aff34b226461cb8bf4f369c60be89f406a009fb,february-empirical-v1:204ed64bc6d9fa64157d2256888ae687070ec6f9d0d554829fd4d8827c29541c,True,13,0.09154247152041714,8.866571745136525,2,2026-02-23T12:00:00+05:00,2026-02-23T07:00:00+00:00,4.468730696542171
2026-02-22,2026-02-22T18:00:00+00:00,2026-02-22T23:00:00+05:00,2026-02-22T12:00:00+00:00,2026-02-22T16:01:10+00:00,81afb40f6288419e4ca657562aff34b226461cb8bf4f369c60be89f406a009fb,february-empirical-v1:204ed64bc6d9fa64157d2256888ae687070ec6f9d0d554829fd4d8827c29541c,True,14,0.31733737784527283,8.95528573128587,2,2026-02-23T13:00:00+05:00,2026-02-23T08:00:00+00:00,6.767173668180154
2026-02-22,2026-02-22T18:00:00+00:00,2026-02-22T23:00:00+05:00,2026-02-22T12:00:00+00:00,2026-02-22T16:01:10+00:00,81afb40f6288419e4ca657562aff34b226461cb8bf4f369c60be89f406a009fb,february-empirical-v1:204ed64bc6d9fa64157d2256888ae687070ec6f9d0d554829fd4d8827c29541c,True,15,0.5613340882909099,8.48306798119819,2,2026-02-23T14:00:00+05:00,2026-02-23T09:00:00+00:00,8.419231104240351
2026-02-22,2026-02-22T18:00:00+00:00,2026-02-22T23:00:00+05:00,2026-02-22T12:00:00+00:00,2026-02-22T16:01:10+00:00,81afb40f6288419e4ca657562aff34b226461cb8bf4f369c60be89f406a009fb,february-empirical-v1:204ed64bc6d9fa64157d2256888ae687070ec6f9d0d554829fd4d8827c29541c,True,16,0.5182525058283631,7.423814532259826,2,2026-02-23T15:00:00+05:00,2026-02-23T10:00:00+00:00,8.144365888013851
2026-02-22,2026-02-22T18:00:00+00:00,2026-02-22T23:00:00+05:00,2026-02-22T12:00:00+00:00,2026-02-22T16:01:10+00:00,81afb40f6288419e4ca657562aff34b226461cb8bf4f369c60be89f406a009fb,february-empirical-v1:204ed64bc6d9fa64157d2256888ae687070ec6f9d0d554829fd4d8827c29541c,True,17,0.6001718918845466,6.1341442559091774,2,2026-02-23T16:00:00+05:00,2026-02-23T11:00:00+00:00,8.65757296283568
2026-02-22,2026-02-22T18:00:00+00:00,2026-02-22T23:00:00+05:00,2026-02-22T12:00:00+00:00,2026-02-22T16:01:10+00:00,81afb40f6288419e4ca657562aff34b226461cb8bf4f369c60be89f406a009fb,february-empirical-v1:204ed64bc6d9fa64157d2256888ae687070ec6f9d0d554829fd4d8827c29541c,True,18,0.6786743199262726,5.188199024149526,2,2026-02-23T17:00:00+05:00,2026-02-23T12:00:00+00:00,9.274819631587658
2026-02-22,2026-02-22T18:00:00+00:00,2026-02-22T23:00:00+05:00,2026-02-22T12:00:00+00:00,2026-02-22T16:01:10+00:00,81afb40f6288419e4ca657562aff34b226461cb8bf4f369c60be89f406a009fb,february-empirical-v1:204ed64bc6d9fa64157d2256888ae687070ec6f9d0d554829fd4d8827c29541c,True,19,0.6320877707638529,4.254922974149508,2,2026-02-23T18:00:00+05:00,2026-02-23T13:00:00+00:00,8.891382090531119
2026-02-22,2026-02-22T18:00:00+00:00,2026-02-22T23:00:00+05:00,2026-02-22T12:00:00+00:00,2026-02-22T16:01:10+00:00,81afb40f6288419e4ca657562aff34b226461cb8bf4f369c60be89f406a009fb,february-empirical-v1:204ed64bc6d9fa64157d2256888ae687070ec6f9d0d554829fd4d8827c29541c,True,20,0.5658172704636227,3.6158315328248136,2,2026-02-23T19:00:00+05:00,2026-02-23T14:00:00+00:00,8.446743730408555
2026-02-22,2026-02-22T18:00:00+00:00,2026-02-22T23:00:00+05:00,2026-02-22T12:00:00+00:00,2026-02-22T16:01:10+00:00,81afb40f6288419e4ca657562aff34b226461cb8bf4f369c60be89f406a009fb,february-empirical-v1:204ed64bc6d9fa64157d2256888ae687070ec6f9d0d554829fd4d8827c29541c,True,21,0.5015608791102139,2.950588049175451,2,2026-02-23T20:00:00+05:00,2026-02-23T15:00:00+00:00,8.030650154351777
2026-02-22,2026-02-22T18:00:00+00:00,2026-02-22T23:00:00+05:00,2026-02-22T12:00:00+00:00,2026-02-22T16:01:10+00:00,81afb40f6288419e4ca657562aff34b226461cb8bf4f369c60be89f406a009fb,february-empirical-v1:204ed64bc6d9fa64157d2256888ae687070ec6f9d0d554829fd4d8827c29541c,True,22,0.40049314147938153,2.257458891668989,2,2026-02-23T21:00:00+05:00,2026-02-23T16:00:00+00:00,7.331614585483537
2026-02-22,2026-02-22T18:00:00+00:00,2026-02-22T23:00:00+05:00,2026-02-22T12:00:00+00:00,2026-02-22T16:01:10+00:00,81afb40f6288419e4ca657562aff34b226461cb8bf4f369c60be89f406a009fb,february-empirical-v1:204ed64bc6d9fa64157d2256888ae687070ec6f9d0d554829fd4d8827c29541c,True,23,0.5552725595305986,1.1492791508832738,2,2026-02-23T22:00:00+05:00,2026-02-23T17:00:00+00:00,8.382032398418112
2026-02-22,2026-02-22T18:00:00+00:00,2026-02-22T23:00:00+05:00,2026-02-22T12:00:00+00:00,2026-02-22T16:01:10+00:00,81afb40f6288419e4ca657562aff34b226461cb8bf4f369c60be89f406a009fb,february-empirical-v1:204ed64bc6d9fa64157d2256888ae687070ec6f9d0d554829fd4d8827c29541c,True,24,0.6448639405380482,0.001189144659235808,2,2026-02-23T23:00:00+05:00,2026-02-23T18:00:00+00:00,8.99855105796185
2026-02-23,2026-02-23T18:00:00+00:00,2026-02-23T23:00:00+05:00,2026-02-23T12:00:00+00:00,2026-02-23T16:02:58+00:00,7fde362e465eea3c891257368e01f5e2cb26af461216526803b6c60640ca44b6,february-empirical-v1:204ed64bc6d9fa64157d2256888ae687070ec6f9d0d554829fd4d8827c29541c,True,1,0.6840271612911619,-1.1312864704259482,1,2026-02-24T00:00:00+05:00,2026-02-23T19:00:00+00:00,9.172287871788692
2026-02-23,2026-02-23T18:00:00+00:00,2026-02-23T23:00:00+05:00,2026-02-23T12:00:00+00:00,2026-02-23T16:02:58+00:00,7fde362e465eea3c891257368e01f5e2cb26af461216526803b6c60640ca44b6,february-empirical-v1:204ed64bc6d9fa64157d2256888ae687070ec6f9d0d554829fd4d8827c29541c,True,2,0.613445846054213,-1.0615640418539556,1,2026-02-24T01:00:00+05:00,2026-02-23T20:00:00+00:00,8.669229483286742
2026-02-23,2026-02-23T18:00:00+00:00,2026-02-23T23:00:00+05:00,2026-02-23T12:00:00+00:00,2026-02-23T16:02:58+00:00,7fde362e465eea3c891257368e01f5e2cb26af461216526803b6c60640ca44b6,february-empirical-v1:204ed64bc6d9fa64157d2256888ae687070ec6f9d0d554829fd4d8827c29541c,True,3,0.6153585102655356,-1.242057191623985,1,2026-02-24T02:00:00+05:00,2026-02-23T21:00:00+00:00,8.681328101393174
2026-02-23,2026-02-23T18:00:00+00:00,2026-02-23T23:00:00+05:00,2026-02-23T12:00:00+00:00,2026-02-23T16:02:58+00:00,7fde362e465eea3c891257368e01f5e2cb26af461216526803b6c60640ca44b6,february-empirical-v1:204ed64bc6d9fa64157d2256888ae687070ec6f9d0d554829fd4d8827c29541c,True,4,0.5595139929051395,-1.3773895762679444,1,2026-02-24T03:00:00+05:00,2026-02-23T22:00:00+00:00,8.328081836376144
2026-02-23,2026-02-23T18:00:00+00:00,2026-02-23T23:00:00+05:00,2026-02-23T12:00:00+00:00,2026-02-23T16:02:58+00:00,7fde362e465eea3c891257368e01f5e2cb26af461216526803b6c60640ca44b6,february-empirical-v1:204ed64bc6d9fa64157d2256888ae687070ec6f9d0d554829fd4d8827c29541c,True,5,0.5215893475606839,-1.3637651620099973,1,2026-02-24T04:00:00+05:00,2026-02-23T23:00:00+00:00,8.070914076133295
2026-02-23,2026-02-23T18:00:00+00:00,2026-02-23T23:00:00+05:00,2026-02-23T12:00:00+00:00,2026-02-23T16:02:58+00:00,7fde362e465eea3c891257368e01f5e2cb26af461216526803b6c60640ca44b6,february-empirical-v1:204ed64bc6d9fa64157d2256888ae687070ec6f9d0d554829fd4d8827c29541c,True,6,0.5165633646228018,-1.7474194362239928,1,2026-02-24T05:00:00+05:00,2026-02-24T00:00:00+00:00,8.035728104303153
2026-02-23,2026-02-23T18:00:00+00:00,2026-02-23T23:00:00+05:00,2026-02-23T12:00:00+00:00,2026-02-23T16:02:58+00:00,7fde362e465eea3c891257368e01f5e2cb26af461216526803b6c60640ca44b6,february-empirical-v1:204ed64bc6d9fa64157d2256888ae687070ec6f9d0d554829fd4d8827c29541c,True,7,0.45303550607874926,-1.9209600630859995,1,2026-02-24T06:00:00+05:00,2026-02-24T01:00:00+00:00,7.602354011366192
2026-02-23,2026-02-23T18:00:00+00:00,2026-02-23T23:00:00+05:00,2026-02-23T12:00:00+00:00,2026-02-23T16:02:58+00:00,7fde362e465eea3c891257368e01f5e2cb26af461216526803b6c60640ca44b6,february-empirical-v1:204ed64bc6d9fa64157d2256888ae687070ec6f9d0d554829fd4d8827c29541c,True,8,0.47517568544305505,-1.9680472461719773,1,2026-02-24T07:00:00+05:00,2026-02-24T02:00:00+00:00,7.746268113113392
2026-02-23,2026-02-23T18:00:00+00:00,2026-02-23T23:00:00+05:00,2026-02-23T12:00:00+00:00,2026-02-23T16:02:58+00:00,7fde362e465eea3c891257368e01f5e2cb26af461216526803b6c60640ca44b6,february-empirical-v1:204ed64bc6d9fa64157d2256888ae687070ec6f9d0d554829fd4d8827c29541c,True,9,0.44745512036348584,-1.744807849843994,1,2026-02-24T08:00:00+05:00,2026-02-24T03:00:00+00:00,7.566080764234789
2026-02-23,2026-02-23T18:00:00+00:00,2026-02-23T23:00:00+05:00,2026-02-23T12:00:00+00:00,2026-02-23T16:02:58+00:00,7fde362e465eea3c891257368e01f5e2cb26af461216526803b6c60640ca44b6,february-empirical-v1:204ed64bc6d9fa64157d2256888ae687070ec6f9d0d554829fd4d8827c29541c,True,10,0.3657561267502652,-1.3284608856774298,1,2026-02-24T09:00:00+05:00,2026-02-24T04:00:00+00:00,7.023498384919053
2026-02-23,2026-02-23T18:00:00+00:00,2026-02-23T23:00:00+05:00,2026-02-23T12:00:00+00:00,2026-02-23T16:02:58+00:00,7fde362e465eea3c891257368e01f5e2cb26af461216526803b6c60640ca44b6,february-empirical-v1:204ed64bc6d9fa64157d2256888ae687070ec6f9d0d554829fd4d8827c29541c,True,11,0.23855640856262614,-0.729162847352427,1,2026-02-24T10:00:00+05:00,2026-02-24T05:00:00+00:00,6.094905187631141
2026-02-23,2026-02-23T18:00:00+00:00,2026-02-23T23:00:00+05:00,2026-02-23T12:00:00+00:00,2026-02-23T16:02:58+00:00,7fde362e465eea3c891257368e01f5e2cb26af461216526803b6c60640ca44b6,february-empirical-v1:204ed64bc6d9fa64157d2256888ae687070ec6f9d0d554829fd4d8827c29541c,True,12,0.17994614192776415,-0.3462633509549846,1,2026-02-24T11:00:00+05:00,2026-02-24T06:00:00+00:00,5.570151870678523
2026-02-23,2026-02-23T18:00:00+00:00,2026-02-23T23:00:00+05:00,2026-02-23T12:00:00+00:00,2026-02-23T16:02:58+00:00,7fde362e465eea3c891257368e01f5e2cb26af461216526803b6c60640ca44b6,february-empirical-v1:204ed64bc6d9fa64157d2256888ae687070ec6f9d0d554829fd4d8827c29541c,True,13,0.1562184064551688,-0.03894518953995885,1,2026-02-24T12:00:00+05:00,2026-02-24T07:00:00+00:00,5.315041483243804
2026-02-23,2026-02-23T18:00:00+00:00,2026-02-23T23:00:00+05:00,2026-02-23T12:00:00+00:00,2026-02-23T16:02:58+00:00,7fde362e465eea3c891257368e01f5e2cb26af461216526803b6c60640ca44b6,february-empirical-v1:204ed64bc6d9fa64157d2256888ae687070ec6f9d0d554829fd4d8827c29541c,True,14,0.14634025387654373,0.20041140876753616,1,2026-02-24T13:00:00+05:00,2026-02-24T08:00:00+00:00,5.198496881116473
2026-02-23,2026-02-23T18:00:00+00:00,2026-02-23T23:00:00+05:00,2026-02-23T12:00:00+00:00,2026-02-23T16:02:58+00:00,7fde362e465eea3c891257368e01f5e2cb26af461216526803b6c60640ca44b6,february-empirical-v1:204ed64bc6d9fa64157d2256888ae687070ec6f9d0d554829fd4d8827c29541c,True,15,0.15621566940354928,0.4517681270400544,1,2026-02-24T14:00:00+05:00,2026-02-24T09:00:00+00:00,5.315012055644196
2026-02-23,2026-02-23T18:00:00+00:00,2026-02-23T23:00:00+05:00,2026-02-23T12:00:00+00:00,2026-02-23T16:02:58+00:00,7fde362e465eea3c891257368e01f5e2cb26af461216526803b6c60640ca44b6,february-empirical-v1:204ed64bc6d9fa64157d2256888ae687070ec6f9d0d554829fd4d8827c29541c,True,16,0.20378652581678883,0.3947966073350244,1,2026-02-24T15:00:00+05:00,2026-02-24T10:00:00+00:00,5.808573902026817
2026-02-23,2026-02-23T18:00:00+00:00,2026-02-23T23:00:00+05:00,2026-02-23T12:00:00+00:00,2026-02-23T16:02:58+00:00,7fde362e465eea3c891257368e01f5e2cb26af461216526803b6c60640ca44b6,february-empirical-v1:204ed64bc6d9fa64157d2256888ae687070ec6f9d0d554829fd4d8827c29541c,True,17,0.23719748279887756,0.11683743511258626,1,2026-02-24T16:00:00+05:00,2026-02-24T11:00:00+00:00,6.08371438311163
2026-02-23,2026-02-23T18:00:00+00:00,2026-02-23T23:00:00+05:00,2026-02-23T12:00:00+00:00,2026-02-23T16:02:58+00:00,7fde362e465eea3c891257368e01f5e2cb26af461216526803b6c60640ca44b6,february-empirical-v1:204ed64bc6d9fa64157d2256888ae687070ec6f9d0d554829fd4d8827c29541c,True,18,0.1944520080513387,-0.5622786174049565,1,2026-02-24T17:00:00+05:00,2026-02-24T12:00:00+00:00,5.726112692609268
2026-02-23,2026-02-23T18:00:00+00:00,2026-02-23T23:00:00+05:00,2026-02-23T12:00:00+00:00,2026-02-23T16:02:58+00:00,7fde362e465eea3c891257368e01f5e2cb26af461216526803b6c60640ca44b6,february-empirical-v1:204ed64bc6d9fa64157d2256888ae687070ec6f9d0d554829fd4d8827c29541c,True,19,0.15116837541269498,-1.1018428361549581,1,2026-02-24T18:00:00+05:00,2026-02-24T13:00:00+00:00,5.26074572555168
2026-02-23,2026-02-23T18:00:00+00:00,2026-02-23T23:00:00+05:00,2026-02-23T12:00:00+00:00,2026-02-23T16:02:58+00:00,7fde362e465eea3c891257368e01f5e2cb26af461216526803b6c60640ca44b6,february-empirical-v1:204ed64bc6d9fa64157d2256888ae687070ec6f9d0d554829fd4d8827c29541c,True,20,0.13097193166943838,-1.2888646330299594,1,2026-02-24T19:00:00+05:00,2026-02-24T14:00:00+00:00,4.991762545019555
2026-02-23,2026-02-23T18:00:00+00:00,2026-02-23T23:00:00+05:00,2026-02-23T12:00:00+00:00,2026-02-23T16:02:58+00:00,7fde362e465eea3c891257368e01f5e2cb26af461216526803b6c60640ca44b6,february-empirical-v1:204ed64bc6d9fa64157d2256888ae687070ec6f9d0d554829fd4d8827c29541c,True,21,0.0929580857871825,-1.2488127174049168,1,2026-02-24T20:00:00+05:00,2026-02-24T15:00:00+00:00,4.417952056727902
2026-02-23,2026-02-23T18:00:00+00:00,2026-02-23T23:00:00+05:00,2026-02-23T12:00:00+00:00,2026-02-23T16:02:58+00:00,7fde362e465eea3c891257368e01f5e2cb26af461216526803b6c60640ca44b6,february-empirical-v1:204ed64bc6d9fa64157d2256888ae687070ec6f9d0d554829fd4d8827c29541c,True,22,0.04649476545405566,-1.2050827966149313,1,2026-02-24T21:00:00+05:00,2026-02-24T16:00:00+00:00,3.4095556935286737
2026-02-23,2026-02-23T18:00:00+00:00,2026-02-23T23:00:00+05:00,2026-02-23T12:00:00+00:00,2026-02-23T16:02:58+00:00,7fde362e465eea3c891257368e01f5e2cb26af461216526803b6c60640ca44b6,february-empirical-v1:204ed64bc6d9fa64157d2256888ae687070ec6f9d0d554829fd4d8827c29541c,True,23,0.028954386255314744,-1.3398931433599728,1,2026-02-24T22:00:00+05:00,2026-02-24T17:00:00+00:00,2.8612673599143266
2026-02-23,2026-02-23T18:00:00+00:00,2026-02-23T23:00:00+05:00,2026-02-23T12:00:00+00:00,2026-02-23T16:02:58+00:00,7fde362e465eea3c891257368e01f5e2cb26af461216526803b6c60640ca44b6,february-empirical-v1:204ed64bc6d9fa64157d2256888ae687070ec6f9d0d554829fd4d8827c29541c,True,24,0.010809691209882842,-1.535798616319994,1,2026-02-24T23:00:00+05:00,2026-02-24T18:00:00+00:00,1.640635434269112
2026-02-23,2026-02-23T18:00:00+00:00,2026-02-23T23:00:00+05:00,2026-02-23T12:00:00+00:00,2026-02-23T16:02:58+00:00,7fde362e465eea3c891257368e01f5e2cb26af461216526803b6c60640ca44b6,february-empirical-v1:204ed64bc6d9fa64157d2256888ae687070ec6f9d0d554829fd4d8827c29541c,True,1,0.6625882075508319,-1.1744851734122221,2,2026-02-24T00:00:00+05:00,2026-02-23T19:00:00+00:00,9.147225615970862
2026-02-23,2026-02-23T18:00:00+00:00,2026-02-23T23:00:00+05:00,2026-02-23T12:00:00+00:00,2026-02-23T16:02:58+00:00,7fde362e465eea3c891257368e01f5e2cb26af461216526803b6c60640ca44b6,february-empirical-v1:204ed64bc6d9fa64157d2256888ae687070ec6f9d0d554829fd4d8827c29541c,True,2,0.5968414473829114,-1.1099039929349601,2,2026-02-24T01:00:00+05:00,2026-02-23T20:00:00+00:00,8.637134517325894
2026-02-23,2026-02-23T18:00:00+00:00,2026-02-23T23:00:00+05:00,2026-02-23T12:00:00+00:00,2026-02-23T16:02:58+00:00,7fde362e465eea3c891257368e01f5e2cb26af461216526803b6c60640ca44b6,february-empirical-v1:204ed64bc6d9fa64157d2256888ae687070ec6f9d0d554829fd4d8827c29541c,True,3,0.5968947837574613,-1.2888482056297335,2,2026-02-24T02:00:00+05:00,2026-02-23T21:00:00+00:00,8.637461834770875
2026-02-23,2026-02-23T18:00:00+00:00,2026-02-23T23:00:00+05:00,2026-02-23T12:00:00+00:00,2026-02-23T16:02:58+00:00,7fde362e465eea3c891257368e01f5e2cb26af461216526803b6c60640ca44b6,february-empirical-v1:204ed64bc6d9fa64157d2256888ae687070ec6f9d0d554829fd4d8827c29541c,True,4,0.5390463549372222,-1.4218340940843177,2,2026-02-24T03:00:00+05:00,2026-02-23T22:00:00+00:00,8.282454579826767
2026-02-23,2026-02-23T18:00:00+00:00,2026-02-23T23:00:00+05:00,2026-02-23T12:00:00+00:00,2026-02-23T16:02:58+00:00,7fde362e465eea3c891257368e01f5e2cb26af461216526803b6c60640ca44b6,february-empirical-v1:204ed64bc6d9fa64157d2256888ae687070ec6f9d0d554829fd4d8827c29541c,True,5,0.5007669754153506,-1.4043173000324032,2,2026-02-24T04:00:00+05:00,2026-02-23T23:00:00+00:00,8.025241493911256
2026-02-23,2026-02-23T18:00:00+00:00,2026-02-23T23:00:00+05:00,2026-02-23T12:00:00+00:00,2026-02-23T16:02:58+00:00,7fde362e465eea3c891257368e01f5e2cb26af461216526803b6c60640ca44b6,february-empirical-v1:204ed64bc6d9fa64157d2256888ae687070ec6f9d0d554829fd4d8827c29541c,True,6,0.4941739460026313,-1.7875031117337699,2,2026-02-24T05:00:00+05:00,2026-02-24T00:00:00+00:00,7.980324890551812
2026-02-23,2026-02-23T18:00:00+00:00,2026-02-23T23:00:00+05:00,2026-02-23T12:00:00+00:00,2026-02-23T16:02:58+00:00,7fde362e465eea3c891257368e01f5e2cb26af461216526803b6c60640ca44b6,february-empirical-v1:204ed64bc6d9fa64157d2256888ae687070ec6f9d0d554829fd4d8827c29541c,True,7,0.4313392011385216,-1.95053933635063,2,2026-02-24T06:00:00+05:00,2026-02-24T01:00:00+00:00,7.547163751230543
2026-02-23,2026-02-23T18:00:00+00:00,2026-02-23T23:00:00+05:00,2026-02-23T12:00:00+00:00,2026-02-23T16:02:58+00:00,7fde362e465eea3c891257368e01f5e2cb26af461216526803b6c60640ca44b6,february-empirical-v1:204ed64bc6d9fa64157d2256888ae687070ec6f9d0d554829fd4d8827c29541c,True,8,0.45079425672992846,-1.9915216327012786,2,2026-02-24T07:00:00+05:00,2026-02-24T02:00:00+00:00,7.683113725023931
2026-02-23,2026-02-23T18:00:00+00:00,2026-02-23T23:00:00+05:00,2026-02-23T12:00:00+00:00,2026-02-23T16:02:58+00:00,7fde362e465eea3c891257368e01f5e2cb26af461216526803b6c60640ca44b6,february-empirical-v1:204ed64bc6d9fa64157d2256888ae687070ec6f9d0d554829fd4d8827c29541c,True,9,0.4248670133608994,-1.7620267029025172,2,2026-02-24T08:00:00+05:00,2026-02-24T03:00:00+00:00,7.501936753311181
2026-02-23,2026-02-23T18:00:00+00:00,2026-02-23T23:00:00+05:00,2026-02-23T12:00:00+00:00,2026-02-23T16:02:58+00:00,7fde362e465eea3c891257368e01f5e2cb26af461216526803b6c60640ca44b6,february-empirical-v1:204ed64bc6d9fa64157d2256888ae687070ec6f9d0d554829fd4d8827c29541c,True,10,0.3462796213442639,-1.3439088407750432,2,2026-02-24T09:00:00+05:00,2026-02-24T04:00:00+00:00,6.962679982138366
2026-02-23,2026-02-23T18:00:00+00:00,2026-02-23T23:00:00+05:00,2026-02-23T12:00:00+00:00,2026-02-23T16:02:58+00:00,7fde362e465eea3c891257368e01f5e2cb26af461216526803b6c60640ca44b6,february-empirical-v1:204ed64bc6d9fa64157d2256888ae687070ec6f9d0d554829fd4d8827c29541c,True,11,0.22313031932140998,-0.7451689732021123,2,2026-02-24T10:00:00+05:00,2026-02-24T05:00:00+00:00,6.039289981065912
2026-02-23,2026-02-23T18:00:00+00:00,2026-02-23T23:00:00+05:00,2026-02-23T12:00:00+00:00,2026-02-23T16:02:58+00:00,7fde362e465eea3c891257368e01f5e2cb26af461216526803b6c60640ca44b6,february-empirical-v1:204ed64bc6d9fa64157d2256888ae687070ec6f9d0d554829fd4d8827c29541c,True,12,0.16847167758351927,-0.3673444026541688,2,2026-02-24T11:00:00+05:00,2026-02-24T06:00:00+00:00,5.515027667368217
2026-02-23,2026-02-23T18:00:00+00:00,2026-02-23T23:00:00+05:00,2026-02-23T12:00:00+00:00,2026-02-23T16:02:58+00:00,7fde362e465eea3c891257368e01f5e2cb26af461216526803b6c60640ca44b6,february-empirical-v1:204ed64bc6d9fa64157d2256888ae687070ec6f9d0d554829fd4d8827c29541c,True,13,0.14549251813337702,-0.06561051538955098,2,2026-02-24T12:00:00+05:00,2026-02-24T07:00:00+00:00,5.263092668090196
2026-02-23,2026-02-23T18:00:00+00:00,2026-02-23T23:00:00+05:00,2026-02-23T12:00:00+00:00,2026-02-23T16:02:58+00:00,7fde362e465eea3c891257368e01f5e2cb26af461216526803b6c60640ca44b6,february-empirical-v1:204ed64bc6d9fa64157d2256888ae687070ec6f9d0d554829fd4d8827c29541c,True,14,0.1370203880914386,0.16561726046671765,2,2026-02-24T13:00:00+05:00,2026-02-24T08:00:00+00:00,5.152903868525239
2026-02-23,2026-02-23T18:00:00+00:00,2026-02-23T23:00:00+05:00,2026-02-23T12:00:00+00:00,2026-02-23T16:02:58+00:00,7fde362e465eea3c891257368e01f5e2cb26af461216526803b6c60640ca44b6,february-empirical-v1:204ed64bc6d9fa64157d2256888ae687070ec6f9d0d554829fd4d8827c29541c,True,15,0.14638350451174417,0.4157678528895872,2,2026-02-24T14:00:00+05:00,2026-02-24T09:00:00+00:00,5.272861112975122
2026-02-23,2026-02-23T18:00:00+00:00,2026-02-23T23:00:00+05:00,2026-02-23T12:00:00+00:00,2026-02-23T16:02:58+00:00,7fde362e465eea3c891257368e01f5e2cb26af461216526803b6c60640ca44b6,february-empirical-v1:204ed64bc6d9fa64157d2256888ae687070ec6f9d0d554829fd4d8827c29541c,True,16,0.1911524770084148,0.3564192814853868,2,2026-02-24T15:00:00+05:00,2026-02-24T10:00:00+00:00,5.760872895720809
2026-02-23,2026-02-23T18:00:00+00:00,2026-02-23T23:00:00+05:00,2026-02-23T12:00:00+00:00,2026-02-23T16:02:58+00:00,7fde362e465eea3c891257368e01f5e2cb26af461216526803b6c60640ca44b6,february-empirical-v1:204ed64bc6d9fa64157d2256888ae687070ec6f9d0d554829fd4d8827c29541c,True,17,0.2226045313734107,0.0799524058645602,2,2026-02-24T16:00:00+05:00,2026-02-24T11:00:00+00:00,6.034712175391636
2026-02-23,2026-02-23T18:00:00+00:00,2026-02-23T23:00:00+05:00,2026-02-23T12:00:00+00:00,2026-02-23T16:02:58+00:00,7fde362e465eea3c891257368e01f5e2cb26af461216526803b6c60640ca44b6,february-empirical-v1:204ed64bc6d9fa64157d2256888ae687070ec6f9d0d554829fd4d8827c29541c,True,18,0.18353692070510944,-0.5924430983521916,2,2026-02-24T17:00:00+05:00,2026-02-24T12:00:00+00:00,5.680197417079733
2026-02-23,2026-02-23T18:00:00+00:00,2026-02-23T23:00:00+05:00,2026-02-23T12:00:00+00:00,2026-02-23T16:02:58+00:00,7fde362e465eea3c891257368e01f5e2cb26af461216526803b6c60640ca44b6,february-empirical-v1:204ed64bc6d9fa64157d2256888ae687070ec6f9d0d554829fd4d8827c29541c,True,19,0.14239472037881523,-1.1288841171021886,2,2026-02-24T18:00:00+05:00,2026-02-24T13:00:00+00:00,5.2246036823129405
2026-02-23,2026-02-23T18:00:00+00:00,2026-02-23T23:00:00+05:00,2026-02-23T12:00:00+00:00,2026-02-23T16:02:58+00:00,7fde362e465eea3c891257368e01f5e2cb26af461216526803b6c60640ca44b6,february-empirical-v1:204ed64bc6d9fa64157d2256888ae687070ec6f9d0d554829fd4d8827c29541c,True,20,0.12241328819385236,-1.3135635139772148,2,2026-02-24T19:00:00+05:00,2026-02-24T14:00:00+00:00,4.958028247400121
2026-02-23,2026-02-23T18:00:00+00:00,2026-02-23T23:00:00+05:00,2026-02-23T12:00:00+00:00,2026-02-23T16:02:58+00:00,7fde362e465eea3c891257368e01f5e2cb26af461216526803b6c60640ca44b6,february-empirical-v1:204ed64bc6d9fa64157d2256888ae687070ec6f9d0d554829fd4d8827c29541c,True,21,0.08718270789519052,-1.2740203983521496,2,2026-02-24T20:00:00+05:00,2026-02-24T15:00:00+00:00,4.38846627371927
2026-02-23,2026-02-23T18:00:00+00:00,2026-02-23T23:00:00+05:00,2026-02-23T12:00:00+00:00,2026-02-23T16:02:58+00:00,7fde362e465eea3c891257368e01f5e2cb26af461216526803b6c60640ca44b6,february-empirical-v1:204ed64bc6d9fa64157d2256888ae687070ec6f9d0d554829fd4d8827c29541c,True,22,0.042756409487211336,-1.2301371517125972,2,2026-02-24T21:00:00+05:00,2026-02-24T16:00:00+00:00,3.387710340360813
2026-02-23,2026-02-23T18:00:00+00:00,2026-02-23T23:00:00+05:00,2026-02-23T12:00:00+00:00,2026-02-23T16:02:58+00:00,7fde362e465eea3c891257368e01f5e2cb26af461216526803b6c60640ca44b6,february-empirical-v1:204ed64bc6d9fa64157d2256888ae687070ec6f9d0d554829fd4d8827c29541c,True,23,0.02671546750458981,-1.3612314760063668,2,2026-02-24T22:00:00+05:00,2026-02-24T17:00:00+00:00,2.8409253053173837
2026-02-23,2026-02-23T18:00:00+00:00,2026-02-23T23:00:00+05:00,2026-02-23T12:00:00+00:00,2026-02-23T16:02:58+00:00,7fde362e465eea3c891257368e01f5e2cb26af461216526803b6c60640ca44b6,february-empirical-v1:204ed64bc6d9fa64157d2256888ae687070ec6f9d0d554829fd4d8827c29541c,True,24,0.01003156428026289,-1.5536236231167777,2,2026-02-24T23:00:00+05:00,2026-02-24T18:00:00+00:00,1.6231920766402888
2026-02-24,2026-02-24T18:00:00+00:00,2026-02-24T23:00:00+05:00,2026-02-24T12:00:00+00:00,2026-02-24T15:52:34+00:00,edaba8c96248c75a83a1744259d7322dfdaf654d4d8fcb25b73d8a8f77918096,february-empirical-v1:204ed64bc6d9fa64157d2256888ae687070ec6f9d0d554829fd4d8827c29541c,True,1,0.010053914576320891,-1.0031801576824364,1,2026-02-25T00:00:00+05:00,2026-02-24T19:00:00+00:00,1.294445770043186
2026-02-24,2026-02-24T18:00:00+00:00,2026-02-24T23:00:00+05:00,2026-02-24T12:00:00+00:00,2026-02-24T15:52:34+00:00,edaba8c96248c75a83a1744259d7322dfdaf654d4d8fcb25b73d8a8f77918096,february-empirical-v1:204ed64bc6d9fa64157d2256888ae687070ec6f9d0d554829fd4d8827c29541c,True,2,0.009964150353564757,-0.9765566351999269,1,2026-02-25T01:00:00+05:00,2026-02-24T20:00:00+00:00,1.135527925847814
2026-02-24,2026-02-24T18:00:00+00:00,2026-02-24T23:00:00+05:00,2026-02-24T12:00:00+00:00,2026-02-24T15:52:34+00:00,edaba8c96248c75a83a1744259d7322dfdaf654d4d8fcb25b73d8a8f77918096,february-empirical-v1:204ed64bc6d9fa64157d2256888ae687070ec6f9d0d554829fd4d8827c29541c,True,3,0.009964375976874197,-0.9288982689674299,1,2026-02-25T02:00:00+05:00,2026-02-24T21:00:00+00:00,1.1319736499314743
2026-02-24,2026-02-24T18:00:00+00:00,2026-02-24T23:00:00+05:00,2026-02-24T12:00:00+00:00,2026-02-24T15:52:34+00:00,edaba8c96248c75a83a1744259d7322dfdaf654d4d8fcb25b73d8a8f77918096,february-empirical-v1:204ed64bc6d9fa64157d2256888ae687070ec6f9d0d554829fd4d8827c29541c,True,4,0.009981286394379216,-1.0890084167974692,1,2026-02-25T03:00:00+05:00,2026-02-24T22:00:00+00:00,0.8655814503739171
2026-02-24,2026-02-24T18:00:00+00:00,2026-02-24T23:00:00+05:00,2026-02-24T12:00:00+00:00,2026-02-24T15:52:34+00:00,edaba8c96248c75a83a1744259d7322dfdaf654d4d8fcb25b73d8a8f77918096,february-empirical-v1:204ed64bc6d9fa64157d2256888ae687070ec6f9d0d554829fd4d8827c29541c,True,5,0.01023470084929552,-1.1273681449224,1,2026-02-25T04:00:00+05:00,2026-02-24T23:00:00+00:00,1.3772564000077245
2026-02-24,2026-02-24T18:00:00+00:00,2026-02-24T23:00:00+05:00,2026-02-24T12:00:00+00:00,2026-02-24T15:52:34+00:00,edaba8c96248c75a83a1744259d7322dfdaf654d4d8fcb25b73d8a8f77918096,february-empirical-v1:204ed64bc6d9fa64157d2256888ae687070ec6f9d0d554829fd4d8827c29541c,True,6,0.01082336850515218,-0.9604910805124973,1,2026-02-25T05:00:00+05:00,2026-02-25T00:00:00+00:00,1.64690043115648
2026-02-24,2026-02-24T18:00:00+00:00,2026-02-24T23:00:00+05:00,2026-02-24T12:00:00+00:00,2026-02-24T15:52:34+00:00,edaba8c96248c75a83a1744259d7322dfdaf654d4d8fcb25b73d8a8f77918096,february-empirical-v1:204ed64bc6d9fa64157d2256888ae687070ec6f9d0d554829fd4d8827c29541c,True,7,0.015196771726158787,-0.845354133289959,1,2026-02-25T06:00:00+05:00,2026-02-25T01:00:00+00:00,2.1540724033953422
2026-02-24,2026-02-24T18:00:00+00:00,2026-02-24T23:00:00+05:00,2026-02-24T12:00:00+00:00,2026-02-24T15:52:34+00:00,edaba8c96248c75a83a1744259d7322dfdaf654d4d8fcb25b73d8a8f77918096,february-empirical-v1:204ed64bc6d9fa64157d2256888ae687070ec6f9d0d554829fd4d8827c29541c,True,8,0.06407283283311213,-0.6279207323349851,1,2026-02-25T07:00:00+05:00,2026-02-25T02:00:00+00:00,3.8591822074868327
2026-02-24,2026-02-24T18:00:00+00:00,2026-02-24T23:00:00+05:00,2026-02-24T12:00:00+00:00,2026-02-24T15:52:34+00:00,edaba8c96248c75a83a1744259d7322dfdaf654d4d8fcb25b73d8a8f77918096,february-empirical-v1:204ed64bc6d9fa64157d2256888ae687070ec6f9d0d554829fd4d8827c29541c,True,9,0.078472390812399,-0.520392988324943,1,2026-02-25T08:00:00+05:00,2026-02-25T03:00:00+00:00,4.159351649652024
2026-02-24,2026-02-24T18:00:00+00:00,2026-02-24T23:00:00+05:00,2026-02-24T12:00:00+00:00,2026-02-24T15:52:34+00:00,edaba8c96248c75a83a1744259d7322dfdaf654d4d8fcb25b73d8a8f77918096,february-empirical-v1:204ed64bc6d9fa64157d2256888ae687070ec6f9d0d554829fd4d8827c29541c,True,10,0.062189718754636664,-0.39674256874997127,1,2026-02-25T09:00:00+05:00,2026-02-25T04:00:00+00:00,3.8199273009624455
2026-02-24,2026-02-24T18:00:00+00:00,2026-02-24T23:00:00+05:00,2026-02-24T12:00:00+00:00,2026-02-24T15:52:34+00:00,edaba8c96248c75a83a1744259d7322dfdaf654d4d8fcb25b73d8a8f77918096,february-empirical-v1:204ed64bc6d9fa64157d2256888ae687070ec6f9d0d554829fd4d8827c29541c,True,11,0.10138226509013282,0.030292000000031294,1,2026-02-25T10:00:00+05:00,2026-02-25T05:00:00+00:00,4.557523466236383
2026-02-24,2026-02-24T18:00:00+00:00,2026-02-24T23:00:00+05:00,2026-02-24T12:00:00+00:00,2026-02-24T15:52:34+00:00,edaba8c96248c75a83a1744259d7322dfdaf654d4d8fcb25b73d8a8f77918096,february-empirical-v1:204ed64bc6d9fa64157d2256888ae687070ec6f9d0d554829fd4d8827c29541c,True,12,0.04829680605656968,0.2885806007375322,1,2026-02-25T11:00:00+05:00,2026-02-25T06:00:00+00:00,3.459269839571059
2026-02-24,2026-02-24T18:00:00+00:00,2026-02-24T23:00:00+05:00,2026-02-24T12:00:00+00:00,2026-02-24T15:52:34+00:00,edaba8c96248c75a83a1744259d7322dfdaf654d4d8fcb25b73d8a8f77918096,february-empirical-v1:204ed64bc6d9fa64157d2256888ae687070ec6f9d0d554829fd4d8827c29541c,True,13,0.042609870113189854,0.6859565836800243,1,2026-02-25T12:00:00+05:00,2026-02-25T07:00:00+00:00,3.302380386787114
2026-02-24,2026-02-24T18:00:00+00:00,2026-02-24T23:00:00+05:00,2026-02-24T12:00:00+00:00,2026-02-24T15:52:34+00:00,edaba8c96248c75a83a1744259d7322dfdaf654d4d8fcb25b73d8a8f77918096,february-empirical-v1:204ed64bc6d9fa64157d2256888ae687070ec6f9d0d554829fd4d8827c29541c,True,14,0.027859992929928794,0.7062685384975111,1,2026-02-25T13:00:00+05:00,2026-02-25T08:00:00+00:00,2.825081790158137
2026-02-24,2026-02-24T18:00:00+00:00,2026-02-24T23:00:00+05:00,2026-02-24T12:00:00+00:00,2026-02-24T15:52:34+00:00,edaba8c96248c75a83a1744259d7322dfdaf654d4d8fcb25b73d8a8f77918096,february-empirical-v1:204ed64bc6d9fa64157d2256888ae687070ec6f9d0d554829fd4d8827c29541c,True,15,0.027648173329256193,1.0896361598950648,1,2026-02-25T14:00:00+05:00,2026-02-25T09:00:00+00:00,2.818078080652541
2026-02-24,2026-02-24T18:00:00+00:00,2026-02-24T23:00:00+05:00,2026-02-24T12:00:00+00:00,2026-02-24T15:52:34+00:00,edaba8c96248c75a83a1744259d7322dfdaf654d4d8fcb25b73d8a8f77918096,february-empirical-v1:204ed64bc6d9fa64157d2256888ae687070ec6f9d0d554829fd4d8827c29541c,True,16,0.05135125158452588,1.5100049033850382,1,2026-02-25T15:00:00+05:00,2026-02-25T10:00:00+00:00,3.5435349503812597
2026-02-24,2026-02-24T18:00:00+00:00,2026-02-24T23:00:00+05:00,2026-02-24T12:00:00+00:00,2026-02-24T15:52:34+00:00,edaba8c96248c75a83a1744259d7322dfdaf654d4d8fcb25b73d8a8f77918096,february-empirical-v1:204ed64bc6d9fa64157d2256888ae687070ec6f9d0d554829fd4d8827c29541c,True,17,0.0634579539906392,1.8191861507375506,1,2026-02-25T16:00:00+05:00,2026-02-25T11:00:00+00:00,3.8463646029874603
2026-02-24,2026-02-24T18:00:00+00:00,2026-02-24T23:00:00+05:00,2026-02-24T12:00:00+00:00,2026-02-24T15:52:34+00:00,edaba8c96248c75a83a1744259d7322dfdaf654d4d8fcb25b73d8a8f77918096,february-empirical-v1:204ed64bc6d9fa64157d2256888ae687070ec6f9d0d554829fd4d8827c29541c,True,18,0.05832808868964525,1.6082235779075518,1,2026-02-25T17:00:00+05:00,2026-02-25T12:00:00+00:00,3.7360098026537063
2026-02-24,2026-02-24T18:00:00+00:00,2026-02-24T23:00:00+05:00,2026-02-24T12:00:00+00:00,2026-02-24T15:52:34+00:00,edaba8c96248c75a83a1744259d7322dfdaf654d4d8fcb25b73d8a8f77918096,february-empirical-v1:204ed64bc6d9fa64157d2256888ae687070ec6f9d0d554829fd4d8827c29541c,True,19,0.07118211445364624,1.347884551822517,1,2026-02-25T18:00:00+05:00,2026-02-25T13:00:00+00:00,4.007380443939689
2026-02-24,2026-02-24T18:00:00+00:00,2026-02-24T23:00:00+05:00,2026-02-24T12:00:00+00:00,2026-02-24T15:52:34+00:00,edaba8c96248c75a83a1744259d7322dfdaf654d4d8fcb25b73d8a8f77918096,february-empirical-v1:204ed64bc6d9fa64157d2256888ae687070ec6f9d0d554829fd4d8827c29541c,True,20,0.11999326215515019,1.3661942858500424,1,2026-02-25T19:00:00+05:00,2026-02-25T14:00:00+00:00,4.84407772147945
2026-02-24,2026-02-24T18:00:00+00:00,2026-02-24T23:00:00+05:00,2026-02-24T12:00:00+00:00,2026-02-24T15:52:34+00:00,edaba8c96248c75a83a1744259d7322dfdaf654d4d8fcb25b73d8a8f77918096,february-empirical-v1:204ed64bc6d9fa64157d2256888ae687070ec6f9d0d554829fd4d8827c29541c,True,21,0.27574409198377237,1.2329283878900696,1,2026-02-25T20:00:00+05:00,2026-02-25T15:00:00+00:00,6.384105303600665
2026-02-24,2026-02-24T18:00:00+00:00,2026-02-24T23:00:00+05:00,2026-02-24T12:00:00+00:00,2026-02-24T15:52:34+00:00,edaba8c96248c75a83a1744259d7322dfdaf654d4d8fcb25b73d8a8f77918096,february-empirical-v1:204ed64bc6d9fa64157d2256888ae687070ec6f9d0d554829fd4d8827c29541c,True,22,0.18481664933827538,0.6308544637150817,1,2026-02-25T21:00:00+05:00,2026-02-25T16:00:00+00:00,5.622517467637165
2026-02-24,2026-02-24T18:00:00+00:00,2026-02-24T23:00:00+05:00,2026-02-24T12:00:00+00:00,2026-02-24T15:52:34+00:00,edaba8c96248c75a83a1744259d7322dfdaf654d4d8fcb25b73d8a8f77918096,february-empirical-v1:204ed64bc6d9fa64157d2256888ae687070ec6f9d0d554829fd4d8827c29541c,True,23,0.29037283510088713,0.03917055902752509,1,2026-02-25T22:00:00+05:00,2026-02-25T17:00:00+00:00,6.49099074998484
2026-02-24,2026-02-24T18:00:00+00:00,2026-02-24T23:00:00+05:00,2026-02-24T12:00:00+00:00,2026-02-24T15:52:34+00:00,edaba8c96248c75a83a1744259d7322dfdaf654d4d8fcb25b73d8a8f77918096,february-empirical-v1:204ed64bc6d9fa64157d2256888ae687070ec6f9d0d554829fd4d8827c29541c,True,24,0.40323392088713284,-0.0021532088549633954,1,2026-02-25T23:00:00+05:00,2026-02-25T18:00:00+00:00,7.278637103724829
2026-02-24,2026-02-24T18:00:00+00:00,2026-02-24T23:00:00+05:00,2026-02-24T12:00:00+00:00,2026-02-24T15:52:34+00:00,edaba8c96248c75a83a1744259d7322dfdaf654d4d8fcb25b73d8a8f77918096,february-empirical-v1:204ed64bc6d9fa64157d2256888ae687070ec6f9d0d554829fd4d8827c29541c,True,1,0.009752798166782107,-1.023976135231294,2,2026-02-25T00:00:00+05:00,2026-02-24T19:00:00+00:00,1.3073537837534959
2026-02-24,2026-02-24T18:00:00+00:00,2026-02-24T23:00:00+05:00,2026-02-24T12:00:00+00:00,2026-02-24T15:52:34+00:00,edaba8c96248c75a83a1744259d7322dfdaf654d4d8fcb25b73d8a8f77918096,february-empirical-v1:204ed64bc6d9fa64157d2256888ae687070ec6f9d0d554829fd4d8827c29541c,True,2,0.009745900474537965,-1.0007472644479662,2,2026-02-25T01:00:00+05:00,2026-02-24T20:00:00+00:00,1.1537206873814412
2026-02-24,2026-02-24T18:00:00+00:00,2026-02-24T23:00:00+05:00,2026-02-24T12:00:00+00:00,2026-02-24T15:52:34+00:00,edaba8c96248c75a83a1744259d7322dfdaf654d4d8fcb25b73d8a8f77918096,february-empirical-v1:204ed64bc6d9fa64157d2256888ae687070ec6f9d0d554829fd4d8827c29541c,True,3,0.009744237372241598,-0.9541411499146761,2,2026-02-25T02:00:00+05:00,2026-02-24T21:00:00+00:00,1.1573827970852164
2026-02-24,2026-02-24T18:00:00+00:00,2026-02-24T23:00:00+05:00,2026-02-24T12:00:00+00:00,2026-02-24T15:52:34+00:00,edaba8c96248c75a83a1744259d7322dfdaf654d4d8fcb25b73d8a8f77918096,february-empirical-v1:204ed64bc6d9fa64157d2256888ae687070ec6f9d0d554829fd4d8827c29541c,True,4,0.009867964537693102,-1.117373949443902,2,2026-02-25T03:00:00+05:00,2026-02-24T22:00:00+00:00,0.8849386701000654
2026-02-24,2026-02-24T18:00:00+00:00,2026-02-24T23:00:00+05:00,2026-02-24T12:00:00+00:00,2026-02-24T15:52:34+00:00,edaba8c96248c75a83a1744259d7322dfdaf654d4d8fcb25b73d8a8f77918096,february-empirical-v1:204ed64bc6d9fa64157d2256888ae687070ec6f9d0d554829fd4d8827c29541c,True,5,0.009826817475822246,-1.1513208775688781,2,2026-02-25T04:00:00+05:00,2026-02-24T23:00:00+00:00,1.391216674820092
2026-02-24,2026-02-24T18:00:00+00:00,2026-02-24T23:00:00+05:00,2026-02-24T12:00:00+00:00,2026-02-24T15:52:34+00:00,edaba8c96248c75a83a1744259d7322dfdaf654d4d8fcb25b73d8a8f77918096,february-empirical-v1:204ed64bc6d9fa64157d2256888ae687070ec6f9d0d554829fd4d8827c29541c,True,6,0.010061778883615908,-0.989568109760512,2,2026-02-25T05:00:00+05:00,2026-02-25T00:00:00+00:00,1.65742481972413
2026-02-24,2026-02-24T18:00:00+00:00,2026-02-24T23:00:00+05:00,2026-02-24T12:00:00+00:00,2026-02-24T15:52:34+00:00,edaba8c96248c75a83a1744259d7322dfdaf654d4d8fcb25b73d8a8f77918096,february-empirical-v1:204ed64bc6d9fa64157d2256888ae687070ec6f9d0d554829fd4d8827c29541c,True,7,0.013922198992076898,-0.8779938591395648,2,2026-02-25T06:00:00+05:00,2026-02-25T01:00:00+00:00,2.162858731308672
2026-02-24,2026-02-24T18:00:00+00:00,2026-02-24T23:00:00+05:00,2026-02-24T12:00:00+00:00,2026-02-24T15:52:34+00:00,edaba8c96248c75a83a1744259d7322dfdaf654d4d8fcb25b73d8a8f77918096,february-empirical-v1:204ed64bc6d9fa64157d2256888ae687070ec6f9d0d554829fd4d8827c29541c,True,8,0.060585763821623555,-0.6625610064853618,2,2026-02-25T07:00:00+05:00,2026-02-25T02:00:00+00:00,3.842583301898803
2026-02-24,2026-02-24T18:00:00+00:00,2026-02-24T23:00:00+05:00,2026-02-24T12:00:00+00:00,2026-02-24T15:52:34+00:00,edaba8c96248c75a83a1744259d7322dfdaf654d4d8fcb25b73d8a8f77918096,february-empirical-v1:204ed64bc6d9fa64157d2256888ae687070ec6f9d0d554829fd4d8827c29541c,True,9,0.0740062392566707,-0.5476012175729466,2,2026-02-25T08:00:00+05:00,2026-02-25T03:00:00+00:00,4.129214822368634
2026-02-24,2026-02-24T18:00:00+00:00,2026-02-24T23:00:00+05:00,2026-02-24T12:00:00+00:00,2026-02-24T15:52:34+00:00,edaba8c96248c75a83a1744259d7322dfdaf654d4d8fcb25b73d8a8f77918096,february-empirical-v1:204ed64bc6d9fa64157d2256888ae687070ec6f9d0d554829fd4d8827c29541c,True,10,0.057812162784260386,-0.42400016875001256,2,2026-02-25T09:00:00+05:00,2026-02-25T04:00:00+00:00,3.7833453496843843
2026-02-24,2026-02-24T18:00:00+00:00,2026-02-24T23:00:00+05:00,2026-02-24T12:00:00+00:00,2026-02-24T15:52:34+00:00,edaba8c96248c75a83a1744259d7322dfdaf654d4d8fcb25b73d8a8f77918096,february-empirical-v1:204ed64bc6d9fa64157d2256888ae687070ec6f9d0d554829fd4d8827c29541c,True,11,0.09444946744310649,0.004323999999996886,2,2026-02-25T10:00:00+05:00,2026-02-25T05:00:00+00:00,4.5222492745983525
2026-02-24,2026-02-24T18:00:00+00:00,2026-02-24T23:00:00+05:00,2026-02-24T12:00:00+00:00,2026-02-24T15:52:34+00:00,edaba8c96248c75a83a1744259d7322dfdaf654d4d8fcb25b73d8a8f77918096,february-empirical-v1:204ed64bc6d9fa64157d2256888ae687070ec6f9d0d554829fd4d8827c29541c,True,12,0.04427739028330529,0.26211797148954474,2,2026-02-25T11:00:00+05:00,2026-02-25T06:00:00+00:00,3.4285444931932827
2026-02-24,2026-02-24T18:00:00+00:00,2026-02-24T23:00:00+05:00,2026-02-24T12:00:00+00:00,2026-02-24T15:52:34+00:00,edaba8c96248c75a83a1744259d7322dfdaf654d4d8fcb25b73d8a8f77918096,february-empirical-v1:204ed64bc6d9fa64157d2256888ae687070ec6f9d0d554829fd4d8827c29541c,True,13,0.038743218337180065,0.6580163768832108,2,2026-02-25T12:00:00+05:00,2026-02-25T07:00:00+00:00,3.279967191211829
2026-02-24,2026-02-24T18:00:00+00:00,2026-02-24T23:00:00+05:00,2026-02-24T12:00:00+00:00,2026-02-24T15:52:34+00:00,edaba8c96248c75a83a1744259d7322dfdaf654d4d8fcb25b73d8a8f77918096,february-empirical-v1:204ed64bc6d9fa64157d2256888ae687070ec6f9d0d554829fd4d8827c29541c,True,14,0.0256956179688272,0.6838427541518968,2,2026-02-25T13:00:00+05:00,2026-02-25T08:00:00+00:00,2.8026910472596476
2026-02-24,2026-02-24T18:00:00+00:00,2026-02-24T23:00:00+05:00,2026-02-24T12:00:00+00:00,2026-02-24T15:52:34+00:00,edaba8c96248c75a83a1744259d7322dfdaf654d4d8fcb25b73d8a8f77918096,february-empirical-v1:204ed64bc6d9fa64157d2256888ae687070ec6f9d0d554829fd4d8827c29541c,True,15,0.025550746755044283,1.0668202496997878,2,2026-02-25T14:00:00+05:00,2026-02-25T09:00:00+00:00,2.7972598113972205
2026-02-24,2026-02-24T18:00:00+00:00,2026-02-24T23:00:00+05:00,2026-02-24T12:00:00+00:00,2026-02-24T15:52:34+00:00,edaba8c96248c75a83a1744259d7322dfdaf654d4d8fcb25b73d8a8f77918096,february-empirical-v1:204ed64bc6d9fa64157d2256888ae687070ec6f9d0d554829fd4d8827c29541c,True,16,0.047635955914446776,1.4810817482874086,2,2026-02-25T15:00:00+05:00,2026-02-25T10:00:00+00:00,3.518712746883344
2026-02-24,2026-02-24T18:00:00+00:00,2026-02-24T23:00:00+05:00,2026-02-24T12:00:00+00:00,2026-02-24T15:52:34+00:00,edaba8c96248c75a83a1744259d7322dfdaf654d4d8fcb25b73d8a8f77918096,february-empirical-v1:204ed64bc6d9fa64157d2256888ae687070ec6f9d0d554829fd4d8827c29541c,True,17,0.05924368258932889,1.7885827214894903,2,2026-02-25T16:00:00+05:00,2026-02-25T11:00:00+00:00,3.8139194303341597
2026-02-24,2026-02-24T18:00:00+00:00,2026-02-24T23:00:00+05:00,2026-02-24T12:00:00+00:00,2026-02-24T15:52:34+00:00,edaba8c96248c75a83a1744259d7322dfdaf654d4d8fcb25b73d8a8f77918096,february-empirical-v1:204ed64bc6d9fa64157d2256888ae687070ec6f9d0d554829fd4d8827c29541c,True,18,0.05469660446436869,1.5747342969603437,2,2026-02-25T17:00:00+05:00,2026-02-25T12:00:00+00:00,3.708271749024786
2026-02-24,2026-02-24T18:00:00+00:00,2026-02-24T23:00:00+05:00,2026-02-24T12:00:00+00:00,2026-02-24T15:52:34+00:00,edaba8c96248c75a83a1744259d7322dfdaf654d4d8fcb25b73d8a8f77918096,february-empirical-v1:204ed64bc6d9fa64157d2256888ae687070ec6f9d0d554829fd4d8827c29541c,True,19,0.0669068637922903,1.3158381967249397,2,2026-02-25T18:00:00+05:00,2026-02-25T13:00:00+00:00,3.977587944946134
2026-02-24,2026-02-24T18:00:00+00:00,2026-02-24T23:00:00+05:00,2026-02-24T12:00:00+00:00,2026-02-24T15:52:34+00:00,edaba8c96248c75a83a1744259d7322dfdaf654d4d8fcb25b73d8a8f77918096,february-empirical-v1:204ed64bc6d9fa64157d2256888ae687070ec6f9d0d554829fd4d8827c29541c,True,20,0.1103520952352532,1.3403250273540266,2,2026-02-25T19:00:00+05:00,2026-02-25T14:00:00+00:00,4.797117971863134
2026-02-24,2026-02-24T18:00:00+00:00,2026-02-24T23:00:00+05:00,2026-02-24T12:00:00+00:00,2026-02-24T15:52:34+00:00,edaba8c96248c75a83a1744259d7322dfdaf654d4d8fcb25b73d8a8f77918096,february-empirical-v1:204ed64bc6d9fa64157d2256888ae687070ec6f9d0d554829fd4d8827c29541c,True,21,0.2571409145366588,1.2082652552436457,2,2026-02-25T20:00:00+05:00,2026-02-25T15:00:00+00:00,6.322700934412413
2026-02-24,2026-02-24T18:00:00+00:00,2026-02-24T23:00:00+05:00,2026-02-24T12:00:00+00:00,2026-02-24T15:52:34+00:00,edaba8c96248c75a83a1744259d7322dfdaf654d4d8fcb25b73d8a8f77918096,february-empirical-v1:204ed64bc6d9fa64157d2256888ae687070ec6f9d0d554829fd4d8827c29541c,True,22,0.17198229487228034,0.6032203603166408,2,2026-02-25T21:00:00+05:00,2026-02-25T16:00:00+00:00,5.553516775989809
2026-02-24,2026-02-24T18:00:00+00:00,2026-02-24T23:00:00+05:00,2026-02-24T12:00:00+00:00,2026-02-24T15:52:34+00:00,edaba8c96248c75a83a1744259d7322dfdaf654d4d8fcb25b73d8a8f77918096,february-empirical-v1:204ed64bc6d9fa64157d2256888ae687070ec6f9d0d554829fd4d8827c29541c,True,23,0.26910434315299386,0.004781255629097814,2,2026-02-25T22:00:00+05:00,2026-02-25T17:00:00+00:00,6.411366965787465
2026-02-24,2026-02-24T18:00:00+00:00,2026-02-24T23:00:00+05:00,2026-02-24T12:00:00+00:00,2026-02-24T15:52:34+00:00,edaba8c96248c75a83a1744259d7322dfdaf654d4d8fcb25b73d8a8f77918096,february-empirical-v1:204ed64bc6d9fa64157d2256888ae687070ec6f9d0d554829fd4d8827c29541c,True,24,0.37931650212865475,-0.03949711905022468,2,2026-02-25T23:00:00+05:00,2026-02-25T18:00:00+00:00,7.185845777390496
2026-02-25,2026-02-25T18:00:00+00:00,2026-02-25T23:00:00+05:00,2026-02-25T12:00:00+00:00,2026-02-25T16:01:51+00:00,77f82983671c94c4ee163f1f0a9963705675c919dbe7e619286ae86020562e8e,february-empirical-v1:204ed64bc6d9fa64157d2256888ae687070ec6f9d0d554829fd4d8827c29541c,True,1,0.5124325730073175,0.4765221585925019,1,2026-02-26T00:00:00+05:00,2026-02-25T19:00:00+00:00,8.006809200435988
2026-02-25,2026-02-25T18:00:00+00:00,2026-02-25T23:00:00+05:00,2026-02-25T12:00:00+00:00,2026-02-25T16:01:51+00:00,77f82983671c94c4ee163f1f0a9963705675c919dbe7e619286ae86020562e8e,february-empirical-v1:204ed64bc6d9fa64157d2256888ae687070ec6f9d0d554829fd4d8827c29541c,True,2,0.604887957680208,0.2856166380200307,1,2026-02-26T01:00:00+05:00,2026-02-25T20:00:00+00:00,8.615096289063922
2026-02-25,2026-02-25T18:00:00+00:00,2026-02-25T23:00:00+05:00,2026-02-25T12:00:00+00:00,2026-02-25T16:01:51+00:00,77f82983671c94c4ee163f1f0a9963705675c919dbe7e619286ae86020562e8e,february-empirical-v1:204ed64bc6d9fa64157d2256888ae687070ec6f9d0d554829fd4d8827c29541c,True,3,0.5223262629228471,0.08018978307251245,1,2026-02-26T02:00:00+05:00,2026-02-25T21:00:00+00:00,8.076073083534384
2026-02-25,2026-02-25T18:00:00+00:00,2026-02-25T23:00:00+05:00,2026-02-25T12:00:00+00:00,2026-02-25T16:01:51+00:00,77f82983671c94c4ee163f1f0a9963705675c919dbe7e619286ae86020562e8e,february-empirical-v1:204ed64bc6d9fa64157d2256888ae687070ec6f9d0d554829fd4d8827c29541c,True,4,0.45664016642018235,-0.24432811385395325,1,2026-02-26T03:00:00+05:00,2026-02-25T22:00:00+00:00,7.6257847815783535
2026-02-25,2026-02-25T18:00:00+00:00,2026-02-25T23:00:00+05:00,2026-02-25T12:00:00+00:00,2026-02-25T16:01:51+00:00,77f82983671c94c4ee163f1f0a9963705675c919dbe7e619286ae86020562e8e,february-empirical-v1:204ed64bc6d9fa64157d2256888ae687070ec6f9d0d554829fd4d8827c29541c,True,5,0.3932801368200699,0.07419095513000684,1,2026-02-26T04:00:00+05:00,2026-02-25T23:00:00+00:00,7.212002243317845
2026-02-25,2026-02-25T18:00:00+00:00,2026-02-25T23:00:00+05:00,2026-02-25T12:00:00+00:00,2026-02-25T16:01:51+00:00,77f82983671c94c4ee163f1f0a9963705675c919dbe7e619286ae86020562e8e,february-empirical-v1:204ed64bc6d9fa64157d2256888ae687070ec6f9d0d554829fd4d8827c29541c,True,6,0.30126745666151383,0.22933932391003964,1,2026-02-26T05:00:00+05:00,2026-02-26T00:00:00+00:00,6.5705927007041645
2026-02-25,2026-02-25T18:00:00+00:00,2026-02-25T23:00:00+05:00,2026-02-25T12:00:00+00:00,2026-02-25T16:01:51+00:00,77f82983671c94c4ee163f1f0a9963705675c919dbe7e619286ae86020562e8e,february-empirical-v1:204ed64bc6d9fa64157d2256888ae687070ec6f9d0d554829fd4d8827c29541c,True,7,0.3353095269769356,0.0851517082980422,1,2026-02-26T06:00:00+05:00,2026-02-26T01:00:00+00:00,6.814978568299281
2026-02-25,2026-02-25T18:00:00+00:00,2026-02-25T23:00:00+05:00,2026-02-25T12:00:00+00:00,2026-02-25T16:01:51+00:00,77f82983671c94c4ee163f1f0a9963705675c919dbe7e619286ae86020562e8e,february-empirical-v1:204ed64bc6d9fa64157d2256888ae687070ec6f9d0d554829fd4d8827c29541c,True,8,0.19532647521522914,0.40526006818504356,1,2026-02-26T07:00:00+05:00,2026-02-26T02:00:00+00:00,5.73551458674437
2026-02-25,2026-02-25T18:00:00+00:00,2026-02-25T23:00:00+05:00,2026-02-25T12:00:00+00:00,2026-02-25T16:01:51+00:00,77f82983671c94c4ee163f1f0a9963705675c919dbe7e619286ae86020562e8e,february-empirical-v1:204ed64bc6d9fa64157d2256888ae687070ec6f9d0d554829fd4d8827c29541c,True,9,0.05774248967292547,1.1104112839400386,1,2026-02-26T08:00:00+05:00,2026-02-26T03:00:00+00:00,3.719854475743275
2026-02-25,2026-02-25T18:00:00+00:00,2026-02-25T23:00:00+05:00,2026-02-25T12:00:00+00:00,2026-02-25T16:01:51+00:00,77f82983671c94c4ee163f1f0a9963705675c919dbe7e619286ae86020562e8e,february-empirical-v1:204ed64bc6d9fa64157d2256888ae687070ec6f9d0d554829fd4d8827c29541c,True,10,0.02657853371582268,2.42661878767251,1,2026-02-26T09:00:00+05:00,2026-02-26T04:00:00+00:00,2.7827109800425003
2026-02-25,2026-02-25T18:00:00+00:00,2026-02-25T23:00:00+05:00,2026-02-25T12:00:00+00:00,2026-02-25T16:01:51+00:00,77f82983671c94c4ee163f1f0a9963705675c919dbe7e619286ae86020562e8e,february-empirical-v1:204ed64bc6d9fa64157d2256888ae687070ec6f9d0d554829fd4d8827c29541c,True,11,0.009994617436857225,3.3098899077250508,1,2026-02-26T10:00:00+05:00,2026-02-26T05:00:00+00:00,0.48656365012498287
2026-02-25,2026-02-25T18:00:00+00:00,2026-02-25T23:00:00+05:00,2026-02-25T12:00:00+00:00,2026-02-25T16:01:51+00:00,77f82983671c94c4ee163f1f0a9963705675c919dbe7e619286ae86020562e8e,february-empirical-v1:204ed64bc6d9fa64157d2256888ae687070ec6f9d0d554829fd4d8827c29541c,True,12,0.1965113113490174,3.2451991521275545,1,2026-02-26T11:00:00+05:00,2026-02-26T06:00:00+00:00,5.748253434304706
2026-02-25,2026-02-25T18:00:00+00:00,2026-02-25T23:00:00+05:00,2026-02-25T12:00:00+00:00,2026-02-25T16:01:51+00:00,77f82983671c94c4ee163f1f0a9963705675c919dbe7e619286ae86020562e8e,february-empirical-v1:204ed64bc6d9fa64157d2256888ae687070ec6f9d0d554829fd4d8827c29541c,True,13,0.22403022953205698,3.5985937310325085,1,2026-02-26T12:00:00+05:00,2026-02-26T07:00:00+00:00,5.97528155970161
2026-02-25,2026-02-25T18:00:00+00:00,2026-02-25T23:00:00+05:00,2026-02-25T12:00:00+00:00,2026-02-25T16:01:51+00:00,77f82983671c94c4ee163f1f0a9963705675c919dbe7e619286ae86020562e8e,february-empirical-v1:204ed64bc6d9fa64157d2256888ae687070ec6f9d0d554829fd4d8827c29541c,True,14,0.36423580097412234,3.5787597522125907,1,2026-02-26T13:00:00+05:00,2026-02-26T08:00:00+00:00,7.0130861203508
2026-02-25,2026-02-25T18:00:00+00:00,2026-02-25T23:00:00+05:00,2026-02-25T12:00:00+00:00,2026-02-25T16:01:51+00:00,77f82983671c94c4ee163f1f0a9963705675c919dbe7e619286ae86020562e8e,february-empirical-v1:204ed64bc6d9fa64157d2256888ae687070ec6f9d0d554829fd4d8827c29541c,True,15,0.1543502298761701,1.6262983608925765,1,2026-02-26T14:00:00+05:00,2026-02-26T09:00:00+00:00,5.2949556536704225
2026-02-25,2026-02-25T18:00:00+00:00,2026-02-25T23:00:00+05:00,2026-02-25T12:00:00+00:00,2026-02-25T16:01:51+00:00,77f82983671c94c4ee163f1f0a9963705675c919dbe7e619286ae86020562e8e,february-empirical-v1:204ed64bc6d9fa64157d2256888ae687070ec6f9d0d554829fd4d8827c29541c,True,16,0.24683583790737335,1.2408924936200378,1,2026-02-26T15:00:00+05:00,2026-02-26T10:00:00+00:00,6.163086598125988
2026-02-25,2026-02-25T18:00:00+00:00,2026-02-25T23:00:00+05:00,2026-02-25T12:00:00+00:00,2026-02-25T16:01:51+00:00,77f82983671c94c4ee163f1f0a9963705675c919dbe7e619286ae86020562e8e,february-empirical-v1:204ed64bc6d9fa64157d2256888ae687070ec6f9d0d554829fd4d8827c29541c,True,17,0.47754816594155974,1.2516554707900696,1,2026-02-26T16:00:00+05:00,2026-02-26T11:00:00+00:00,7.762589954271134
2026-02-25,2026-02-25T18:00:00+00:00,2026-02-25T23:00:00+05:00,2026-02-25T12:00:00+00:00,2026-02-25T16:01:51+00:00,77f82983671c94c4ee163f1f0a9963705675c919dbe7e619286ae86020562e8e,february-empirical-v1:204ed64bc6d9fa64157d2256888ae687070ec6f9d0d554829fd4d8827c29541c,True,18,0.4540382378936223,1.2536574868050252,1,2026-02-26T17:00:00+05:00,2026-02-26T12:00:00+00:00,7.608871901129246
2026-02-25,2026-02-25T18:00:00+00:00,2026-02-25T23:00:00+05:00,2026-02-25T12:00:00+00:00,2026-02-25T16:01:51+00:00,77f82983671c94c4ee163f1f0a9963705675c919dbe7e619286ae86020562e8e,february-empirical-v1:204ed64bc6d9fa64157d2256888ae687070ec6f9d0d554829fd4d8827c29541c,True,19,0.513460107194246,1.841225214192491,1,2026-02-26T18:00:00+05:00,2026-02-26T13:00:00+00:00,8.014002776180797
2026-02-25,2026-02-25T18:00:00+00:00,2026-02-25T23:00:00+05:00,2026-02-25T12:00:00+00:00,2026-02-25T16:01:51+00:00,77f82983671c94c4ee163f1f0a9963705675c919dbe7e619286ae86020562e8e,february-empirical-v1:204ed64bc6d9fa64157d2256888ae687070ec6f9d0d554829fd4d8827c29541c,True,20,0.40311010951584525,2.0261758730900397,1,2026-02-26T19:00:00+05:00,2026-02-26T14:00:00+00:00,7.277832313393561
2026-02-25,2026-02-25T18:00:00+00:00,2026-02-25T23:00:00+05:00,2026-02-25T12:00:00+00:00,2026-02-25T16:01:51+00:00,77f82983671c94c4ee163f1f0a9963705675c919dbe7e619286ae86020562e8e,february-empirical-v1:204ed64bc6d9fa64157d2256888ae687070ec6f9d0d554829fd4d8827c29541c,True,21,0.5126422515920542,2.0522293426650435,1,2026-02-26T20:00:00+05:00,2026-02-26T15:00:00+00:00,8.008277121212306
2026-02-25,2026-02-25T18:00:00+00:00,2026-02-25T23:00:00+05:00,2026-02-25T12:00:00+00:00,2026-02-25T16:01:51+00:00,77f82983671c94c4ee163f1f0a9963705675c919dbe7e619286ae86020562e8e,february-empirical-v1:204ed64bc6d9fa64157d2256888ae687070ec6f9d0d554829fd4d8827c29541c,True,22,0.6410282687886392,2.137656875955088,1,2026-02-26T21:00:00+05:00,2026-02-26T16:00:00+00:00,8.858204256248367
2026-02-25,2026-02-25T18:00:00+00:00,2026-02-25T23:00:00+05:00,2026-02-25T12:00:00+00:00,2026-02-25T16:01:51+00:00,77f82983671c94c4ee163f1f0a9963705675c919dbe7e619286ae86020562e8e,february-empirical-v1:204ed64bc6d9fa64157d2256888ae687070ec6f9d0d554829fd4d8827c29541c,True,23,0.730503567303619,1.2302422214400508,1,2026-02-26T22:00:00+05:00,2026-02-26T17:00:00+00:00,9.51000158758916
2026-02-25,2026-02-25T18:00:00+00:00,2026-02-25T23:00:00+05:00,2026-02-25T12:00:00+00:00,2026-02-25T16:01:51+00:00,77f82983671c94c4ee163f1f0a9963705675c919dbe7e619286ae86020562e8e,february-empirical-v1:204ed64bc6d9fa64157d2256888ae687070ec6f9d0d554829fd4d8827c29541c,True,24,0.8935692339544207,1.1343331984800216,1,2026-02-26T23:00:00+05:00,2026-02-26T18:00:00+00:00,10.759667020747159
2026-02-25,2026-02-25T18:00:00+00:00,2026-02-25T23:00:00+05:00,2026-02-25T12:00:00+00:00,2026-02-25T16:01:51+00:00,77f82983671c94c4ee163f1f0a9963705675c919dbe7e619286ae86020562e8e,february-empirical-v1:204ed64bc6d9fa64157d2256888ae687070ec6f9d0d554829fd4d8827c29541c,True,1,0.48342981369052934,0.4383286932997521,2,2026-02-26T00:00:00+05:00,2026-02-25T19:00:00+00:00,7.90712789728904
2026-02-25,2026-02-25T18:00:00+00:00,2026-02-25T23:00:00+05:00,2026-02-25T12:00:00+00:00,2026-02-25T16:01:51+00:00,77f82983671c94c4ee163f1f0a9963705675c919dbe7e619286ae86020562e8e,february-empirical-v1:204ed64bc6d9fa64157d2256888ae687070ec6f9d0d554829fd4d8827c29541c,True,2,0.5766488034704332,0.24725512782481474,2,2026-02-26T01:00:00+05:00,2026-02-25T20:00:00+00:00,8.513215247059996
2026-02-25,2026-02-25T18:00:00+00:00,2026-02-25T23:00:00+05:00,2026-02-25T12:00:00+00:00,2026-02-25T16:01:51+00:00,77f82983671c94c4ee163f1f0a9963705675c919dbe7e619286ae86020562e8e,february-empirical-v1:204ed64bc6d9fa64157d2256888ae687070ec6f9d0d554829fd4d8827c29541c,True,3,0.49313614632684355,0.04759942797494432,2,2026-02-26T02:00:00+05:00,2026-02-25T21:00:00+00:00,7.973254629904409
2026-02-25,2026-02-25T18:00:00+00:00,2026-02-25T23:00:00+05:00,2026-02-25T12:00:00+00:00,2026-02-25T16:01:51+00:00,77f82983671c94c4ee163f1f0a9963705675c919dbe7e619286ae86020562e8e,february-empirical-v1:204ed64bc6d9fa64157d2256888ae687070ec6f9d0d554829fd4d8827c29541c,True,4,0.43065587649622245,-0.2713022118149411,2,2026-02-26T03:00:00+05:00,2026-02-25T22:00:00+00:00,7.542388747284835
2026-02-25,2026-02-25T18:00:00+00:00,2026-02-25T23:00:00+05:00,2026-02-25T12:00:00+00:00,2026-02-25T16:01:51+00:00,77f82983671c94c4ee163f1f0a9963705675c919dbe7e619286ae86020562e8e,february-empirical-v1:204ed64bc6d9fa64157d2256888ae687070ec6f9d0d554829fd4d8827c29541c,True,5,0.3720353495943889,0.04785769758126435,2,2026-02-26T04:00:00+05:00,2026-02-25T23:00:00+00:00,7.1366612249423955
2026-02-25,2026-02-25T18:00:00+00:00,2026-02-25T23:00:00+05:00,2026-02-25T12:00:00+00:00,2026-02-25T16:01:51+00:00,77f82983671c94c4ee163f1f0a9963705675c919dbe7e619286ae86020562e8e,february-empirical-v1:204ed64bc6d9fa64157d2256888ae687070ec6f9d0d554829fd4d8827c29541c,True,6,0.2799994774703253,0.2067432541883818,2,2026-02-26T05:00:00+05:00,2026-02-26T00:00:00+00:00,6.492115416101858
2026-02-25,2026-02-25T18:00:00+00:00,2026-02-25T23:00:00+05:00,2026-02-25T12:00:00+00:00,2026-02-25T16:01:51+00:00,77f82983671c94c4ee163f1f0a9963705675c919dbe7e619286ae86020562e8e,february-empirical-v1:204ed64bc6d9fa64157d2256888ae687070ec6f9d0d554829fd4d8827c29541c,True,7,0.3137717747784828,0.0631957208215681,2,2026-02-26T06:00:00+05:00,2026-02-26T01:00:00+00:00,6.7424162009992585
2026-02-25,2026-02-25T18:00:00+00:00,2026-02-25T23:00:00+05:00,2026-02-25T12:00:00+00:00,2026-02-25T16:01:51+00:00,77f82983671c94c4ee163f1f0a9963705675c919dbe7e619286ae86020562e8e,february-empirical-v1:204ed64bc6d9fa64157d2256888ae687070ec6f9d0d554829fd4d8827c29541c,True,8,0.18311533577046207,0.383141483839438,2,2026-02-26T07:00:00+05:00,2026-02-26T02:00:00+00:00,5.6755753158912
2026-02-25,2026-02-25T18:00:00+00:00,2026-02-25T23:00:00+05:00,2026-02-25T12:00:00+00:00,2026-02-25T16:01:51+00:00,77f82983671c94c4ee163f1f0a9963705675c919dbe7e619286ae86020562e8e,february-empirical-v1:204ed64bc6d9fa64157d2256888ae687070ec6f9d0d554829fd4d8827c29541c,True,9,0.05326393263587405,1.0873239220455844,2,2026-02-26T08:00:00+05:00,2026-02-26T03:00:00+00:00,3.66980844918973
2026-02-25,2026-02-25T18:00:00+00:00,2026-02-25T23:00:00+05:00,2026-02-25T12:00:00+00:00,2026-02-25T16:01:51+00:00,77f82983671c94c4ee163f1f0a9963705675c919dbe7e619286ae86020562e8e,february-empirical-v1:204ed64bc6d9fa64157d2256888ae687070ec6f9d0d554829fd4d8827c29541c,True,10,0.024196917796823456,2.3988119740789102,2,2026-02-26T09:00:00+05:00,2026-02-26T04:00:00+00:00,2.7451290155465293
2026-02-25,2026-02-25T18:00:00+00:00,2026-02-25T23:00:00+05:00,2026-02-25T12:00:00+00:00,2026-02-25T16:01:51+00:00,77f82983671c94c4ee163f1f0a9963705675c919dbe7e619286ae86020562e8e,february-empirical-v1:204ed64bc6d9fa64157d2256888ae687070ec6f9d0d554829fd4d8827c29541c,True,11,0.00996921533015153,3.2803534492290396,2,2026-02-26T10:00:00+05:00,2026-02-26T05:00:00+00:00,0.4675450002625114
2026-02-25,2026-02-25T18:00:00+00:00,2026-02-25T23:00:00+05:00,2026-02-25T12:00:00+00:00,2026-02-25T16:01:51+00:00,77f82983671c94c4ee163f1f0a9963705675c919dbe7e619286ae86020562e8e,february-empirical-v1:204ed64bc6d9fa64157d2256888ae687070ec6f9d0d554829fd4d8827c29541c,True,12,0.18691203065129358,3.2027833364730327,2,2026-02-26T11:00:00+05:00,2026-02-26T06:00:00+00:00,5.717200873350623
2026-02-25,2026-02-25T18:00:00+00:00,2026-02-25T23:00:00+05:00,2026-02-25T12:00:00+00:00,2026-02-25T16:01:51+00:00,77f82983671c94c4ee163f1f0a9963705675c919dbe7e619286ae86020562e8e,february-empirical-v1:204ed64bc6d9fa64157d2256888ae687070ec6f9d0d554829fd4d8827c29541c,True,13,0.21345478242505722,3.5512868500853187,2,2026-02-26T12:00:00+05:00,2026-02-26T07:00:00+00:00,5.955049313560437
2026-02-25,2026-02-25T18:00:00+00:00,2026-02-25T23:00:00+05:00,2026-02-25T12:00:00+00:00,2026-02-25T16:01:51+00:00,77f82983671c94c4ee163f1f0a9963705675c919dbe7e619286ae86020562e8e,february-empirical-v1:204ed64bc6d9fa64157d2256888ae687070ec6f9d0d554829fd4d8827c29541c,True,14,0.3481936143945232,3.542175064468495,2,2026-02-26T13:00:00+05:00,2026-02-26T08:00:00+00:00,6.975609101686782
2026-02-25,2026-02-25T18:00:00+00:00,2026-02-25T23:00:00+05:00,2026-02-25T12:00:00+00:00,2026-02-25T16:01:51+00:00,77f82983671c94c4ee163f1f0a9963705675c919dbe7e619286ae86020562e8e,february-empirical-v1:204ed64bc6d9fa64157d2256888ae687070ec6f9d0d554829fd4d8827c29541c,True,15,0.14776215870482304,1.61768386635174,2,2026-02-26T14:00:00+05:00,2026-02-26T09:00:00+00:00,5.287976167287338
2026-02-25,2026-02-25T18:00:00+00:00,2026-02-25T23:00:00+05:00,2026-02-25T12:00:00+00:00,2026-02-25T16:01:51+00:00,77f82983671c94c4ee163f1f0a9963705675c919dbe7e619286ae86020562e8e,february-empirical-v1:204ed64bc6d9fa64157d2256888ae687070ec6f9d0d554829fd4d8827c29541c,True,16,0.2356379976186983,1.2283156711688434,2,2026-02-26T15:00:00+05:00,2026-02-26T10:00:00+00:00,6.148188864920564
2026-02-25,2026-02-25T18:00:00+00:00,2026-02-25T23:00:00+05:00,2026-02-25T12:00:00+00:00,2026-02-25T16:01:51+00:00,77f82983671c94c4ee163f1f0a9963705675c919dbe7e619286ae86020562e8e,february-empirical-v1:204ed64bc6d9fa64157d2256888ae687070ec6f9d0d554829fd4d8827c29541c,True,17,0.4598877988947182,1.2304903966396523,2,2026-02-26T16:00:00+05:00,2026-02-26T11:00:00+00:00,7.746658484029312
2026-02-25,2026-02-25T18:00:00+00:00,2026-02-25T23:00:00+05:00,2026-02-25T12:00:00+00:00,2026-02-25T16:01:51+00:00,77f82983671c94c4ee163f1f0a9963705675c919dbe7e619286ae86020562e8e,february-empirical-v1:204ed64bc6d9fa64157d2256888ae687070ec6f9d0d554829fd4d8827c29541c,True,18,0.4405764019957487,1.2273140800082274,2,2026-02-26T17:00:00+05:00,2026-02-26T12:00:00+00:00,7.611712382745067
2026-02-25,2026-02-25T18:00:00+00:00,2026-02-25T23:00:00+05:00,2026-02-25T12:00:00+00:00,2026-02-25T16:01:51+00:00,77f82983671c94c4ee163f1f0a9963705675c919dbe7e619286ae86020562e8e,february-empirical-v1:204ed64bc6d9fa64157d2256888ae687070ec6f9d0d554829fd4d8827c29541c,True,19,0.5000404079474029,1.8138148366437008,2,2026-02-26T18:00:00+05:00,2026-02-26T13:00:00+00:00,8.020291577760613
2026-02-25,2026-02-25T18:00:00+00:00,2026-02-25T23:00:00+05:00,2026-02-25T12:00:00+00:00,2026-02-25T16:01:51+00:00,77f82983671c94c4ee163f1f0a9963705675c919dbe7e619286ae86020562e8e,february-empirical-v1:204ed64bc6d9fa64157d2256888ae687070ec6f9d0d554829fd4d8827c29541c,True,20,0.39110725463564777,2.0014281696916214,2,2026-02-26T19:00:00+05:00,2026-02-26T14:00:00+00:00,7.266026951234015
2026-02-25,2026-02-25T18:00:00+00:00,2026-02-25T23:00:00+05:00,2026-02-25T12:00:00+00:00,2026-02-25T16:01:51+00:00,77f82983671c94c4ee163f1f0a9963705675c919dbe7e619286ae86020562e8e,february-empirical-v1:204ed64bc6d9fa64157d2256888ae687070ec6f9d0d554829fd4d8827c29541c,True,21,0.4935468330722045,2.0186066685146216,2,2026-02-26T20:00:00+05:00,2026-02-26T15:00:00+00:00,7.9760525324301845
2026-02-25,2026-02-25T18:00:00+00:00,2026-02-25T23:00:00+05:00,2026-02-25T12:00:00+00:00,2026-02-25T16:01:51+00:00,77f82983671c94c4ee163f1f0a9963705675c919dbe7e619286ae86020562e8e,february-empirical-v1:204ed64bc6d9fa64157d2256888ae687070ec6f9d0d554829fd4d8827c29541c,True,22,0.6204221004090479,2.0971251276542375,2,2026-02-26T21:00:00+05:00,2026-02-26T16:00:00+00:00,8.79352820564953
2026-02-25,2026-02-25T18:00:00+00:00,2026-02-25T23:00:00+05:00,2026-02-25T12:00:00+00:00,2026-02-25T16:01:51+00:00,77f82983671c94c4ee163f1f0a9963705675c919dbe7e619286ae86020562e8e,february-empirical-v1:204ed64bc6d9fa64157d2256888ae687070ec6f9d0d554829fd4d8827c29541c,True,23,0.706325015183493,1.205593259545651,2,2026-02-26T22:00:00+05:00,2026-02-26T17:00:00+00:00,9.453825380575033
2026-02-25,2026-02-25T18:00:00+00:00,2026-02-25T23:00:00+05:00,2026-02-25T12:00:00+00:00,2026-02-25T16:01:51+00:00,77f82983671c94c4ee163f1f0a9963705675c919dbe7e619286ae86020562e8e,february-empirical-v1:204ed64bc6d9fa64157d2256888ae687070ec6f9d0d554829fd4d8827c29541c,True,24,0.8826294485123506,1.110109562435241,2,2026-02-26T23:00:00+05:00,2026-02-26T18:00:00+00:00,10.734309915725259
2026-02-26,2026-02-26T18:00:00+00:00,2026-02-26T23:00:00+05:00,2026-02-26T12:00:00+00:00,2026-02-26T15:59:55+00:00,e26e6d126342eced9610db7f0b49e1735a0dca8a779c787e1d48a04ab3ecf328,february-empirical-v1:204ed64bc6d9fa64157d2256888ae687070ec6f9d0d554829fd4d8827c29541c,True,1,0.7712771980983683,0.7913249514750191,1,2026-02-27T00:00:00+05:00,2026-02-26T19:00:00+00:00,9.808060654070376
2026-02-26,2026-02-26T18:00:00+00:00,2026-02-26T23:00:00+05:00,2026-02-26T12:00:00+00:00,2026-02-26T15:59:55+00:00,e26e6d126342eced9610db7f0b49e1735a0dca8a779c787e1d48a04ab3ecf328,february-empirical-v1:204ed64bc6d9fa64157d2256888ae687070ec6f9d0d554829fd4d8827c29541c,True,2,0.511720080359696,0.47437562035503333,1,2026-02-27T01:00:00+05:00,2026-02-26T20:00:00+00:00,8.00182117191734
2026-02-26,2026-02-26T18:00:00+00:00,2026-02-26T23:00:00+05:00,2026-02-26T12:00:00+00:00,2026-02-26T15:59:55+00:00,e26e6d126342eced9610db7f0b49e1735a0dca8a779c787e1d48a04ab3ecf328,february-empirical-v1:204ed64bc6d9fa64157d2256888ae687070ec6f9d0d554829fd4d8827c29541c,True,3,0.41169557136615437,0.1192307296000763,1,2026-02-27T02:00:00+05:00,2026-02-26T21:00:00+00:00,7.333638953888266
2026-02-26,2026-02-26T18:00:00+00:00,2026-02-26T23:00:00+05:00,2026-02-26T12:00:00+00:00,2026-02-26T15:59:55+00:00,e26e6d126342eced9610db7f0b49e1735a0dca8a779c787e1d48a04ab3ecf328,february-empirical-v1:204ed64bc6d9fa64157d2256888ae687070ec6f9d0d554829fd4d8827c29541c,True,4,0.401364730262281,0.3442160377600203,1,2026-02-27T03:00:00+05:00,2026-02-26T22:00:00+00:00,7.266487116800897
2026-02-26,2026-02-26T18:00:00+00:00,2026-02-26T23:00:00+05:00,2026-02-26T12:00:00+00:00,2026-02-26T15:59:55+00:00,e26e6d126342eced9610db7f0b49e1735a0dca8a779c787e1d48a04ab3ecf328,february-empirical-v1:204ed64bc6d9fa64157d2256888ae687070ec6f9d0d554829fd4d8827c29541c,True,5,0.39503884783535925,0.53493370039007,1,2026-02-27T04:00:00+05:00,2026-02-26T23:00:00+00:00,7.224047138351298
2026-02-26,2026-02-26T18:00:00+00:00,2026-02-26T23:00:00+05:00,2026-02-26T12:00:00+00:00,2026-02-26T15:59:55+00:00,e26e6d126342eced9610db7f0b49e1735a0dca8a779c787e1d48a04ab3ecf328,february-empirical-v1:204ed64bc6d9fa64157d2256888ae687070ec6f9d0d554829fd4d8827c29541c,True,6,0.2516196620314208,0.14430447912252475,1,2026-02-27T05:00:00+05:00,2026-02-27T00:00:00+00:00,6.202481568812435
2026-02-26,2026-02-26T18:00:00+00:00,2026-02-26T23:00:00+05:00,2026-02-26T12:00:00+00:00,2026-02-26T15:59:55+00:00,e26e6d126342eced9610db7f0b49e1735a0dca8a779c787e1d48a04ab3ecf328,february-empirical-v1:204ed64bc6d9fa64157d2256888ae687070ec6f9d0d554829fd4d8827c29541c,True,7,0.22326949200215362,0.34323318945257597,1,2026-02-27T06:00:00+05:00,2026-02-27T01:00:00+00:00,5.969016857673797
2026-02-26,2026-02-26T18:00:00+00:00,2026-02-26T23:00:00+05:00,2026-02-26T12:00:00+00:00,2026-02-26T15:59:55+00:00,e26e6d126342eced9610db7f0b49e1735a0dca8a779c787e1d48a04ab3ecf328,february-empirical-v1:204ed64bc6d9fa64157d2256888ae687070ec6f9d0d554829fd4d8827c29541c,True,8,0.1554754929249068,0.4440894811625071,1,2026-02-27T07:00:00+05:00,2026-02-27T02:00:00+00:00,5.3070539970905415
2026-02-26,2026-02-26T18:00:00+00:00,2026-02-26T23:00:00+05:00,2026-02-26T12:00:00+00:00,2026-02-26T15:59:55+00:00,e26e6d126342eced9610db7f0b49e1735a0dca8a779c787e1d48a04ab3ecf328,february-empirical-v1:204ed64bc6d9fa64157d2256888ae687070ec6f9d0d554829fd4d8827c29541c,True,9,0.11565981044045885,0.74247389257755,1,2026-02-27T08:00:00+05:00,2026-02-27T03:00:00+00:00,4.785784223258117
2026-02-26,2026-02-26T18:00:00+00:00,2026-02-26T23:00:00+05:00,2026-02-26T12:00:00+00:00,2026-02-26T15:59:55+00:00,e26e6d126342eced9610db7f0b49e1735a0dca8a779c787e1d48a04ab3ecf328,february-empirical-v1:204ed64bc6d9fa64157d2256888ae687070ec6f9d0d554829fd4d8827c29541c,True,10,0.09814088233108055,1.1111865371524914,1,2026-02-27T09:00:00+05:00,2026-02-27T04:00:00+00:00,4.503820387969878
2026-02-26,2026-02-26T18:00:00+00:00,2026-02-26T23:00:00+05:00,2026-02-26T12:00:00+00:00,2026-02-26T15:59:55+00:00,e26e6d126342eced9610db7f0b49e1735a0dca8a779c787e1d48a04ab3ecf328,february-empirical-v1:204ed64bc6d9fa64157d2256888ae687070ec6f9d0d554829fd4d8827c29541c,True,11,0.10232733168089757,1.4547826262150352,1,2026-02-27T10:00:00+05:00,2026-02-27T05:00:00+00:00,4.573181285402959
2026-02-26,2026-02-26T18:00:00+00:00,2026-02-26T23:00:00+05:00,2026-02-26T12:00:00+00:00,2026-02-26T15:59:55+00:00,e26e6d126342eced9610db7f0b49e1735a0dca8a779c787e1d48a04ab3ecf328,february-empirical-v1:204ed64bc6d9fa64157d2256888ae687070ec6f9d0d554829fd4d8827c29541c,True,12,0.13229588898870487,1.9571202052950412,1,2026-02-27T11:00:00+05:00,2026-02-27T06:00:00+00:00,5.009572390084664
2026-02-26,2026-02-26T18:00:00+00:00,2026-02-26T23:00:00+05:00,2026-02-26T12:00:00+00:00,2026-02-26T15:59:55+00:00,e26e6d126342eced9610db7f0b49e1735a0dca8a779c787e1d48a04ab3ecf328,february-empirical-v1:204ed64bc6d9fa64157d2256888ae687070ec6f9d0d554829fd4d8827c29541c,True,13,0.21977993912772867,2.5591279155375446,1,2026-02-27T12:00:00+05:00,2026-02-27T07:00:00+00:00,5.940280259163467
2026-02-26,2026-02-26T18:00:00+00:00,2026-02-26T23:00:00+05:00,2026-02-26T12:00:00+00:00,2026-02-26T15:59:55+00:00,e26e6d126342eced9610db7f0b49e1735a0dca8a779c787e1d48a04ab3ecf328,february-empirical-v1:204ed64bc6d9fa64157d2256888ae687070ec6f9d0d554829fd4d8827c29541c,True,14,0.3140365513736948,2.85520234717751,1,2026-02-27T13:00:00+05:00,2026-02-27T08:00:00+00:00,6.663890558032487
2026-02-26,2026-02-26T18:00:00+00:00,2026-02-26T23:00:00+05:00,2026-02-26T12:00:00+00:00,2026-02-26T15:59:55+00:00,e26e6d126342eced9610db7f0b49e1735a0dca8a779c787e1d48a04ab3ecf328,february-empirical-v1:204ed64bc6d9fa64157d2256888ae687070ec6f9d0d554829fd4d8827c29541c,True,15,0.43002991633777177,2.589788767286052,1,2026-02-27T14:00:00+05:00,2026-02-27T09:00:00+00:00,7.452814627413635
2026-02-26,2026-02-26T18:00:00+00:00,2026-02-26T23:00:00+05:00,2026-02-26T12:00:00+00:00,2026-02-26T15:59:55+00:00,e26e6d126342eced9610db7f0b49e1735a0dca8a779c787e1d48a04ab3ecf328,february-empirical-v1:204ed64bc6d9fa64157d2256888ae687070ec6f9d0d554829fd4d8827c29541c,True,16,0.5710932508416292,2.1626704330460598,1,2026-02-27T15:00:00+05:00,2026-02-27T10:00:00+00:00,8.401326799553757
2026-02-26,2026-02-26T18:00:00+00:00,2026-02-26T23:00:00+05:00,2026-02-26T12:00:00+00:00,2026-02-26T15:59:55+00:00,e26e6d126342eced9610db7f0b49e1735a0dca8a779c787e1d48a04ab3ecf328,february-empirical-v1:204ed64bc6d9fa64157d2256888ae687070ec6f9d0d554829fd4d8827c29541c,True,17,0.6766498955122784,1.2881239125120487,1,2026-02-27T16:00:00+05:00,2026-02-27T11:00:00+00:00,9.118400941828863
2026-02-26,2026-02-26T18:00:00+00:00,2026-02-26T23:00:00+05:00,2026-02-26T12:00:00+00:00,2026-02-26T15:59:55+00:00,e26e6d126342eced9610db7f0b49e1735a0dca8a779c787e1d48a04ab3ecf328,february-empirical-v1:204ed64bc6d9fa64157d2256888ae687070ec6f9d0d554829fd4d8827c29541c,True,18,0.7380563582741911,0.002295732434049569,1,2026-02-27T17:00:00+05:00,2026-02-27T12:00:00+00:00,9.564797339776385
2026-02-26,2026-02-26T18:00:00+00:00,2026-02-26T23:00:00+05:00,2026-02-26T12:00:00+00:00,2026-02-26T15:59:55+00:00,e26e6d126342eced9610db7f0b49e1735a0dca8a779c787e1d48a04ab3ecf328,february-empirical-v1:204ed64bc6d9fa64157d2256888ae687070ec6f9d0d554829fd4d8827c29541c,True,19,0.7621483036646441,-0.8015723878259564,1,2026-02-27T18:00:00+05:00,2026-02-27T13:00:00+00:00,9.739585212824514
2026-02-26,2026-02-26T18:00:00+00:00,2026-02-26T23:00:00+05:00,2026-02-26T12:00:00+00:00,2026-02-26T15:59:55+00:00,e26e6d126342eced9610db7f0b49e1735a0dca8a779c787e1d48a04ab3ecf328,february-empirical-v1:204ed64bc6d9fa64157d2256888ae687070ec6f9d0d554829fd4d8827c29541c,True,20,0.8017274109856316,-1.5062311568839277,1,2026-02-27T19:00:00+05:00,2026-02-27T14:00:00+00:00,10.037863662103362
2026-02-26,2026-02-26T18:00:00+00:00,2026-02-26T23:00:00+05:00,2026-02-26T12:00:00+00:00,2026-02-26T15:59:55+00:00,e26e6d126342eced9610db7f0b49e1735a0dca8a779c787e1d48a04ab3ecf328,february-empirical-v1:204ed64bc6d9fa64157d2256888ae687070ec6f9d0d554829fd4d8827c29541c,True,21,0.7670128538112202,-2.2301104324959624,1,2026-02-27T20:00:00+05:00,2026-02-27T15:00:00+00:00,9.775878312748066
2026-02-26,2026-02-26T18:00:00+00:00,2026-02-26T23:00:00+05:00,2026-02-26T12:00:00+00:00,2026-02-26T15:59:55+00:00,e26e6d126342eced9610db7f0b49e1735a0dca8a779c787e1d48a04ab3ecf328,february-empirical-v1:204ed64bc6d9fa64157d2256888ae687070ec6f9d0d554829fd4d8827c29541c,True,22,0.7078650181742385,-2.8322915774699595,1,2026-02-27T21:00:00+05:00,2026-02-27T16:00:00+00:00,9.345758153234208
2026-02-26,2026-02-26T18:00:00+00:00,2026-02-26T23:00:00+05:00,2026-02-26T12:00:00+00:00,2026-02-26T15:59:55+00:00,e26e6d126342eced9610db7f0b49e1735a0dca8a779c787e1d48a04ab3ecf328,february-empirical-v1:204ed64bc6d9fa64157d2256888ae687070ec6f9d0d554829fd4d8827c29541c,True,23,0.6892612017182789,-3.4099668233119473,1,2026-02-27T22:00:00+05:00,2026-02-27T17:00:00+00:00,9.210519701623301
2026-02-26,2026-02-26T18:00:00+00:00,2026-02-26T23:00:00+05:00,2026-02-26T12:00:00+00:00,2026-02-26T15:59:55+00:00,e26e6d126342eced9610db7f0b49e1735a0dca8a779c787e1d48a04ab3ecf328,february-empirical-v1:204ed64bc6d9fa64157d2256888ae687070ec6f9d0d554829fd4d8827c29541c,True,24,0.6562685822865866,-3.74962189502196,1,2026-02-27T23:00:00+05:00,2026-02-27T18:00:00+00:00,8.969526490073866
2026-02-26,2026-02-26T18:00:00+00:00,2026-02-26T23:00:00+05:00,2026-02-26T12:00:00+00:00,2026-02-26T15:59:55+00:00,e26e6d126342eced9610db7f0b49e1735a0dca8a779c787e1d48a04ab3ecf328,february-empirical-v1:204ed64bc6d9fa64157d2256888ae687070ec6f9d0d554829fd4d8827c29541c,True,1,0.7583179446185382,0.7602620929790191,2,2026-02-27T00:00:00+05:00,2026-02-26T19:00:00+00:00,9.793264255897379
2026-02-26,2026-02-26T18:00:00+00:00,2026-02-26T23:00:00+05:00,2026-02-26T12:00:00+00:00,2026-02-26T15:59:55+00:00,e26e6d126342eced9610db7f0b49e1735a0dca8a779c787e1d48a04ab3ecf328,february-empirical-v1:204ed64bc6d9fa64157d2256888ae687070ec6f9d0d554829fd4d8827c29541c,True,2,0.4933752744094455,0.44937118431022327,2,2026-02-27T01:00:00+05:00,2026-02-26T20:00:00+00:00,7.974883747653773
2026-02-26,2026-02-26T18:00:00+00:00,2026-02-26T23:00:00+05:00,2026-02-26T12:00:00+00:00,2026-02-26T15:59:55+00:00,e26e6d126342eced9610db7f0b49e1735a0dca8a779c787e1d48a04ab3ecf328,february-empirical-v1:204ed64bc6d9fa64157d2256888ae687070ec6f9d0d554829fd4d8827c29541c,True,3,0.3971225629811926,0.10011667110404687,2,2026-02-27T02:00:00+05:00,2026-02-26T21:00:00+00:00,7.3080613215854
2026-02-26,2026-02-26T18:00:00+00:00,2026-02-26T23:00:00+05:00,2026-02-26T12:00:00+00:00,2026-02-26T15:59:55+00:00,e26e6d126342eced9610db7f0b49e1735a0dca8a779c787e1d48a04ab3ecf328,february-empirical-v1:204ed64bc6d9fa64157d2256888ae687070ec6f9d0d554829fd4d8827c29541c,True,4,0.3927638143437902,0.32181128266245196,2,2026-02-27T03:00:00+05:00,2026-02-26T22:00:00+00:00,7.277602824037412
2026-02-26,2026-02-26T18:00:00+00:00,2026-02-26T23:00:00+05:00,2026-02-26T12:00:00+00:00,2026-02-26T15:59:55+00:00,e26e6d126342eced9610db7f0b49e1735a0dca8a779c787e1d48a04ab3ecf328,february-empirical-v1:204ed64bc6d9fa64157d2256888ae687070ec6f9d0d554829fd4d8827c29541c,True,5,0.3863291591276871,0.5094897677436165,2,2026-02-27T04:00:00+05:00,2026-02-26T23:00:00+00:00,7.233216628961897
2026-02-26,2026-02-26T18:00:00+00:00,2026-02-26T23:00:00+05:00,2026-02-26T12:00:00+00:00,2026-02-26T15:59:55+00:00,e26e6d126342eced9610db7f0b49e1735a0dca8a779c787e1d48a04ab3ecf328,february-empirical-v1:204ed64bc6d9fa64157d2256888ae687070ec6f9d0d554829fd4d8827c29541c,True,6,0.24236151331893743,0.1271074947769648,2,2026-02-27T05:00:00+05:00,2026-02-27T00:00:00+00:00,6.2067275751377915
2026-02-26,2026-02-26T18:00:00+00:00,2026-02-26T23:00:00+05:00,2026-02-26T12:00:00+00:00,2026-02-26T15:59:55+00:00,e26e6d126342eced9610db7f0b49e1735a0dca8a779c787e1d48a04ab3ecf328,february-empirical-v1:204ed64bc6d9fa64157d2256888ae687070ec6f9d0d554829fd4d8827c29541c,True,7,0.21427544413621055,0.31880685680613396,2,2026-02-27T06:00:00+05:00,2026-02-27T01:00:00+00:00,5.962194456107493
2026-02-26,2026-02-26T18:00:00+00:00,2026-02-26T23:00:00+05:00,2026-02-26T12:00:00+00:00,2026-02-26T15:59:55+00:00,e26e6d126342eced9610db7f0b49e1735a0dca8a779c787e1d48a04ab3ecf328,february-empirical-v1:204ed64bc6d9fa64157d2256888ae687070ec6f9d0d554829fd4d8827c29541c,True,8,0.14929492610684897,0.4205626226665231,2,2026-02-27T07:00:00+05:00,2026-02-27T02:00:00+00:00,5.304780861782827
2026-02-26,2026-02-26T18:00:00+00:00,2026-02-26T23:00:00+05:00,2026-02-26T12:00:00+00:00,2026-02-26T15:59:55+00:00,e26e6d126342eced9610db7f0b49e1735a0dca8a779c787e1d48a04ab3ecf328,february-empirical-v1:204ed64bc6d9fa64157d2256888ae687070ec6f9d0d554829fd4d8827c29541c,True,9,0.10947243634416766,0.724293959931174,2,2026-02-27T08:00:00+05:00,2026-02-27T03:00:00+00:00,4.785382304004324
2026-02-26,2026-02-26T18:00:00+00:00,2026-02-26T23:00:00+05:00,2026-02-26T12:00:00+00:00,2026-02-26T15:59:55+00:00,e26e6d126342eced9610db7f0b49e1735a0dca8a779c787e1d48a04ab3ecf328,february-empirical-v1:204ed64bc6d9fa64157d2256888ae687070ec6f9d0d554829fd4d8827c29541c,True,10,0.09303640184268869,1.0919044337541095,2,2026-02-27T09:00:00+05:00,2026-02-27T04:00:00+00:00,4.496234356227053
2026-02-26,2026-02-26T18:00:00+00:00,2026-02-26T23:00:00+05:00,2026-02-26T12:00:00+00:00,2026-02-26T15:59:55+00:00,e26e6d126342eced9610db7f0b49e1735a0dca8a779c787e1d48a04ab3ecf328,february-empirical-v1:204ed64bc6d9fa64157d2256888ae687070ec6f9d0d554829fd4d8827c29541c,True,11,0.09625556398595209,1.4354653228166399,2,2026-02-27T10:00:00+05:00,2026-02-27T05:00:00+00:00,4.555499998498872
2026-02-26,2026-02-26T18:00:00+00:00,2026-02-26T23:00:00+05:00,2026-02-26T12:00:00+00:00,2026-02-26T15:59:55+00:00,e26e6d126342eced9610db7f0b49e1735a0dca8a779c787e1d48a04ab3ecf328,february-empirical-v1:204ed64bc6d9fa64157d2256888ae687070ec6f9d0d554829fd4d8827c29541c,True,12,0.1242083311472729,1.9238183535958342,2,2026-02-27T11:00:00+05:00,2026-02-27T06:00:00+00:00,4.981976198255985
2026-02-26,2026-02-26T18:00:00+00:00,2026-02-26T23:00:00+05:00,2026-02-26T12:00:00+00:00,2026-02-26T15:59:55+00:00,e26e6d126342eced9610db7f0b49e1735a0dca8a779c787e1d48a04ab3ecf328,february-empirical-v1:204ed64bc6d9fa64157d2256888ae687070ec6f9d0d554829fd4d8827c29541c,True,13,0.20688342063549214,2.519441057041547,2,2026-02-27T12:00:00+05:00,2026-02-27T07:00:00+00:00,5.897835340888635
2026-02-26,2026-02-26T18:00:00+00:00,2026-02-26T23:00:00+05:00,2026-02-26T12:00:00+00:00,2026-02-26T15:59:55+00:00,e26e6d126342eced9610db7f0b49e1735a0dca8a779c787e1d48a04ab3ecf328,february-empirical-v1:204ed64bc6d9fa64157d2256888ae687070ec6f9d0d554829fd4d8827c29541c,True,14,0.29711471175138165,2.8162763560351323,2,2026-02-27T13:00:00+05:00,2026-02-27T08:00:00+00:00,6.618963659061526
2026-02-26,2026-02-26T18:00:00+00:00,2026-02-26T23:00:00+05:00,2026-02-26T12:00:00+00:00,2026-02-26T15:59:55+00:00,e26e6d126342eced9610db7f0b49e1735a0dca8a779c787e1d48a04ab3ecf328,february-empirical-v1:204ed64bc6d9fa64157d2256888ae687070ec6f9d0d554829fd4d8827c29541c,True,15,0.41061466931707924,2.5570797635586473,2,2026-02-27T14:00:00+05:00,2026-02-27T09:00:00+00:00,7.402342805087897
2026-02-26,2026-02-26T18:00:00+00:00,2026-02-26T23:00:00+05:00,2026-02-26T12:00:00+00:00,2026-02-26T15:59:55+00:00,e26e6d126342eced9610db7f0b49e1735a0dca8a779c787e1d48a04ab3ecf328,february-empirical-v1:204ed64bc6d9fa64157d2256888ae687070ec6f9d0d554829fd4d8827c29541c,True,16,0.549406662745619,2.130385887341049,2,2026-02-27T15:00:00+05:00,2026-02-27T10:00:00+00:00,8.34603425710485
2026-02-26,2026-02-26T18:00:00+00:00,2026-02-26T23:00:00+05:00,2026-02-26T12:00:00+00:00,2026-02-26T15:59:55+00:00,e26e6d126342eced9610db7f0b49e1735a0dca8a779c787e1d48a04ab3ecf328,february-empirical-v1:204ed64bc6d9fa64157d2256888ae687070ec6f9d0d554829fd4d8827c29541c,True,17,0.6520900208691623,1.260779462522919,2,2026-02-27T16:00:00+05:00,2026-02-27T11:00:00+00:00,9.059164808510245
2026-02-26,2026-02-26T18:00:00+00:00,2026-02-26T23:00:00+05:00,2026-02-26T12:00:00+00:00,2026-02-26T15:59:55+00:00,e26e6d126342eced9610db7f0b49e1735a0dca8a779c787e1d48a04ab3ecf328,february-empirical-v1:204ed64bc6d9fa64157d2256888ae687070ec6f9d0d554829fd4d8827c29541c,True,18,0.7131686273360934,-0.016904251025835038,2,2026-02-27T17:00:00+05:00,2026-02-27T12:00:00+00:00,9.498129724742851
2026-02-26,2026-02-26T18:00:00+00:00,2026-02-26T23:00:00+05:00,2026-02-26T12:00:00+00:00,2026-02-26T15:59:55+00:00,e26e6d126342eced9610db7f0b49e1735a0dca8a779c787e1d48a04ab3ecf328,february-empirical-v1:204ed64bc6d9fa64157d2256888ae687070ec6f9d0d554829fd4d8827c29541c,True,19,0.7403368323575663,-0.822800256188259,2,2026-02-27T18:00:00+05:00,2026-02-27T13:00:00+00:00,9.674011916610754
2026-02-26,2026-02-26T18:00:00+00:00,2026-02-26T23:00:00+05:00,2026-02-26T12:00:00+00:00,2026-02-26T15:59:55+00:00,e26e6d126342eced9610db7f0b49e1735a0dca8a779c787e1d48a04ab3ecf328,february-empirical-v1:204ed64bc6d9fa64157d2256888ae687070ec6f9d0d554829fd4d8827c29541c,True,20,0.7845054671493886,-1.5312516557921754,2,2026-02-27T19:00:00+05:00,2026-02-27T14:00:00+00:00,9.974734146055262
2026-02-26,2026-02-26T18:00:00+00:00,2026-02-26T23:00:00+05:00,2026-02-26T12:00:00+00:00,2026-02-26T15:59:55+00:00,e26e6d126342eced9610db7f0b49e1735a0dca8a779c787e1d48a04ab3ecf328,february-empirical-v1:204ed64bc6d9fa64157d2256888ae687070ec6f9d0d554829fd4d8827c29541c,True,21,0.746337342480017,-2.2600854091590463,2,2026-02-27T20:00:00+05:00,2026-02-27T15:00:00+00:00,9.712858166181825
2026-02-26,2026-02-26T18:00:00+00:00,2026-02-26T23:00:00+05:00,2026-02-26T12:00:00+00:00,2026-02-26T15:59:55+00:00,e26e6d126342eced9610db7f0b49e1735a0dca8a779c787e1d48a04ab3ecf328,february-empirical-v1:204ed64bc6d9fa64157d2256888ae687070ec6f9d0d554829fd4d8827c29541c,True,22,0.6801753103537064,-2.8667879896428303,2,2026-02-27T21:00:00+05:00,2026-02-27T16:00:00+00:00,9.284536780223025
2026-02-26,2026-02-26T18:00:00+00:00,2026-02-26T23:00:00+05:00,2026-02-26T12:00:00+00:00,2026-02-26T15:59:55+00:00,e26e6d126342eced9610db7f0b49e1735a0dca8a779c787e1d48a04ab3ecf328,february-empirical-v1:204ed64bc6d9fa64157d2256888ae687070ec6f9d0d554829fd4d8827c29541c,True,23,0.6625005837663044,-3.442477050314835,2,2026-02-27T22:00:00+05:00,2026-02-27T17:00:00+00:00,9.14649061082643
2026-02-26,2026-02-26T18:00:00+00:00,2026-02-26T23:00:00+05:00,2026-02-26T12:00:00+00:00,2026-02-26T15:59:55+00:00,e26e6d126342eced9610db7f0b49e1735a0dca8a779c787e1d48a04ab3ecf328,february-empirical-v1:204ed64bc6d9fa64157d2256888ae687070ec6f9d0d554829fd4d8827c29541c,True,24,0.6336895433109326,-3.779925036175257,2,2026-02-27T23:00:00+05:00,2026-02-27T18:00:00+00:00,8.904818066489746
2026-02-27,2026-02-27T18:00:00+00:00,2026-02-27T23:00:00+05:00,2026-02-27T12:00:00+00:00,2026-02-27T16:02:22+00:00,52932c8a14e51000944ccdcf576226c889934529c50d71506c491e047084f214,february-empirical-v1:204ed64bc6d9fa64157d2256888ae687070ec6f9d0d554829fd4d8827c29541c,True,1,0.6944096027192076,-2.8162816483160213,1,2026-02-28T00:00:00+05:00,2026-02-27T19:00:00+00:00,9.24812598184385
2026-02-27,2026-02-27T18:00:00+00:00,2026-02-27T23:00:00+05:00,2026-02-27T12:00:00+00:00,2026-02-27T16:02:22+00:00,52932c8a14e51000944ccdcf576226c889934529c50d71506c491e047084f214,february-empirical-v1:204ed64bc6d9fa64157d2256888ae687070ec6f9d0d554829fd4d8827c29541c,True,2,0.7246968150516688,-3.2895347430859943,1,2026-02-28T01:00:00+05:00,2026-02-27T20:00:00+00:00,9.467873404954394
2026-02-27,2026-02-27T18:00:00+00:00,2026-02-27T23:00:00+05:00,2026-02-27T12:00:00+00:00,2026-02-27T16:02:22+00:00,52932c8a14e51000944ccdcf576226c889934529c50d71506c491e047084f214,february-empirical-v1:204ed64bc6d9fa64157d2256888ae687070ec6f9d0d554829fd4d8827c29541c,True,3,0.6653619067686465,-3.5110201534159273,1,2026-02-28T02:00:00+05:00,2026-02-27T21:00:00+00:00,9.03594829920393
2026-02-27,2026-02-27T18:00:00+00:00,2026-02-27T23:00:00+05:00,2026-02-27T12:00:00+00:00,2026-02-27T16:02:22+00:00,52932c8a14e51000944ccdcf576226c889934529c50d71506c491e047084f214,february-empirical-v1:204ed64bc6d9fa64157d2256888ae687070ec6f9d0d554829fd4d8827c29541c,True,4,0.7297665697109204,-4.16359207749997,1,2026-02-28T03:00:00+05:00,2026-02-27T22:00:00+00:00,9.50465464529863
2026-02-27,2026-02-27T18:00:00+00:00,2026-02-27T23:00:00+05:00,2026-02-27T12:00:00+00:00,2026-02-27T16:02:22+00:00,52932c8a14e51000944ccdcf576226c889934529c50d71506c491e047084f214,february-empirical-v1:204ed64bc6d9fa64157d2256888ae687070ec6f9d0d554829fd4d8827c29541c,True,5,0.5511069005043882,-4.057815139431966,1,2026-02-28T04:00:00+05:00,2026-02-27T23:00:00+00:00,8.274902506862867
2026-02-27,2026-02-27T18:00:00+00:00,2026-02-27T23:00:00+05:00,2026-02-27T12:00:00+00:00,2026-02-27T16:02:22+00:00,52932c8a14e51000944ccdcf576226c889934529c50d71506c491e047084f214,february-empirical-v1:204ed64bc6d9fa64157d2256888ae687070ec6f9d0d554829fd4d8827c29541c,True,6,0.6759785324102437,-4.542270353901927,1,2026-02-28T05:00:00+05:00,2026-02-28T00:00:00+00:00,9.113496998072288
2026-02-27,2026-02-27T18:00:00+00:00,2026-02-27T23:00:00+05:00,2026-02-27T12:00:00+00:00,2026-02-27T16:02:22+00:00,52932c8a14e51000944ccdcf576226c889934529c50d71506c491e047084f214,february-empirical-v1:204ed64bc6d9fa64157d2256888ae687070ec6f9d0d554829fd4d8827c29541c,True,7,0.7896939523937941,-4.981240993237975,1,2026-02-28T06:00:00+05:00,2026-02-28T01:00:00+00:00,9.94704902669563
2026-02-27,2026-02-27T18:00:00+00:00,2026-02-27T23:00:00+05:00,2026-02-27T12:00:00+00:00,2026-02-27T16:02:22+00:00,52932c8a14e51000944ccdcf576226c889934529c50d71506c491e047084f214,february-empirical-v1:204ed64bc6d9fa64157d2256888ae687070ec6f9d0d554829fd4d8827c29541c,True,8,0.7256366706085339,-5.101717267955962,1,2026-02-28T07:00:00+05:00,2026-02-28T02:00:00+00:00,9.474692088588885
2026-02-27,2026-02-27T18:00:00+00:00,2026-02-27T23:00:00+05:00,2026-02-27T12:00:00+00:00,2026-02-27T16:02:22+00:00,52932c8a14e51000944ccdcf576226c889934529c50d71506c491e047084f214,february-empirical-v1:204ed64bc6d9fa64157d2256888ae687070ec6f9d0d554829fd4d8827c29541c,True,9,0.7900601367383332,-4.958138610711956,1,2026-02-28T08:00:00+05:00,2026-02-28T03:00:00+00:00,9.949812562838423
2026-02-27,2026-02-27T18:00:00+00:00,2026-02-27T23:00:00+05:00,2026-02-27T12:00:00+00:00,2026-02-27T16:02:22+00:00,52932c8a14e51000944ccdcf576226c889934529c50d71506c491e047084f214,february-empirical-v1:204ed64bc6d9fa64157d2256888ae687070ec6f9d0d554829fd4d8827c29541c,True,10,0.83758352342875,-4.890627205867986,1,2026-02-28T09:00:00+05:00,2026-02-28T04:00:00+00:00,10.311616499927958
2026-02-27,2026-02-27T18:00:00+00:00,2026-02-27T23:00:00+05:00,2026-02-27T12:00:00+00:00,2026-02-27T16:02:22+00:00,52932c8a14e51000944ccdcf576226c889934529c50d71506c491e047084f214,february-empirical-v1:204ed64bc6d9fa64157d2256888ae687070ec6f9d0d554829fd4d8827c29541c,True,11,0.8093540516626176,-4.38998924086394,1,2026-02-28T10:00:00+05:00,2026-02-28T05:00:00+00:00,10.095420729938878
2026-02-27,2026-02-27T18:00:00+00:00,2026-02-27T23:00:00+05:00,2026-02-27T12:00:00+00:00,2026-02-27T16:02:22+00:00,52932c8a14e51000944ccdcf576226c889934529c50d71506c491e047084f214,february-empirical-v1:204ed64bc6d9fa64157d2256888ae687070ec6f9d0d554829fd4d8827c29541c,True,12,0.7976433395984848,-3.9201732283379442,1,2026-02-28T11:00:00+05:00,2026-02-28T06:00:00+00:00,10.007041812244298
2026-02-27,2026-02-27T18:00:00+00:00,2026-02-27T23:00:00+05:00,2026-02-27T12:00:00+00:00,2026-02-27T16:02:22+00:00,52932c8a14e51000944ccdcf576226c889934529c50d71506c491e047084f214,february-empirical-v1:204ed64bc6d9fa64157d2256888ae687070ec6f9d0d554829fd4d8827c29541c,True,13,0.7974231338265217,-3.408299782522022,1,2026-02-28T12:00:00+05:00,2026-02-28T07:00:00+00:00,10.005379953623779
2026-02-27,2026-02-27T18:00:00+00:00,2026-02-27T23:00:00+05:00,2026-02-27T12:00:00+00:00,2026-02-27T16:02:22+00:00,52932c8a14e51000944ccdcf576226c889934529c50d71506c491e047084f214,february-empirical-v1:204ed64bc6d9fa64157d2256888ae687070ec6f9d0d554829fd4d8827c29541c,True,14,0.8732569301310603,-3.155306898259937,1,2026-02-28T13:00:00+05:00,2026-02-28T08:00:00+00:00,10.595354392161253
2026-02-27,2026-02-27T18:00:00+00:00,2026-02-27T23:00:00+05:00,2026-02-27T12:00:00+00:00,2026-02-27T16:02:22+00:00,52932c8a14e51000944ccdcf576226c889934529c50d71506c491e047084f214,february-empirical-v1:204ed64bc6d9fa64157d2256888ae687070ec6f9d0d554829fd4d8827c29541c,True,15,0.874939253631605,-3.186815722187987,1,2026-02-28T14:00:00+05:00,2026-02-28T09:00:00+00:00,10.6087351978713
2026-02-27,2026-02-27T18:00:00+00:00,2026-02-27T23:00:00+05:00,2026-02-27T12:00:00+00:00,2026-02-27T16:02:22+00:00,52932c8a14e51000944ccdcf576226c889934529c50d71506c491e047084f214,february-empirical-v1:204ed64bc6d9fa64157d2256888ae687070ec6f9d0d554829fd4d8827c29541c,True,16,0.8255516812945858,-3.343600787035939,1,2026-02-28T15:00:00+05:00,2026-02-28T10:00:00+00:00,10.217661714795423
2026-02-27,2026-02-27T18:00:00+00:00,2026-02-27T23:00:00+05:00,2026-02-27T12:00:00+00:00,2026-02-27T16:02:22+00:00,52932c8a14e51000944ccdcf576226c889934529c50d71506c491e047084f214,february-empirical-v1:204ed64bc6d9fa64157d2256888ae687070ec6f9d0d554829fd4d8827c29541c,True,17,0.7577909617882134,-3.6438554548439583,1,2026-02-28T16:00:00+05:00,2026-02-28T11:00:00+00:00,9.707972551149352
2026-02-27,2026-02-27T18:00:00+00:00,2026-02-27T23:00:00+05:00,2026-02-27T12:00:00+00:00,2026-02-27T16:02:22+00:00,52932c8a14e51000944ccdcf576226c889934529c50d71506c491e047084f214,february-empirical-v1:204ed64bc6d9fa64157d2256888ae687070ec6f9d0d554829fd4d8827c29541c,True,18,0.6546011361541076,-4.117876514283978,1,2026-02-28T17:00:00+05:00,2026-02-28T12:00:00+00:00,8.957346699397235
2026-02-27,2026-02-27T18:00:00+00:00,2026-02-27T23:00:00+05:00,2026-02-27T12:00:00+00:00,2026-02-27T16:02:22+00:00,52932c8a14e51000944ccdcf576226c889934529c50d71506c491e047084f214,february-empirical-v1:204ed64bc6d9fa64157d2256888ae687070ec6f9d0d554829fd4d8827c29541c,True,19,0.5842002010071855,-4.616125657803991,1,2026-02-28T18:00:00+05:00,2026-02-28T13:00:00+00:00,8.484235228359172
2026-02-27,2026-02-27T18:00:00+00:00,2026-02-27T23:00:00+05:00,2026-02-27T12:00:00+00:00,2026-02-27T16:02:22+00:00,52932c8a14e51000944ccdcf576226c889934529c50d71506c491e047084f214,february-empirical-v1:204ed64bc6d9fa64157d2256888ae687070ec6f9d0d554829fd4d8827c29541c,True,20,0.4986614177620659,-4.74253559481798,1,2026-02-28T19:00:00+05:00,2026-02-28T14:00:00+00:00,7.9103999036841515
2026-02-27,2026-02-27T18:00:00+00:00,2026-02-27T23:00:00+05:00,2026-02-27T12:00:00+00:00,2026-02-27T16:02:22+00:00,52932c8a14e51000944ccdcf576226c889934529c50d71506c491e047084f214,february-empirical-v1:204ed64bc6d9fa64157d2256888ae687070ec6f9d0d554829fd4d8827c29541c,True,21,0.4505891230224606,-4.8789060089499685,1,2026-02-28T20:00:00+05:00,2026-02-28T15:00:00+00:00,7.5864521970998195
2026-02-27,2026-02-27T18:00:00+00:00,2026-02-27T23:00:00+05:00,2026-02-27T12:00:00+00:00,2026-02-27T16:02:22+00:00,52932c8a14e51000944ccdcf576226c889934529c50d71506c491e047084f214,february-empirical-v1:204ed64bc6d9fa64157d2256888ae687070ec6f9d0d554829fd4d8827c29541c,True,22,0.4134792437686812,-4.790770311731933,1,2026-02-28T21:00:00+05:00,2026-02-28T16:00:00+00:00,7.345233061027017
2026-02-27,2026-02-27T18:00:00+00:00,2026-02-27T23:00:00+05:00,2026-02-27T12:00:00+00:00,2026-02-27T16:02:22+00:00,52932c8a14e51000944ccdcf576226c889934529c50d71506c491e047084f214,february-empirical-v1:204ed64bc6d9fa64157d2256888ae687070ec6f9d0d554829fd4d8827c29541c,True,23,0.37682543322371864,-4.847032326627982,1,2026-02-28T22:00:00+05:00,2026-02-28T17:00:00+00:00,7.099308812787404
2026-02-27,2026-02-27T18:00:00+00:00,2026-02-27T23:00:00+05:00,2026-02-27T12:00:00+00:00,2026-02-27T16:02:22+00:00,52932c8a14e51000944ccdcf576226c889934529c50d71506c491e047084f214,february-empirical-v1:204ed64bc6d9fa64157d2256888ae687070ec6f9d0d554829fd4d8827c29541c,True,24,0.3873348575623003,-5.096617025607998,1,2026-02-28T23:00:00+05:00,2026-02-28T18:00:00+00:00,7.171284772407698
2026-02-27,2026-02-27T18:00:00+00:00,2026-02-27T23:00:00+05:00,2026-02-27T12:00:00+00:00,2026-02-27T16:02:22+00:00,52932c8a14e51000944ccdcf576226c889934529c50d71506c491e047084f214,february-empirical-v1:204ed64bc6d9fa64157d2256888ae687070ec6f9d0d554829fd4d8827c29541c,True,1,0.6657042726184684,-2.8377359386558396,2,2026-02-28T00:00:00+05:00,2026-02-27T19:00:00+00:00,9.173363768613454
2026-02-27,2026-02-27T18:00:00+00:00,2026-02-27T23:00:00+05:00,2026-02-27T12:00:00+00:00,2026-02-27T16:02:22+00:00,52932c8a14e51000944ccdcf576226c889934529c50d71506c491e047084f214,february-empirical-v1:204ed64bc6d9fa64157d2256888ae687070ec6f9d0d554829fd4d8827c29541c,True,2,0.6977472027937361,-3.310423456350634,2,2026-02-28T01:00:00+05:00,2026-02-27T20:00:00+00:00,9.398294128387056
2026-02-27,2026-02-27T18:00:00+00:00,2026-02-27T23:00:00+05:00,2026-02-27T12:00:00+00:00,2026-02-27T16:02:22+00:00,52932c8a14e51000944ccdcf576226c889934529c50d71506c491e047084f214,february-empirical-v1:204ed64bc6d9fa64157d2256888ae687070ec6f9d0d554829fd4d8827c29541c,True,3,0.641900592198454,-3.5326462383798116,2,2026-02-28T02:00:00+05:00,2026-02-27T21:00:00+00:00,8.973693922583662
2026-02-27,2026-02-27T18:00:00+00:00,2026-02-27T23:00:00+05:00,2026-02-27T12:00:00+00:00,2026-02-27T16:02:22+00:00,52932c8a14e51000944ccdcf576226c889934529c50d71506c491e047084f214,february-empirical-v1:204ed64bc6d9fa64157d2256888ae687070ec6f9d0d554829fd4d8827c29541c,True,4,0.7041898881250862,-4.18856967749997,2,2026-02-28T03:00:00+05:00,2026-02-27T22:00:00+00:00,9.440002942668213
2026-02-27,2026-02-27T18:00:00+00:00,2026-02-27T23:00:00+05:00,2026-02-27T12:00:00+00:00,2026-02-27T16:02:22+00:00,52932c8a14e51000944ccdcf576226c889934529c50d71506c491e047084f214,february-empirical-v1:204ed64bc6d9fa64157d2256888ae687070ec6f9d0d554829fd4d8827c29541c,True,5,0.5292118413203063,-4.079456703983681,2,2026-02-28T04:00:00+05:00,2026-02-27T23:00:00+00:00,8.219029004854347
2026-02-27,2026-02-27T18:00:00+00:00,2026-02-27T23:00:00+05:00,2026-02-27T12:00:00+00:00,2026-02-27T16:02:22+00:00,52932c8a14e51000944ccdcf576226c889934529c50d71506c491e047084f214,february-empirical-v1:204ed64bc6d9fa64157d2256888ae687070ec6f9d0d554829fd4d8827c29541c,True,6,0.6503991960358796,-4.569715117506462,2,2026-02-28T05:00:00+05:00,2026-02-28T00:00:00+00:00,9.044981844860596
2026-02-27,2026-02-27T18:00:00+00:00,2026-02-27T23:00:00+05:00,2026-02-27T12:00:00+00:00,2026-02-27T16:02:22+00:00,52932c8a14e51000944ccdcf576226c889934529c50d71506c491e047084f214,february-empirical-v1:204ed64bc6d9fa64157d2256888ae687070ec6f9d0d554829fd4d8827c29541c,True,7,0.7685943387787304,-5.00793319010711,2,2026-02-28T06:00:00+05:00,2026-02-28T01:00:00+00:00,9.864475884155542
2026-02-27,2026-02-27T18:00:00+00:00,2026-02-27T23:00:00+05:00,2026-02-27T12:00:00+00:00,2026-02-27T16:02:22+00:00,52932c8a14e51000944ccdcf576226c889934529c50d71506c491e047084f214,february-empirical-v1:204ed64bc6d9fa64157d2256888ae687070ec6f9d0d554829fd4d8827c29541c,True,8,0.6982604220257101,-5.122287718769428,2,2026-02-28T07:00:00+05:00,2026-02-28T02:00:00+00:00,9.401616619635815
2026-02-27,2026-02-27T18:00:00+00:00,2026-02-27T23:00:00+05:00,2026-02-27T12:00:00+00:00,2026-02-27T16:02:22+00:00,52932c8a14e51000944ccdcf576226c889934529c50d71506c491e047084f214,february-empirical-v1:204ed64bc6d9fa64157d2256888ae687070ec6f9d0d554829fd4d8827c29541c,True,9,0.7703437481450058,-4.97093080309088,2,2026-02-28T08:00:00+05:00,2026-02-28T03:00:00+00:00,9.8765986470158
2026-02-27,2026-02-27T18:00:00+00:00,2026-02-27T23:00:00+05:00,2026-02-27T12:00:00+00:00,2026-02-27T16:02:22+00:00,52932c8a14e51000944ccdcf576226c889934529c50d71506c491e047084f214,february-empirical-v1:204ed64bc6d9fa64157d2256888ae687070ec6f9d0d554829fd4d8827c29541c,True,10,0.8229429075658502,-4.906391585188317,2,2026-02-28T09:00:00+05:00,2026-02-28T04:00:00+00:00,10.241091457332349
2026-02-27,2026-02-27T18:00:00+00:00,2026-02-27T23:00:00+05:00,2026-02-27T12:00:00+00:00,2026-02-27T16:02:22+00:00,52932c8a14e51000944ccdcf576226c889934529c50d71506c491e047084f214,february-empirical-v1:204ed64bc6d9fa64157d2256888ae687070ec6f9d0d554829fd4d8827c29541c,True,11,0.7923209434241405,-4.408017236847286,2,2026-02-28T10:00:00+05:00,2026-02-28T05:00:00+00:00,10.028892519358424
2026-02-27,2026-02-27T18:00:00+00:00,2026-02-27T23:00:00+05:00,2026-02-27T12:00:00+00:00,2026-02-27T16:02:22+00:00,52932c8a14e51000944ccdcf576226c889934529c50d71506c491e047084f214,february-empirical-v1:204ed64bc6d9fa64157d2256888ae687070ec6f9d0d554829fd4d8827c29541c,True,12,0.7796342443031296,-3.938399459831146,2,2026-02-28T11:00:00+05:00,2026-02-28T06:00:00+00:00,9.940978365079653
2026-02-27,2026-02-27T18:00:00+00:00,2026-02-27T23:00:00+05:00,2026-02-27T12:00:00+00:00,2026-02-27T16:02:22+00:00,52932c8a14e51000944ccdcf576226c889934529c50d71506c491e047084f214,february-empirical-v1:204ed64bc6d9fa64157d2256888ae687070ec6f9d0d554829fd4d8827c29541c,True,13,0.779465872522661,-3.432157483675269,2,2026-02-28T12:00:00+05:00,2026-02-28T07:00:00+00:00,9.939811610627363
2026-02-27,2026-02-27T18:00:00+00:00,2026-02-27T23:00:00+05:00,2026-02-27T12:00:00+00:00,2026-02-27T16:02:22+00:00,52932c8a14e51000944ccdcf576226c889934529c50d71506c491e047084f214,february-empirical-v1:204ed64bc6d9fa64157d2256888ae687070ec6f9d0d554829fd4d8827c29541c,True,14,0.8576465960509917,-3.181483676282369,2,2026-02-28T13:00:00+05:00,2026-02-28T08:00:00+00:00,10.527131106058384
2026-02-27,2026-02-27T18:00:00+00:00,2026-02-27T23:00:00+05:00,2026-02-27T12:00:00+00:00,2026-02-27T16:02:22+00:00,52932c8a14e51000944ccdcf576226c889934529c50d71506c491e047084f214,february-empirical-v1:204ed64bc6d9fa64157d2256888ae687070ec6f9d0d554829fd4d8827c29541c,True,15,0.8595808406842491,-3.209433588305103,2,2026-02-28T14:00:00+05:00,2026-02-28T09:00:00+00:00,10.543171488210207
2026-02-27,2026-02-27T18:00:00+00:00,2026-02-27T23:00:00+05:00,2026-02-27T12:00:00+00:00,2026-02-27T16:02:22+00:00,52932c8a14e51000944ccdcf576226c889934529c50d71506c491e047084f214,february-empirical-v1:204ed64bc6d9fa64157d2256888ae687070ec6f9d0d554829fd4d8827c29541c,True,16,0.8104348191444802,-3.3661044495486863,2,2026-02-28T15:00:00+05:00,2026-02-28T10:00:00+00:00,10.154415009446257
2026-02-27,2026-02-27T18:00:00+00:00,2026-02-27T23:00:00+05:00,2026-02-27T12:00:00+00:00,2026-02-27T16:02:22+00:00,52932c8a14e51000944ccdcf576226c889934529c50d71506c491e047084f214,february-empirical-v1:204ed64bc6d9fa64157d2256888ae687070ec6f9d0d554829fd4d8827c29541c,True,17,0.7360376707228746,-3.6683322279025674,2,2026-02-28T16:00:00+05:00,2026-02-28T11:00:00+00:00,9.646179898599025
2026-02-27,2026-02-27T18:00:00+00:00,2026-02-27T23:00:00+05:00,2026-02-27T12:00:00+00:00,2026-02-27T16:02:22+00:00,52932c8a14e51000944ccdcf576226c889934529c50d71506c491e047084f214,february-empirical-v1:204ed64bc6d9fa64157d2256888ae687070ec6f9d0d554829fd4d8827c29541c,True,18,0.632491526038049,-4.145032418568121,2,2026-02-28T17:00:00+05:00,2026-02-28T12:00:00+00:00,8.894768867366043
2026-02-27,2026-02-27T18:00:00+00:00,2026-02-27T23:00:00+05:00,2026-02-27T12:00:00+00:00,2026-02-27T16:02:22+00:00,52932c8a14e51000944ccdcf576226c889934529c50d71506c491e047084f214,february-empirical-v1:204ed64bc6d9fa64157d2256888ae687070ec6f9d0d554829fd4d8827c29541c,True,19,0.5620561874319542,-4.640934225012984,2,2026-02-28T18:00:00+05:00,2026-02-28T13:00:00+00:00,8.423662519908635
2026-02-27,2026-02-27T18:00:00+00:00,2026-02-27T23:00:00+05:00,2026-02-27T12:00:00+00:00,2026-02-27T16:02:22+00:00,52932c8a14e51000944ccdcf576226c889934529c50d71506c491e047084f214,february-empirical-v1:204ed64bc6d9fa64157d2256888ae687070ec6f9d0d554829fd4d8827c29541c,True,20,0.4758385420766787,-4.761248363386301,2,2026-02-28T19:00:00+05:00,2026-02-28T14:00:00+00:00,7.855410528121033
2026-02-27,2026-02-27T18:00:00+00:00,2026-02-27T23:00:00+05:00,2026-02-27T12:00:00+00:00,2026-02-27T16:02:22+00:00,52932c8a14e51000944ccdcf576226c889934529c50d71506c491e047084f214,february-empirical-v1:204ed64bc6d9fa64157d2256888ae687070ec6f9d0d554829fd4d8827c29541c,True,21,0.42898409293692064,-4.893610238197994,2,2026-02-28T20:00:00+05:00,2026-02-28T15:00:00+00:00,7.5307064917391
2026-02-27,2026-02-27T18:00:00+00:00,2026-02-27T23:00:00+05:00,2026-02-27T12:00:00+00:00,2026-02-27T16:02:22+00:00,52932c8a14e51000944ccdcf576226c889934529c50d71506c491e047084f214,february-empirical-v1:204ed64bc6d9fa64157d2256888ae687070ec6f9d0d554829fd4d8827c29541c,True,22,0.39422245763759695,-4.806802687035656,2,2026-02-28T21:00:00+05:00,2026-02-28T16:00:00+00:00,7.287795676822398
2026-02-27,2026-02-27T18:00:00+00:00,2026-02-27T23:00:00+05:00,2026-02-27T12:00:00+00:00,2026-02-27T16:02:22+00:00,52932c8a14e51000944ccdcf576226c889934529c50d71506c491e047084f214,february-empirical-v1:204ed64bc6d9fa64157d2256888ae687070ec6f9d0d554829fd4d8827c29541c,True,23,0.35873972774141355,-4.860970923970683,2,2026-02-28T22:00:00+05:00,2026-02-28T17:00:00+00:00,7.0468486290270835
2026-02-27,2026-02-27T18:00:00+00:00,2026-02-27T23:00:00+05:00,2026-02-27T12:00:00+00:00,2026-02-27T16:02:22+00:00,52932c8a14e51000944ccdcf576226c889934529c50d71506c491e047084f214,february-empirical-v1:204ed64bc6d9fa64157d2256888ae687070ec6f9d0d554829fd4d8827c29541c,True,24,0.3684826310674299,-5.1104991200259064,2,2026-02-28T23:00:00+05:00,2026-02-28T18:00:00+00:00,7.112662432182566
